"data","zmiana","sekcja","komora","czujnik","przegrzanie","alarm"
"2025-01-01","I","A","K1","stary","nie","nie"
"2025-01-01","I","A","K2","nowy","nie","nie"
"2025-01-01","I","B","K3","stary","nie","nie"
"2025-01-01","I","B","K4","nowy","nie","nie"
"2025-01-01","I","C","K5","stary","nie","nie"
"2025-01-01","I","C","K6","nowy","tak","tak"
"2025-01-01","II","A","K1","stary","nie","nie"
"2025-01-01","II","A","K2","nowy","nie","nie"
"2025-01-01","II","B","K3","stary","nie","nie"
"2025-01-01","II","B","K4","nowy","nie","nie"
"2025-01-01","II","C","K5","stary","nie","nie"
"2025-01-01","II","C","K6","nowy","nie","nie"
"2025-01-01","III","A","K1","stary","nie","nie"
"2025-01-01","III","A","K2","nowy","nie","nie"
"2025-01-01","III","B","K3","stary","nie","nie"
"2025-01-01","III","B","K4","nowy","nie","nie"
"2025-01-01","III","C","K5","stary","nie","nie"
"2025-01-01","III","C","K6","nowy","nie","nie"
"2025-01-02","I","A","K1","stary","nie","nie"
"2025-01-02","I","A","K2","nowy","nie","nie"
"2025-01-02","I","B","K3","stary","nie","nie"
"2025-01-02","I","B","K4","nowy","nie","nie"
"2025-01-02","I","C","K5","stary","nie","nie"
"2025-01-02","I","C","K6","nowy","nie","nie"
"2025-01-02","II","A","K1","stary","nie","nie"
"2025-01-02","II","A","K2","nowy","nie","nie"
"2025-01-02","II","B","K3","stary","nie","nie"
"2025-01-02","II","B","K4","nowy","nie","nie"
"2025-01-02","II","C","K5","stary","nie","nie"
"2025-01-02","II","C","K6","nowy","nie","nie"
"2025-01-02","III","A","K1","stary","nie","nie"
"2025-01-02","III","A","K2","nowy","nie","nie"
"2025-01-02","III","B","K3","stary","nie","nie"
"2025-01-02","III","B","K4","nowy","nie","nie"
"2025-01-02","III","C","K5","stary","nie","nie"
"2025-01-02","III","C","K6","nowy","nie","nie"
"2025-01-03","I","A","K1","stary","nie","nie"
"2025-01-03","I","A","K2","nowy","nie","nie"
"2025-01-03","I","B","K3","stary","nie","nie"
"2025-01-03","I","B","K4","nowy","nie","nie"
"2025-01-03","I","C","K5","stary","nie","nie"
"2025-01-03","I","C","K6","nowy","nie","nie"
"2025-01-03","II","A","K1","stary","nie","nie"
"2025-01-03","II","A","K2","nowy","nie","nie"
"2025-01-03","II","B","K3","stary","nie","nie"
"2025-01-03","II","B","K4","nowy","nie","nie"
"2025-01-03","II","C","K5","stary","nie","nie"
"2025-01-03","II","C","K6","nowy","nie","nie"
"2025-01-03","III","A","K1","stary","nie","nie"
"2025-01-03","III","A","K2","nowy","nie","nie"
"2025-01-03","III","B","K3","stary","nie","nie"
"2025-01-03","III","B","K4","nowy","nie","nie"
"2025-01-03","III","C","K5","stary","nie","tak"
"2025-01-03","III","C","K6","nowy","nie","nie"
"2025-01-04","I","A","K1","stary","nie","nie"
"2025-01-04","I","A","K2","nowy","nie","nie"
"2025-01-04","I","B","K3","stary","nie","nie"
"2025-01-04","I","B","K4","nowy","nie","nie"
"2025-01-04","I","C","K5","stary","nie","nie"
"2025-01-04","I","C","K6","nowy","nie","nie"
"2025-01-04","II","A","K1","stary","nie","nie"
"2025-01-04","II","A","K2","nowy","nie","nie"
"2025-01-04","II","B","K3","stary","nie","nie"
"2025-01-04","II","B","K4","nowy","nie","nie"
"2025-01-04","II","C","K5","stary","nie","nie"
"2025-01-04","II","C","K6","nowy","nie","nie"
"2025-01-04","III","A","K1","stary","nie","nie"
"2025-01-04","III","A","K2","nowy","nie","nie"
"2025-01-04","III","B","K3","stary","nie","nie"
"2025-01-04","III","B","K4","nowy","nie","nie"
"2025-01-04","III","C","K5","stary","nie","nie"
"2025-01-04","III","C","K6","nowy","tak","tak"
"2025-01-05","I","A","K1","stary","nie","nie"
"2025-01-05","I","A","K2","nowy","nie","nie"
"2025-01-05","I","B","K3","stary","nie","nie"
"2025-01-05","I","B","K4","nowy","nie","nie"
"2025-01-05","I","C","K5","stary","nie","tak"
"2025-01-05","I","C","K6","nowy","nie","nie"
"2025-01-05","II","A","K1","stary","nie","nie"
"2025-01-05","II","A","K2","nowy","nie","nie"
"2025-01-05","II","B","K3","stary","nie","nie"
"2025-01-05","II","B","K4","nowy","nie","nie"
"2025-01-05","II","C","K5","stary","nie","nie"
"2025-01-05","II","C","K6","nowy","tak","tak"
"2025-01-05","III","A","K1","stary","nie","nie"
"2025-01-05","III","A","K2","nowy","nie","nie"
"2025-01-05","III","B","K3","stary","nie","nie"
"2025-01-05","III","B","K4","nowy","nie","nie"
"2025-01-05","III","C","K5","stary","nie","nie"
"2025-01-05","III","C","K6","nowy","nie","nie"
"2025-01-06","I","A","K1","stary","nie","nie"
"2025-01-06","I","A","K2","nowy","nie","nie"
"2025-01-06","I","B","K3","stary","nie","nie"
"2025-01-06","I","B","K4","nowy","nie","nie"
"2025-01-06","I","C","K5","stary","nie","nie"
"2025-01-06","I","C","K6","nowy","nie","nie"
"2025-01-06","II","A","K1","stary","nie","tak"
"2025-01-06","II","A","K2","nowy","nie","nie"
"2025-01-06","II","B","K3","stary","nie","nie"
"2025-01-06","II","B","K4","nowy","nie","nie"
"2025-01-06","II","C","K5","stary","nie","nie"
"2025-01-06","II","C","K6","nowy","nie","nie"
"2025-01-06","III","A","K1","stary","nie","tak"
"2025-01-06","III","A","K2","nowy","nie","nie"
"2025-01-06","III","B","K3","stary","nie","nie"
"2025-01-06","III","B","K4","nowy","nie","nie"
"2025-01-06","III","C","K5","stary","nie","nie"
"2025-01-06","III","C","K6","nowy","nie","nie"
"2025-01-07","I","A","K1","stary","nie","nie"
"2025-01-07","I","A","K2","nowy","nie","nie"
"2025-01-07","I","B","K3","stary","nie","nie"
"2025-01-07","I","B","K4","nowy","nie","nie"
"2025-01-07","I","C","K5","stary","nie","nie"
"2025-01-07","I","C","K6","nowy","nie","nie"
"2025-01-07","II","A","K1","stary","nie","nie"
"2025-01-07","II","A","K2","nowy","nie","nie"
"2025-01-07","II","B","K3","stary","nie","nie"
"2025-01-07","II","B","K4","nowy","nie","nie"
"2025-01-07","II","C","K5","stary","nie","nie"
"2025-01-07","II","C","K6","nowy","nie","nie"
"2025-01-07","III","A","K1","stary","nie","nie"
"2025-01-07","III","A","K2","nowy","nie","nie"
"2025-01-07","III","B","K3","stary","nie","nie"
"2025-01-07","III","B","K4","nowy","nie","nie"
"2025-01-07","III","C","K5","stary","nie","nie"
"2025-01-07","III","C","K6","nowy","nie","nie"
"2025-01-08","I","A","K1","stary","nie","nie"
"2025-01-08","I","A","K2","nowy","nie","nie"
"2025-01-08","I","B","K3","stary","nie","nie"
"2025-01-08","I","B","K4","nowy","nie","nie"
"2025-01-08","I","C","K5","stary","nie","nie"
"2025-01-08","I","C","K6","nowy","nie","nie"
"2025-01-08","II","A","K1","stary","nie","nie"
"2025-01-08","II","A","K2","nowy","nie","nie"
"2025-01-08","II","B","K3","stary","nie","nie"
"2025-01-08","II","B","K4","nowy","nie","nie"
"2025-01-08","II","C","K5","stary","nie","nie"
"2025-01-08","II","C","K6","nowy","nie","nie"
"2025-01-08","III","A","K1","stary","nie","nie"
"2025-01-08","III","A","K2","nowy","nie","nie"
"2025-01-08","III","B","K3","stary","nie","nie"
"2025-01-08","III","B","K4","nowy","nie","nie"
"2025-01-08","III","C","K5","stary","nie","nie"
"2025-01-08","III","C","K6","nowy","nie","nie"
"2025-01-09","I","A","K1","stary","nie","nie"
"2025-01-09","I","A","K2","nowy","nie","nie"
"2025-01-09","I","B","K3","stary","nie","nie"
"2025-01-09","I","B","K4","nowy","nie","nie"
"2025-01-09","I","C","K5","stary","nie","nie"
"2025-01-09","I","C","K6","nowy","nie","nie"
"2025-01-09","II","A","K1","stary","nie","nie"
"2025-01-09","II","A","K2","nowy","nie","nie"
"2025-01-09","II","B","K3","stary","nie","nie"
"2025-01-09","II","B","K4","nowy","nie","nie"
"2025-01-09","II","C","K5","stary","nie","nie"
"2025-01-09","II","C","K6","nowy","nie","nie"
"2025-01-09","III","A","K1","stary","nie","nie"
"2025-01-09","III","A","K2","nowy","nie","nie"
"2025-01-09","III","B","K3","stary","nie","nie"
"2025-01-09","III","B","K4","nowy","tak","tak"
"2025-01-09","III","C","K5","stary","nie","nie"
"2025-01-09","III","C","K6","nowy","nie","nie"
"2025-01-10","I","A","K1","stary","nie","nie"
"2025-01-10","I","A","K2","nowy","nie","nie"
"2025-01-10","I","B","K3","stary","nie","nie"
"2025-01-10","I","B","K4","nowy","nie","nie"
"2025-01-10","I","C","K5","stary","nie","nie"
"2025-01-10","I","C","K6","nowy","nie","nie"
"2025-01-10","II","A","K1","stary","nie","nie"
"2025-01-10","II","A","K2","nowy","nie","nie"
"2025-01-10","II","B","K3","stary","nie","nie"
"2025-01-10","II","B","K4","nowy","nie","nie"
"2025-01-10","II","C","K5","stary","nie","nie"
"2025-01-10","II","C","K6","nowy","nie","nie"
"2025-01-10","III","A","K1","stary","nie","nie"
"2025-01-10","III","A","K2","nowy","nie","nie"
"2025-01-10","III","B","K3","stary","nie","nie"
"2025-01-10","III","B","K4","nowy","nie","nie"
"2025-01-10","III","C","K5","stary","nie","nie"
"2025-01-10","III","C","K6","nowy","nie","nie"
"2025-01-11","I","A","K1","stary","nie","nie"
"2025-01-11","I","A","K2","nowy","nie","nie"
"2025-01-11","I","B","K3","stary","nie","nie"
"2025-01-11","I","B","K4","nowy","nie","nie"
"2025-01-11","I","C","K5","stary","nie","nie"
"2025-01-11","I","C","K6","nowy","nie","nie"
"2025-01-11","II","A","K1","stary","nie","nie"
"2025-01-11","II","A","K2","nowy","nie","nie"
"2025-01-11","II","B","K3","stary","nie","nie"
"2025-01-11","II","B","K4","nowy","nie","nie"
"2025-01-11","II","C","K5","stary","nie","nie"
"2025-01-11","II","C","K6","nowy","nie","nie"
"2025-01-11","III","A","K1","stary","nie","nie"
"2025-01-11","III","A","K2","nowy","nie","nie"
"2025-01-11","III","B","K3","stary","nie","nie"
"2025-01-11","III","B","K4","nowy","nie","nie"
"2025-01-11","III","C","K5","stary","nie","nie"
"2025-01-11","III","C","K6","nowy","nie","nie"
"2025-01-12","I","A","K1","stary","nie","nie"
"2025-01-12","I","A","K2","nowy","nie","nie"
"2025-01-12","I","B","K3","stary","nie","nie"
"2025-01-12","I","B","K4","nowy","nie","nie"
"2025-01-12","I","C","K5","stary","nie","nie"
"2025-01-12","I","C","K6","nowy","nie","nie"
"2025-01-12","II","A","K1","stary","nie","nie"
"2025-01-12","II","A","K2","nowy","nie","nie"
"2025-01-12","II","B","K3","stary","nie","nie"
"2025-01-12","II","B","K4","nowy","nie","nie"
"2025-01-12","II","C","K5","stary","nie","nie"
"2025-01-12","II","C","K6","nowy","nie","nie"
"2025-01-12","III","A","K1","stary","nie","nie"
"2025-01-12","III","A","K2","nowy","nie","nie"
"2025-01-12","III","B","K3","stary","nie","nie"
"2025-01-12","III","B","K4","nowy","nie","nie"
"2025-01-12","III","C","K5","stary","nie","nie"
"2025-01-12","III","C","K6","nowy","nie","nie"
"2025-01-13","I","A","K1","stary","nie","nie"
"2025-01-13","I","A","K2","nowy","nie","nie"
"2025-01-13","I","B","K3","stary","nie","nie"
"2025-01-13","I","B","K4","nowy","nie","nie"
"2025-01-13","I","C","K5","stary","nie","nie"
"2025-01-13","I","C","K6","nowy","nie","nie"
"2025-01-13","II","A","K1","stary","nie","nie"
"2025-01-13","II","A","K2","nowy","nie","nie"
"2025-01-13","II","B","K3","stary","nie","nie"
"2025-01-13","II","B","K4","nowy","nie","nie"
"2025-01-13","II","C","K5","stary","nie","nie"
"2025-01-13","II","C","K6","nowy","nie","nie"
"2025-01-13","III","A","K1","stary","nie","nie"
"2025-01-13","III","A","K2","nowy","nie","nie"
"2025-01-13","III","B","K3","stary","nie","nie"
"2025-01-13","III","B","K4","nowy","nie","nie"
"2025-01-13","III","C","K5","stary","nie","tak"
"2025-01-13","III","C","K6","nowy","nie","nie"
"2025-01-14","I","A","K1","stary","nie","nie"
"2025-01-14","I","A","K2","nowy","nie","nie"
"2025-01-14","I","B","K3","stary","nie","nie"
"2025-01-14","I","B","K4","nowy","nie","nie"
"2025-01-14","I","C","K5","stary","nie","tak"
"2025-01-14","I","C","K6","nowy","nie","nie"
"2025-01-14","II","A","K1","stary","nie","nie"
"2025-01-14","II","A","K2","nowy","nie","nie"
"2025-01-14","II","B","K3","stary","nie","nie"
"2025-01-14","II","B","K4","nowy","nie","nie"
"2025-01-14","II","C","K5","stary","nie","nie"
"2025-01-14","II","C","K6","nowy","nie","nie"
"2025-01-14","III","A","K1","stary","nie","nie"
"2025-01-14","III","A","K2","nowy","nie","nie"
"2025-01-14","III","B","K3","stary","nie","nie"
"2025-01-14","III","B","K4","nowy","nie","nie"
"2025-01-14","III","C","K5","stary","nie","nie"
"2025-01-14","III","C","K6","nowy","nie","nie"
"2025-01-15","I","A","K1","stary","nie","nie"
"2025-01-15","I","A","K2","nowy","nie","nie"
"2025-01-15","I","B","K3","stary","nie","nie"
"2025-01-15","I","B","K4","nowy","nie","nie"
"2025-01-15","I","C","K5","stary","nie","tak"
"2025-01-15","I","C","K6","nowy","nie","nie"
"2025-01-15","II","A","K1","stary","nie","nie"
"2025-01-15","II","A","K2","nowy","nie","nie"
"2025-01-15","II","B","K3","stary","nie","nie"
"2025-01-15","II","B","K4","nowy","nie","nie"
"2025-01-15","II","C","K5","stary","nie","nie"
"2025-01-15","II","C","K6","nowy","nie","nie"
"2025-01-15","III","A","K1","stary","nie","nie"
"2025-01-15","III","A","K2","nowy","nie","nie"
"2025-01-15","III","B","K3","stary","nie","nie"
"2025-01-15","III","B","K4","nowy","nie","nie"
"2025-01-15","III","C","K5","stary","nie","nie"
"2025-01-15","III","C","K6","nowy","nie","nie"
"2025-01-16","I","A","K1","stary","nie","nie"
"2025-01-16","I","A","K2","nowy","nie","nie"
"2025-01-16","I","B","K3","stary","nie","nie"
"2025-01-16","I","B","K4","nowy","nie","nie"
"2025-01-16","I","C","K5","stary","nie","nie"
"2025-01-16","I","C","K6","nowy","nie","nie"
"2025-01-16","II","A","K1","stary","nie","nie"
"2025-01-16","II","A","K2","nowy","nie","nie"
"2025-01-16","II","B","K3","stary","nie","nie"
"2025-01-16","II","B","K4","nowy","nie","nie"
"2025-01-16","II","C","K5","stary","nie","nie"
"2025-01-16","II","C","K6","nowy","nie","nie"
"2025-01-16","III","A","K1","stary","nie","nie"
"2025-01-16","III","A","K2","nowy","nie","nie"
"2025-01-16","III","B","K3","stary","nie","nie"
"2025-01-16","III","B","K4","nowy","nie","nie"
"2025-01-16","III","C","K5","stary","nie","nie"
"2025-01-16","III","C","K6","nowy","nie","nie"
"2025-01-17","I","A","K1","stary","nie","nie"
"2025-01-17","I","A","K2","nowy","nie","nie"
"2025-01-17","I","B","K3","stary","nie","nie"
"2025-01-17","I","B","K4","nowy","nie","nie"
"2025-01-17","I","C","K5","stary","nie","nie"
"2025-01-17","I","C","K6","nowy","nie","nie"
"2025-01-17","II","A","K1","stary","nie","nie"
"2025-01-17","II","A","K2","nowy","nie","nie"
"2025-01-17","II","B","K3","stary","nie","nie"
"2025-01-17","II","B","K4","nowy","nie","nie"
"2025-01-17","II","C","K5","stary","nie","nie"
"2025-01-17","II","C","K6","nowy","nie","nie"
"2025-01-17","III","A","K1","stary","nie","tak"
"2025-01-17","III","A","K2","nowy","nie","nie"
"2025-01-17","III","B","K3","stary","nie","nie"
"2025-01-17","III","B","K4","nowy","nie","nie"
"2025-01-17","III","C","K5","stary","nie","tak"
"2025-01-17","III","C","K6","nowy","nie","nie"
"2025-01-18","I","A","K1","stary","nie","nie"
"2025-01-18","I","A","K2","nowy","nie","nie"
"2025-01-18","I","B","K3","stary","nie","nie"
"2025-01-18","I","B","K4","nowy","nie","nie"
"2025-01-18","I","C","K5","stary","nie","nie"
"2025-01-18","I","C","K6","nowy","nie","nie"
"2025-01-18","II","A","K1","stary","nie","nie"
"2025-01-18","II","A","K2","nowy","nie","nie"
"2025-01-18","II","B","K3","stary","nie","nie"
"2025-01-18","II","B","K4","nowy","nie","nie"
"2025-01-18","II","C","K5","stary","nie","nie"
"2025-01-18","II","C","K6","nowy","nie","nie"
"2025-01-18","III","A","K1","stary","nie","nie"
"2025-01-18","III","A","K2","nowy","nie","nie"
"2025-01-18","III","B","K3","stary","nie","nie"
"2025-01-18","III","B","K4","nowy","nie","nie"
"2025-01-18","III","C","K5","stary","nie","nie"
"2025-01-18","III","C","K6","nowy","nie","nie"
"2025-01-19","I","A","K1","stary","nie","nie"
"2025-01-19","I","A","K2","nowy","nie","nie"
"2025-01-19","I","B","K3","stary","nie","nie"
"2025-01-19","I","B","K4","nowy","nie","nie"
"2025-01-19","I","C","K5","stary","nie","nie"
"2025-01-19","I","C","K6","nowy","nie","nie"
"2025-01-19","II","A","K1","stary","nie","nie"
"2025-01-19","II","A","K2","nowy","nie","nie"
"2025-01-19","II","B","K3","stary","nie","nie"
"2025-01-19","II","B","K4","nowy","nie","nie"
"2025-01-19","II","C","K5","stary","nie","tak"
"2025-01-19","II","C","K6","nowy","nie","nie"
"2025-01-19","III","A","K1","stary","nie","nie"
"2025-01-19","III","A","K2","nowy","nie","nie"
"2025-01-19","III","B","K3","stary","nie","nie"
"2025-01-19","III","B","K4","nowy","nie","nie"
"2025-01-19","III","C","K5","stary","nie","nie"
"2025-01-19","III","C","K6","nowy","nie","tak"
"2025-01-20","I","A","K1","stary","nie","nie"
"2025-01-20","I","A","K2","nowy","nie","nie"
"2025-01-20","I","B","K3","stary","nie","nie"
"2025-01-20","I","B","K4","nowy","nie","nie"
"2025-01-20","I","C","K5","stary","nie","nie"
"2025-01-20","I","C","K6","nowy","nie","nie"
"2025-01-20","II","A","K1","stary","nie","nie"
"2025-01-20","II","A","K2","nowy","nie","nie"
"2025-01-20","II","B","K3","stary","nie","tak"
"2025-01-20","II","B","K4","nowy","nie","nie"
"2025-01-20","II","C","K5","stary","nie","nie"
"2025-01-20","II","C","K6","nowy","nie","nie"
"2025-01-20","III","A","K1","stary","nie","tak"
"2025-01-20","III","A","K2","nowy","nie","nie"
"2025-01-20","III","B","K3","stary","nie","nie"
"2025-01-20","III","B","K4","nowy","nie","nie"
"2025-01-20","III","C","K5","stary","nie","nie"
"2025-01-20","III","C","K6","nowy","nie","nie"
"2025-01-21","I","A","K1","stary","nie","nie"
"2025-01-21","I","A","K2","nowy","nie","nie"
"2025-01-21","I","B","K3","stary","nie","nie"
"2025-01-21","I","B","K4","nowy","nie","nie"
"2025-01-21","I","C","K5","stary","nie","nie"
"2025-01-21","I","C","K6","nowy","nie","nie"
"2025-01-21","II","A","K1","stary","nie","nie"
"2025-01-21","II","A","K2","nowy","nie","nie"
"2025-01-21","II","B","K3","stary","nie","nie"
"2025-01-21","II","B","K4","nowy","nie","nie"
"2025-01-21","II","C","K5","stary","nie","nie"
"2025-01-21","II","C","K6","nowy","nie","nie"
"2025-01-21","III","A","K1","stary","nie","nie"
"2025-01-21","III","A","K2","nowy","nie","nie"
"2025-01-21","III","B","K3","stary","nie","nie"
"2025-01-21","III","B","K4","nowy","nie","nie"
"2025-01-21","III","C","K5","stary","nie","nie"
"2025-01-21","III","C","K6","nowy","nie","nie"
"2025-01-22","I","A","K1","stary","nie","nie"
"2025-01-22","I","A","K2","nowy","nie","nie"
"2025-01-22","I","B","K3","stary","nie","nie"
"2025-01-22","I","B","K4","nowy","nie","nie"
"2025-01-22","I","C","K5","stary","nie","nie"
"2025-01-22","I","C","K6","nowy","nie","nie"
"2025-01-22","II","A","K1","stary","nie","nie"
"2025-01-22","II","A","K2","nowy","nie","nie"
"2025-01-22","II","B","K3","stary","nie","tak"
"2025-01-22","II","B","K4","nowy","nie","nie"
"2025-01-22","II","C","K5","stary","nie","nie"
"2025-01-22","II","C","K6","nowy","nie","nie"
"2025-01-22","III","A","K1","stary","nie","nie"
"2025-01-22","III","A","K2","nowy","nie","nie"
"2025-01-22","III","B","K3","stary","nie","nie"
"2025-01-22","III","B","K4","nowy","nie","nie"
"2025-01-22","III","C","K5","stary","nie","nie"
"2025-01-22","III","C","K6","nowy","nie","nie"
"2025-01-23","I","A","K1","stary","nie","nie"
"2025-01-23","I","A","K2","nowy","nie","nie"
"2025-01-23","I","B","K3","stary","nie","nie"
"2025-01-23","I","B","K4","nowy","nie","nie"
"2025-01-23","I","C","K5","stary","nie","nie"
"2025-01-23","I","C","K6","nowy","nie","nie"
"2025-01-23","II","A","K1","stary","nie","nie"
"2025-01-23","II","A","K2","nowy","nie","nie"
"2025-01-23","II","B","K3","stary","nie","tak"
"2025-01-23","II","B","K4","nowy","nie","nie"
"2025-01-23","II","C","K5","stary","nie","nie"
"2025-01-23","II","C","K6","nowy","nie","nie"
"2025-01-23","III","A","K1","stary","nie","nie"
"2025-01-23","III","A","K2","nowy","nie","nie"
"2025-01-23","III","B","K3","stary","nie","nie"
"2025-01-23","III","B","K4","nowy","nie","nie"
"2025-01-23","III","C","K5","stary","nie","nie"
"2025-01-23","III","C","K6","nowy","nie","nie"
"2025-01-24","I","A","K1","stary","nie","nie"
"2025-01-24","I","A","K2","nowy","nie","nie"
"2025-01-24","I","B","K3","stary","nie","nie"
"2025-01-24","I","B","K4","nowy","nie","nie"
"2025-01-24","I","C","K5","stary","nie","nie"
"2025-01-24","I","C","K6","nowy","nie","nie"
"2025-01-24","II","A","K1","stary","nie","nie"
"2025-01-24","II","A","K2","nowy","nie","nie"
"2025-01-24","II","B","K3","stary","nie","nie"
"2025-01-24","II","B","K4","nowy","nie","nie"
"2025-01-24","II","C","K5","stary","nie","nie"
"2025-01-24","II","C","K6","nowy","nie","nie"
"2025-01-24","III","A","K1","stary","nie","nie"
"2025-01-24","III","A","K2","nowy","nie","nie"
"2025-01-24","III","B","K3","stary","nie","nie"
"2025-01-24","III","B","K4","nowy","nie","nie"
"2025-01-24","III","C","K5","stary","nie","nie"
"2025-01-24","III","C","K6","nowy","nie","nie"
"2025-01-25","I","A","K1","stary","nie","nie"
"2025-01-25","I","A","K2","nowy","nie","nie"
"2025-01-25","I","B","K3","stary","nie","nie"
"2025-01-25","I","B","K4","nowy","nie","nie"
"2025-01-25","I","C","K5","stary","nie","nie"
"2025-01-25","I","C","K6","nowy","nie","nie"
"2025-01-25","II","A","K1","stary","nie","nie"
"2025-01-25","II","A","K2","nowy","nie","nie"
"2025-01-25","II","B","K3","stary","nie","nie"
"2025-01-25","II","B","K4","nowy","nie","nie"
"2025-01-25","II","C","K5","stary","nie","nie"
"2025-01-25","II","C","K6","nowy","nie","nie"
"2025-01-25","III","A","K1","stary","nie","nie"
"2025-01-25","III","A","K2","nowy","nie","nie"
"2025-01-25","III","B","K3","stary","nie","nie"
"2025-01-25","III","B","K4","nowy","nie","nie"
"2025-01-25","III","C","K5","stary","nie","nie"
"2025-01-25","III","C","K6","nowy","nie","nie"
"2025-01-26","I","A","K1","stary","nie","nie"
"2025-01-26","I","A","K2","nowy","nie","nie"
"2025-01-26","I","B","K3","stary","nie","nie"
"2025-01-26","I","B","K4","nowy","nie","nie"
"2025-01-26","I","C","K5","stary","nie","nie"
"2025-01-26","I","C","K6","nowy","nie","nie"
"2025-01-26","II","A","K1","stary","nie","nie"
"2025-01-26","II","A","K2","nowy","nie","nie"
"2025-01-26","II","B","K3","stary","nie","nie"
"2025-01-26","II","B","K4","nowy","nie","nie"
"2025-01-26","II","C","K5","stary","nie","nie"
"2025-01-26","II","C","K6","nowy","nie","nie"
"2025-01-26","III","A","K1","stary","nie","nie"
"2025-01-26","III","A","K2","nowy","nie","nie"
"2025-01-26","III","B","K3","stary","nie","nie"
"2025-01-26","III","B","K4","nowy","nie","nie"
"2025-01-26","III","C","K5","stary","nie","nie"
"2025-01-26","III","C","K6","nowy","nie","nie"
"2025-01-27","I","A","K1","stary","nie","nie"
"2025-01-27","I","A","K2","nowy","nie","nie"
"2025-01-27","I","B","K3","stary","nie","nie"
"2025-01-27","I","B","K4","nowy","nie","nie"
"2025-01-27","I","C","K5","stary","nie","nie"
"2025-01-27","I","C","K6","nowy","nie","nie"
"2025-01-27","II","A","K1","stary","nie","tak"
"2025-01-27","II","A","K2","nowy","nie","nie"
"2025-01-27","II","B","K3","stary","nie","nie"
"2025-01-27","II","B","K4","nowy","nie","nie"
"2025-01-27","II","C","K5","stary","nie","nie"
"2025-01-27","II","C","K6","nowy","nie","nie"
"2025-01-27","III","A","K1","stary","nie","nie"
"2025-01-27","III","A","K2","nowy","nie","tak"
"2025-01-27","III","B","K3","stary","nie","nie"
"2025-01-27","III","B","K4","nowy","nie","nie"
"2025-01-27","III","C","K5","stary","nie","nie"
"2025-01-27","III","C","K6","nowy","nie","nie"
"2025-01-28","I","A","K1","stary","nie","nie"
"2025-01-28","I","A","K2","nowy","nie","nie"
"2025-01-28","I","B","K3","stary","nie","tak"
"2025-01-28","I","B","K4","nowy","nie","nie"
"2025-01-28","I","C","K5","stary","nie","nie"
"2025-01-28","I","C","K6","nowy","nie","nie"
"2025-01-28","II","A","K1","stary","nie","nie"
"2025-01-28","II","A","K2","nowy","nie","nie"
"2025-01-28","II","B","K3","stary","nie","nie"
"2025-01-28","II","B","K4","nowy","nie","nie"
"2025-01-28","II","C","K5","stary","nie","nie"
"2025-01-28","II","C","K6","nowy","nie","nie"
"2025-01-28","III","A","K1","stary","nie","nie"
"2025-01-28","III","A","K2","nowy","nie","nie"
"2025-01-28","III","B","K3","stary","nie","nie"
"2025-01-28","III","B","K4","nowy","nie","nie"
"2025-01-28","III","C","K5","stary","tak","tak"
"2025-01-28","III","C","K6","nowy","nie","nie"
"2025-01-29","I","A","K1","stary","nie","nie"
"2025-01-29","I","A","K2","nowy","nie","nie"
"2025-01-29","I","B","K3","stary","nie","nie"
"2025-01-29","I","B","K4","nowy","nie","nie"
"2025-01-29","I","C","K5","stary","nie","nie"
"2025-01-29","I","C","K6","nowy","nie","nie"
"2025-01-29","II","A","K1","stary","nie","tak"
"2025-01-29","II","A","K2","nowy","nie","nie"
"2025-01-29","II","B","K3","stary","nie","nie"
"2025-01-29","II","B","K4","nowy","nie","nie"
"2025-01-29","II","C","K5","stary","nie","nie"
"2025-01-29","II","C","K6","nowy","nie","nie"
"2025-01-29","III","A","K1","stary","nie","nie"
"2025-01-29","III","A","K2","nowy","nie","nie"
"2025-01-29","III","B","K3","stary","nie","nie"
"2025-01-29","III","B","K4","nowy","nie","nie"
"2025-01-29","III","C","K5","stary","nie","nie"
"2025-01-29","III","C","K6","nowy","nie","nie"
"2025-01-30","I","A","K1","stary","nie","nie"
"2025-01-30","I","A","K2","nowy","nie","nie"
"2025-01-30","I","B","K3","stary","tak","tak"
"2025-01-30","I","B","K4","nowy","nie","nie"
"2025-01-30","I","C","K5","stary","nie","nie"
"2025-01-30","I","C","K6","nowy","nie","nie"
"2025-01-30","II","A","K1","stary","nie","nie"
"2025-01-30","II","A","K2","nowy","nie","nie"
"2025-01-30","II","B","K3","stary","nie","nie"
"2025-01-30","II","B","K4","nowy","nie","nie"
"2025-01-30","II","C","K5","stary","nie","nie"
"2025-01-30","II","C","K6","nowy","nie","nie"
"2025-01-30","III","A","K1","stary","nie","nie"
"2025-01-30","III","A","K2","nowy","nie","nie"
"2025-01-30","III","B","K3","stary","nie","nie"
"2025-01-30","III","B","K4","nowy","nie","nie"
"2025-01-30","III","C","K5","stary","nie","nie"
"2025-01-30","III","C","K6","nowy","nie","nie"
"2025-01-31","I","A","K1","stary","nie","nie"
"2025-01-31","I","A","K2","nowy","nie","nie"
"2025-01-31","I","B","K3","stary","nie","nie"
"2025-01-31","I","B","K4","nowy","nie","nie"
"2025-01-31","I","C","K5","stary","nie","nie"
"2025-01-31","I","C","K6","nowy","nie","nie"
"2025-01-31","II","A","K1","stary","nie","nie"
"2025-01-31","II","A","K2","nowy","nie","nie"
"2025-01-31","II","B","K3","stary","nie","nie"
"2025-01-31","II","B","K4","nowy","nie","nie"
"2025-01-31","II","C","K5","stary","nie","nie"
"2025-01-31","II","C","K6","nowy","nie","nie"
"2025-01-31","III","A","K1","stary","nie","nie"
"2025-01-31","III","A","K2","nowy","nie","nie"
"2025-01-31","III","B","K3","stary","nie","nie"
"2025-01-31","III","B","K4","nowy","nie","nie"
"2025-01-31","III","C","K5","stary","nie","nie"
"2025-01-31","III","C","K6","nowy","nie","nie"
"2025-02-01","I","A","K1","stary","nie","nie"
"2025-02-01","I","A","K2","nowy","nie","nie"
"2025-02-01","I","B","K3","stary","nie","nie"
"2025-02-01","I","B","K4","nowy","nie","nie"
"2025-02-01","I","C","K5","stary","nie","nie"
"2025-02-01","I","C","K6","nowy","nie","nie"
"2025-02-01","II","A","K1","stary","nie","nie"
"2025-02-01","II","A","K2","nowy","nie","nie"
"2025-02-01","II","B","K3","stary","nie","nie"
"2025-02-01","II","B","K4","nowy","nie","nie"
"2025-02-01","II","C","K5","stary","nie","nie"
"2025-02-01","II","C","K6","nowy","nie","nie"
"2025-02-01","III","A","K1","stary","nie","nie"
"2025-02-01","III","A","K2","nowy","nie","nie"
"2025-02-01","III","B","K3","stary","nie","nie"
"2025-02-01","III","B","K4","nowy","nie","nie"
"2025-02-01","III","C","K5","stary","nie","nie"
"2025-02-01","III","C","K6","nowy","nie","nie"
"2025-02-02","I","A","K1","stary","nie","nie"
"2025-02-02","I","A","K2","nowy","nie","tak"
"2025-02-02","I","B","K3","stary","nie","nie"
"2025-02-02","I","B","K4","nowy","nie","nie"
"2025-02-02","I","C","K5","stary","nie","nie"
"2025-02-02","I","C","K6","nowy","nie","nie"
"2025-02-02","II","A","K1","stary","nie","nie"
"2025-02-02","II","A","K2","nowy","nie","nie"
"2025-02-02","II","B","K3","stary","nie","nie"
"2025-02-02","II","B","K4","nowy","nie","nie"
"2025-02-02","II","C","K5","stary","nie","nie"
"2025-02-02","II","C","K6","nowy","nie","nie"
"2025-02-02","III","A","K1","stary","nie","nie"
"2025-02-02","III","A","K2","nowy","nie","nie"
"2025-02-02","III","B","K3","stary","nie","nie"
"2025-02-02","III","B","K4","nowy","nie","nie"
"2025-02-02","III","C","K5","stary","nie","nie"
"2025-02-02","III","C","K6","nowy","nie","nie"
"2025-02-03","I","A","K1","stary","nie","nie"
"2025-02-03","I","A","K2","nowy","nie","nie"
"2025-02-03","I","B","K3","stary","nie","nie"
"2025-02-03","I","B","K4","nowy","nie","nie"
"2025-02-03","I","C","K5","stary","nie","nie"
"2025-02-03","I","C","K6","nowy","nie","nie"
"2025-02-03","II","A","K1","stary","nie","nie"
"2025-02-03","II","A","K2","nowy","nie","nie"
"2025-02-03","II","B","K3","stary","nie","nie"
"2025-02-03","II","B","K4","nowy","nie","nie"
"2025-02-03","II","C","K5","stary","nie","nie"
"2025-02-03","II","C","K6","nowy","nie","nie"
"2025-02-03","III","A","K1","stary","nie","nie"
"2025-02-03","III","A","K2","nowy","nie","nie"
"2025-02-03","III","B","K3","stary","nie","nie"
"2025-02-03","III","B","K4","nowy","nie","nie"
"2025-02-03","III","C","K5","stary","nie","nie"
"2025-02-03","III","C","K6","nowy","nie","nie"
"2025-02-04","I","A","K1","stary","nie","nie"
"2025-02-04","I","A","K2","nowy","nie","nie"
"2025-02-04","I","B","K3","stary","nie","nie"
"2025-02-04","I","B","K4","nowy","nie","nie"
"2025-02-04","I","C","K5","stary","nie","nie"
"2025-02-04","I","C","K6","nowy","nie","nie"
"2025-02-04","II","A","K1","stary","nie","nie"
"2025-02-04","II","A","K2","nowy","nie","nie"
"2025-02-04","II","B","K3","stary","nie","nie"
"2025-02-04","II","B","K4","nowy","nie","nie"
"2025-02-04","II","C","K5","stary","nie","nie"
"2025-02-04","II","C","K6","nowy","tak","tak"
"2025-02-04","III","A","K1","stary","nie","nie"
"2025-02-04","III","A","K2","nowy","nie","nie"
"2025-02-04","III","B","K3","stary","nie","nie"
"2025-02-04","III","B","K4","nowy","nie","nie"
"2025-02-04","III","C","K5","stary","nie","nie"
"2025-02-04","III","C","K6","nowy","nie","nie"
"2025-02-05","I","A","K1","stary","nie","nie"
"2025-02-05","I","A","K2","nowy","nie","nie"
"2025-02-05","I","B","K3","stary","nie","nie"
"2025-02-05","I","B","K4","nowy","nie","nie"
"2025-02-05","I","C","K5","stary","nie","tak"
"2025-02-05","I","C","K6","nowy","nie","nie"
"2025-02-05","II","A","K1","stary","nie","nie"
"2025-02-05","II","A","K2","nowy","nie","nie"
"2025-02-05","II","B","K3","stary","nie","nie"
"2025-02-05","II","B","K4","nowy","nie","nie"
"2025-02-05","II","C","K5","stary","nie","nie"
"2025-02-05","II","C","K6","nowy","nie","nie"
"2025-02-05","III","A","K1","stary","nie","nie"
"2025-02-05","III","A","K2","nowy","nie","nie"
"2025-02-05","III","B","K3","stary","nie","nie"
"2025-02-05","III","B","K4","nowy","nie","nie"
"2025-02-05","III","C","K5","stary","nie","nie"
"2025-02-05","III","C","K6","nowy","nie","nie"
"2025-02-06","I","A","K1","stary","nie","nie"
"2025-02-06","I","A","K2","nowy","nie","nie"
"2025-02-06","I","B","K3","stary","nie","nie"
"2025-02-06","I","B","K4","nowy","nie","nie"
"2025-02-06","I","C","K5","stary","nie","nie"
"2025-02-06","I","C","K6","nowy","nie","nie"
"2025-02-06","II","A","K1","stary","nie","nie"
"2025-02-06","II","A","K2","nowy","nie","nie"
"2025-02-06","II","B","K3","stary","nie","nie"
"2025-02-06","II","B","K4","nowy","nie","nie"
"2025-02-06","II","C","K5","stary","nie","nie"
"2025-02-06","II","C","K6","nowy","nie","nie"
"2025-02-06","III","A","K1","stary","nie","nie"
"2025-02-06","III","A","K2","nowy","nie","nie"
"2025-02-06","III","B","K3","stary","nie","nie"
"2025-02-06","III","B","K4","nowy","nie","nie"
"2025-02-06","III","C","K5","stary","nie","nie"
"2025-02-06","III","C","K6","nowy","nie","nie"
"2025-02-07","I","A","K1","stary","nie","nie"
"2025-02-07","I","A","K2","nowy","nie","nie"
"2025-02-07","I","B","K3","stary","nie","tak"
"2025-02-07","I","B","K4","nowy","nie","nie"
"2025-02-07","I","C","K5","stary","nie","nie"
"2025-02-07","I","C","K6","nowy","nie","nie"
"2025-02-07","II","A","K1","stary","nie","nie"
"2025-02-07","II","A","K2","nowy","nie","nie"
"2025-02-07","II","B","K3","stary","nie","nie"
"2025-02-07","II","B","K4","nowy","nie","nie"
"2025-02-07","II","C","K5","stary","nie","nie"
"2025-02-07","II","C","K6","nowy","nie","nie"
"2025-02-07","III","A","K1","stary","nie","nie"
"2025-02-07","III","A","K2","nowy","nie","nie"
"2025-02-07","III","B","K3","stary","nie","nie"
"2025-02-07","III","B","K4","nowy","nie","nie"
"2025-02-07","III","C","K5","stary","nie","nie"
"2025-02-07","III","C","K6","nowy","nie","nie"
"2025-02-08","I","A","K1","stary","nie","tak"
"2025-02-08","I","A","K2","nowy","nie","nie"
"2025-02-08","I","B","K3","stary","nie","nie"
"2025-02-08","I","B","K4","nowy","nie","nie"
"2025-02-08","I","C","K5","stary","nie","nie"
"2025-02-08","I","C","K6","nowy","nie","nie"
"2025-02-08","II","A","K1","stary","nie","nie"
"2025-02-08","II","A","K2","nowy","nie","nie"
"2025-02-08","II","B","K3","stary","nie","nie"
"2025-02-08","II","B","K4","nowy","nie","nie"
"2025-02-08","II","C","K5","stary","nie","nie"
"2025-02-08","II","C","K6","nowy","tak","tak"
"2025-02-08","III","A","K1","stary","nie","nie"
"2025-02-08","III","A","K2","nowy","nie","nie"
"2025-02-08","III","B","K3","stary","nie","nie"
"2025-02-08","III","B","K4","nowy","nie","nie"
"2025-02-08","III","C","K5","stary","nie","nie"
"2025-02-08","III","C","K6","nowy","nie","nie"
"2025-02-09","I","A","K1","stary","nie","nie"
"2025-02-09","I","A","K2","nowy","nie","nie"
"2025-02-09","I","B","K3","stary","nie","nie"
"2025-02-09","I","B","K4","nowy","nie","nie"
"2025-02-09","I","C","K5","stary","nie","nie"
"2025-02-09","I","C","K6","nowy","nie","nie"
"2025-02-09","II","A","K1","stary","nie","nie"
"2025-02-09","II","A","K2","nowy","nie","nie"
"2025-02-09","II","B","K3","stary","nie","nie"
"2025-02-09","II","B","K4","nowy","nie","nie"
"2025-02-09","II","C","K5","stary","nie","nie"
"2025-02-09","II","C","K6","nowy","nie","nie"
"2025-02-09","III","A","K1","stary","nie","nie"
"2025-02-09","III","A","K2","nowy","nie","nie"
"2025-02-09","III","B","K3","stary","nie","nie"
"2025-02-09","III","B","K4","nowy","nie","nie"
"2025-02-09","III","C","K5","stary","nie","nie"
"2025-02-09","III","C","K6","nowy","nie","nie"
"2025-02-10","I","A","K1","stary","nie","nie"
"2025-02-10","I","A","K2","nowy","nie","nie"
"2025-02-10","I","B","K3","stary","nie","nie"
"2025-02-10","I","B","K4","nowy","nie","nie"
"2025-02-10","I","C","K5","stary","nie","nie"
"2025-02-10","I","C","K6","nowy","nie","nie"
"2025-02-10","II","A","K1","stary","nie","nie"
"2025-02-10","II","A","K2","nowy","nie","nie"
"2025-02-10","II","B","K3","stary","nie","nie"
"2025-02-10","II","B","K4","nowy","nie","nie"
"2025-02-10","II","C","K5","stary","nie","nie"
"2025-02-10","II","C","K6","nowy","nie","nie"
"2025-02-10","III","A","K1","stary","nie","nie"
"2025-02-10","III","A","K2","nowy","nie","tak"
"2025-02-10","III","B","K3","stary","nie","nie"
"2025-02-10","III","B","K4","nowy","nie","nie"
"2025-02-10","III","C","K5","stary","nie","nie"
"2025-02-10","III","C","K6","nowy","nie","nie"
"2025-02-11","I","A","K1","stary","nie","nie"
"2025-02-11","I","A","K2","nowy","nie","nie"
"2025-02-11","I","B","K3","stary","nie","nie"
"2025-02-11","I","B","K4","nowy","nie","nie"
"2025-02-11","I","C","K5","stary","nie","nie"
"2025-02-11","I","C","K6","nowy","nie","nie"
"2025-02-11","II","A","K1","stary","nie","nie"
"2025-02-11","II","A","K2","nowy","nie","tak"
"2025-02-11","II","B","K3","stary","nie","nie"
"2025-02-11","II","B","K4","nowy","nie","nie"
"2025-02-11","II","C","K5","stary","nie","nie"
"2025-02-11","II","C","K6","nowy","nie","nie"
"2025-02-11","III","A","K1","stary","nie","nie"
"2025-02-11","III","A","K2","nowy","nie","nie"
"2025-02-11","III","B","K3","stary","nie","nie"
"2025-02-11","III","B","K4","nowy","nie","nie"
"2025-02-11","III","C","K5","stary","nie","nie"
"2025-02-11","III","C","K6","nowy","nie","nie"
"2025-02-12","I","A","K1","stary","nie","nie"
"2025-02-12","I","A","K2","nowy","nie","nie"
"2025-02-12","I","B","K3","stary","nie","nie"
"2025-02-12","I","B","K4","nowy","nie","nie"
"2025-02-12","I","C","K5","stary","nie","nie"
"2025-02-12","I","C","K6","nowy","nie","nie"
"2025-02-12","II","A","K1","stary","nie","nie"
"2025-02-12","II","A","K2","nowy","nie","nie"
"2025-02-12","II","B","K3","stary","nie","nie"
"2025-02-12","II","B","K4","nowy","nie","nie"
"2025-02-12","II","C","K5","stary","nie","tak"
"2025-02-12","II","C","K6","nowy","nie","nie"
"2025-02-12","III","A","K1","stary","nie","nie"
"2025-02-12","III","A","K2","nowy","nie","nie"
"2025-02-12","III","B","K3","stary","nie","nie"
"2025-02-12","III","B","K4","nowy","nie","nie"
"2025-02-12","III","C","K5","stary","nie","nie"
"2025-02-12","III","C","K6","nowy","nie","nie"
"2025-02-13","I","A","K1","stary","nie","nie"
"2025-02-13","I","A","K2","nowy","nie","nie"
"2025-02-13","I","B","K3","stary","nie","nie"
"2025-02-13","I","B","K4","nowy","nie","nie"
"2025-02-13","I","C","K5","stary","nie","nie"
"2025-02-13","I","C","K6","nowy","nie","nie"
"2025-02-13","II","A","K1","stary","nie","nie"
"2025-02-13","II","A","K2","nowy","nie","nie"
"2025-02-13","II","B","K3","stary","nie","nie"
"2025-02-13","II","B","K4","nowy","nie","nie"
"2025-02-13","II","C","K5","stary","nie","nie"
"2025-02-13","II","C","K6","nowy","nie","nie"
"2025-02-13","III","A","K1","stary","nie","nie"
"2025-02-13","III","A","K2","nowy","nie","nie"
"2025-02-13","III","B","K3","stary","nie","nie"
"2025-02-13","III","B","K4","nowy","nie","tak"
"2025-02-13","III","C","K5","stary","nie","nie"
"2025-02-13","III","C","K6","nowy","nie","nie"
"2025-02-14","I","A","K1","stary","nie","nie"
"2025-02-14","I","A","K2","nowy","nie","nie"
"2025-02-14","I","B","K3","stary","nie","nie"
"2025-02-14","I","B","K4","nowy","nie","nie"
"2025-02-14","I","C","K5","stary","nie","nie"
"2025-02-14","I","C","K6","nowy","nie","nie"
"2025-02-14","II","A","K1","stary","nie","nie"
"2025-02-14","II","A","K2","nowy","nie","nie"
"2025-02-14","II","B","K3","stary","nie","nie"
"2025-02-14","II","B","K4","nowy","nie","nie"
"2025-02-14","II","C","K5","stary","nie","nie"
"2025-02-14","II","C","K6","nowy","nie","nie"
"2025-02-14","III","A","K1","stary","nie","nie"
"2025-02-14","III","A","K2","nowy","nie","nie"
"2025-02-14","III","B","K3","stary","nie","nie"
"2025-02-14","III","B","K4","nowy","nie","nie"
"2025-02-14","III","C","K5","stary","nie","nie"
"2025-02-14","III","C","K6","nowy","tak","tak"
"2025-02-15","I","A","K1","stary","nie","nie"
"2025-02-15","I","A","K2","nowy","nie","nie"
"2025-02-15","I","B","K3","stary","nie","nie"
"2025-02-15","I","B","K4","nowy","nie","nie"
"2025-02-15","I","C","K5","stary","nie","nie"
"2025-02-15","I","C","K6","nowy","nie","nie"
"2025-02-15","II","A","K1","stary","nie","nie"
"2025-02-15","II","A","K2","nowy","nie","nie"
"2025-02-15","II","B","K3","stary","nie","nie"
"2025-02-15","II","B","K4","nowy","nie","nie"
"2025-02-15","II","C","K5","stary","nie","nie"
"2025-02-15","II","C","K6","nowy","nie","nie"
"2025-02-15","III","A","K1","stary","nie","nie"
"2025-02-15","III","A","K2","nowy","nie","nie"
"2025-02-15","III","B","K3","stary","nie","nie"
"2025-02-15","III","B","K4","nowy","nie","nie"
"2025-02-15","III","C","K5","stary","nie","nie"
"2025-02-15","III","C","K6","nowy","nie","nie"
"2025-02-16","I","A","K1","stary","nie","nie"
"2025-02-16","I","A","K2","nowy","nie","nie"
"2025-02-16","I","B","K3","stary","nie","nie"
"2025-02-16","I","B","K4","nowy","nie","nie"
"2025-02-16","I","C","K5","stary","nie","nie"
"2025-02-16","I","C","K6","nowy","nie","nie"
"2025-02-16","II","A","K1","stary","nie","nie"
"2025-02-16","II","A","K2","nowy","nie","nie"
"2025-02-16","II","B","K3","stary","nie","nie"
"2025-02-16","II","B","K4","nowy","nie","nie"
"2025-02-16","II","C","K5","stary","nie","nie"
"2025-02-16","II","C","K6","nowy","nie","nie"
"2025-02-16","III","A","K1","stary","nie","nie"
"2025-02-16","III","A","K2","nowy","nie","nie"
"2025-02-16","III","B","K3","stary","nie","nie"
"2025-02-16","III","B","K4","nowy","nie","nie"
"2025-02-16","III","C","K5","stary","nie","nie"
"2025-02-16","III","C","K6","nowy","nie","nie"
"2025-02-17","I","A","K1","stary","nie","nie"
"2025-02-17","I","A","K2","nowy","nie","nie"
"2025-02-17","I","B","K3","stary","nie","nie"
"2025-02-17","I","B","K4","nowy","nie","nie"
"2025-02-17","I","C","K5","stary","nie","nie"
"2025-02-17","I","C","K6","nowy","nie","nie"
"2025-02-17","II","A","K1","stary","nie","nie"
"2025-02-17","II","A","K2","nowy","nie","nie"
"2025-02-17","II","B","K3","stary","nie","nie"
"2025-02-17","II","B","K4","nowy","tak","tak"
"2025-02-17","II","C","K5","stary","nie","nie"
"2025-02-17","II","C","K6","nowy","nie","nie"
"2025-02-17","III","A","K1","stary","nie","tak"
"2025-02-17","III","A","K2","nowy","nie","nie"
"2025-02-17","III","B","K3","stary","nie","nie"
"2025-02-17","III","B","K4","nowy","nie","nie"
"2025-02-17","III","C","K5","stary","nie","nie"
"2025-02-17","III","C","K6","nowy","nie","nie"
"2025-02-18","I","A","K1","stary","nie","tak"
"2025-02-18","I","A","K2","nowy","nie","nie"
"2025-02-18","I","B","K3","stary","nie","nie"
"2025-02-18","I","B","K4","nowy","nie","nie"
"2025-02-18","I","C","K5","stary","nie","tak"
"2025-02-18","I","C","K6","nowy","nie","nie"
"2025-02-18","II","A","K1","stary","nie","nie"
"2025-02-18","II","A","K2","nowy","nie","nie"
"2025-02-18","II","B","K3","stary","nie","nie"
"2025-02-18","II","B","K4","nowy","nie","nie"
"2025-02-18","II","C","K5","stary","nie","nie"
"2025-02-18","II","C","K6","nowy","nie","nie"
"2025-02-18","III","A","K1","stary","nie","nie"
"2025-02-18","III","A","K2","nowy","nie","nie"
"2025-02-18","III","B","K3","stary","nie","nie"
"2025-02-18","III","B","K4","nowy","nie","nie"
"2025-02-18","III","C","K5","stary","nie","nie"
"2025-02-18","III","C","K6","nowy","nie","nie"
"2025-02-19","I","A","K1","stary","nie","nie"
"2025-02-19","I","A","K2","nowy","nie","nie"
"2025-02-19","I","B","K3","stary","nie","nie"
"2025-02-19","I","B","K4","nowy","nie","nie"
"2025-02-19","I","C","K5","stary","nie","nie"
"2025-02-19","I","C","K6","nowy","nie","nie"
"2025-02-19","II","A","K1","stary","nie","nie"
"2025-02-19","II","A","K2","nowy","nie","nie"
"2025-02-19","II","B","K3","stary","nie","nie"
"2025-02-19","II","B","K4","nowy","nie","nie"
"2025-02-19","II","C","K5","stary","nie","nie"
"2025-02-19","II","C","K6","nowy","nie","nie"
"2025-02-19","III","A","K1","stary","nie","nie"
"2025-02-19","III","A","K2","nowy","nie","nie"
"2025-02-19","III","B","K3","stary","nie","nie"
"2025-02-19","III","B","K4","nowy","nie","nie"
"2025-02-19","III","C","K5","stary","nie","nie"
"2025-02-19","III","C","K6","nowy","nie","nie"
"2025-02-20","I","A","K1","stary","nie","nie"
"2025-02-20","I","A","K2","nowy","nie","nie"
"2025-02-20","I","B","K3","stary","nie","nie"
"2025-02-20","I","B","K4","nowy","nie","nie"
"2025-02-20","I","C","K5","stary","nie","nie"
"2025-02-20","I","C","K6","nowy","nie","nie"
"2025-02-20","II","A","K1","stary","nie","nie"
"2025-02-20","II","A","K2","nowy","nie","nie"
"2025-02-20","II","B","K3","stary","nie","nie"
"2025-02-20","II","B","K4","nowy","nie","nie"
"2025-02-20","II","C","K5","stary","nie","nie"
"2025-02-20","II","C","K6","nowy","nie","nie"
"2025-02-20","III","A","K1","stary","nie","nie"
"2025-02-20","III","A","K2","nowy","nie","nie"
"2025-02-20","III","B","K3","stary","nie","nie"
"2025-02-20","III","B","K4","nowy","nie","nie"
"2025-02-20","III","C","K5","stary","nie","nie"
"2025-02-20","III","C","K6","nowy","nie","nie"
"2025-02-21","I","A","K1","stary","nie","nie"
"2025-02-21","I","A","K2","nowy","nie","nie"
"2025-02-21","I","B","K3","stary","nie","nie"
"2025-02-21","I","B","K4","nowy","nie","nie"
"2025-02-21","I","C","K5","stary","nie","nie"
"2025-02-21","I","C","K6","nowy","nie","nie"
"2025-02-21","II","A","K1","stary","nie","nie"
"2025-02-21","II","A","K2","nowy","nie","nie"
"2025-02-21","II","B","K3","stary","nie","nie"
"2025-02-21","II","B","K4","nowy","nie","nie"
"2025-02-21","II","C","K5","stary","nie","nie"
"2025-02-21","II","C","K6","nowy","nie","nie"
"2025-02-21","III","A","K1","stary","nie","nie"
"2025-02-21","III","A","K2","nowy","nie","nie"
"2025-02-21","III","B","K3","stary","nie","nie"
"2025-02-21","III","B","K4","nowy","nie","nie"
"2025-02-21","III","C","K5","stary","nie","nie"
"2025-02-21","III","C","K6","nowy","nie","nie"
"2025-02-22","I","A","K1","stary","nie","nie"
"2025-02-22","I","A","K2","nowy","nie","nie"
"2025-02-22","I","B","K3","stary","nie","nie"
"2025-02-22","I","B","K4","nowy","nie","nie"
"2025-02-22","I","C","K5","stary","nie","nie"
"2025-02-22","I","C","K6","nowy","nie","nie"
"2025-02-22","II","A","K1","stary","nie","nie"
"2025-02-22","II","A","K2","nowy","nie","nie"
"2025-02-22","II","B","K3","stary","nie","nie"
"2025-02-22","II","B","K4","nowy","nie","nie"
"2025-02-22","II","C","K5","stary","nie","nie"
"2025-02-22","II","C","K6","nowy","nie","nie"
"2025-02-22","III","A","K1","stary","nie","nie"
"2025-02-22","III","A","K2","nowy","nie","nie"
"2025-02-22","III","B","K3","stary","nie","nie"
"2025-02-22","III","B","K4","nowy","nie","nie"
"2025-02-22","III","C","K5","stary","nie","nie"
"2025-02-22","III","C","K6","nowy","nie","nie"
"2025-02-23","I","A","K1","stary","nie","nie"
"2025-02-23","I","A","K2","nowy","nie","nie"
"2025-02-23","I","B","K3","stary","nie","nie"
"2025-02-23","I","B","K4","nowy","nie","nie"
"2025-02-23","I","C","K5","stary","nie","nie"
"2025-02-23","I","C","K6","nowy","nie","nie"
"2025-02-23","II","A","K1","stary","nie","nie"
"2025-02-23","II","A","K2","nowy","nie","nie"
"2025-02-23","II","B","K3","stary","nie","nie"
"2025-02-23","II","B","K4","nowy","nie","nie"
"2025-02-23","II","C","K5","stary","nie","nie"
"2025-02-23","II","C","K6","nowy","nie","nie"
"2025-02-23","III","A","K1","stary","nie","nie"
"2025-02-23","III","A","K2","nowy","nie","nie"
"2025-02-23","III","B","K3","stary","nie","nie"
"2025-02-23","III","B","K4","nowy","tak","tak"
"2025-02-23","III","C","K5","stary","nie","nie"
"2025-02-23","III","C","K6","nowy","nie","nie"
"2025-02-24","I","A","K1","stary","nie","nie"
"2025-02-24","I","A","K2","nowy","nie","nie"
"2025-02-24","I","B","K3","stary","nie","nie"
"2025-02-24","I","B","K4","nowy","nie","nie"
"2025-02-24","I","C","K5","stary","tak","tak"
"2025-02-24","I","C","K6","nowy","nie","nie"
"2025-02-24","II","A","K1","stary","nie","nie"
"2025-02-24","II","A","K2","nowy","nie","nie"
"2025-02-24","II","B","K3","stary","nie","nie"
"2025-02-24","II","B","K4","nowy","nie","nie"
"2025-02-24","II","C","K5","stary","tak","tak"
"2025-02-24","II","C","K6","nowy","nie","nie"
"2025-02-24","III","A","K1","stary","nie","nie"
"2025-02-24","III","A","K2","nowy","nie","nie"
"2025-02-24","III","B","K3","stary","nie","nie"
"2025-02-24","III","B","K4","nowy","nie","nie"
"2025-02-24","III","C","K5","stary","nie","nie"
"2025-02-24","III","C","K6","nowy","nie","nie"
"2025-02-25","I","A","K1","stary","nie","nie"
"2025-02-25","I","A","K2","nowy","nie","nie"
"2025-02-25","I","B","K3","stary","nie","nie"
"2025-02-25","I","B","K4","nowy","nie","nie"
"2025-02-25","I","C","K5","stary","nie","nie"
"2025-02-25","I","C","K6","nowy","nie","nie"
"2025-02-25","II","A","K1","stary","nie","nie"
"2025-02-25","II","A","K2","nowy","nie","nie"
"2025-02-25","II","B","K3","stary","nie","nie"
"2025-02-25","II","B","K4","nowy","nie","nie"
"2025-02-25","II","C","K5","stary","nie","nie"
"2025-02-25","II","C","K6","nowy","nie","nie"
"2025-02-25","III","A","K1","stary","nie","nie"
"2025-02-25","III","A","K2","nowy","nie","nie"
"2025-02-25","III","B","K3","stary","nie","nie"
"2025-02-25","III","B","K4","nowy","nie","nie"
"2025-02-25","III","C","K5","stary","nie","nie"
"2025-02-25","III","C","K6","nowy","nie","nie"
"2025-02-26","I","A","K1","stary","nie","nie"
"2025-02-26","I","A","K2","nowy","nie","nie"
"2025-02-26","I","B","K3","stary","nie","nie"
"2025-02-26","I","B","K4","nowy","nie","nie"
"2025-02-26","I","C","K5","stary","nie","nie"
"2025-02-26","I","C","K6","nowy","nie","nie"
"2025-02-26","II","A","K1","stary","nie","nie"
"2025-02-26","II","A","K2","nowy","nie","nie"
"2025-02-26","II","B","K3","stary","nie","nie"
"2025-02-26","II","B","K4","nowy","nie","nie"
"2025-02-26","II","C","K5","stary","nie","nie"
"2025-02-26","II","C","K6","nowy","nie","nie"
"2025-02-26","III","A","K1","stary","nie","nie"
"2025-02-26","III","A","K2","nowy","nie","nie"
"2025-02-26","III","B","K3","stary","nie","nie"
"2025-02-26","III","B","K4","nowy","nie","nie"
"2025-02-26","III","C","K5","stary","nie","nie"
"2025-02-26","III","C","K6","nowy","nie","nie"
"2025-02-27","I","A","K1","stary","nie","nie"
"2025-02-27","I","A","K2","nowy","nie","nie"
"2025-02-27","I","B","K3","stary","nie","nie"
"2025-02-27","I","B","K4","nowy","nie","nie"
"2025-02-27","I","C","K5","stary","nie","nie"
"2025-02-27","I","C","K6","nowy","nie","nie"
"2025-02-27","II","A","K1","stary","nie","nie"
"2025-02-27","II","A","K2","nowy","nie","nie"
"2025-02-27","II","B","K3","stary","nie","tak"
"2025-02-27","II","B","K4","nowy","nie","nie"
"2025-02-27","II","C","K5","stary","nie","nie"
"2025-02-27","II","C","K6","nowy","nie","nie"
"2025-02-27","III","A","K1","stary","nie","nie"
"2025-02-27","III","A","K2","nowy","nie","nie"
"2025-02-27","III","B","K3","stary","nie","nie"
"2025-02-27","III","B","K4","nowy","nie","nie"
"2025-02-27","III","C","K5","stary","nie","nie"
"2025-02-27","III","C","K6","nowy","nie","nie"
"2025-02-28","I","A","K1","stary","nie","nie"
"2025-02-28","I","A","K2","nowy","nie","nie"
"2025-02-28","I","B","K3","stary","nie","nie"
"2025-02-28","I","B","K4","nowy","nie","nie"
"2025-02-28","I","C","K5","stary","nie","nie"
"2025-02-28","I","C","K6","nowy","nie","nie"
"2025-02-28","II","A","K1","stary","nie","tak"
"2025-02-28","II","A","K2","nowy","nie","nie"
"2025-02-28","II","B","K3","stary","nie","nie"
"2025-02-28","II","B","K4","nowy","nie","nie"
"2025-02-28","II","C","K5","stary","nie","nie"
"2025-02-28","II","C","K6","nowy","nie","nie"
"2025-02-28","III","A","K1","stary","nie","nie"
"2025-02-28","III","A","K2","nowy","nie","nie"
"2025-02-28","III","B","K3","stary","nie","nie"
"2025-02-28","III","B","K4","nowy","nie","nie"
"2025-02-28","III","C","K5","stary","nie","nie"
"2025-02-28","III","C","K6","nowy","nie","nie"
"2025-03-01","I","A","K1","stary","nie","nie"
"2025-03-01","I","A","K2","nowy","nie","nie"
"2025-03-01","I","B","K3","stary","nie","nie"
"2025-03-01","I","B","K4","nowy","nie","nie"
"2025-03-01","I","C","K5","stary","nie","nie"
"2025-03-01","I","C","K6","nowy","nie","nie"
"2025-03-01","II","A","K1","stary","nie","nie"
"2025-03-01","II","A","K2","nowy","nie","nie"
"2025-03-01","II","B","K3","stary","nie","nie"
"2025-03-01","II","B","K4","nowy","nie","nie"
"2025-03-01","II","C","K5","stary","nie","nie"
"2025-03-01","II","C","K6","nowy","nie","nie"
"2025-03-01","III","A","K1","stary","nie","nie"
"2025-03-01","III","A","K2","nowy","nie","nie"
"2025-03-01","III","B","K3","stary","nie","nie"
"2025-03-01","III","B","K4","nowy","nie","nie"
"2025-03-01","III","C","K5","stary","nie","tak"
"2025-03-01","III","C","K6","nowy","nie","nie"
"2025-03-02","I","A","K1","stary","nie","nie"
"2025-03-02","I","A","K2","nowy","nie","nie"
"2025-03-02","I","B","K3","stary","nie","nie"
"2025-03-02","I","B","K4","nowy","nie","tak"
"2025-03-02","I","C","K5","stary","nie","nie"
"2025-03-02","I","C","K6","nowy","nie","nie"
"2025-03-02","II","A","K1","stary","nie","nie"
"2025-03-02","II","A","K2","nowy","nie","nie"
"2025-03-02","II","B","K3","stary","tak","tak"
"2025-03-02","II","B","K4","nowy","tak","tak"
"2025-03-02","II","C","K5","stary","nie","nie"
"2025-03-02","II","C","K6","nowy","nie","nie"
"2025-03-02","III","A","K1","stary","nie","nie"
"2025-03-02","III","A","K2","nowy","nie","nie"
"2025-03-02","III","B","K3","stary","nie","nie"
"2025-03-02","III","B","K4","nowy","nie","tak"
"2025-03-02","III","C","K5","stary","nie","nie"
"2025-03-02","III","C","K6","nowy","nie","nie"
"2025-03-03","I","A","K1","stary","nie","nie"
"2025-03-03","I","A","K2","nowy","nie","nie"
"2025-03-03","I","B","K3","stary","nie","nie"
"2025-03-03","I","B","K4","nowy","nie","nie"
"2025-03-03","I","C","K5","stary","nie","nie"
"2025-03-03","I","C","K6","nowy","nie","nie"
"2025-03-03","II","A","K1","stary","nie","nie"
"2025-03-03","II","A","K2","nowy","nie","nie"
"2025-03-03","II","B","K3","stary","nie","nie"
"2025-03-03","II","B","K4","nowy","nie","nie"
"2025-03-03","II","C","K5","stary","nie","nie"
"2025-03-03","II","C","K6","nowy","nie","nie"
"2025-03-03","III","A","K1","stary","nie","tak"
"2025-03-03","III","A","K2","nowy","nie","nie"
"2025-03-03","III","B","K3","stary","nie","nie"
"2025-03-03","III","B","K4","nowy","nie","nie"
"2025-03-03","III","C","K5","stary","nie","nie"
"2025-03-03","III","C","K6","nowy","nie","nie"
"2025-03-04","I","A","K1","stary","nie","nie"
"2025-03-04","I","A","K2","nowy","nie","nie"
"2025-03-04","I","B","K3","stary","nie","nie"
"2025-03-04","I","B","K4","nowy","nie","nie"
"2025-03-04","I","C","K5","stary","nie","nie"
"2025-03-04","I","C","K6","nowy","nie","tak"
"2025-03-04","II","A","K1","stary","nie","nie"
"2025-03-04","II","A","K2","nowy","nie","nie"
"2025-03-04","II","B","K3","stary","nie","nie"
"2025-03-04","II","B","K4","nowy","nie","nie"
"2025-03-04","II","C","K5","stary","nie","nie"
"2025-03-04","II","C","K6","nowy","nie","nie"
"2025-03-04","III","A","K1","stary","nie","nie"
"2025-03-04","III","A","K2","nowy","nie","nie"
"2025-03-04","III","B","K3","stary","nie","nie"
"2025-03-04","III","B","K4","nowy","nie","nie"
"2025-03-04","III","C","K5","stary","nie","nie"
"2025-03-04","III","C","K6","nowy","nie","nie"
"2025-03-05","I","A","K1","stary","nie","nie"
"2025-03-05","I","A","K2","nowy","nie","nie"
"2025-03-05","I","B","K3","stary","nie","nie"
"2025-03-05","I","B","K4","nowy","nie","nie"
"2025-03-05","I","C","K5","stary","nie","nie"
"2025-03-05","I","C","K6","nowy","nie","nie"
"2025-03-05","II","A","K1","stary","nie","nie"
"2025-03-05","II","A","K2","nowy","nie","nie"
"2025-03-05","II","B","K3","stary","nie","nie"
"2025-03-05","II","B","K4","nowy","nie","nie"
"2025-03-05","II","C","K5","stary","nie","nie"
"2025-03-05","II","C","K6","nowy","nie","nie"
"2025-03-05","III","A","K1","stary","nie","nie"
"2025-03-05","III","A","K2","nowy","nie","nie"
"2025-03-05","III","B","K3","stary","nie","nie"
"2025-03-05","III","B","K4","nowy","nie","nie"
"2025-03-05","III","C","K5","stary","tak","tak"
"2025-03-05","III","C","K6","nowy","nie","tak"
"2025-03-06","I","A","K1","stary","nie","nie"
"2025-03-06","I","A","K2","nowy","nie","nie"
"2025-03-06","I","B","K3","stary","nie","tak"
"2025-03-06","I","B","K4","nowy","nie","nie"
"2025-03-06","I","C","K5","stary","nie","nie"
"2025-03-06","I","C","K6","nowy","nie","nie"
"2025-03-06","II","A","K1","stary","nie","nie"
"2025-03-06","II","A","K2","nowy","nie","nie"
"2025-03-06","II","B","K3","stary","nie","nie"
"2025-03-06","II","B","K4","nowy","nie","nie"
"2025-03-06","II","C","K5","stary","nie","nie"
"2025-03-06","II","C","K6","nowy","nie","nie"
"2025-03-06","III","A","K1","stary","nie","nie"
"2025-03-06","III","A","K2","nowy","nie","tak"
"2025-03-06","III","B","K3","stary","nie","nie"
"2025-03-06","III","B","K4","nowy","nie","nie"
"2025-03-06","III","C","K5","stary","tak","tak"
"2025-03-06","III","C","K6","nowy","tak","tak"
"2025-03-07","I","A","K1","stary","nie","nie"
"2025-03-07","I","A","K2","nowy","nie","nie"
"2025-03-07","I","B","K3","stary","nie","nie"
"2025-03-07","I","B","K4","nowy","nie","nie"
"2025-03-07","I","C","K5","stary","nie","nie"
"2025-03-07","I","C","K6","nowy","nie","nie"
"2025-03-07","II","A","K1","stary","nie","nie"
"2025-03-07","II","A","K2","nowy","nie","nie"
"2025-03-07","II","B","K3","stary","nie","nie"
"2025-03-07","II","B","K4","nowy","nie","nie"
"2025-03-07","II","C","K5","stary","nie","nie"
"2025-03-07","II","C","K6","nowy","nie","nie"
"2025-03-07","III","A","K1","stary","nie","nie"
"2025-03-07","III","A","K2","nowy","nie","nie"
"2025-03-07","III","B","K3","stary","nie","nie"
"2025-03-07","III","B","K4","nowy","nie","nie"
"2025-03-07","III","C","K5","stary","nie","tak"
"2025-03-07","III","C","K6","nowy","nie","nie"
"2025-03-08","I","A","K1","stary","nie","nie"
"2025-03-08","I","A","K2","nowy","nie","nie"
"2025-03-08","I","B","K3","stary","nie","nie"
"2025-03-08","I","B","K4","nowy","nie","nie"
"2025-03-08","I","C","K5","stary","nie","nie"
"2025-03-08","I","C","K6","nowy","nie","nie"
"2025-03-08","II","A","K1","stary","nie","nie"
"2025-03-08","II","A","K2","nowy","nie","nie"
"2025-03-08","II","B","K3","stary","nie","nie"
"2025-03-08","II","B","K4","nowy","nie","nie"
"2025-03-08","II","C","K5","stary","nie","nie"
"2025-03-08","II","C","K6","nowy","nie","nie"
"2025-03-08","III","A","K1","stary","nie","nie"
"2025-03-08","III","A","K2","nowy","nie","nie"
"2025-03-08","III","B","K3","stary","nie","tak"
"2025-03-08","III","B","K4","nowy","nie","nie"
"2025-03-08","III","C","K5","stary","nie","tak"
"2025-03-08","III","C","K6","nowy","nie","nie"
"2025-03-09","I","A","K1","stary","nie","nie"
"2025-03-09","I","A","K2","nowy","nie","nie"
"2025-03-09","I","B","K3","stary","nie","nie"
"2025-03-09","I","B","K4","nowy","nie","nie"
"2025-03-09","I","C","K5","stary","nie","nie"
"2025-03-09","I","C","K6","nowy","nie","nie"
"2025-03-09","II","A","K1","stary","nie","nie"
"2025-03-09","II","A","K2","nowy","nie","nie"
"2025-03-09","II","B","K3","stary","nie","nie"
"2025-03-09","II","B","K4","nowy","nie","nie"
"2025-03-09","II","C","K5","stary","nie","nie"
"2025-03-09","II","C","K6","nowy","nie","nie"
"2025-03-09","III","A","K1","stary","nie","tak"
"2025-03-09","III","A","K2","nowy","nie","nie"
"2025-03-09","III","B","K3","stary","nie","tak"
"2025-03-09","III","B","K4","nowy","nie","nie"
"2025-03-09","III","C","K5","stary","nie","nie"
"2025-03-09","III","C","K6","nowy","nie","nie"
"2025-03-10","I","A","K1","stary","nie","nie"
"2025-03-10","I","A","K2","nowy","nie","nie"
"2025-03-10","I","B","K3","stary","nie","nie"
"2025-03-10","I","B","K4","nowy","nie","nie"
"2025-03-10","I","C","K5","stary","nie","nie"
"2025-03-10","I","C","K6","nowy","nie","nie"
"2025-03-10","II","A","K1","stary","nie","nie"
"2025-03-10","II","A","K2","nowy","nie","nie"
"2025-03-10","II","B","K3","stary","nie","nie"
"2025-03-10","II","B","K4","nowy","nie","nie"
"2025-03-10","II","C","K5","stary","nie","nie"
"2025-03-10","II","C","K6","nowy","nie","nie"
"2025-03-10","III","A","K1","stary","nie","nie"
"2025-03-10","III","A","K2","nowy","nie","nie"
"2025-03-10","III","B","K3","stary","nie","nie"
"2025-03-10","III","B","K4","nowy","nie","nie"
"2025-03-10","III","C","K5","stary","nie","nie"
"2025-03-10","III","C","K6","nowy","nie","nie"
"2025-03-11","I","A","K1","stary","nie","tak"
"2025-03-11","I","A","K2","nowy","nie","nie"
"2025-03-11","I","B","K3","stary","nie","nie"
"2025-03-11","I","B","K4","nowy","nie","nie"
"2025-03-11","I","C","K5","stary","nie","nie"
"2025-03-11","I","C","K6","nowy","nie","nie"
"2025-03-11","II","A","K1","stary","nie","nie"
"2025-03-11","II","A","K2","nowy","nie","nie"
"2025-03-11","II","B","K3","stary","nie","nie"
"2025-03-11","II","B","K4","nowy","nie","nie"
"2025-03-11","II","C","K5","stary","nie","nie"
"2025-03-11","II","C","K6","nowy","nie","nie"
"2025-03-11","III","A","K1","stary","nie","nie"
"2025-03-11","III","A","K2","nowy","nie","nie"
"2025-03-11","III","B","K3","stary","nie","nie"
"2025-03-11","III","B","K4","nowy","nie","nie"
"2025-03-11","III","C","K5","stary","nie","tak"
"2025-03-11","III","C","K6","nowy","nie","nie"
"2025-03-12","I","A","K1","stary","nie","nie"
"2025-03-12","I","A","K2","nowy","nie","nie"
"2025-03-12","I","B","K3","stary","nie","nie"
"2025-03-12","I","B","K4","nowy","nie","nie"
"2025-03-12","I","C","K5","stary","nie","nie"
"2025-03-12","I","C","K6","nowy","nie","nie"
"2025-03-12","II","A","K1","stary","nie","nie"
"2025-03-12","II","A","K2","nowy","nie","nie"
"2025-03-12","II","B","K3","stary","nie","nie"
"2025-03-12","II","B","K4","nowy","nie","nie"
"2025-03-12","II","C","K5","stary","nie","nie"
"2025-03-12","II","C","K6","nowy","nie","nie"
"2025-03-12","III","A","K1","stary","nie","nie"
"2025-03-12","III","A","K2","nowy","nie","nie"
"2025-03-12","III","B","K3","stary","nie","nie"
"2025-03-12","III","B","K4","nowy","nie","nie"
"2025-03-12","III","C","K5","stary","nie","nie"
"2025-03-12","III","C","K6","nowy","nie","nie"
"2025-03-13","I","A","K1","stary","nie","nie"
"2025-03-13","I","A","K2","nowy","nie","nie"
"2025-03-13","I","B","K3","stary","nie","nie"
"2025-03-13","I","B","K4","nowy","nie","nie"
"2025-03-13","I","C","K5","stary","nie","nie"
"2025-03-13","I","C","K6","nowy","nie","nie"
"2025-03-13","II","A","K1","stary","nie","nie"
"2025-03-13","II","A","K2","nowy","nie","nie"
"2025-03-13","II","B","K3","stary","nie","nie"
"2025-03-13","II","B","K4","nowy","nie","nie"
"2025-03-13","II","C","K5","stary","nie","nie"
"2025-03-13","II","C","K6","nowy","nie","nie"
"2025-03-13","III","A","K1","stary","nie","nie"
"2025-03-13","III","A","K2","nowy","nie","nie"
"2025-03-13","III","B","K3","stary","nie","nie"
"2025-03-13","III","B","K4","nowy","nie","nie"
"2025-03-13","III","C","K5","stary","nie","tak"
"2025-03-13","III","C","K6","nowy","nie","nie"
"2025-03-14","I","A","K1","stary","nie","nie"
"2025-03-14","I","A","K2","nowy","nie","nie"
"2025-03-14","I","B","K3","stary","nie","nie"
"2025-03-14","I","B","K4","nowy","nie","nie"
"2025-03-14","I","C","K5","stary","nie","nie"
"2025-03-14","I","C","K6","nowy","nie","nie"
"2025-03-14","II","A","K1","stary","nie","nie"
"2025-03-14","II","A","K2","nowy","nie","nie"
"2025-03-14","II","B","K3","stary","nie","nie"
"2025-03-14","II","B","K4","nowy","nie","nie"
"2025-03-14","II","C","K5","stary","nie","nie"
"2025-03-14","II","C","K6","nowy","nie","nie"
"2025-03-14","III","A","K1","stary","nie","nie"
"2025-03-14","III","A","K2","nowy","nie","tak"
"2025-03-14","III","B","K3","stary","nie","nie"
"2025-03-14","III","B","K4","nowy","nie","nie"
"2025-03-14","III","C","K5","stary","nie","tak"
"2025-03-14","III","C","K6","nowy","nie","nie"
"2025-03-15","I","A","K1","stary","nie","nie"
"2025-03-15","I","A","K2","nowy","nie","nie"
"2025-03-15","I","B","K3","stary","nie","nie"
"2025-03-15","I","B","K4","nowy","nie","nie"
"2025-03-15","I","C","K5","stary","nie","nie"
"2025-03-15","I","C","K6","nowy","nie","nie"
"2025-03-15","II","A","K1","stary","nie","nie"
"2025-03-15","II","A","K2","nowy","nie","nie"
"2025-03-15","II","B","K3","stary","nie","nie"
"2025-03-15","II","B","K4","nowy","nie","nie"
"2025-03-15","II","C","K5","stary","nie","nie"
"2025-03-15","II","C","K6","nowy","nie","nie"
"2025-03-15","III","A","K1","stary","nie","nie"
"2025-03-15","III","A","K2","nowy","nie","nie"
"2025-03-15","III","B","K3","stary","nie","nie"
"2025-03-15","III","B","K4","nowy","nie","nie"
"2025-03-15","III","C","K5","stary","nie","nie"
"2025-03-15","III","C","K6","nowy","nie","nie"
"2025-03-16","I","A","K1","stary","nie","nie"
"2025-03-16","I","A","K2","nowy","nie","nie"
"2025-03-16","I","B","K3","stary","nie","nie"
"2025-03-16","I","B","K4","nowy","nie","nie"
"2025-03-16","I","C","K5","stary","nie","nie"
"2025-03-16","I","C","K6","nowy","nie","nie"
"2025-03-16","II","A","K1","stary","nie","nie"
"2025-03-16","II","A","K2","nowy","nie","nie"
"2025-03-16","II","B","K3","stary","nie","nie"
"2025-03-16","II","B","K4","nowy","nie","nie"
"2025-03-16","II","C","K5","stary","nie","nie"
"2025-03-16","II","C","K6","nowy","nie","nie"
"2025-03-16","III","A","K1","stary","nie","nie"
"2025-03-16","III","A","K2","nowy","nie","nie"
"2025-03-16","III","B","K3","stary","nie","nie"
"2025-03-16","III","B","K4","nowy","nie","nie"
"2025-03-16","III","C","K5","stary","nie","nie"
"2025-03-16","III","C","K6","nowy","nie","nie"
"2025-03-17","I","A","K1","stary","nie","nie"
"2025-03-17","I","A","K2","nowy","nie","nie"
"2025-03-17","I","B","K3","stary","nie","nie"
"2025-03-17","I","B","K4","nowy","nie","nie"
"2025-03-17","I","C","K5","stary","nie","nie"
"2025-03-17","I","C","K6","nowy","nie","nie"
"2025-03-17","II","A","K1","stary","nie","nie"
"2025-03-17","II","A","K2","nowy","nie","nie"
"2025-03-17","II","B","K3","stary","nie","nie"
"2025-03-17","II","B","K4","nowy","nie","nie"
"2025-03-17","II","C","K5","stary","nie","nie"
"2025-03-17","II","C","K6","nowy","nie","nie"
"2025-03-17","III","A","K1","stary","nie","nie"
"2025-03-17","III","A","K2","nowy","nie","nie"
"2025-03-17","III","B","K3","stary","nie","nie"
"2025-03-17","III","B","K4","nowy","nie","nie"
"2025-03-17","III","C","K5","stary","nie","nie"
"2025-03-17","III","C","K6","nowy","nie","nie"
"2025-03-18","I","A","K1","stary","nie","nie"
"2025-03-18","I","A","K2","nowy","nie","nie"
"2025-03-18","I","B","K3","stary","nie","nie"
"2025-03-18","I","B","K4","nowy","nie","nie"
"2025-03-18","I","C","K5","stary","nie","nie"
"2025-03-18","I","C","K6","nowy","nie","nie"
"2025-03-18","II","A","K1","stary","nie","nie"
"2025-03-18","II","A","K2","nowy","nie","nie"
"2025-03-18","II","B","K3","stary","tak","tak"
"2025-03-18","II","B","K4","nowy","nie","nie"
"2025-03-18","II","C","K5","stary","nie","nie"
"2025-03-18","II","C","K6","nowy","nie","nie"
"2025-03-18","III","A","K1","stary","nie","nie"
"2025-03-18","III","A","K2","nowy","nie","nie"
"2025-03-18","III","B","K3","stary","nie","tak"
"2025-03-18","III","B","K4","nowy","nie","nie"
"2025-03-18","III","C","K5","stary","nie","nie"
"2025-03-18","III","C","K6","nowy","nie","nie"
"2025-03-19","I","A","K1","stary","nie","nie"
"2025-03-19","I","A","K2","nowy","nie","nie"
"2025-03-19","I","B","K3","stary","nie","nie"
"2025-03-19","I","B","K4","nowy","nie","nie"
"2025-03-19","I","C","K5","stary","nie","nie"
"2025-03-19","I","C","K6","nowy","nie","nie"
"2025-03-19","II","A","K1","stary","nie","nie"
"2025-03-19","II","A","K2","nowy","nie","nie"
"2025-03-19","II","B","K3","stary","nie","nie"
"2025-03-19","II","B","K4","nowy","nie","nie"
"2025-03-19","II","C","K5","stary","nie","nie"
"2025-03-19","II","C","K6","nowy","nie","nie"
"2025-03-19","III","A","K1","stary","nie","tak"
"2025-03-19","III","A","K2","nowy","nie","nie"
"2025-03-19","III","B","K3","stary","nie","nie"
"2025-03-19","III","B","K4","nowy","nie","nie"
"2025-03-19","III","C","K5","stary","nie","tak"
"2025-03-19","III","C","K6","nowy","nie","nie"
"2025-03-20","I","A","K1","stary","nie","nie"
"2025-03-20","I","A","K2","nowy","nie","nie"
"2025-03-20","I","B","K3","stary","nie","nie"
"2025-03-20","I","B","K4","nowy","nie","nie"
"2025-03-20","I","C","K5","stary","nie","nie"
"2025-03-20","I","C","K6","nowy","nie","nie"
"2025-03-20","II","A","K1","stary","nie","nie"
"2025-03-20","II","A","K2","nowy","nie","nie"
"2025-03-20","II","B","K3","stary","nie","nie"
"2025-03-20","II","B","K4","nowy","nie","nie"
"2025-03-20","II","C","K5","stary","nie","nie"
"2025-03-20","II","C","K6","nowy","nie","nie"
"2025-03-20","III","A","K1","stary","nie","nie"
"2025-03-20","III","A","K2","nowy","nie","nie"
"2025-03-20","III","B","K3","stary","nie","nie"
"2025-03-20","III","B","K4","nowy","nie","nie"
"2025-03-20","III","C","K5","stary","nie","nie"
"2025-03-20","III","C","K6","nowy","nie","nie"
"2025-03-21","I","A","K1","stary","nie","nie"
"2025-03-21","I","A","K2","nowy","nie","nie"
"2025-03-21","I","B","K3","stary","nie","nie"
"2025-03-21","I","B","K4","nowy","nie","nie"
"2025-03-21","I","C","K5","stary","nie","nie"
"2025-03-21","I","C","K6","nowy","nie","nie"
"2025-03-21","II","A","K1","stary","nie","nie"
"2025-03-21","II","A","K2","nowy","nie","nie"
"2025-03-21","II","B","K3","stary","nie","nie"
"2025-03-21","II","B","K4","nowy","nie","nie"
"2025-03-21","II","C","K5","stary","nie","nie"
"2025-03-21","II","C","K6","nowy","nie","nie"
"2025-03-21","III","A","K1","stary","nie","nie"
"2025-03-21","III","A","K2","nowy","nie","nie"
"2025-03-21","III","B","K3","stary","nie","nie"
"2025-03-21","III","B","K4","nowy","nie","nie"
"2025-03-21","III","C","K5","stary","nie","nie"
"2025-03-21","III","C","K6","nowy","nie","nie"
"2025-03-22","I","A","K1","stary","nie","nie"
"2025-03-22","I","A","K2","nowy","nie","nie"
"2025-03-22","I","B","K3","stary","nie","nie"
"2025-03-22","I","B","K4","nowy","nie","nie"
"2025-03-22","I","C","K5","stary","nie","nie"
"2025-03-22","I","C","K6","nowy","nie","nie"
"2025-03-22","II","A","K1","stary","nie","nie"
"2025-03-22","II","A","K2","nowy","nie","nie"
"2025-03-22","II","B","K3","stary","nie","nie"
"2025-03-22","II","B","K4","nowy","nie","nie"
"2025-03-22","II","C","K5","stary","nie","nie"
"2025-03-22","II","C","K6","nowy","nie","nie"
"2025-03-22","III","A","K1","stary","nie","nie"
"2025-03-22","III","A","K2","nowy","nie","nie"
"2025-03-22","III","B","K3","stary","nie","nie"
"2025-03-22","III","B","K4","nowy","nie","nie"
"2025-03-22","III","C","K5","stary","nie","nie"
"2025-03-22","III","C","K6","nowy","nie","nie"
"2025-03-23","I","A","K1","stary","nie","nie"
"2025-03-23","I","A","K2","nowy","nie","nie"
"2025-03-23","I","B","K3","stary","nie","nie"
"2025-03-23","I","B","K4","nowy","nie","nie"
"2025-03-23","I","C","K5","stary","nie","nie"
"2025-03-23","I","C","K6","nowy","nie","nie"
"2025-03-23","II","A","K1","stary","nie","nie"
"2025-03-23","II","A","K2","nowy","nie","nie"
"2025-03-23","II","B","K3","stary","nie","nie"
"2025-03-23","II","B","K4","nowy","nie","nie"
"2025-03-23","II","C","K5","stary","nie","nie"
"2025-03-23","II","C","K6","nowy","nie","nie"
"2025-03-23","III","A","K1","stary","nie","tak"
"2025-03-23","III","A","K2","nowy","nie","nie"
"2025-03-23","III","B","K3","stary","nie","nie"
"2025-03-23","III","B","K4","nowy","nie","nie"
"2025-03-23","III","C","K5","stary","nie","nie"
"2025-03-23","III","C","K6","nowy","nie","nie"
"2025-03-24","I","A","K1","stary","nie","nie"
"2025-03-24","I","A","K2","nowy","nie","nie"
"2025-03-24","I","B","K3","stary","nie","tak"
"2025-03-24","I","B","K4","nowy","nie","nie"
"2025-03-24","I","C","K5","stary","nie","nie"
"2025-03-24","I","C","K6","nowy","nie","nie"
"2025-03-24","II","A","K1","stary","nie","nie"
"2025-03-24","II","A","K2","nowy","nie","nie"
"2025-03-24","II","B","K3","stary","nie","nie"
"2025-03-24","II","B","K4","nowy","nie","nie"
"2025-03-24","II","C","K5","stary","nie","nie"
"2025-03-24","II","C","K6","nowy","nie","nie"
"2025-03-24","III","A","K1","stary","nie","nie"
"2025-03-24","III","A","K2","nowy","nie","nie"
"2025-03-24","III","B","K3","stary","nie","nie"
"2025-03-24","III","B","K4","nowy","nie","nie"
"2025-03-24","III","C","K5","stary","nie","nie"
"2025-03-24","III","C","K6","nowy","nie","nie"
"2025-03-25","I","A","K1","stary","nie","nie"
"2025-03-25","I","A","K2","nowy","nie","nie"
"2025-03-25","I","B","K3","stary","nie","nie"
"2025-03-25","I","B","K4","nowy","nie","nie"
"2025-03-25","I","C","K5","stary","nie","nie"
"2025-03-25","I","C","K6","nowy","nie","nie"
"2025-03-25","II","A","K1","stary","nie","nie"
"2025-03-25","II","A","K2","nowy","nie","nie"
"2025-03-25","II","B","K3","stary","nie","nie"
"2025-03-25","II","B","K4","nowy","nie","nie"
"2025-03-25","II","C","K5","stary","nie","nie"
"2025-03-25","II","C","K6","nowy","nie","nie"
"2025-03-25","III","A","K1","stary","nie","nie"
"2025-03-25","III","A","K2","nowy","nie","nie"
"2025-03-25","III","B","K3","stary","nie","nie"
"2025-03-25","III","B","K4","nowy","nie","nie"
"2025-03-25","III","C","K5","stary","nie","nie"
"2025-03-25","III","C","K6","nowy","nie","nie"
"2025-03-26","I","A","K1","stary","nie","nie"
"2025-03-26","I","A","K2","nowy","nie","nie"
"2025-03-26","I","B","K3","stary","nie","nie"
"2025-03-26","I","B","K4","nowy","nie","nie"
"2025-03-26","I","C","K5","stary","nie","nie"
"2025-03-26","I","C","K6","nowy","nie","nie"
"2025-03-26","II","A","K1","stary","nie","nie"
"2025-03-26","II","A","K2","nowy","nie","nie"
"2025-03-26","II","B","K3","stary","nie","nie"
"2025-03-26","II","B","K4","nowy","nie","nie"
"2025-03-26","II","C","K5","stary","nie","nie"
"2025-03-26","II","C","K6","nowy","nie","nie"
"2025-03-26","III","A","K1","stary","nie","nie"
"2025-03-26","III","A","K2","nowy","nie","tak"
"2025-03-26","III","B","K3","stary","nie","nie"
"2025-03-26","III","B","K4","nowy","nie","nie"
"2025-03-26","III","C","K5","stary","tak","nie"
"2025-03-26","III","C","K6","nowy","nie","nie"
"2025-03-27","I","A","K1","stary","nie","nie"
"2025-03-27","I","A","K2","nowy","nie","nie"
"2025-03-27","I","B","K3","stary","nie","nie"
"2025-03-27","I","B","K4","nowy","nie","nie"
"2025-03-27","I","C","K5","stary","nie","nie"
"2025-03-27","I","C","K6","nowy","nie","nie"
"2025-03-27","II","A","K1","stary","nie","nie"
"2025-03-27","II","A","K2","nowy","nie","nie"
"2025-03-27","II","B","K3","stary","nie","nie"
"2025-03-27","II","B","K4","nowy","nie","nie"
"2025-03-27","II","C","K5","stary","nie","nie"
"2025-03-27","II","C","K6","nowy","nie","nie"
"2025-03-27","III","A","K1","stary","nie","nie"
"2025-03-27","III","A","K2","nowy","nie","nie"
"2025-03-27","III","B","K3","stary","nie","nie"
"2025-03-27","III","B","K4","nowy","nie","nie"
"2025-03-27","III","C","K5","stary","nie","nie"
"2025-03-27","III","C","K6","nowy","nie","nie"
"2025-03-28","I","A","K1","stary","nie","nie"
"2025-03-28","I","A","K2","nowy","nie","nie"
"2025-03-28","I","B","K3","stary","nie","nie"
"2025-03-28","I","B","K4","nowy","nie","nie"
"2025-03-28","I","C","K5","stary","nie","nie"
"2025-03-28","I","C","K6","nowy","nie","nie"
"2025-03-28","II","A","K1","stary","nie","nie"
"2025-03-28","II","A","K2","nowy","nie","nie"
"2025-03-28","II","B","K3","stary","nie","nie"
"2025-03-28","II","B","K4","nowy","nie","nie"
"2025-03-28","II","C","K5","stary","nie","nie"
"2025-03-28","II","C","K6","nowy","nie","nie"
"2025-03-28","III","A","K1","stary","nie","nie"
"2025-03-28","III","A","K2","nowy","nie","nie"
"2025-03-28","III","B","K3","stary","nie","nie"
"2025-03-28","III","B","K4","nowy","nie","nie"
"2025-03-28","III","C","K5","stary","nie","nie"
"2025-03-28","III","C","K6","nowy","nie","nie"
"2025-03-29","I","A","K1","stary","nie","nie"
"2025-03-29","I","A","K2","nowy","nie","nie"
"2025-03-29","I","B","K3","stary","nie","nie"
"2025-03-29","I","B","K4","nowy","nie","nie"
"2025-03-29","I","C","K5","stary","nie","nie"
"2025-03-29","I","C","K6","nowy","nie","nie"
"2025-03-29","II","A","K1","stary","nie","nie"
"2025-03-29","II","A","K2","nowy","nie","nie"
"2025-03-29","II","B","K3","stary","nie","nie"
"2025-03-29","II","B","K4","nowy","nie","nie"
"2025-03-29","II","C","K5","stary","nie","nie"
"2025-03-29","II","C","K6","nowy","nie","nie"
"2025-03-29","III","A","K1","stary","nie","nie"
"2025-03-29","III","A","K2","nowy","nie","nie"
"2025-03-29","III","B","K3","stary","nie","nie"
"2025-03-29","III","B","K4","nowy","nie","nie"
"2025-03-29","III","C","K5","stary","nie","nie"
"2025-03-29","III","C","K6","nowy","nie","nie"
"2025-03-30","I","A","K1","stary","nie","nie"
"2025-03-30","I","A","K2","nowy","nie","nie"
"2025-03-30","I","B","K3","stary","nie","nie"
"2025-03-30","I","B","K4","nowy","nie","nie"
"2025-03-30","I","C","K5","stary","nie","nie"
"2025-03-30","I","C","K6","nowy","nie","nie"
"2025-03-30","II","A","K1","stary","nie","nie"
"2025-03-30","II","A","K2","nowy","nie","nie"
"2025-03-30","II","B","K3","stary","nie","nie"
"2025-03-30","II","B","K4","nowy","nie","nie"
"2025-03-30","II","C","K5","stary","nie","nie"
"2025-03-30","II","C","K6","nowy","nie","nie"
"2025-03-30","III","A","K1","stary","nie","nie"
"2025-03-30","III","A","K2","nowy","nie","nie"
"2025-03-30","III","B","K3","stary","nie","nie"
"2025-03-30","III","B","K4","nowy","nie","nie"
"2025-03-30","III","C","K5","stary","nie","nie"
"2025-03-30","III","C","K6","nowy","nie","nie"
"2025-03-31","I","A","K1","stary","nie","nie"
"2025-03-31","I","A","K2","nowy","nie","nie"
"2025-03-31","I","B","K3","stary","nie","nie"
"2025-03-31","I","B","K4","nowy","nie","nie"
"2025-03-31","I","C","K5","stary","nie","nie"
"2025-03-31","I","C","K6","nowy","nie","nie"
"2025-03-31","II","A","K1","stary","nie","nie"
"2025-03-31","II","A","K2","nowy","nie","nie"
"2025-03-31","II","B","K3","stary","nie","nie"
"2025-03-31","II","B","K4","nowy","tak","tak"
"2025-03-31","II","C","K5","stary","nie","nie"
"2025-03-31","II","C","K6","nowy","nie","nie"
"2025-03-31","III","A","K1","stary","nie","nie"
"2025-03-31","III","A","K2","nowy","nie","nie"
"2025-03-31","III","B","K3","stary","nie","nie"
"2025-03-31","III","B","K4","nowy","nie","nie"
"2025-03-31","III","C","K5","stary","nie","nie"
"2025-03-31","III","C","K6","nowy","nie","nie"
"2025-04-01","I","A","K1","stary","nie","nie"
"2025-04-01","I","A","K2","nowy","nie","nie"
"2025-04-01","I","B","K3","stary","nie","nie"
"2025-04-01","I","B","K4","nowy","nie","nie"
"2025-04-01","I","C","K5","stary","nie","nie"
"2025-04-01","I","C","K6","nowy","nie","nie"
"2025-04-01","II","A","K1","stary","nie","nie"
"2025-04-01","II","A","K2","nowy","nie","nie"
"2025-04-01","II","B","K3","stary","nie","nie"
"2025-04-01","II","B","K4","nowy","nie","nie"
"2025-04-01","II","C","K5","stary","nie","nie"
"2025-04-01","II","C","K6","nowy","nie","nie"
"2025-04-01","III","A","K1","stary","nie","nie"
"2025-04-01","III","A","K2","nowy","nie","nie"
"2025-04-01","III","B","K3","stary","nie","nie"
"2025-04-01","III","B","K4","nowy","nie","nie"
"2025-04-01","III","C","K5","stary","nie","nie"
"2025-04-01","III","C","K6","nowy","nie","nie"
"2025-04-02","I","A","K1","stary","nie","nie"
"2025-04-02","I","A","K2","nowy","nie","nie"
"2025-04-02","I","B","K3","stary","nie","nie"
"2025-04-02","I","B","K4","nowy","nie","nie"
"2025-04-02","I","C","K5","stary","nie","nie"
"2025-04-02","I","C","K6","nowy","tak","tak"
"2025-04-02","II","A","K1","stary","nie","nie"
"2025-04-02","II","A","K2","nowy","nie","nie"
"2025-04-02","II","B","K3","stary","nie","tak"
"2025-04-02","II","B","K4","nowy","nie","nie"
"2025-04-02","II","C","K5","stary","nie","nie"
"2025-04-02","II","C","K6","nowy","nie","nie"
"2025-04-02","III","A","K1","stary","nie","nie"
"2025-04-02","III","A","K2","nowy","nie","nie"
"2025-04-02","III","B","K3","stary","nie","nie"
"2025-04-02","III","B","K4","nowy","nie","nie"
"2025-04-02","III","C","K5","stary","nie","nie"
"2025-04-02","III","C","K6","nowy","nie","nie"
"2025-04-03","I","A","K1","stary","nie","nie"
"2025-04-03","I","A","K2","nowy","nie","nie"
"2025-04-03","I","B","K3","stary","nie","nie"
"2025-04-03","I","B","K4","nowy","nie","nie"
"2025-04-03","I","C","K5","stary","nie","nie"
"2025-04-03","I","C","K6","nowy","nie","nie"
"2025-04-03","II","A","K1","stary","nie","nie"
"2025-04-03","II","A","K2","nowy","nie","nie"
"2025-04-03","II","B","K3","stary","nie","nie"
"2025-04-03","II","B","K4","nowy","nie","nie"
"2025-04-03","II","C","K5","stary","nie","nie"
"2025-04-03","II","C","K6","nowy","nie","nie"
"2025-04-03","III","A","K1","stary","nie","nie"
"2025-04-03","III","A","K2","nowy","nie","nie"
"2025-04-03","III","B","K3","stary","nie","nie"
"2025-04-03","III","B","K4","nowy","nie","nie"
"2025-04-03","III","C","K5","stary","nie","tak"
"2025-04-03","III","C","K6","nowy","nie","nie"
"2025-04-04","I","A","K1","stary","nie","nie"
"2025-04-04","I","A","K2","nowy","nie","nie"
"2025-04-04","I","B","K3","stary","nie","nie"
"2025-04-04","I","B","K4","nowy","nie","nie"
"2025-04-04","I","C","K5","stary","nie","nie"
"2025-04-04","I","C","K6","nowy","nie","nie"
"2025-04-04","II","A","K1","stary","nie","nie"
"2025-04-04","II","A","K2","nowy","nie","nie"
"2025-04-04","II","B","K3","stary","nie","nie"
"2025-04-04","II","B","K4","nowy","nie","nie"
"2025-04-04","II","C","K5","stary","nie","nie"
"2025-04-04","II","C","K6","nowy","nie","nie"
"2025-04-04","III","A","K1","stary","nie","nie"
"2025-04-04","III","A","K2","nowy","nie","nie"
"2025-04-04","III","B","K3","stary","nie","nie"
"2025-04-04","III","B","K4","nowy","nie","nie"
"2025-04-04","III","C","K5","stary","nie","nie"
"2025-04-04","III","C","K6","nowy","nie","nie"
"2025-04-05","I","A","K1","stary","nie","nie"
"2025-04-05","I","A","K2","nowy","nie","nie"
"2025-04-05","I","B","K3","stary","nie","nie"
"2025-04-05","I","B","K4","nowy","nie","nie"
"2025-04-05","I","C","K5","stary","nie","nie"
"2025-04-05","I","C","K6","nowy","nie","nie"
"2025-04-05","II","A","K1","stary","nie","nie"
"2025-04-05","II","A","K2","nowy","nie","nie"
"2025-04-05","II","B","K3","stary","nie","nie"
"2025-04-05","II","B","K4","nowy","nie","nie"
"2025-04-05","II","C","K5","stary","nie","nie"
"2025-04-05","II","C","K6","nowy","nie","nie"
"2025-04-05","III","A","K1","stary","nie","nie"
"2025-04-05","III","A","K2","nowy","nie","nie"
"2025-04-05","III","B","K3","stary","nie","nie"
"2025-04-05","III","B","K4","nowy","nie","nie"
"2025-04-05","III","C","K5","stary","nie","nie"
"2025-04-05","III","C","K6","nowy","nie","nie"
"2025-04-06","I","A","K1","stary","nie","nie"
"2025-04-06","I","A","K2","nowy","nie","nie"
"2025-04-06","I","B","K3","stary","nie","nie"
"2025-04-06","I","B","K4","nowy","nie","nie"
"2025-04-06","I","C","K5","stary","nie","nie"
"2025-04-06","I","C","K6","nowy","nie","nie"
"2025-04-06","II","A","K1","stary","nie","nie"
"2025-04-06","II","A","K2","nowy","nie","nie"
"2025-04-06","II","B","K3","stary","nie","nie"
"2025-04-06","II","B","K4","nowy","nie","nie"
"2025-04-06","II","C","K5","stary","nie","nie"
"2025-04-06","II","C","K6","nowy","nie","nie"
"2025-04-06","III","A","K1","stary","nie","nie"
"2025-04-06","III","A","K2","nowy","nie","nie"
"2025-04-06","III","B","K3","stary","nie","nie"
"2025-04-06","III","B","K4","nowy","nie","nie"
"2025-04-06","III","C","K5","stary","nie","nie"
"2025-04-06","III","C","K6","nowy","nie","nie"
"2025-04-07","I","A","K1","stary","nie","tak"
"2025-04-07","I","A","K2","nowy","nie","nie"
"2025-04-07","I","B","K3","stary","nie","nie"
"2025-04-07","I","B","K4","nowy","nie","nie"
"2025-04-07","I","C","K5","stary","nie","nie"
"2025-04-07","I","C","K6","nowy","nie","nie"
"2025-04-07","II","A","K1","stary","nie","nie"
"2025-04-07","II","A","K2","nowy","nie","nie"
"2025-04-07","II","B","K3","stary","nie","tak"
"2025-04-07","II","B","K4","nowy","nie","tak"
"2025-04-07","II","C","K5","stary","nie","nie"
"2025-04-07","II","C","K6","nowy","nie","nie"
"2025-04-07","III","A","K1","stary","nie","nie"
"2025-04-07","III","A","K2","nowy","nie","nie"
"2025-04-07","III","B","K3","stary","nie","nie"
"2025-04-07","III","B","K4","nowy","nie","nie"
"2025-04-07","III","C","K5","stary","nie","nie"
"2025-04-07","III","C","K6","nowy","nie","nie"
"2025-04-08","I","A","K1","stary","nie","nie"
"2025-04-08","I","A","K2","nowy","nie","nie"
"2025-04-08","I","B","K3","stary","nie","nie"
"2025-04-08","I","B","K4","nowy","nie","nie"
"2025-04-08","I","C","K5","stary","nie","nie"
"2025-04-08","I","C","K6","nowy","nie","nie"
"2025-04-08","II","A","K1","stary","nie","tak"
"2025-04-08","II","A","K2","nowy","nie","nie"
"2025-04-08","II","B","K3","stary","nie","nie"
"2025-04-08","II","B","K4","nowy","nie","nie"
"2025-04-08","II","C","K5","stary","nie","nie"
"2025-04-08","II","C","K6","nowy","nie","nie"
"2025-04-08","III","A","K1","stary","nie","nie"
"2025-04-08","III","A","K2","nowy","nie","nie"
"2025-04-08","III","B","K3","stary","nie","nie"
"2025-04-08","III","B","K4","nowy","nie","nie"
"2025-04-08","III","C","K5","stary","nie","nie"
"2025-04-08","III","C","K6","nowy","nie","nie"
"2025-04-09","I","A","K1","stary","nie","nie"
"2025-04-09","I","A","K2","nowy","nie","nie"
"2025-04-09","I","B","K3","stary","nie","nie"
"2025-04-09","I","B","K4","nowy","nie","nie"
"2025-04-09","I","C","K5","stary","nie","nie"
"2025-04-09","I","C","K6","nowy","nie","nie"
"2025-04-09","II","A","K1","stary","nie","nie"
"2025-04-09","II","A","K2","nowy","nie","nie"
"2025-04-09","II","B","K3","stary","nie","nie"
"2025-04-09","II","B","K4","nowy","nie","nie"
"2025-04-09","II","C","K5","stary","nie","nie"
"2025-04-09","II","C","K6","nowy","nie","nie"
"2025-04-09","III","A","K1","stary","nie","nie"
"2025-04-09","III","A","K2","nowy","nie","nie"
"2025-04-09","III","B","K3","stary","nie","tak"
"2025-04-09","III","B","K4","nowy","nie","nie"
"2025-04-09","III","C","K5","stary","nie","nie"
"2025-04-09","III","C","K6","nowy","nie","nie"
"2025-04-10","I","A","K1","stary","nie","nie"
"2025-04-10","I","A","K2","nowy","nie","nie"
"2025-04-10","I","B","K3","stary","nie","nie"
"2025-04-10","I","B","K4","nowy","nie","nie"
"2025-04-10","I","C","K5","stary","nie","nie"
"2025-04-10","I","C","K6","nowy","nie","nie"
"2025-04-10","II","A","K1","stary","nie","nie"
"2025-04-10","II","A","K2","nowy","nie","nie"
"2025-04-10","II","B","K3","stary","nie","nie"
"2025-04-10","II","B","K4","nowy","nie","nie"
"2025-04-10","II","C","K5","stary","nie","nie"
"2025-04-10","II","C","K6","nowy","nie","nie"
"2025-04-10","III","A","K1","stary","nie","nie"
"2025-04-10","III","A","K2","nowy","nie","nie"
"2025-04-10","III","B","K3","stary","nie","tak"
"2025-04-10","III","B","K4","nowy","nie","nie"
"2025-04-10","III","C","K5","stary","nie","nie"
"2025-04-10","III","C","K6","nowy","nie","nie"
"2025-04-11","I","A","K1","stary","nie","nie"
"2025-04-11","I","A","K2","nowy","nie","nie"
"2025-04-11","I","B","K3","stary","nie","nie"
"2025-04-11","I","B","K4","nowy","nie","nie"
"2025-04-11","I","C","K5","stary","nie","nie"
"2025-04-11","I","C","K6","nowy","nie","nie"
"2025-04-11","II","A","K1","stary","nie","nie"
"2025-04-11","II","A","K2","nowy","nie","nie"
"2025-04-11","II","B","K3","stary","nie","nie"
"2025-04-11","II","B","K4","nowy","nie","nie"
"2025-04-11","II","C","K5","stary","nie","nie"
"2025-04-11","II","C","K6","nowy","nie","nie"
"2025-04-11","III","A","K1","stary","nie","nie"
"2025-04-11","III","A","K2","nowy","nie","nie"
"2025-04-11","III","B","K3","stary","nie","nie"
"2025-04-11","III","B","K4","nowy","nie","nie"
"2025-04-11","III","C","K5","stary","nie","nie"
"2025-04-11","III","C","K6","nowy","nie","nie"
"2025-04-12","I","A","K1","stary","nie","nie"
"2025-04-12","I","A","K2","nowy","nie","nie"
"2025-04-12","I","B","K3","stary","nie","nie"
"2025-04-12","I","B","K4","nowy","nie","nie"
"2025-04-12","I","C","K5","stary","nie","nie"
"2025-04-12","I","C","K6","nowy","nie","nie"
"2025-04-12","II","A","K1","stary","nie","nie"
"2025-04-12","II","A","K2","nowy","nie","nie"
"2025-04-12","II","B","K3","stary","nie","nie"
"2025-04-12","II","B","K4","nowy","nie","nie"
"2025-04-12","II","C","K5","stary","nie","nie"
"2025-04-12","II","C","K6","nowy","nie","nie"
"2025-04-12","III","A","K1","stary","nie","nie"
"2025-04-12","III","A","K2","nowy","nie","nie"
"2025-04-12","III","B","K3","stary","nie","nie"
"2025-04-12","III","B","K4","nowy","nie","nie"
"2025-04-12","III","C","K5","stary","nie","nie"
"2025-04-12","III","C","K6","nowy","nie","nie"
"2025-04-13","I","A","K1","stary","nie","nie"
"2025-04-13","I","A","K2","nowy","nie","nie"
"2025-04-13","I","B","K3","stary","nie","nie"
"2025-04-13","I","B","K4","nowy","nie","nie"
"2025-04-13","I","C","K5","stary","nie","nie"
"2025-04-13","I","C","K6","nowy","nie","nie"
"2025-04-13","II","A","K1","stary","nie","nie"
"2025-04-13","II","A","K2","nowy","nie","nie"
"2025-04-13","II","B","K3","stary","nie","nie"
"2025-04-13","II","B","K4","nowy","nie","nie"
"2025-04-13","II","C","K5","stary","nie","nie"
"2025-04-13","II","C","K6","nowy","nie","nie"
"2025-04-13","III","A","K1","stary","nie","tak"
"2025-04-13","III","A","K2","nowy","nie","nie"
"2025-04-13","III","B","K3","stary","nie","nie"
"2025-04-13","III","B","K4","nowy","nie","nie"
"2025-04-13","III","C","K5","stary","nie","nie"
"2025-04-13","III","C","K6","nowy","nie","nie"
"2025-04-14","I","A","K1","stary","nie","nie"
"2025-04-14","I","A","K2","nowy","nie","nie"
"2025-04-14","I","B","K3","stary","nie","nie"
"2025-04-14","I","B","K4","nowy","nie","nie"
"2025-04-14","I","C","K5","stary","nie","nie"
"2025-04-14","I","C","K6","nowy","nie","nie"
"2025-04-14","II","A","K1","stary","nie","nie"
"2025-04-14","II","A","K2","nowy","nie","nie"
"2025-04-14","II","B","K3","stary","nie","nie"
"2025-04-14","II","B","K4","nowy","nie","nie"
"2025-04-14","II","C","K5","stary","nie","nie"
"2025-04-14","II","C","K6","nowy","nie","nie"
"2025-04-14","III","A","K1","stary","nie","nie"
"2025-04-14","III","A","K2","nowy","nie","nie"
"2025-04-14","III","B","K3","stary","nie","nie"
"2025-04-14","III","B","K4","nowy","nie","nie"
"2025-04-14","III","C","K5","stary","nie","nie"
"2025-04-14","III","C","K6","nowy","nie","nie"
"2025-04-15","I","A","K1","stary","nie","nie"
"2025-04-15","I","A","K2","nowy","nie","nie"
"2025-04-15","I","B","K3","stary","nie","nie"
"2025-04-15","I","B","K4","nowy","nie","nie"
"2025-04-15","I","C","K5","stary","nie","nie"
"2025-04-15","I","C","K6","nowy","nie","nie"
"2025-04-15","II","A","K1","stary","nie","nie"
"2025-04-15","II","A","K2","nowy","nie","nie"
"2025-04-15","II","B","K3","stary","nie","nie"
"2025-04-15","II","B","K4","nowy","nie","nie"
"2025-04-15","II","C","K5","stary","nie","nie"
"2025-04-15","II","C","K6","nowy","nie","nie"
"2025-04-15","III","A","K1","stary","nie","nie"
"2025-04-15","III","A","K2","nowy","nie","nie"
"2025-04-15","III","B","K3","stary","nie","nie"
"2025-04-15","III","B","K4","nowy","nie","nie"
"2025-04-15","III","C","K5","stary","nie","tak"
"2025-04-15","III","C","K6","nowy","nie","nie"
"2025-04-16","I","A","K1","stary","nie","nie"
"2025-04-16","I","A","K2","nowy","nie","nie"
"2025-04-16","I","B","K3","stary","nie","nie"
"2025-04-16","I","B","K4","nowy","nie","nie"
"2025-04-16","I","C","K5","stary","nie","nie"
"2025-04-16","I","C","K6","nowy","nie","nie"
"2025-04-16","II","A","K1","stary","nie","nie"
"2025-04-16","II","A","K2","nowy","nie","nie"
"2025-04-16","II","B","K3","stary","nie","nie"
"2025-04-16","II","B","K4","nowy","nie","nie"
"2025-04-16","II","C","K5","stary","nie","nie"
"2025-04-16","II","C","K6","nowy","nie","nie"
"2025-04-16","III","A","K1","stary","nie","nie"
"2025-04-16","III","A","K2","nowy","nie","nie"
"2025-04-16","III","B","K3","stary","nie","nie"
"2025-04-16","III","B","K4","nowy","nie","nie"
"2025-04-16","III","C","K5","stary","nie","nie"
"2025-04-16","III","C","K6","nowy","nie","nie"
"2025-04-17","I","A","K1","stary","nie","nie"
"2025-04-17","I","A","K2","nowy","nie","nie"
"2025-04-17","I","B","K3","stary","nie","nie"
"2025-04-17","I","B","K4","nowy","nie","nie"
"2025-04-17","I","C","K5","stary","nie","nie"
"2025-04-17","I","C","K6","nowy","nie","nie"
"2025-04-17","II","A","K1","stary","nie","nie"
"2025-04-17","II","A","K2","nowy","nie","nie"
"2025-04-17","II","B","K3","stary","nie","nie"
"2025-04-17","II","B","K4","nowy","nie","nie"
"2025-04-17","II","C","K5","stary","nie","tak"
"2025-04-17","II","C","K6","nowy","nie","nie"
"2025-04-17","III","A","K1","stary","nie","nie"
"2025-04-17","III","A","K2","nowy","nie","nie"
"2025-04-17","III","B","K3","stary","nie","nie"
"2025-04-17","III","B","K4","nowy","nie","nie"
"2025-04-17","III","C","K5","stary","nie","nie"
"2025-04-17","III","C","K6","nowy","nie","nie"
"2025-04-18","I","A","K1","stary","nie","nie"
"2025-04-18","I","A","K2","nowy","nie","nie"
"2025-04-18","I","B","K3","stary","nie","nie"
"2025-04-18","I","B","K4","nowy","nie","nie"
"2025-04-18","I","C","K5","stary","nie","nie"
"2025-04-18","I","C","K6","nowy","nie","nie"
"2025-04-18","II","A","K1","stary","nie","nie"
"2025-04-18","II","A","K2","nowy","nie","nie"
"2025-04-18","II","B","K3","stary","nie","nie"
"2025-04-18","II","B","K4","nowy","nie","nie"
"2025-04-18","II","C","K5","stary","nie","nie"
"2025-04-18","II","C","K6","nowy","nie","nie"
"2025-04-18","III","A","K1","stary","nie","nie"
"2025-04-18","III","A","K2","nowy","nie","nie"
"2025-04-18","III","B","K3","stary","nie","tak"
"2025-04-18","III","B","K4","nowy","nie","nie"
"2025-04-18","III","C","K5","stary","nie","nie"
"2025-04-18","III","C","K6","nowy","nie","nie"
"2025-04-19","I","A","K1","stary","nie","nie"
"2025-04-19","I","A","K2","nowy","nie","nie"
"2025-04-19","I","B","K3","stary","nie","nie"
"2025-04-19","I","B","K4","nowy","nie","nie"
"2025-04-19","I","C","K5","stary","tak","tak"
"2025-04-19","I","C","K6","nowy","nie","nie"
"2025-04-19","II","A","K1","stary","nie","nie"
"2025-04-19","II","A","K2","nowy","nie","nie"
"2025-04-19","II","B","K3","stary","nie","nie"
"2025-04-19","II","B","K4","nowy","nie","nie"
"2025-04-19","II","C","K5","stary","nie","nie"
"2025-04-19","II","C","K6","nowy","nie","nie"
"2025-04-19","III","A","K1","stary","nie","nie"
"2025-04-19","III","A","K2","nowy","nie","nie"
"2025-04-19","III","B","K3","stary","nie","nie"
"2025-04-19","III","B","K4","nowy","nie","nie"
"2025-04-19","III","C","K5","stary","nie","nie"
"2025-04-19","III","C","K6","nowy","nie","nie"
"2025-04-20","I","A","K1","stary","nie","nie"
"2025-04-20","I","A","K2","nowy","nie","nie"
"2025-04-20","I","B","K3","stary","nie","nie"
"2025-04-20","I","B","K4","nowy","nie","nie"
"2025-04-20","I","C","K5","stary","nie","nie"
"2025-04-20","I","C","K6","nowy","nie","nie"
"2025-04-20","II","A","K1","stary","nie","nie"
"2025-04-20","II","A","K2","nowy","nie","nie"
"2025-04-20","II","B","K3","stary","nie","nie"
"2025-04-20","II","B","K4","nowy","nie","nie"
"2025-04-20","II","C","K5","stary","nie","nie"
"2025-04-20","II","C","K6","nowy","nie","nie"
"2025-04-20","III","A","K1","stary","nie","nie"
"2025-04-20","III","A","K2","nowy","nie","nie"
"2025-04-20","III","B","K3","stary","nie","nie"
"2025-04-20","III","B","K4","nowy","nie","nie"
"2025-04-20","III","C","K5","stary","nie","nie"
"2025-04-20","III","C","K6","nowy","nie","nie"
"2025-04-21","I","A","K1","stary","nie","nie"
"2025-04-21","I","A","K2","nowy","nie","nie"
"2025-04-21","I","B","K3","stary","nie","nie"
"2025-04-21","I","B","K4","nowy","nie","nie"
"2025-04-21","I","C","K5","stary","nie","nie"
"2025-04-21","I","C","K6","nowy","nie","nie"
"2025-04-21","II","A","K1","stary","nie","nie"
"2025-04-21","II","A","K2","nowy","nie","nie"
"2025-04-21","II","B","K3","stary","nie","nie"
"2025-04-21","II","B","K4","nowy","nie","nie"
"2025-04-21","II","C","K5","stary","nie","nie"
"2025-04-21","II","C","K6","nowy","nie","nie"
"2025-04-21","III","A","K1","stary","nie","tak"
"2025-04-21","III","A","K2","nowy","nie","nie"
"2025-04-21","III","B","K3","stary","nie","nie"
"2025-04-21","III","B","K4","nowy","nie","nie"
"2025-04-21","III","C","K5","stary","nie","nie"
"2025-04-21","III","C","K6","nowy","nie","nie"
"2025-04-22","I","A","K1","stary","nie","nie"
"2025-04-22","I","A","K2","nowy","nie","nie"
"2025-04-22","I","B","K3","stary","nie","nie"
"2025-04-22","I","B","K4","nowy","nie","nie"
"2025-04-22","I","C","K5","stary","nie","nie"
"2025-04-22","I","C","K6","nowy","tak","tak"
"2025-04-22","II","A","K1","stary","nie","nie"
"2025-04-22","II","A","K2","nowy","nie","nie"
"2025-04-22","II","B","K3","stary","tak","tak"
"2025-04-22","II","B","K4","nowy","nie","nie"
"2025-04-22","II","C","K5","stary","nie","nie"
"2025-04-22","II","C","K6","nowy","nie","nie"
"2025-04-22","III","A","K1","stary","nie","nie"
"2025-04-22","III","A","K2","nowy","nie","nie"
"2025-04-22","III","B","K3","stary","nie","nie"
"2025-04-22","III","B","K4","nowy","nie","nie"
"2025-04-22","III","C","K5","stary","nie","nie"
"2025-04-22","III","C","K6","nowy","nie","nie"
"2025-04-23","I","A","K1","stary","nie","nie"
"2025-04-23","I","A","K2","nowy","nie","nie"
"2025-04-23","I","B","K3","stary","nie","nie"
"2025-04-23","I","B","K4","nowy","nie","nie"
"2025-04-23","I","C","K5","stary","nie","nie"
"2025-04-23","I","C","K6","nowy","nie","nie"
"2025-04-23","II","A","K1","stary","nie","tak"
"2025-04-23","II","A","K2","nowy","nie","nie"
"2025-04-23","II","B","K3","stary","nie","nie"
"2025-04-23","II","B","K4","nowy","nie","nie"
"2025-04-23","II","C","K5","stary","nie","nie"
"2025-04-23","II","C","K6","nowy","nie","nie"
"2025-04-23","III","A","K1","stary","nie","nie"
"2025-04-23","III","A","K2","nowy","nie","nie"
"2025-04-23","III","B","K3","stary","nie","nie"
"2025-04-23","III","B","K4","nowy","nie","nie"
"2025-04-23","III","C","K5","stary","nie","nie"
"2025-04-23","III","C","K6","nowy","nie","nie"
"2025-04-24","I","A","K1","stary","nie","nie"
"2025-04-24","I","A","K2","nowy","nie","nie"
"2025-04-24","I","B","K3","stary","nie","nie"
"2025-04-24","I","B","K4","nowy","nie","nie"
"2025-04-24","I","C","K5","stary","nie","tak"
"2025-04-24","I","C","K6","nowy","nie","nie"
"2025-04-24","II","A","K1","stary","nie","nie"
"2025-04-24","II","A","K2","nowy","nie","nie"
"2025-04-24","II","B","K3","stary","nie","nie"
"2025-04-24","II","B","K4","nowy","nie","nie"
"2025-04-24","II","C","K5","stary","nie","nie"
"2025-04-24","II","C","K6","nowy","nie","nie"
"2025-04-24","III","A","K1","stary","nie","nie"
"2025-04-24","III","A","K2","nowy","nie","nie"
"2025-04-24","III","B","K3","stary","nie","nie"
"2025-04-24","III","B","K4","nowy","nie","nie"
"2025-04-24","III","C","K5","stary","nie","nie"
"2025-04-24","III","C","K6","nowy","nie","nie"
"2025-04-25","I","A","K1","stary","nie","nie"
"2025-04-25","I","A","K2","nowy","nie","nie"
"2025-04-25","I","B","K3","stary","nie","nie"
"2025-04-25","I","B","K4","nowy","nie","nie"
"2025-04-25","I","C","K5","stary","nie","nie"
"2025-04-25","I","C","K6","nowy","nie","nie"
"2025-04-25","II","A","K1","stary","nie","nie"
"2025-04-25","II","A","K2","nowy","nie","nie"
"2025-04-25","II","B","K3","stary","nie","nie"
"2025-04-25","II","B","K4","nowy","nie","nie"
"2025-04-25","II","C","K5","stary","nie","nie"
"2025-04-25","II","C","K6","nowy","nie","nie"
"2025-04-25","III","A","K1","stary","nie","nie"
"2025-04-25","III","A","K2","nowy","nie","nie"
"2025-04-25","III","B","K3","stary","nie","nie"
"2025-04-25","III","B","K4","nowy","nie","nie"
"2025-04-25","III","C","K5","stary","nie","nie"
"2025-04-25","III","C","K6","nowy","nie","nie"
"2025-04-26","I","A","K1","stary","nie","nie"
"2025-04-26","I","A","K2","nowy","nie","nie"
"2025-04-26","I","B","K3","stary","nie","nie"
"2025-04-26","I","B","K4","nowy","nie","nie"
"2025-04-26","I","C","K5","stary","nie","nie"
"2025-04-26","I","C","K6","nowy","nie","nie"
"2025-04-26","II","A","K1","stary","nie","nie"
"2025-04-26","II","A","K2","nowy","nie","nie"
"2025-04-26","II","B","K3","stary","nie","nie"
"2025-04-26","II","B","K4","nowy","nie","tak"
"2025-04-26","II","C","K5","stary","nie","tak"
"2025-04-26","II","C","K6","nowy","nie","nie"
"2025-04-26","III","A","K1","stary","nie","nie"
"2025-04-26","III","A","K2","nowy","nie","nie"
"2025-04-26","III","B","K3","stary","nie","nie"
"2025-04-26","III","B","K4","nowy","nie","nie"
"2025-04-26","III","C","K5","stary","nie","nie"
"2025-04-26","III","C","K6","nowy","nie","nie"
"2025-04-27","I","A","K1","stary","nie","nie"
"2025-04-27","I","A","K2","nowy","nie","nie"
"2025-04-27","I","B","K3","stary","nie","nie"
"2025-04-27","I","B","K4","nowy","nie","nie"
"2025-04-27","I","C","K5","stary","nie","nie"
"2025-04-27","I","C","K6","nowy","nie","nie"
"2025-04-27","II","A","K1","stary","nie","nie"
"2025-04-27","II","A","K2","nowy","nie","nie"
"2025-04-27","II","B","K3","stary","nie","nie"
"2025-04-27","II","B","K4","nowy","nie","nie"
"2025-04-27","II","C","K5","stary","nie","nie"
"2025-04-27","II","C","K6","nowy","nie","nie"
"2025-04-27","III","A","K1","stary","nie","nie"
"2025-04-27","III","A","K2","nowy","nie","nie"
"2025-04-27","III","B","K3","stary","nie","nie"
"2025-04-27","III","B","K4","nowy","nie","nie"
"2025-04-27","III","C","K5","stary","nie","nie"
"2025-04-27","III","C","K6","nowy","nie","nie"
"2025-04-28","I","A","K1","stary","nie","nie"
"2025-04-28","I","A","K2","nowy","nie","nie"
"2025-04-28","I","B","K3","stary","nie","nie"
"2025-04-28","I","B","K4","nowy","nie","nie"
"2025-04-28","I","C","K5","stary","nie","nie"
"2025-04-28","I","C","K6","nowy","nie","nie"
"2025-04-28","II","A","K1","stary","nie","nie"
"2025-04-28","II","A","K2","nowy","nie","nie"
"2025-04-28","II","B","K3","stary","nie","nie"
"2025-04-28","II","B","K4","nowy","nie","nie"
"2025-04-28","II","C","K5","stary","nie","nie"
"2025-04-28","II","C","K6","nowy","nie","nie"
"2025-04-28","III","A","K1","stary","nie","nie"
"2025-04-28","III","A","K2","nowy","nie","nie"
"2025-04-28","III","B","K3","stary","nie","nie"
"2025-04-28","III","B","K4","nowy","nie","nie"
"2025-04-28","III","C","K5","stary","nie","nie"
"2025-04-28","III","C","K6","nowy","nie","nie"
"2025-04-29","I","A","K1","stary","nie","nie"
"2025-04-29","I","A","K2","nowy","nie","nie"
"2025-04-29","I","B","K3","stary","nie","nie"
"2025-04-29","I","B","K4","nowy","nie","nie"
"2025-04-29","I","C","K5","stary","nie","nie"
"2025-04-29","I","C","K6","nowy","nie","nie"
"2025-04-29","II","A","K1","stary","nie","nie"
"2025-04-29","II","A","K2","nowy","nie","nie"
"2025-04-29","II","B","K3","stary","nie","nie"
"2025-04-29","II","B","K4","nowy","nie","nie"
"2025-04-29","II","C","K5","stary","nie","tak"
"2025-04-29","II","C","K6","nowy","nie","nie"
"2025-04-29","III","A","K1","stary","nie","nie"
"2025-04-29","III","A","K2","nowy","nie","nie"
"2025-04-29","III","B","K3","stary","nie","nie"
"2025-04-29","III","B","K4","nowy","nie","nie"
"2025-04-29","III","C","K5","stary","nie","nie"
"2025-04-29","III","C","K6","nowy","nie","nie"
"2025-04-30","I","A","K1","stary","nie","nie"
"2025-04-30","I","A","K2","nowy","nie","nie"
"2025-04-30","I","B","K3","stary","nie","nie"
"2025-04-30","I","B","K4","nowy","nie","nie"
"2025-04-30","I","C","K5","stary","nie","nie"
"2025-04-30","I","C","K6","nowy","nie","nie"
"2025-04-30","II","A","K1","stary","nie","nie"
"2025-04-30","II","A","K2","nowy","nie","nie"
"2025-04-30","II","B","K3","stary","nie","nie"
"2025-04-30","II","B","K4","nowy","nie","nie"
"2025-04-30","II","C","K5","stary","nie","nie"
"2025-04-30","II","C","K6","nowy","nie","nie"
"2025-04-30","III","A","K1","stary","nie","nie"
"2025-04-30","III","A","K2","nowy","nie","nie"
"2025-04-30","III","B","K3","stary","nie","nie"
"2025-04-30","III","B","K4","nowy","nie","nie"
"2025-04-30","III","C","K5","stary","nie","nie"
"2025-04-30","III","C","K6","nowy","nie","nie"
"2025-05-01","I","A","K1","stary","nie","nie"
"2025-05-01","I","A","K2","nowy","nie","nie"
"2025-05-01","I","B","K3","stary","nie","nie"
"2025-05-01","I","B","K4","nowy","nie","nie"
"2025-05-01","I","C","K5","stary","nie","nie"
"2025-05-01","I","C","K6","nowy","tak","tak"
"2025-05-01","II","A","K1","stary","nie","nie"
"2025-05-01","II","A","K2","nowy","nie","nie"
"2025-05-01","II","B","K3","stary","nie","tak"
"2025-05-01","II","B","K4","nowy","nie","nie"
"2025-05-01","II","C","K5","stary","nie","nie"
"2025-05-01","II","C","K6","nowy","nie","nie"
"2025-05-01","III","A","K1","stary","nie","nie"
"2025-05-01","III","A","K2","nowy","nie","nie"
"2025-05-01","III","B","K3","stary","nie","nie"
"2025-05-01","III","B","K4","nowy","nie","nie"
"2025-05-01","III","C","K5","stary","nie","nie"
"2025-05-01","III","C","K6","nowy","nie","nie"
"2025-05-02","I","A","K1","stary","nie","nie"
"2025-05-02","I","A","K2","nowy","nie","nie"
"2025-05-02","I","B","K3","stary","nie","nie"
"2025-05-02","I","B","K4","nowy","nie","nie"
"2025-05-02","I","C","K5","stary","nie","nie"
"2025-05-02","I","C","K6","nowy","nie","nie"
"2025-05-02","II","A","K1","stary","nie","nie"
"2025-05-02","II","A","K2","nowy","nie","nie"
"2025-05-02","II","B","K3","stary","nie","nie"
"2025-05-02","II","B","K4","nowy","nie","nie"
"2025-05-02","II","C","K5","stary","nie","nie"
"2025-05-02","II","C","K6","nowy","nie","nie"
"2025-05-02","III","A","K1","stary","nie","nie"
"2025-05-02","III","A","K2","nowy","nie","nie"
"2025-05-02","III","B","K3","stary","nie","nie"
"2025-05-02","III","B","K4","nowy","nie","nie"
"2025-05-02","III","C","K5","stary","nie","nie"
"2025-05-02","III","C","K6","nowy","nie","nie"
"2025-05-03","I","A","K1","stary","nie","nie"
"2025-05-03","I","A","K2","nowy","nie","nie"
"2025-05-03","I","B","K3","stary","nie","nie"
"2025-05-03","I","B","K4","nowy","nie","nie"
"2025-05-03","I","C","K5","stary","nie","tak"
"2025-05-03","I","C","K6","nowy","nie","nie"
"2025-05-03","II","A","K1","stary","nie","nie"
"2025-05-03","II","A","K2","nowy","nie","nie"
"2025-05-03","II","B","K3","stary","nie","nie"
"2025-05-03","II","B","K4","nowy","nie","nie"
"2025-05-03","II","C","K5","stary","nie","tak"
"2025-05-03","II","C","K6","nowy","nie","nie"
"2025-05-03","III","A","K1","stary","nie","nie"
"2025-05-03","III","A","K2","nowy","nie","nie"
"2025-05-03","III","B","K3","stary","nie","nie"
"2025-05-03","III","B","K4","nowy","nie","nie"
"2025-05-03","III","C","K5","stary","nie","nie"
"2025-05-03","III","C","K6","nowy","nie","nie"
"2025-05-04","I","A","K1","stary","nie","nie"
"2025-05-04","I","A","K2","nowy","nie","nie"
"2025-05-04","I","B","K3","stary","nie","nie"
"2025-05-04","I","B","K4","nowy","nie","nie"
"2025-05-04","I","C","K5","stary","nie","nie"
"2025-05-04","I","C","K6","nowy","nie","nie"
"2025-05-04","II","A","K1","stary","nie","tak"
"2025-05-04","II","A","K2","nowy","nie","nie"
"2025-05-04","II","B","K3","stary","nie","nie"
"2025-05-04","II","B","K4","nowy","nie","nie"
"2025-05-04","II","C","K5","stary","nie","nie"
"2025-05-04","II","C","K6","nowy","nie","nie"
"2025-05-04","III","A","K1","stary","nie","nie"
"2025-05-04","III","A","K2","nowy","nie","nie"
"2025-05-04","III","B","K3","stary","nie","nie"
"2025-05-04","III","B","K4","nowy","nie","nie"
"2025-05-04","III","C","K5","stary","nie","nie"
"2025-05-04","III","C","K6","nowy","nie","nie"
"2025-05-05","I","A","K1","stary","nie","nie"
"2025-05-05","I","A","K2","nowy","nie","nie"
"2025-05-05","I","B","K3","stary","nie","nie"
"2025-05-05","I","B","K4","nowy","nie","nie"
"2025-05-05","I","C","K5","stary","nie","nie"
"2025-05-05","I","C","K6","nowy","nie","nie"
"2025-05-05","II","A","K1","stary","nie","nie"
"2025-05-05","II","A","K2","nowy","nie","nie"
"2025-05-05","II","B","K3","stary","nie","tak"
"2025-05-05","II","B","K4","nowy","nie","nie"
"2025-05-05","II","C","K5","stary","nie","nie"
"2025-05-05","II","C","K6","nowy","nie","nie"
"2025-05-05","III","A","K1","stary","nie","nie"
"2025-05-05","III","A","K2","nowy","nie","nie"
"2025-05-05","III","B","K3","stary","nie","nie"
"2025-05-05","III","B","K4","nowy","nie","nie"
"2025-05-05","III","C","K5","stary","nie","nie"
"2025-05-05","III","C","K6","nowy","nie","nie"
"2025-05-06","I","A","K1","stary","nie","nie"
"2025-05-06","I","A","K2","nowy","nie","nie"
"2025-05-06","I","B","K3","stary","nie","nie"
"2025-05-06","I","B","K4","nowy","nie","nie"
"2025-05-06","I","C","K5","stary","tak","tak"
"2025-05-06","I","C","K6","nowy","nie","nie"
"2025-05-06","II","A","K1","stary","nie","nie"
"2025-05-06","II","A","K2","nowy","nie","nie"
"2025-05-06","II","B","K3","stary","nie","nie"
"2025-05-06","II","B","K4","nowy","nie","nie"
"2025-05-06","II","C","K5","stary","nie","nie"
"2025-05-06","II","C","K6","nowy","nie","nie"
"2025-05-06","III","A","K1","stary","nie","nie"
"2025-05-06","III","A","K2","nowy","nie","nie"
"2025-05-06","III","B","K3","stary","nie","nie"
"2025-05-06","III","B","K4","nowy","nie","nie"
"2025-05-06","III","C","K5","stary","nie","tak"
"2025-05-06","III","C","K6","nowy","nie","nie"
"2025-05-07","I","A","K1","stary","nie","nie"
"2025-05-07","I","A","K2","nowy","nie","nie"
"2025-05-07","I","B","K3","stary","nie","nie"
"2025-05-07","I","B","K4","nowy","nie","nie"
"2025-05-07","I","C","K5","stary","nie","tak"
"2025-05-07","I","C","K6","nowy","nie","nie"
"2025-05-07","II","A","K1","stary","nie","nie"
"2025-05-07","II","A","K2","nowy","nie","nie"
"2025-05-07","II","B","K3","stary","nie","nie"
"2025-05-07","II","B","K4","nowy","nie","nie"
"2025-05-07","II","C","K5","stary","nie","nie"
"2025-05-07","II","C","K6","nowy","nie","nie"
"2025-05-07","III","A","K1","stary","nie","nie"
"2025-05-07","III","A","K2","nowy","nie","nie"
"2025-05-07","III","B","K3","stary","nie","nie"
"2025-05-07","III","B","K4","nowy","nie","nie"
"2025-05-07","III","C","K5","stary","nie","nie"
"2025-05-07","III","C","K6","nowy","nie","nie"
"2025-05-08","I","A","K1","stary","nie","nie"
"2025-05-08","I","A","K2","nowy","nie","nie"
"2025-05-08","I","B","K3","stary","nie","nie"
"2025-05-08","I","B","K4","nowy","nie","nie"
"2025-05-08","I","C","K5","stary","nie","nie"
"2025-05-08","I","C","K6","nowy","nie","nie"
"2025-05-08","II","A","K1","stary","nie","nie"
"2025-05-08","II","A","K2","nowy","nie","nie"
"2025-05-08","II","B","K3","stary","nie","nie"
"2025-05-08","II","B","K4","nowy","nie","nie"
"2025-05-08","II","C","K5","stary","nie","nie"
"2025-05-08","II","C","K6","nowy","nie","nie"
"2025-05-08","III","A","K1","stary","nie","nie"
"2025-05-08","III","A","K2","nowy","nie","nie"
"2025-05-08","III","B","K3","stary","nie","nie"
"2025-05-08","III","B","K4","nowy","nie","nie"
"2025-05-08","III","C","K5","stary","nie","nie"
"2025-05-08","III","C","K6","nowy","nie","nie"
"2025-05-09","I","A","K1","stary","nie","nie"
"2025-05-09","I","A","K2","nowy","nie","nie"
"2025-05-09","I","B","K3","stary","nie","nie"
"2025-05-09","I","B","K4","nowy","nie","nie"
"2025-05-09","I","C","K5","stary","nie","tak"
"2025-05-09","I","C","K6","nowy","nie","nie"
"2025-05-09","II","A","K1","stary","nie","nie"
"2025-05-09","II","A","K2","nowy","nie","nie"
"2025-05-09","II","B","K3","stary","nie","nie"
"2025-05-09","II","B","K4","nowy","nie","nie"
"2025-05-09","II","C","K5","stary","nie","nie"
"2025-05-09","II","C","K6","nowy","nie","nie"
"2025-05-09","III","A","K1","stary","nie","nie"
"2025-05-09","III","A","K2","nowy","nie","nie"
"2025-05-09","III","B","K3","stary","nie","nie"
"2025-05-09","III","B","K4","nowy","nie","nie"
"2025-05-09","III","C","K5","stary","nie","nie"
"2025-05-09","III","C","K6","nowy","nie","nie"
"2025-05-10","I","A","K1","stary","nie","nie"
"2025-05-10","I","A","K2","nowy","nie","nie"
"2025-05-10","I","B","K3","stary","nie","nie"
"2025-05-10","I","B","K4","nowy","nie","nie"
"2025-05-10","I","C","K5","stary","nie","nie"
"2025-05-10","I","C","K6","nowy","nie","nie"
"2025-05-10","II","A","K1","stary","nie","nie"
"2025-05-10","II","A","K2","nowy","nie","nie"
"2025-05-10","II","B","K3","stary","nie","nie"
"2025-05-10","II","B","K4","nowy","nie","nie"
"2025-05-10","II","C","K5","stary","nie","tak"
"2025-05-10","II","C","K6","nowy","nie","nie"
"2025-05-10","III","A","K1","stary","nie","nie"
"2025-05-10","III","A","K2","nowy","nie","nie"
"2025-05-10","III","B","K3","stary","nie","nie"
"2025-05-10","III","B","K4","nowy","nie","nie"
"2025-05-10","III","C","K5","stary","nie","nie"
"2025-05-10","III","C","K6","nowy","nie","nie"
"2025-05-11","I","A","K1","stary","nie","nie"
"2025-05-11","I","A","K2","nowy","nie","nie"
"2025-05-11","I","B","K3","stary","nie","tak"
"2025-05-11","I","B","K4","nowy","nie","nie"
"2025-05-11","I","C","K5","stary","nie","nie"
"2025-05-11","I","C","K6","nowy","nie","nie"
"2025-05-11","II","A","K1","stary","nie","nie"
"2025-05-11","II","A","K2","nowy","nie","nie"
"2025-05-11","II","B","K3","stary","nie","nie"
"2025-05-11","II","B","K4","nowy","nie","nie"
"2025-05-11","II","C","K5","stary","nie","nie"
"2025-05-11","II","C","K6","nowy","nie","nie"
"2025-05-11","III","A","K1","stary","nie","nie"
"2025-05-11","III","A","K2","nowy","nie","nie"
"2025-05-11","III","B","K3","stary","nie","nie"
"2025-05-11","III","B","K4","nowy","nie","nie"
"2025-05-11","III","C","K5","stary","nie","nie"
"2025-05-11","III","C","K6","nowy","nie","nie"
"2025-05-12","I","A","K1","stary","nie","nie"
"2025-05-12","I","A","K2","nowy","nie","nie"
"2025-05-12","I","B","K3","stary","nie","nie"
"2025-05-12","I","B","K4","nowy","nie","nie"
"2025-05-12","I","C","K5","stary","nie","nie"
"2025-05-12","I","C","K6","nowy","nie","nie"
"2025-05-12","II","A","K1","stary","nie","nie"
"2025-05-12","II","A","K2","nowy","nie","nie"
"2025-05-12","II","B","K3","stary","nie","nie"
"2025-05-12","II","B","K4","nowy","nie","nie"
"2025-05-12","II","C","K5","stary","nie","nie"
"2025-05-12","II","C","K6","nowy","tak","tak"
"2025-05-12","III","A","K1","stary","nie","nie"
"2025-05-12","III","A","K2","nowy","nie","nie"
"2025-05-12","III","B","K3","stary","nie","nie"
"2025-05-12","III","B","K4","nowy","nie","nie"
"2025-05-12","III","C","K5","stary","nie","nie"
"2025-05-12","III","C","K6","nowy","nie","nie"
"2025-05-13","I","A","K1","stary","nie","nie"
"2025-05-13","I","A","K2","nowy","nie","nie"
"2025-05-13","I","B","K3","stary","nie","nie"
"2025-05-13","I","B","K4","nowy","nie","nie"
"2025-05-13","I","C","K5","stary","nie","nie"
"2025-05-13","I","C","K6","nowy","nie","nie"
"2025-05-13","II","A","K1","stary","nie","nie"
"2025-05-13","II","A","K2","nowy","nie","nie"
"2025-05-13","II","B","K3","stary","nie","nie"
"2025-05-13","II","B","K4","nowy","nie","nie"
"2025-05-13","II","C","K5","stary","nie","nie"
"2025-05-13","II","C","K6","nowy","nie","nie"
"2025-05-13","III","A","K1","stary","nie","nie"
"2025-05-13","III","A","K2","nowy","nie","nie"
"2025-05-13","III","B","K3","stary","nie","nie"
"2025-05-13","III","B","K4","nowy","nie","nie"
"2025-05-13","III","C","K5","stary","nie","nie"
"2025-05-13","III","C","K6","nowy","nie","nie"
"2025-05-14","I","A","K1","stary","nie","nie"
"2025-05-14","I","A","K2","nowy","nie","nie"
"2025-05-14","I","B","K3","stary","nie","nie"
"2025-05-14","I","B","K4","nowy","nie","nie"
"2025-05-14","I","C","K5","stary","nie","nie"
"2025-05-14","I","C","K6","nowy","nie","nie"
"2025-05-14","II","A","K1","stary","nie","nie"
"2025-05-14","II","A","K2","nowy","tak","tak"
"2025-05-14","II","B","K3","stary","nie","nie"
"2025-05-14","II","B","K4","nowy","nie","nie"
"2025-05-14","II","C","K5","stary","nie","nie"
"2025-05-14","II","C","K6","nowy","nie","nie"
"2025-05-14","III","A","K1","stary","nie","nie"
"2025-05-14","III","A","K2","nowy","nie","nie"
"2025-05-14","III","B","K3","stary","nie","nie"
"2025-05-14","III","B","K4","nowy","nie","nie"
"2025-05-14","III","C","K5","stary","nie","nie"
"2025-05-14","III","C","K6","nowy","nie","nie"
"2025-05-15","I","A","K1","stary","nie","nie"
"2025-05-15","I","A","K2","nowy","nie","nie"
"2025-05-15","I","B","K3","stary","nie","nie"
"2025-05-15","I","B","K4","nowy","nie","nie"
"2025-05-15","I","C","K5","stary","nie","nie"
"2025-05-15","I","C","K6","nowy","nie","tak"
"2025-05-15","II","A","K1","stary","nie","tak"
"2025-05-15","II","A","K2","nowy","nie","nie"
"2025-05-15","II","B","K3","stary","nie","nie"
"2025-05-15","II","B","K4","nowy","nie","tak"
"2025-05-15","II","C","K5","stary","nie","nie"
"2025-05-15","II","C","K6","nowy","nie","nie"
"2025-05-15","III","A","K1","stary","nie","nie"
"2025-05-15","III","A","K2","nowy","nie","nie"
"2025-05-15","III","B","K3","stary","nie","nie"
"2025-05-15","III","B","K4","nowy","tak","tak"
"2025-05-15","III","C","K5","stary","nie","nie"
"2025-05-15","III","C","K6","nowy","nie","nie"
"2025-05-16","I","A","K1","stary","tak","tak"
"2025-05-16","I","A","K2","nowy","nie","nie"
"2025-05-16","I","B","K3","stary","nie","nie"
"2025-05-16","I","B","K4","nowy","nie","nie"
"2025-05-16","I","C","K5","stary","nie","nie"
"2025-05-16","I","C","K6","nowy","nie","nie"
"2025-05-16","II","A","K1","stary","nie","nie"
"2025-05-16","II","A","K2","nowy","nie","nie"
"2025-05-16","II","B","K3","stary","nie","nie"
"2025-05-16","II","B","K4","nowy","nie","nie"
"2025-05-16","II","C","K5","stary","nie","nie"
"2025-05-16","II","C","K6","nowy","nie","nie"
"2025-05-16","III","A","K1","stary","nie","nie"
"2025-05-16","III","A","K2","nowy","nie","nie"
"2025-05-16","III","B","K3","stary","nie","nie"
"2025-05-16","III","B","K4","nowy","nie","nie"
"2025-05-16","III","C","K5","stary","nie","nie"
"2025-05-16","III","C","K6","nowy","nie","nie"
"2025-05-17","I","A","K1","stary","nie","nie"
"2025-05-17","I","A","K2","nowy","nie","nie"
"2025-05-17","I","B","K3","stary","nie","nie"
"2025-05-17","I","B","K4","nowy","nie","nie"
"2025-05-17","I","C","K5","stary","nie","nie"
"2025-05-17","I","C","K6","nowy","nie","nie"
"2025-05-17","II","A","K1","stary","nie","nie"
"2025-05-17","II","A","K2","nowy","nie","nie"
"2025-05-17","II","B","K3","stary","nie","nie"
"2025-05-17","II","B","K4","nowy","nie","nie"
"2025-05-17","II","C","K5","stary","nie","nie"
"2025-05-17","II","C","K6","nowy","nie","nie"
"2025-05-17","III","A","K1","stary","nie","nie"
"2025-05-17","III","A","K2","nowy","nie","nie"
"2025-05-17","III","B","K3","stary","nie","nie"
"2025-05-17","III","B","K4","nowy","nie","nie"
"2025-05-17","III","C","K5","stary","nie","nie"
"2025-05-17","III","C","K6","nowy","nie","nie"
"2025-05-18","I","A","K1","stary","nie","nie"
"2025-05-18","I","A","K2","nowy","nie","nie"
"2025-05-18","I","B","K3","stary","nie","nie"
"2025-05-18","I","B","K4","nowy","nie","nie"
"2025-05-18","I","C","K5","stary","nie","nie"
"2025-05-18","I","C","K6","nowy","nie","nie"
"2025-05-18","II","A","K1","stary","nie","nie"
"2025-05-18","II","A","K2","nowy","nie","nie"
"2025-05-18","II","B","K3","stary","nie","nie"
"2025-05-18","II","B","K4","nowy","nie","nie"
"2025-05-18","II","C","K5","stary","nie","nie"
"2025-05-18","II","C","K6","nowy","nie","nie"
"2025-05-18","III","A","K1","stary","nie","nie"
"2025-05-18","III","A","K2","nowy","nie","nie"
"2025-05-18","III","B","K3","stary","nie","nie"
"2025-05-18","III","B","K4","nowy","nie","nie"
"2025-05-18","III","C","K5","stary","nie","nie"
"2025-05-18","III","C","K6","nowy","nie","nie"
"2025-05-19","I","A","K1","stary","nie","nie"
"2025-05-19","I","A","K2","nowy","nie","nie"
"2025-05-19","I","B","K3","stary","nie","nie"
"2025-05-19","I","B","K4","nowy","nie","nie"
"2025-05-19","I","C","K5","stary","nie","nie"
"2025-05-19","I","C","K6","nowy","nie","nie"
"2025-05-19","II","A","K1","stary","nie","nie"
"2025-05-19","II","A","K2","nowy","nie","nie"
"2025-05-19","II","B","K3","stary","nie","nie"
"2025-05-19","II","B","K4","nowy","nie","nie"
"2025-05-19","II","C","K5","stary","nie","nie"
"2025-05-19","II","C","K6","nowy","nie","nie"
"2025-05-19","III","A","K1","stary","nie","nie"
"2025-05-19","III","A","K2","nowy","nie","nie"
"2025-05-19","III","B","K3","stary","nie","nie"
"2025-05-19","III","B","K4","nowy","nie","nie"
"2025-05-19","III","C","K5","stary","nie","tak"
"2025-05-19","III","C","K6","nowy","nie","nie"
"2025-05-20","I","A","K1","stary","nie","nie"
"2025-05-20","I","A","K2","nowy","nie","nie"
"2025-05-20","I","B","K3","stary","nie","nie"
"2025-05-20","I","B","K4","nowy","nie","nie"
"2025-05-20","I","C","K5","stary","nie","nie"
"2025-05-20","I","C","K6","nowy","nie","nie"
"2025-05-20","II","A","K1","stary","nie","nie"
"2025-05-20","II","A","K2","nowy","nie","nie"
"2025-05-20","II","B","K3","stary","nie","nie"
"2025-05-20","II","B","K4","nowy","nie","nie"
"2025-05-20","II","C","K5","stary","nie","nie"
"2025-05-20","II","C","K6","nowy","nie","nie"
"2025-05-20","III","A","K1","stary","nie","tak"
"2025-05-20","III","A","K2","nowy","nie","nie"
"2025-05-20","III","B","K3","stary","nie","nie"
"2025-05-20","III","B","K4","nowy","nie","nie"
"2025-05-20","III","C","K5","stary","nie","nie"
"2025-05-20","III","C","K6","nowy","nie","nie"
"2025-05-21","I","A","K1","stary","nie","nie"
"2025-05-21","I","A","K2","nowy","nie","nie"
"2025-05-21","I","B","K3","stary","nie","nie"
"2025-05-21","I","B","K4","nowy","nie","nie"
"2025-05-21","I","C","K5","stary","nie","nie"
"2025-05-21","I","C","K6","nowy","nie","nie"
"2025-05-21","II","A","K1","stary","nie","nie"
"2025-05-21","II","A","K2","nowy","nie","nie"
"2025-05-21","II","B","K3","stary","nie","nie"
"2025-05-21","II","B","K4","nowy","nie","nie"
"2025-05-21","II","C","K5","stary","nie","nie"
"2025-05-21","II","C","K6","nowy","nie","nie"
"2025-05-21","III","A","K1","stary","nie","nie"
"2025-05-21","III","A","K2","nowy","nie","nie"
"2025-05-21","III","B","K3","stary","nie","nie"
"2025-05-21","III","B","K4","nowy","nie","nie"
"2025-05-21","III","C","K5","stary","nie","nie"
"2025-05-21","III","C","K6","nowy","nie","nie"
"2025-05-22","I","A","K1","stary","nie","nie"
"2025-05-22","I","A","K2","nowy","nie","nie"
"2025-05-22","I","B","K3","stary","nie","nie"
"2025-05-22","I","B","K4","nowy","nie","nie"
"2025-05-22","I","C","K5","stary","nie","nie"
"2025-05-22","I","C","K6","nowy","nie","nie"
"2025-05-22","II","A","K1","stary","nie","nie"
"2025-05-22","II","A","K2","nowy","nie","nie"
"2025-05-22","II","B","K3","stary","nie","nie"
"2025-05-22","II","B","K4","nowy","nie","nie"
"2025-05-22","II","C","K5","stary","nie","nie"
"2025-05-22","II","C","K6","nowy","nie","nie"
"2025-05-22","III","A","K1","stary","nie","nie"
"2025-05-22","III","A","K2","nowy","nie","nie"
"2025-05-22","III","B","K3","stary","nie","nie"
"2025-05-22","III","B","K4","nowy","nie","nie"
"2025-05-22","III","C","K5","stary","nie","nie"
"2025-05-22","III","C","K6","nowy","nie","nie"
"2025-05-23","I","A","K1","stary","nie","nie"
"2025-05-23","I","A","K2","nowy","nie","nie"
"2025-05-23","I","B","K3","stary","nie","nie"
"2025-05-23","I","B","K4","nowy","nie","nie"
"2025-05-23","I","C","K5","stary","nie","nie"
"2025-05-23","I","C","K6","nowy","nie","nie"
"2025-05-23","II","A","K1","stary","nie","nie"
"2025-05-23","II","A","K2","nowy","nie","nie"
"2025-05-23","II","B","K3","stary","nie","nie"
"2025-05-23","II","B","K4","nowy","nie","nie"
"2025-05-23","II","C","K5","stary","nie","nie"
"2025-05-23","II","C","K6","nowy","nie","nie"
"2025-05-23","III","A","K1","stary","nie","nie"
"2025-05-23","III","A","K2","nowy","nie","nie"
"2025-05-23","III","B","K3","stary","nie","nie"
"2025-05-23","III","B","K4","nowy","nie","nie"
"2025-05-23","III","C","K5","stary","nie","nie"
"2025-05-23","III","C","K6","nowy","tak","tak"
"2025-05-24","I","A","K1","stary","nie","nie"
"2025-05-24","I","A","K2","nowy","nie","nie"
"2025-05-24","I","B","K3","stary","nie","nie"
"2025-05-24","I","B","K4","nowy","nie","nie"
"2025-05-24","I","C","K5","stary","nie","nie"
"2025-05-24","I","C","K6","nowy","nie","nie"
"2025-05-24","II","A","K1","stary","nie","nie"
"2025-05-24","II","A","K2","nowy","nie","nie"
"2025-05-24","II","B","K3","stary","nie","nie"
"2025-05-24","II","B","K4","nowy","nie","nie"
"2025-05-24","II","C","K5","stary","nie","nie"
"2025-05-24","II","C","K6","nowy","nie","nie"
"2025-05-24","III","A","K1","stary","nie","tak"
"2025-05-24","III","A","K2","nowy","nie","nie"
"2025-05-24","III","B","K3","stary","nie","nie"
"2025-05-24","III","B","K4","nowy","nie","nie"
"2025-05-24","III","C","K5","stary","nie","nie"
"2025-05-24","III","C","K6","nowy","nie","nie"
"2025-05-25","I","A","K1","stary","nie","tak"
"2025-05-25","I","A","K2","nowy","nie","nie"
"2025-05-25","I","B","K3","stary","nie","nie"
"2025-05-25","I","B","K4","nowy","nie","nie"
"2025-05-25","I","C","K5","stary","nie","nie"
"2025-05-25","I","C","K6","nowy","nie","nie"
"2025-05-25","II","A","K1","stary","nie","nie"
"2025-05-25","II","A","K2","nowy","nie","nie"
"2025-05-25","II","B","K3","stary","nie","nie"
"2025-05-25","II","B","K4","nowy","nie","nie"
"2025-05-25","II","C","K5","stary","nie","nie"
"2025-05-25","II","C","K6","nowy","nie","nie"
"2025-05-25","III","A","K1","stary","nie","nie"
"2025-05-25","III","A","K2","nowy","nie","nie"
"2025-05-25","III","B","K3","stary","nie","nie"
"2025-05-25","III","B","K4","nowy","nie","nie"
"2025-05-25","III","C","K5","stary","nie","nie"
"2025-05-25","III","C","K6","nowy","nie","nie"
"2025-05-26","I","A","K1","stary","nie","nie"
"2025-05-26","I","A","K2","nowy","nie","nie"
"2025-05-26","I","B","K3","stary","nie","nie"
"2025-05-26","I","B","K4","nowy","nie","nie"
"2025-05-26","I","C","K5","stary","nie","nie"
"2025-05-26","I","C","K6","nowy","tak","tak"
"2025-05-26","II","A","K1","stary","nie","nie"
"2025-05-26","II","A","K2","nowy","nie","nie"
"2025-05-26","II","B","K3","stary","nie","nie"
"2025-05-26","II","B","K4","nowy","nie","nie"
"2025-05-26","II","C","K5","stary","nie","nie"
"2025-05-26","II","C","K6","nowy","nie","nie"
"2025-05-26","III","A","K1","stary","nie","nie"
"2025-05-26","III","A","K2","nowy","nie","nie"
"2025-05-26","III","B","K3","stary","nie","nie"
"2025-05-26","III","B","K4","nowy","nie","nie"
"2025-05-26","III","C","K5","stary","nie","nie"
"2025-05-26","III","C","K6","nowy","nie","nie"
"2025-05-27","I","A","K1","stary","nie","nie"
"2025-05-27","I","A","K2","nowy","nie","nie"
"2025-05-27","I","B","K3","stary","nie","nie"
"2025-05-27","I","B","K4","nowy","nie","nie"
"2025-05-27","I","C","K5","stary","nie","nie"
"2025-05-27","I","C","K6","nowy","nie","nie"
"2025-05-27","II","A","K1","stary","nie","nie"
"2025-05-27","II","A","K2","nowy","nie","nie"
"2025-05-27","II","B","K3","stary","nie","nie"
"2025-05-27","II","B","K4","nowy","nie","nie"
"2025-05-27","II","C","K5","stary","nie","nie"
"2025-05-27","II","C","K6","nowy","nie","nie"
"2025-05-27","III","A","K1","stary","nie","nie"
"2025-05-27","III","A","K2","nowy","nie","nie"
"2025-05-27","III","B","K3","stary","nie","tak"
"2025-05-27","III","B","K4","nowy","nie","nie"
"2025-05-27","III","C","K5","stary","nie","nie"
"2025-05-27","III","C","K6","nowy","nie","nie"
"2025-05-28","I","A","K1","stary","nie","nie"
"2025-05-28","I","A","K2","nowy","nie","nie"
"2025-05-28","I","B","K3","stary","nie","nie"
"2025-05-28","I","B","K4","nowy","nie","nie"
"2025-05-28","I","C","K5","stary","nie","tak"
"2025-05-28","I","C","K6","nowy","nie","nie"
"2025-05-28","II","A","K1","stary","nie","nie"
"2025-05-28","II","A","K2","nowy","nie","nie"
"2025-05-28","II","B","K3","stary","nie","nie"
"2025-05-28","II","B","K4","nowy","nie","nie"
"2025-05-28","II","C","K5","stary","nie","nie"
"2025-05-28","II","C","K6","nowy","nie","nie"
"2025-05-28","III","A","K1","stary","nie","nie"
"2025-05-28","III","A","K2","nowy","nie","nie"
"2025-05-28","III","B","K3","stary","nie","nie"
"2025-05-28","III","B","K4","nowy","nie","nie"
"2025-05-28","III","C","K5","stary","nie","nie"
"2025-05-28","III","C","K6","nowy","nie","nie"
"2025-05-29","I","A","K1","stary","nie","nie"
"2025-05-29","I","A","K2","nowy","nie","nie"
"2025-05-29","I","B","K3","stary","nie","nie"
"2025-05-29","I","B","K4","nowy","nie","nie"
"2025-05-29","I","C","K5","stary","nie","nie"
"2025-05-29","I","C","K6","nowy","nie","nie"
"2025-05-29","II","A","K1","stary","nie","nie"
"2025-05-29","II","A","K2","nowy","nie","nie"
"2025-05-29","II","B","K3","stary","nie","nie"
"2025-05-29","II","B","K4","nowy","nie","nie"
"2025-05-29","II","C","K5","stary","nie","nie"
"2025-05-29","II","C","K6","nowy","nie","nie"
"2025-05-29","III","A","K1","stary","nie","nie"
"2025-05-29","III","A","K2","nowy","nie","nie"
"2025-05-29","III","B","K3","stary","nie","nie"
"2025-05-29","III","B","K4","nowy","nie","nie"
"2025-05-29","III","C","K5","stary","nie","nie"
"2025-05-29","III","C","K6","nowy","nie","nie"
"2025-05-30","I","A","K1","stary","nie","nie"
"2025-05-30","I","A","K2","nowy","nie","nie"
"2025-05-30","I","B","K3","stary","nie","nie"
"2025-05-30","I","B","K4","nowy","nie","nie"
"2025-05-30","I","C","K5","stary","nie","nie"
"2025-05-30","I","C","K6","nowy","nie","nie"
"2025-05-30","II","A","K1","stary","nie","nie"
"2025-05-30","II","A","K2","nowy","nie","nie"
"2025-05-30","II","B","K3","stary","nie","nie"
"2025-05-30","II","B","K4","nowy","nie","nie"
"2025-05-30","II","C","K5","stary","nie","nie"
"2025-05-30","II","C","K6","nowy","nie","nie"
"2025-05-30","III","A","K1","stary","nie","nie"
"2025-05-30","III","A","K2","nowy","nie","nie"
"2025-05-30","III","B","K3","stary","nie","nie"
"2025-05-30","III","B","K4","nowy","nie","nie"
"2025-05-30","III","C","K5","stary","tak","tak"
"2025-05-30","III","C","K6","nowy","nie","nie"
"2025-05-31","I","A","K1","stary","nie","nie"
"2025-05-31","I","A","K2","nowy","nie","nie"
"2025-05-31","I","B","K3","stary","nie","nie"
"2025-05-31","I","B","K4","nowy","nie","nie"
"2025-05-31","I","C","K5","stary","nie","nie"
"2025-05-31","I","C","K6","nowy","nie","nie"
"2025-05-31","II","A","K1","stary","nie","nie"
"2025-05-31","II","A","K2","nowy","nie","nie"
"2025-05-31","II","B","K3","stary","nie","nie"
"2025-05-31","II","B","K4","nowy","nie","nie"
"2025-05-31","II","C","K5","stary","nie","tak"
"2025-05-31","II","C","K6","nowy","nie","nie"
"2025-05-31","III","A","K1","stary","nie","nie"
"2025-05-31","III","A","K2","nowy","nie","nie"
"2025-05-31","III","B","K3","stary","nie","nie"
"2025-05-31","III","B","K4","nowy","nie","nie"
"2025-05-31","III","C","K5","stary","nie","nie"
"2025-05-31","III","C","K6","nowy","nie","nie"
"2025-06-01","I","A","K1","stary","nie","nie"
"2025-06-01","I","A","K2","nowy","nie","nie"
"2025-06-01","I","B","K3","stary","nie","nie"
"2025-06-01","I","B","K4","nowy","nie","nie"
"2025-06-01","I","C","K5","stary","nie","nie"
"2025-06-01","I","C","K6","nowy","nie","nie"
"2025-06-01","II","A","K1","stary","nie","nie"
"2025-06-01","II","A","K2","nowy","nie","nie"
"2025-06-01","II","B","K3","stary","nie","nie"
"2025-06-01","II","B","K4","nowy","nie","nie"
"2025-06-01","II","C","K5","stary","nie","nie"
"2025-06-01","II","C","K6","nowy","nie","nie"
"2025-06-01","III","A","K1","stary","nie","nie"
"2025-06-01","III","A","K2","nowy","nie","nie"
"2025-06-01","III","B","K3","stary","nie","nie"
"2025-06-01","III","B","K4","nowy","nie","nie"
"2025-06-01","III","C","K5","stary","nie","nie"
"2025-06-01","III","C","K6","nowy","nie","nie"
"2025-06-02","I","A","K1","stary","nie","nie"
"2025-06-02","I","A","K2","nowy","nie","nie"
"2025-06-02","I","B","K3","stary","nie","tak"
"2025-06-02","I","B","K4","nowy","nie","nie"
"2025-06-02","I","C","K5","stary","nie","nie"
"2025-06-02","I","C","K6","nowy","nie","nie"
"2025-06-02","II","A","K1","stary","nie","nie"
"2025-06-02","II","A","K2","nowy","nie","nie"
"2025-06-02","II","B","K3","stary","nie","nie"
"2025-06-02","II","B","K4","nowy","nie","nie"
"2025-06-02","II","C","K5","stary","nie","nie"
"2025-06-02","II","C","K6","nowy","nie","nie"
"2025-06-02","III","A","K1","stary","nie","nie"
"2025-06-02","III","A","K2","nowy","nie","nie"
"2025-06-02","III","B","K3","stary","nie","nie"
"2025-06-02","III","B","K4","nowy","nie","nie"
"2025-06-02","III","C","K5","stary","nie","nie"
"2025-06-02","III","C","K6","nowy","nie","nie"
"2025-06-03","I","A","K1","stary","nie","nie"
"2025-06-03","I","A","K2","nowy","nie","nie"
"2025-06-03","I","B","K3","stary","nie","nie"
"2025-06-03","I","B","K4","nowy","nie","nie"
"2025-06-03","I","C","K5","stary","nie","nie"
"2025-06-03","I","C","K6","nowy","nie","nie"
"2025-06-03","II","A","K1","stary","nie","nie"
"2025-06-03","II","A","K2","nowy","nie","nie"
"2025-06-03","II","B","K3","stary","nie","nie"
"2025-06-03","II","B","K4","nowy","nie","nie"
"2025-06-03","II","C","K5","stary","nie","nie"
"2025-06-03","II","C","K6","nowy","nie","nie"
"2025-06-03","III","A","K1","stary","nie","nie"
"2025-06-03","III","A","K2","nowy","nie","nie"
"2025-06-03","III","B","K3","stary","nie","nie"
"2025-06-03","III","B","K4","nowy","nie","nie"
"2025-06-03","III","C","K5","stary","nie","nie"
"2025-06-03","III","C","K6","nowy","nie","nie"
"2025-06-04","I","A","K1","stary","nie","nie"
"2025-06-04","I","A","K2","nowy","nie","nie"
"2025-06-04","I","B","K3","stary","nie","nie"
"2025-06-04","I","B","K4","nowy","nie","nie"
"2025-06-04","I","C","K5","stary","nie","nie"
"2025-06-04","I","C","K6","nowy","nie","nie"
"2025-06-04","II","A","K1","stary","nie","nie"
"2025-06-04","II","A","K2","nowy","nie","nie"
"2025-06-04","II","B","K3","stary","nie","tak"
"2025-06-04","II","B","K4","nowy","nie","nie"
"2025-06-04","II","C","K5","stary","nie","nie"
"2025-06-04","II","C","K6","nowy","nie","nie"
"2025-06-04","III","A","K1","stary","nie","nie"
"2025-06-04","III","A","K2","nowy","nie","nie"
"2025-06-04","III","B","K3","stary","nie","tak"
"2025-06-04","III","B","K4","nowy","nie","nie"
"2025-06-04","III","C","K5","stary","nie","nie"
"2025-06-04","III","C","K6","nowy","nie","nie"
"2025-06-05","I","A","K1","stary","nie","nie"
"2025-06-05","I","A","K2","nowy","nie","nie"
"2025-06-05","I","B","K3","stary","nie","nie"
"2025-06-05","I","B","K4","nowy","nie","nie"
"2025-06-05","I","C","K5","stary","nie","nie"
"2025-06-05","I","C","K6","nowy","tak","tak"
"2025-06-05","II","A","K1","stary","nie","nie"
"2025-06-05","II","A","K2","nowy","nie","nie"
"2025-06-05","II","B","K3","stary","nie","nie"
"2025-06-05","II","B","K4","nowy","nie","nie"
"2025-06-05","II","C","K5","stary","nie","nie"
"2025-06-05","II","C","K6","nowy","nie","nie"
"2025-06-05","III","A","K1","stary","nie","nie"
"2025-06-05","III","A","K2","nowy","nie","nie"
"2025-06-05","III","B","K3","stary","nie","nie"
"2025-06-05","III","B","K4","nowy","nie","nie"
"2025-06-05","III","C","K5","stary","nie","nie"
"2025-06-05","III","C","K6","nowy","nie","nie"
"2025-06-06","I","A","K1","stary","nie","nie"
"2025-06-06","I","A","K2","nowy","nie","nie"
"2025-06-06","I","B","K3","stary","nie","nie"
"2025-06-06","I","B","K4","nowy","nie","nie"
"2025-06-06","I","C","K5","stary","nie","nie"
"2025-06-06","I","C","K6","nowy","nie","nie"
"2025-06-06","II","A","K1","stary","nie","nie"
"2025-06-06","II","A","K2","nowy","nie","nie"
"2025-06-06","II","B","K3","stary","nie","nie"
"2025-06-06","II","B","K4","nowy","nie","nie"
"2025-06-06","II","C","K5","stary","nie","nie"
"2025-06-06","II","C","K6","nowy","nie","nie"
"2025-06-06","III","A","K1","stary","nie","nie"
"2025-06-06","III","A","K2","nowy","nie","nie"
"2025-06-06","III","B","K3","stary","nie","nie"
"2025-06-06","III","B","K4","nowy","nie","nie"
"2025-06-06","III","C","K5","stary","nie","nie"
"2025-06-06","III","C","K6","nowy","nie","nie"
"2025-06-07","I","A","K1","stary","nie","nie"
"2025-06-07","I","A","K2","nowy","nie","nie"
"2025-06-07","I","B","K3","stary","nie","nie"
"2025-06-07","I","B","K4","nowy","nie","nie"
"2025-06-07","I","C","K5","stary","nie","nie"
"2025-06-07","I","C","K6","nowy","nie","nie"
"2025-06-07","II","A","K1","stary","nie","nie"
"2025-06-07","II","A","K2","nowy","nie","nie"
"2025-06-07","II","B","K3","stary","nie","nie"
"2025-06-07","II","B","K4","nowy","nie","nie"
"2025-06-07","II","C","K5","stary","tak","tak"
"2025-06-07","II","C","K6","nowy","nie","nie"
"2025-06-07","III","A","K1","stary","nie","tak"
"2025-06-07","III","A","K2","nowy","nie","nie"
"2025-06-07","III","B","K3","stary","nie","nie"
"2025-06-07","III","B","K4","nowy","nie","nie"
"2025-06-07","III","C","K5","stary","nie","nie"
"2025-06-07","III","C","K6","nowy","nie","nie"
"2025-06-08","I","A","K1","stary","nie","nie"
"2025-06-08","I","A","K2","nowy","nie","nie"
"2025-06-08","I","B","K3","stary","nie","nie"
"2025-06-08","I","B","K4","nowy","nie","nie"
"2025-06-08","I","C","K5","stary","nie","nie"
"2025-06-08","I","C","K6","nowy","nie","nie"
"2025-06-08","II","A","K1","stary","nie","nie"
"2025-06-08","II","A","K2","nowy","nie","nie"
"2025-06-08","II","B","K3","stary","nie","nie"
"2025-06-08","II","B","K4","nowy","nie","nie"
"2025-06-08","II","C","K5","stary","nie","nie"
"2025-06-08","II","C","K6","nowy","nie","nie"
"2025-06-08","III","A","K1","stary","nie","nie"
"2025-06-08","III","A","K2","nowy","nie","tak"
"2025-06-08","III","B","K3","stary","nie","nie"
"2025-06-08","III","B","K4","nowy","nie","nie"
"2025-06-08","III","C","K5","stary","nie","nie"
"2025-06-08","III","C","K6","nowy","nie","nie"
"2025-06-09","I","A","K1","stary","nie","nie"
"2025-06-09","I","A","K2","nowy","nie","nie"
"2025-06-09","I","B","K3","stary","nie","nie"
"2025-06-09","I","B","K4","nowy","nie","nie"
"2025-06-09","I","C","K5","stary","nie","nie"
"2025-06-09","I","C","K6","nowy","nie","nie"
"2025-06-09","II","A","K1","stary","nie","nie"
"2025-06-09","II","A","K2","nowy","nie","nie"
"2025-06-09","II","B","K3","stary","nie","nie"
"2025-06-09","II","B","K4","nowy","nie","nie"
"2025-06-09","II","C","K5","stary","nie","nie"
"2025-06-09","II","C","K6","nowy","nie","nie"
"2025-06-09","III","A","K1","stary","nie","nie"
"2025-06-09","III","A","K2","nowy","nie","nie"
"2025-06-09","III","B","K3","stary","nie","nie"
"2025-06-09","III","B","K4","nowy","nie","nie"
"2025-06-09","III","C","K5","stary","nie","nie"
"2025-06-09","III","C","K6","nowy","nie","nie"
"2025-06-10","I","A","K1","stary","nie","nie"
"2025-06-10","I","A","K2","nowy","nie","nie"
"2025-06-10","I","B","K3","stary","nie","nie"
"2025-06-10","I","B","K4","nowy","nie","nie"
"2025-06-10","I","C","K5","stary","nie","nie"
"2025-06-10","I","C","K6","nowy","nie","nie"
"2025-06-10","II","A","K1","stary","nie","nie"
"2025-06-10","II","A","K2","nowy","nie","nie"
"2025-06-10","II","B","K3","stary","nie","nie"
"2025-06-10","II","B","K4","nowy","nie","nie"
"2025-06-10","II","C","K5","stary","nie","nie"
"2025-06-10","II","C","K6","nowy","nie","nie"
"2025-06-10","III","A","K1","stary","nie","nie"
"2025-06-10","III","A","K2","nowy","nie","nie"
"2025-06-10","III","B","K3","stary","nie","nie"
"2025-06-10","III","B","K4","nowy","nie","nie"
"2025-06-10","III","C","K5","stary","nie","nie"
"2025-06-10","III","C","K6","nowy","nie","nie"
"2025-06-11","I","A","K1","stary","nie","nie"
"2025-06-11","I","A","K2","nowy","nie","nie"
"2025-06-11","I","B","K3","stary","nie","nie"
"2025-06-11","I","B","K4","nowy","nie","nie"
"2025-06-11","I","C","K5","stary","nie","nie"
"2025-06-11","I","C","K6","nowy","nie","nie"
"2025-06-11","II","A","K1","stary","nie","nie"
"2025-06-11","II","A","K2","nowy","nie","tak"
"2025-06-11","II","B","K3","stary","nie","nie"
"2025-06-11","II","B","K4","nowy","nie","nie"
"2025-06-11","II","C","K5","stary","nie","nie"
"2025-06-11","II","C","K6","nowy","nie","nie"
"2025-06-11","III","A","K1","stary","nie","nie"
"2025-06-11","III","A","K2","nowy","nie","nie"
"2025-06-11","III","B","K3","stary","nie","tak"
"2025-06-11","III","B","K4","nowy","nie","nie"
"2025-06-11","III","C","K5","stary","nie","nie"
"2025-06-11","III","C","K6","nowy","nie","nie"
"2025-06-12","I","A","K1","stary","nie","nie"
"2025-06-12","I","A","K2","nowy","nie","nie"
"2025-06-12","I","B","K3","stary","nie","nie"
"2025-06-12","I","B","K4","nowy","nie","nie"
"2025-06-12","I","C","K5","stary","nie","nie"
"2025-06-12","I","C","K6","nowy","nie","nie"
"2025-06-12","II","A","K1","stary","nie","nie"
"2025-06-12","II","A","K2","nowy","nie","nie"
"2025-06-12","II","B","K3","stary","nie","tak"
"2025-06-12","II","B","K4","nowy","nie","nie"
"2025-06-12","II","C","K5","stary","nie","nie"
"2025-06-12","II","C","K6","nowy","nie","nie"
"2025-06-12","III","A","K1","stary","nie","nie"
"2025-06-12","III","A","K2","nowy","nie","nie"
"2025-06-12","III","B","K3","stary","nie","tak"
"2025-06-12","III","B","K4","nowy","nie","nie"
"2025-06-12","III","C","K5","stary","nie","nie"
"2025-06-12","III","C","K6","nowy","nie","nie"
"2025-06-13","I","A","K1","stary","nie","nie"
"2025-06-13","I","A","K2","nowy","nie","nie"
"2025-06-13","I","B","K3","stary","nie","nie"
"2025-06-13","I","B","K4","nowy","nie","nie"
"2025-06-13","I","C","K5","stary","nie","nie"
"2025-06-13","I","C","K6","nowy","nie","nie"
"2025-06-13","II","A","K1","stary","nie","nie"
"2025-06-13","II","A","K2","nowy","nie","nie"
"2025-06-13","II","B","K3","stary","nie","nie"
"2025-06-13","II","B","K4","nowy","nie","nie"
"2025-06-13","II","C","K5","stary","nie","nie"
"2025-06-13","II","C","K6","nowy","nie","nie"
"2025-06-13","III","A","K1","stary","nie","nie"
"2025-06-13","III","A","K2","nowy","nie","nie"
"2025-06-13","III","B","K3","stary","nie","nie"
"2025-06-13","III","B","K4","nowy","nie","nie"
"2025-06-13","III","C","K5","stary","nie","nie"
"2025-06-13","III","C","K6","nowy","nie","nie"
"2025-06-14","I","A","K1","stary","nie","nie"
"2025-06-14","I","A","K2","nowy","nie","nie"
"2025-06-14","I","B","K3","stary","nie","nie"
"2025-06-14","I","B","K4","nowy","nie","nie"
"2025-06-14","I","C","K5","stary","nie","nie"
"2025-06-14","I","C","K6","nowy","nie","nie"
"2025-06-14","II","A","K1","stary","nie","nie"
"2025-06-14","II","A","K2","nowy","nie","nie"
"2025-06-14","II","B","K3","stary","nie","nie"
"2025-06-14","II","B","K4","nowy","nie","nie"
"2025-06-14","II","C","K5","stary","nie","nie"
"2025-06-14","II","C","K6","nowy","nie","nie"
"2025-06-14","III","A","K1","stary","nie","nie"
"2025-06-14","III","A","K2","nowy","nie","nie"
"2025-06-14","III","B","K3","stary","nie","nie"
"2025-06-14","III","B","K4","nowy","nie","nie"
"2025-06-14","III","C","K5","stary","nie","nie"
"2025-06-14","III","C","K6","nowy","nie","nie"
"2025-06-15","I","A","K1","stary","nie","nie"
"2025-06-15","I","A","K2","nowy","nie","nie"
"2025-06-15","I","B","K3","stary","nie","nie"
"2025-06-15","I","B","K4","nowy","nie","nie"
"2025-06-15","I","C","K5","stary","nie","nie"
"2025-06-15","I","C","K6","nowy","nie","nie"
"2025-06-15","II","A","K1","stary","nie","nie"
"2025-06-15","II","A","K2","nowy","nie","nie"
"2025-06-15","II","B","K3","stary","nie","nie"
"2025-06-15","II","B","K4","nowy","nie","nie"
"2025-06-15","II","C","K5","stary","nie","nie"
"2025-06-15","II","C","K6","nowy","nie","nie"
"2025-06-15","III","A","K1","stary","nie","nie"
"2025-06-15","III","A","K2","nowy","nie","nie"
"2025-06-15","III","B","K3","stary","nie","nie"
"2025-06-15","III","B","K4","nowy","nie","nie"
"2025-06-15","III","C","K5","stary","nie","nie"
"2025-06-15","III","C","K6","nowy","nie","nie"
"2025-06-16","I","A","K1","stary","nie","nie"
"2025-06-16","I","A","K2","nowy","nie","nie"
"2025-06-16","I","B","K3","stary","nie","nie"
"2025-06-16","I","B","K4","nowy","nie","nie"
"2025-06-16","I","C","K5","stary","nie","nie"
"2025-06-16","I","C","K6","nowy","nie","nie"
"2025-06-16","II","A","K1","stary","nie","tak"
"2025-06-16","II","A","K2","nowy","nie","nie"
"2025-06-16","II","B","K3","stary","tak","tak"
"2025-06-16","II","B","K4","nowy","nie","nie"
"2025-06-16","II","C","K5","stary","nie","nie"
"2025-06-16","II","C","K6","nowy","nie","nie"
"2025-06-16","III","A","K1","stary","nie","nie"
"2025-06-16","III","A","K2","nowy","nie","nie"
"2025-06-16","III","B","K3","stary","nie","nie"
"2025-06-16","III","B","K4","nowy","nie","nie"
"2025-06-16","III","C","K5","stary","nie","nie"
"2025-06-16","III","C","K6","nowy","nie","nie"
"2025-06-17","I","A","K1","stary","nie","nie"
"2025-06-17","I","A","K2","nowy","nie","nie"
"2025-06-17","I","B","K3","stary","nie","nie"
"2025-06-17","I","B","K4","nowy","nie","nie"
"2025-06-17","I","C","K5","stary","nie","tak"
"2025-06-17","I","C","K6","nowy","nie","nie"
"2025-06-17","II","A","K1","stary","nie","nie"
"2025-06-17","II","A","K2","nowy","nie","nie"
"2025-06-17","II","B","K3","stary","nie","nie"
"2025-06-17","II","B","K4","nowy","nie","nie"
"2025-06-17","II","C","K5","stary","nie","nie"
"2025-06-17","II","C","K6","nowy","nie","nie"
"2025-06-17","III","A","K1","stary","nie","nie"
"2025-06-17","III","A","K2","nowy","nie","nie"
"2025-06-17","III","B","K3","stary","nie","nie"
"2025-06-17","III","B","K4","nowy","nie","nie"
"2025-06-17","III","C","K5","stary","nie","nie"
"2025-06-17","III","C","K6","nowy","nie","nie"
"2025-06-18","I","A","K1","stary","nie","nie"
"2025-06-18","I","A","K2","nowy","nie","nie"
"2025-06-18","I","B","K3","stary","nie","nie"
"2025-06-18","I","B","K4","nowy","nie","nie"
"2025-06-18","I","C","K5","stary","nie","nie"
"2025-06-18","I","C","K6","nowy","tak","tak"
"2025-06-18","II","A","K1","stary","nie","nie"
"2025-06-18","II","A","K2","nowy","nie","nie"
"2025-06-18","II","B","K3","stary","nie","nie"
"2025-06-18","II","B","K4","nowy","nie","nie"
"2025-06-18","II","C","K5","stary","nie","nie"
"2025-06-18","II","C","K6","nowy","nie","nie"
"2025-06-18","III","A","K1","stary","nie","nie"
"2025-06-18","III","A","K2","nowy","nie","nie"
"2025-06-18","III","B","K3","stary","nie","nie"
"2025-06-18","III","B","K4","nowy","nie","tak"
"2025-06-18","III","C","K5","stary","nie","nie"
"2025-06-18","III","C","K6","nowy","tak","tak"
"2025-06-19","I","A","K1","stary","nie","nie"
"2025-06-19","I","A","K2","nowy","nie","nie"
"2025-06-19","I","B","K3","stary","nie","nie"
"2025-06-19","I","B","K4","nowy","nie","nie"
"2025-06-19","I","C","K5","stary","nie","nie"
"2025-06-19","I","C","K6","nowy","nie","nie"
"2025-06-19","II","A","K1","stary","nie","nie"
"2025-06-19","II","A","K2","nowy","nie","nie"
"2025-06-19","II","B","K3","stary","nie","nie"
"2025-06-19","II","B","K4","nowy","nie","nie"
"2025-06-19","II","C","K5","stary","nie","nie"
"2025-06-19","II","C","K6","nowy","nie","nie"
"2025-06-19","III","A","K1","stary","nie","nie"
"2025-06-19","III","A","K2","nowy","nie","nie"
"2025-06-19","III","B","K3","stary","nie","nie"
"2025-06-19","III","B","K4","nowy","nie","nie"
"2025-06-19","III","C","K5","stary","nie","nie"
"2025-06-19","III","C","K6","nowy","nie","nie"
"2025-06-20","I","A","K1","stary","nie","nie"
"2025-06-20","I","A","K2","nowy","nie","nie"
"2025-06-20","I","B","K3","stary","nie","nie"
"2025-06-20","I","B","K4","nowy","nie","nie"
"2025-06-20","I","C","K5","stary","nie","nie"
"2025-06-20","I","C","K6","nowy","nie","nie"
"2025-06-20","II","A","K1","stary","nie","nie"
"2025-06-20","II","A","K2","nowy","nie","nie"
"2025-06-20","II","B","K3","stary","nie","nie"
"2025-06-20","II","B","K4","nowy","nie","nie"
"2025-06-20","II","C","K5","stary","nie","nie"
"2025-06-20","II","C","K6","nowy","nie","nie"
"2025-06-20","III","A","K1","stary","nie","nie"
"2025-06-20","III","A","K2","nowy","nie","nie"
"2025-06-20","III","B","K3","stary","nie","nie"
"2025-06-20","III","B","K4","nowy","nie","nie"
"2025-06-20","III","C","K5","stary","nie","nie"
"2025-06-20","III","C","K6","nowy","nie","nie"
"2025-06-21","I","A","K1","stary","nie","nie"
"2025-06-21","I","A","K2","nowy","nie","nie"
"2025-06-21","I","B","K3","stary","tak","tak"
"2025-06-21","I","B","K4","nowy","tak","tak"
"2025-06-21","I","C","K5","stary","nie","nie"
"2025-06-21","I","C","K6","nowy","nie","nie"
"2025-06-21","II","A","K1","stary","nie","nie"
"2025-06-21","II","A","K2","nowy","nie","nie"
"2025-06-21","II","B","K3","stary","nie","nie"
"2025-06-21","II","B","K4","nowy","nie","nie"
"2025-06-21","II","C","K5","stary","nie","nie"
"2025-06-21","II","C","K6","nowy","nie","nie"
"2025-06-21","III","A","K1","stary","nie","nie"
"2025-06-21","III","A","K2","nowy","nie","nie"
"2025-06-21","III","B","K3","stary","nie","nie"
"2025-06-21","III","B","K4","nowy","nie","nie"
"2025-06-21","III","C","K5","stary","nie","nie"
"2025-06-21","III","C","K6","nowy","nie","nie"
"2025-06-22","I","A","K1","stary","nie","nie"
"2025-06-22","I","A","K2","nowy","nie","nie"
"2025-06-22","I","B","K3","stary","nie","nie"
"2025-06-22","I","B","K4","nowy","nie","nie"
"2025-06-22","I","C","K5","stary","nie","nie"
"2025-06-22","I","C","K6","nowy","nie","nie"
"2025-06-22","II","A","K1","stary","nie","nie"
"2025-06-22","II","A","K2","nowy","nie","nie"
"2025-06-22","II","B","K3","stary","nie","nie"
"2025-06-22","II","B","K4","nowy","nie","nie"
"2025-06-22","II","C","K5","stary","nie","nie"
"2025-06-22","II","C","K6","nowy","nie","nie"
"2025-06-22","III","A","K1","stary","nie","nie"
"2025-06-22","III","A","K2","nowy","nie","nie"
"2025-06-22","III","B","K3","stary","nie","nie"
"2025-06-22","III","B","K4","nowy","nie","nie"
"2025-06-22","III","C","K5","stary","nie","nie"
"2025-06-22","III","C","K6","nowy","nie","nie"
"2025-06-23","I","A","K1","stary","nie","tak"
"2025-06-23","I","A","K2","nowy","nie","nie"
"2025-06-23","I","B","K3","stary","nie","nie"
"2025-06-23","I","B","K4","nowy","nie","nie"
"2025-06-23","I","C","K5","stary","nie","nie"
"2025-06-23","I","C","K6","nowy","nie","nie"
"2025-06-23","II","A","K1","stary","nie","nie"
"2025-06-23","II","A","K2","nowy","nie","nie"
"2025-06-23","II","B","K3","stary","nie","nie"
"2025-06-23","II","B","K4","nowy","nie","nie"
"2025-06-23","II","C","K5","stary","nie","nie"
"2025-06-23","II","C","K6","nowy","tak","tak"
"2025-06-23","III","A","K1","stary","nie","nie"
"2025-06-23","III","A","K2","nowy","nie","nie"
"2025-06-23","III","B","K3","stary","nie","nie"
"2025-06-23","III","B","K4","nowy","nie","nie"
"2025-06-23","III","C","K5","stary","nie","nie"
"2025-06-23","III","C","K6","nowy","nie","nie"
"2025-06-24","I","A","K1","stary","nie","nie"
"2025-06-24","I","A","K2","nowy","nie","nie"
"2025-06-24","I","B","K3","stary","nie","nie"
"2025-06-24","I","B","K4","nowy","nie","nie"
"2025-06-24","I","C","K5","stary","nie","nie"
"2025-06-24","I","C","K6","nowy","nie","nie"
"2025-06-24","II","A","K1","stary","nie","nie"
"2025-06-24","II","A","K2","nowy","nie","nie"
"2025-06-24","II","B","K3","stary","nie","nie"
"2025-06-24","II","B","K4","nowy","nie","nie"
"2025-06-24","II","C","K5","stary","nie","nie"
"2025-06-24","II","C","K6","nowy","nie","nie"
"2025-06-24","III","A","K1","stary","nie","nie"
"2025-06-24","III","A","K2","nowy","nie","nie"
"2025-06-24","III","B","K3","stary","nie","nie"
"2025-06-24","III","B","K4","nowy","nie","nie"
"2025-06-24","III","C","K5","stary","nie","nie"
"2025-06-24","III","C","K6","nowy","nie","nie"
"2025-06-25","I","A","K1","stary","nie","nie"
"2025-06-25","I","A","K2","nowy","nie","nie"
"2025-06-25","I","B","K3","stary","nie","nie"
"2025-06-25","I","B","K4","nowy","nie","nie"
"2025-06-25","I","C","K5","stary","nie","nie"
"2025-06-25","I","C","K6","nowy","nie","nie"
"2025-06-25","II","A","K1","stary","nie","tak"
"2025-06-25","II","A","K2","nowy","nie","nie"
"2025-06-25","II","B","K3","stary","nie","nie"
"2025-06-25","II","B","K4","nowy","nie","nie"
"2025-06-25","II","C","K5","stary","nie","tak"
"2025-06-25","II","C","K6","nowy","nie","nie"
"2025-06-25","III","A","K1","stary","nie","nie"
"2025-06-25","III","A","K2","nowy","nie","nie"
"2025-06-25","III","B","K3","stary","nie","nie"
"2025-06-25","III","B","K4","nowy","nie","nie"
"2025-06-25","III","C","K5","stary","nie","nie"
"2025-06-25","III","C","K6","nowy","nie","nie"
"2025-06-26","I","A","K1","stary","nie","nie"
"2025-06-26","I","A","K2","nowy","tak","tak"
"2025-06-26","I","B","K3","stary","nie","nie"
"2025-06-26","I","B","K4","nowy","nie","nie"
"2025-06-26","I","C","K5","stary","nie","nie"
"2025-06-26","I","C","K6","nowy","nie","nie"
"2025-06-26","II","A","K1","stary","nie","nie"
"2025-06-26","II","A","K2","nowy","nie","nie"
"2025-06-26","II","B","K3","stary","nie","nie"
"2025-06-26","II","B","K4","nowy","nie","nie"
"2025-06-26","II","C","K5","stary","nie","nie"
"2025-06-26","II","C","K6","nowy","nie","nie"
"2025-06-26","III","A","K1","stary","nie","nie"
"2025-06-26","III","A","K2","nowy","nie","nie"
"2025-06-26","III","B","K3","stary","nie","nie"
"2025-06-26","III","B","K4","nowy","nie","nie"
"2025-06-26","III","C","K5","stary","nie","nie"
"2025-06-26","III","C","K6","nowy","nie","nie"
"2025-06-27","I","A","K1","stary","tak","tak"
"2025-06-27","I","A","K2","nowy","nie","nie"
"2025-06-27","I","B","K3","stary","nie","nie"
"2025-06-27","I","B","K4","nowy","nie","nie"
"2025-06-27","I","C","K5","stary","nie","nie"
"2025-06-27","I","C","K6","nowy","nie","nie"
"2025-06-27","II","A","K1","stary","nie","nie"
"2025-06-27","II","A","K2","nowy","nie","nie"
"2025-06-27","II","B","K3","stary","nie","nie"
"2025-06-27","II","B","K4","nowy","nie","nie"
"2025-06-27","II","C","K5","stary","nie","nie"
"2025-06-27","II","C","K6","nowy","nie","nie"
"2025-06-27","III","A","K1","stary","nie","nie"
"2025-06-27","III","A","K2","nowy","nie","nie"
"2025-06-27","III","B","K3","stary","nie","nie"
"2025-06-27","III","B","K4","nowy","nie","nie"
"2025-06-27","III","C","K5","stary","nie","nie"
"2025-06-27","III","C","K6","nowy","nie","nie"
"2025-06-28","I","A","K1","stary","nie","nie"
"2025-06-28","I","A","K2","nowy","nie","nie"
"2025-06-28","I","B","K3","stary","nie","nie"
"2025-06-28","I","B","K4","nowy","nie","tak"
"2025-06-28","I","C","K5","stary","nie","nie"
"2025-06-28","I","C","K6","nowy","nie","nie"
"2025-06-28","II","A","K1","stary","nie","nie"
"2025-06-28","II","A","K2","nowy","nie","nie"
"2025-06-28","II","B","K3","stary","nie","nie"
"2025-06-28","II","B","K4","nowy","nie","nie"
"2025-06-28","II","C","K5","stary","nie","nie"
"2025-06-28","II","C","K6","nowy","nie","nie"
"2025-06-28","III","A","K1","stary","nie","tak"
"2025-06-28","III","A","K2","nowy","nie","nie"
"2025-06-28","III","B","K3","stary","nie","nie"
"2025-06-28","III","B","K4","nowy","nie","nie"
"2025-06-28","III","C","K5","stary","nie","nie"
"2025-06-28","III","C","K6","nowy","nie","nie"
"2025-06-29","I","A","K1","stary","nie","nie"
"2025-06-29","I","A","K2","nowy","nie","nie"
"2025-06-29","I","B","K3","stary","nie","nie"
"2025-06-29","I","B","K4","nowy","nie","nie"
"2025-06-29","I","C","K5","stary","nie","nie"
"2025-06-29","I","C","K6","nowy","nie","nie"
"2025-06-29","II","A","K1","stary","nie","nie"
"2025-06-29","II","A","K2","nowy","nie","nie"
"2025-06-29","II","B","K3","stary","nie","nie"
"2025-06-29","II","B","K4","nowy","nie","nie"
"2025-06-29","II","C","K5","stary","nie","nie"
"2025-06-29","II","C","K6","nowy","nie","nie"
"2025-06-29","III","A","K1","stary","nie","nie"
"2025-06-29","III","A","K2","nowy","nie","nie"
"2025-06-29","III","B","K3","stary","nie","nie"
"2025-06-29","III","B","K4","nowy","nie","nie"
"2025-06-29","III","C","K5","stary","nie","nie"
"2025-06-29","III","C","K6","nowy","nie","nie"
"2025-06-30","I","A","K1","stary","nie","nie"
"2025-06-30","I","A","K2","nowy","nie","nie"
"2025-06-30","I","B","K3","stary","nie","nie"
"2025-06-30","I","B","K4","nowy","nie","nie"
"2025-06-30","I","C","K5","stary","nie","nie"
"2025-06-30","I","C","K6","nowy","nie","nie"
"2025-06-30","II","A","K1","stary","nie","nie"
"2025-06-30","II","A","K2","nowy","nie","nie"
"2025-06-30","II","B","K3","stary","nie","tak"
"2025-06-30","II","B","K4","nowy","nie","nie"
"2025-06-30","II","C","K5","stary","nie","nie"
"2025-06-30","II","C","K6","nowy","nie","nie"
"2025-06-30","III","A","K1","stary","nie","nie"
"2025-06-30","III","A","K2","nowy","nie","nie"
"2025-06-30","III","B","K3","stary","nie","nie"
"2025-06-30","III","B","K4","nowy","nie","nie"
"2025-06-30","III","C","K5","stary","nie","nie"
"2025-06-30","III","C","K6","nowy","nie","nie"
"2025-07-01","I","A","K1","stary","nie","nie"
"2025-07-01","I","A","K2","nowy","nie","nie"
"2025-07-01","I","B","K3","stary","nie","nie"
"2025-07-01","I","B","K4","nowy","nie","nie"
"2025-07-01","I","C","K5","stary","nie","nie"
"2025-07-01","I","C","K6","nowy","nie","nie"
"2025-07-01","II","A","K1","stary","nie","nie"
"2025-07-01","II","A","K2","nowy","nie","nie"
"2025-07-01","II","B","K3","stary","nie","nie"
"2025-07-01","II","B","K4","nowy","nie","nie"
"2025-07-01","II","C","K5","stary","nie","nie"
"2025-07-01","II","C","K6","nowy","nie","nie"
"2025-07-01","III","A","K1","stary","nie","nie"
"2025-07-01","III","A","K2","nowy","nie","nie"
"2025-07-01","III","B","K3","stary","nie","nie"
"2025-07-01","III","B","K4","nowy","nie","nie"
"2025-07-01","III","C","K5","stary","nie","nie"
"2025-07-01","III","C","K6","nowy","nie","nie"
"2025-07-02","I","A","K1","stary","nie","nie"
"2025-07-02","I","A","K2","nowy","nie","nie"
"2025-07-02","I","B","K3","stary","nie","nie"
"2025-07-02","I","B","K4","nowy","nie","nie"
"2025-07-02","I","C","K5","stary","nie","tak"
"2025-07-02","I","C","K6","nowy","nie","nie"
"2025-07-02","II","A","K1","stary","nie","nie"
"2025-07-02","II","A","K2","nowy","nie","nie"
"2025-07-02","II","B","K3","stary","nie","nie"
"2025-07-02","II","B","K4","nowy","nie","nie"
"2025-07-02","II","C","K5","stary","nie","nie"
"2025-07-02","II","C","K6","nowy","nie","nie"
"2025-07-02","III","A","K1","stary","nie","nie"
"2025-07-02","III","A","K2","nowy","nie","nie"
"2025-07-02","III","B","K3","stary","nie","nie"
"2025-07-02","III","B","K4","nowy","nie","nie"
"2025-07-02","III","C","K5","stary","nie","nie"
"2025-07-02","III","C","K6","nowy","nie","nie"
"2025-07-03","I","A","K1","stary","nie","nie"
"2025-07-03","I","A","K2","nowy","nie","nie"
"2025-07-03","I","B","K3","stary","nie","nie"
"2025-07-03","I","B","K4","nowy","nie","nie"
"2025-07-03","I","C","K5","stary","nie","nie"
"2025-07-03","I","C","K6","nowy","nie","nie"
"2025-07-03","II","A","K1","stary","nie","nie"
"2025-07-03","II","A","K2","nowy","nie","nie"
"2025-07-03","II","B","K3","stary","nie","nie"
"2025-07-03","II","B","K4","nowy","nie","nie"
"2025-07-03","II","C","K5","stary","nie","nie"
"2025-07-03","II","C","K6","nowy","nie","nie"
"2025-07-03","III","A","K1","stary","nie","tak"
"2025-07-03","III","A","K2","nowy","nie","nie"
"2025-07-03","III","B","K3","stary","nie","nie"
"2025-07-03","III","B","K4","nowy","nie","nie"
"2025-07-03","III","C","K5","stary","nie","nie"
"2025-07-03","III","C","K6","nowy","nie","nie"
"2025-07-04","I","A","K1","stary","nie","nie"
"2025-07-04","I","A","K2","nowy","nie","nie"
"2025-07-04","I","B","K3","stary","nie","nie"
"2025-07-04","I","B","K4","nowy","nie","nie"
"2025-07-04","I","C","K5","stary","tak","tak"
"2025-07-04","I","C","K6","nowy","nie","nie"
"2025-07-04","II","A","K1","stary","nie","nie"
"2025-07-04","II","A","K2","nowy","nie","nie"
"2025-07-04","II","B","K3","stary","nie","nie"
"2025-07-04","II","B","K4","nowy","nie","nie"
"2025-07-04","II","C","K5","stary","nie","nie"
"2025-07-04","II","C","K6","nowy","nie","nie"
"2025-07-04","III","A","K1","stary","nie","nie"
"2025-07-04","III","A","K2","nowy","nie","nie"
"2025-07-04","III","B","K3","stary","nie","nie"
"2025-07-04","III","B","K4","nowy","nie","nie"
"2025-07-04","III","C","K5","stary","nie","nie"
"2025-07-04","III","C","K6","nowy","nie","nie"
"2025-07-05","I","A","K1","stary","nie","nie"
"2025-07-05","I","A","K2","nowy","nie","nie"
"2025-07-05","I","B","K3","stary","nie","nie"
"2025-07-05","I","B","K4","nowy","nie","nie"
"2025-07-05","I","C","K5","stary","nie","nie"
"2025-07-05","I","C","K6","nowy","nie","nie"
"2025-07-05","II","A","K1","stary","nie","nie"
"2025-07-05","II","A","K2","nowy","nie","nie"
"2025-07-05","II","B","K3","stary","nie","nie"
"2025-07-05","II","B","K4","nowy","nie","nie"
"2025-07-05","II","C","K5","stary","nie","tak"
"2025-07-05","II","C","K6","nowy","nie","nie"
"2025-07-05","III","A","K1","stary","nie","nie"
"2025-07-05","III","A","K2","nowy","nie","tak"
"2025-07-05","III","B","K3","stary","nie","nie"
"2025-07-05","III","B","K4","nowy","nie","nie"
"2025-07-05","III","C","K5","stary","nie","nie"
"2025-07-05","III","C","K6","nowy","nie","nie"
"2025-07-06","I","A","K1","stary","nie","nie"
"2025-07-06","I","A","K2","nowy","nie","nie"
"2025-07-06","I","B","K3","stary","nie","nie"
"2025-07-06","I","B","K4","nowy","nie","nie"
"2025-07-06","I","C","K5","stary","nie","nie"
"2025-07-06","I","C","K6","nowy","nie","nie"
"2025-07-06","II","A","K1","stary","nie","nie"
"2025-07-06","II","A","K2","nowy","nie","nie"
"2025-07-06","II","B","K3","stary","nie","nie"
"2025-07-06","II","B","K4","nowy","nie","nie"
"2025-07-06","II","C","K5","stary","nie","nie"
"2025-07-06","II","C","K6","nowy","nie","nie"
"2025-07-06","III","A","K1","stary","nie","nie"
"2025-07-06","III","A","K2","nowy","nie","nie"
"2025-07-06","III","B","K3","stary","nie","nie"
"2025-07-06","III","B","K4","nowy","nie","nie"
"2025-07-06","III","C","K5","stary","nie","nie"
"2025-07-06","III","C","K6","nowy","nie","nie"
"2025-07-07","I","A","K1","stary","nie","tak"
"2025-07-07","I","A","K2","nowy","nie","nie"
"2025-07-07","I","B","K3","stary","nie","nie"
"2025-07-07","I","B","K4","nowy","nie","nie"
"2025-07-07","I","C","K5","stary","nie","nie"
"2025-07-07","I","C","K6","nowy","nie","nie"
"2025-07-07","II","A","K1","stary","nie","nie"
"2025-07-07","II","A","K2","nowy","nie","nie"
"2025-07-07","II","B","K3","stary","nie","nie"
"2025-07-07","II","B","K4","nowy","nie","nie"
"2025-07-07","II","C","K5","stary","nie","nie"
"2025-07-07","II","C","K6","nowy","nie","nie"
"2025-07-07","III","A","K1","stary","nie","nie"
"2025-07-07","III","A","K2","nowy","nie","nie"
"2025-07-07","III","B","K3","stary","nie","nie"
"2025-07-07","III","B","K4","nowy","nie","nie"
"2025-07-07","III","C","K5","stary","nie","nie"
"2025-07-07","III","C","K6","nowy","nie","nie"
"2025-07-08","I","A","K1","stary","nie","nie"
"2025-07-08","I","A","K2","nowy","nie","nie"
"2025-07-08","I","B","K3","stary","nie","nie"
"2025-07-08","I","B","K4","nowy","nie","nie"
"2025-07-08","I","C","K5","stary","nie","nie"
"2025-07-08","I","C","K6","nowy","nie","nie"
"2025-07-08","II","A","K1","stary","nie","nie"
"2025-07-08","II","A","K2","nowy","nie","nie"
"2025-07-08","II","B","K3","stary","nie","nie"
"2025-07-08","II","B","K4","nowy","nie","nie"
"2025-07-08","II","C","K5","stary","nie","nie"
"2025-07-08","II","C","K6","nowy","nie","nie"
"2025-07-08","III","A","K1","stary","nie","nie"
"2025-07-08","III","A","K2","nowy","nie","nie"
"2025-07-08","III","B","K3","stary","nie","nie"
"2025-07-08","III","B","K4","nowy","nie","nie"
"2025-07-08","III","C","K5","stary","nie","nie"
"2025-07-08","III","C","K6","nowy","nie","nie"
"2025-07-09","I","A","K1","stary","nie","nie"
"2025-07-09","I","A","K2","nowy","nie","nie"
"2025-07-09","I","B","K3","stary","nie","nie"
"2025-07-09","I","B","K4","nowy","nie","nie"
"2025-07-09","I","C","K5","stary","nie","nie"
"2025-07-09","I","C","K6","nowy","nie","nie"
"2025-07-09","II","A","K1","stary","nie","nie"
"2025-07-09","II","A","K2","nowy","nie","nie"
"2025-07-09","II","B","K3","stary","nie","nie"
"2025-07-09","II","B","K4","nowy","nie","nie"
"2025-07-09","II","C","K5","stary","nie","nie"
"2025-07-09","II","C","K6","nowy","nie","nie"
"2025-07-09","III","A","K1","stary","nie","nie"
"2025-07-09","III","A","K2","nowy","nie","nie"
"2025-07-09","III","B","K3","stary","nie","nie"
"2025-07-09","III","B","K4","nowy","nie","nie"
"2025-07-09","III","C","K5","stary","nie","nie"
"2025-07-09","III","C","K6","nowy","nie","nie"
"2025-07-10","I","A","K1","stary","nie","tak"
"2025-07-10","I","A","K2","nowy","nie","nie"
"2025-07-10","I","B","K3","stary","nie","nie"
"2025-07-10","I","B","K4","nowy","nie","nie"
"2025-07-10","I","C","K5","stary","nie","nie"
"2025-07-10","I","C","K6","nowy","nie","nie"
"2025-07-10","II","A","K1","stary","nie","nie"
"2025-07-10","II","A","K2","nowy","nie","nie"
"2025-07-10","II","B","K3","stary","nie","nie"
"2025-07-10","II","B","K4","nowy","nie","nie"
"2025-07-10","II","C","K5","stary","nie","nie"
"2025-07-10","II","C","K6","nowy","nie","nie"
"2025-07-10","III","A","K1","stary","nie","nie"
"2025-07-10","III","A","K2","nowy","nie","nie"
"2025-07-10","III","B","K3","stary","nie","nie"
"2025-07-10","III","B","K4","nowy","nie","nie"
"2025-07-10","III","C","K5","stary","nie","nie"
"2025-07-10","III","C","K6","nowy","nie","nie"
"2025-07-11","I","A","K1","stary","nie","nie"
"2025-07-11","I","A","K2","nowy","nie","nie"
"2025-07-11","I","B","K3","stary","nie","nie"
"2025-07-11","I","B","K4","nowy","nie","nie"
"2025-07-11","I","C","K5","stary","nie","nie"
"2025-07-11","I","C","K6","nowy","nie","nie"
"2025-07-11","II","A","K1","stary","nie","nie"
"2025-07-11","II","A","K2","nowy","nie","nie"
"2025-07-11","II","B","K3","stary","nie","nie"
"2025-07-11","II","B","K4","nowy","nie","nie"
"2025-07-11","II","C","K5","stary","nie","nie"
"2025-07-11","II","C","K6","nowy","nie","nie"
"2025-07-11","III","A","K1","stary","nie","nie"
"2025-07-11","III","A","K2","nowy","nie","nie"
"2025-07-11","III","B","K3","stary","nie","nie"
"2025-07-11","III","B","K4","nowy","nie","nie"
"2025-07-11","III","C","K5","stary","nie","nie"
"2025-07-11","III","C","K6","nowy","tak","tak"
"2025-07-12","I","A","K1","stary","nie","nie"
"2025-07-12","I","A","K2","nowy","nie","nie"
"2025-07-12","I","B","K3","stary","nie","nie"
"2025-07-12","I","B","K4","nowy","nie","nie"
"2025-07-12","I","C","K5","stary","nie","nie"
"2025-07-12","I","C","K6","nowy","nie","nie"
"2025-07-12","II","A","K1","stary","nie","nie"
"2025-07-12","II","A","K2","nowy","nie","nie"
"2025-07-12","II","B","K3","stary","nie","nie"
"2025-07-12","II","B","K4","nowy","nie","nie"
"2025-07-12","II","C","K5","stary","nie","nie"
"2025-07-12","II","C","K6","nowy","nie","nie"
"2025-07-12","III","A","K1","stary","nie","nie"
"2025-07-12","III","A","K2","nowy","nie","nie"
"2025-07-12","III","B","K3","stary","nie","nie"
"2025-07-12","III","B","K4","nowy","nie","nie"
"2025-07-12","III","C","K5","stary","nie","tak"
"2025-07-12","III","C","K6","nowy","nie","nie"
"2025-07-13","I","A","K1","stary","nie","nie"
"2025-07-13","I","A","K2","nowy","nie","nie"
"2025-07-13","I","B","K3","stary","nie","nie"
"2025-07-13","I","B","K4","nowy","nie","nie"
"2025-07-13","I","C","K5","stary","nie","nie"
"2025-07-13","I","C","K6","nowy","nie","nie"
"2025-07-13","II","A","K1","stary","nie","nie"
"2025-07-13","II","A","K2","nowy","nie","nie"
"2025-07-13","II","B","K3","stary","nie","nie"
"2025-07-13","II","B","K4","nowy","nie","nie"
"2025-07-13","II","C","K5","stary","nie","nie"
"2025-07-13","II","C","K6","nowy","nie","nie"
"2025-07-13","III","A","K1","stary","nie","nie"
"2025-07-13","III","A","K2","nowy","nie","nie"
"2025-07-13","III","B","K3","stary","nie","nie"
"2025-07-13","III","B","K4","nowy","nie","nie"
"2025-07-13","III","C","K5","stary","nie","nie"
"2025-07-13","III","C","K6","nowy","nie","nie"
"2025-07-14","I","A","K1","stary","nie","nie"
"2025-07-14","I","A","K2","nowy","nie","nie"
"2025-07-14","I","B","K3","stary","nie","nie"
"2025-07-14","I","B","K4","nowy","nie","nie"
"2025-07-14","I","C","K5","stary","nie","nie"
"2025-07-14","I","C","K6","nowy","tak","tak"
"2025-07-14","II","A","K1","stary","nie","nie"
"2025-07-14","II","A","K2","nowy","nie","nie"
"2025-07-14","II","B","K3","stary","nie","nie"
"2025-07-14","II","B","K4","nowy","nie","nie"
"2025-07-14","II","C","K5","stary","nie","nie"
"2025-07-14","II","C","K6","nowy","nie","nie"
"2025-07-14","III","A","K1","stary","nie","nie"
"2025-07-14","III","A","K2","nowy","nie","nie"
"2025-07-14","III","B","K3","stary","nie","nie"
"2025-07-14","III","B","K4","nowy","nie","nie"
"2025-07-14","III","C","K5","stary","nie","nie"
"2025-07-14","III","C","K6","nowy","nie","nie"
"2025-07-15","I","A","K1","stary","nie","nie"
"2025-07-15","I","A","K2","nowy","nie","nie"
"2025-07-15","I","B","K3","stary","nie","nie"
"2025-07-15","I","B","K4","nowy","nie","nie"
"2025-07-15","I","C","K5","stary","nie","nie"
"2025-07-15","I","C","K6","nowy","nie","nie"
"2025-07-15","II","A","K1","stary","nie","nie"
"2025-07-15","II","A","K2","nowy","nie","nie"
"2025-07-15","II","B","K3","stary","nie","nie"
"2025-07-15","II","B","K4","nowy","nie","nie"
"2025-07-15","II","C","K5","stary","nie","nie"
"2025-07-15","II","C","K6","nowy","nie","tak"
"2025-07-15","III","A","K1","stary","nie","nie"
"2025-07-15","III","A","K2","nowy","nie","nie"
"2025-07-15","III","B","K3","stary","nie","nie"
"2025-07-15","III","B","K4","nowy","nie","nie"
"2025-07-15","III","C","K5","stary","nie","nie"
"2025-07-15","III","C","K6","nowy","tak","tak"
"2025-07-16","I","A","K1","stary","nie","nie"
"2025-07-16","I","A","K2","nowy","nie","nie"
"2025-07-16","I","B","K3","stary","nie","nie"
"2025-07-16","I","B","K4","nowy","nie","nie"
"2025-07-16","I","C","K5","stary","nie","nie"
"2025-07-16","I","C","K6","nowy","nie","nie"
"2025-07-16","II","A","K1","stary","nie","nie"
"2025-07-16","II","A","K2","nowy","nie","nie"
"2025-07-16","II","B","K3","stary","nie","nie"
"2025-07-16","II","B","K4","nowy","nie","nie"
"2025-07-16","II","C","K5","stary","nie","nie"
"2025-07-16","II","C","K6","nowy","nie","nie"
"2025-07-16","III","A","K1","stary","nie","nie"
"2025-07-16","III","A","K2","nowy","nie","nie"
"2025-07-16","III","B","K3","stary","nie","nie"
"2025-07-16","III","B","K4","nowy","nie","nie"
"2025-07-16","III","C","K5","stary","nie","nie"
"2025-07-16","III","C","K6","nowy","nie","nie"
"2025-07-17","I","A","K1","stary","nie","nie"
"2025-07-17","I","A","K2","nowy","nie","nie"
"2025-07-17","I","B","K3","stary","nie","nie"
"2025-07-17","I","B","K4","nowy","nie","nie"
"2025-07-17","I","C","K5","stary","nie","nie"
"2025-07-17","I","C","K6","nowy","nie","nie"
"2025-07-17","II","A","K1","stary","nie","nie"
"2025-07-17","II","A","K2","nowy","nie","nie"
"2025-07-17","II","B","K3","stary","nie","nie"
"2025-07-17","II","B","K4","nowy","nie","nie"
"2025-07-17","II","C","K5","stary","nie","nie"
"2025-07-17","II","C","K6","nowy","nie","nie"
"2025-07-17","III","A","K1","stary","nie","nie"
"2025-07-17","III","A","K2","nowy","nie","nie"
"2025-07-17","III","B","K3","stary","nie","nie"
"2025-07-17","III","B","K4","nowy","nie","tak"
"2025-07-17","III","C","K5","stary","nie","nie"
"2025-07-17","III","C","K6","nowy","nie","nie"
"2025-07-18","I","A","K1","stary","nie","nie"
"2025-07-18","I","A","K2","nowy","nie","nie"
"2025-07-18","I","B","K3","stary","nie","nie"
"2025-07-18","I","B","K4","nowy","nie","nie"
"2025-07-18","I","C","K5","stary","nie","nie"
"2025-07-18","I","C","K6","nowy","nie","nie"
"2025-07-18","II","A","K1","stary","nie","nie"
"2025-07-18","II","A","K2","nowy","nie","nie"
"2025-07-18","II","B","K3","stary","nie","nie"
"2025-07-18","II","B","K4","nowy","nie","nie"
"2025-07-18","II","C","K5","stary","nie","nie"
"2025-07-18","II","C","K6","nowy","nie","nie"
"2025-07-18","III","A","K1","stary","nie","nie"
"2025-07-18","III","A","K2","nowy","nie","nie"
"2025-07-18","III","B","K3","stary","nie","nie"
"2025-07-18","III","B","K4","nowy","nie","nie"
"2025-07-18","III","C","K5","stary","nie","nie"
"2025-07-18","III","C","K6","nowy","nie","nie"
"2025-07-19","I","A","K1","stary","nie","nie"
"2025-07-19","I","A","K2","nowy","nie","nie"
"2025-07-19","I","B","K3","stary","nie","nie"
"2025-07-19","I","B","K4","nowy","nie","nie"
"2025-07-19","I","C","K5","stary","nie","nie"
"2025-07-19","I","C","K6","nowy","nie","nie"
"2025-07-19","II","A","K1","stary","nie","nie"
"2025-07-19","II","A","K2","nowy","nie","nie"
"2025-07-19","II","B","K3","stary","nie","nie"
"2025-07-19","II","B","K4","nowy","nie","nie"
"2025-07-19","II","C","K5","stary","nie","nie"
"2025-07-19","II","C","K6","nowy","nie","nie"
"2025-07-19","III","A","K1","stary","nie","nie"
"2025-07-19","III","A","K2","nowy","nie","nie"
"2025-07-19","III","B","K3","stary","nie","nie"
"2025-07-19","III","B","K4","nowy","nie","nie"
"2025-07-19","III","C","K5","stary","nie","nie"
"2025-07-19","III","C","K6","nowy","nie","nie"
"2025-07-20","I","A","K1","stary","nie","tak"
"2025-07-20","I","A","K2","nowy","nie","nie"
"2025-07-20","I","B","K3","stary","nie","nie"
"2025-07-20","I","B","K4","nowy","nie","nie"
"2025-07-20","I","C","K5","stary","nie","nie"
"2025-07-20","I","C","K6","nowy","nie","nie"
"2025-07-20","II","A","K1","stary","nie","nie"
"2025-07-20","II","A","K2","nowy","nie","nie"
"2025-07-20","II","B","K3","stary","tak","tak"
"2025-07-20","II","B","K4","nowy","tak","tak"
"2025-07-20","II","C","K5","stary","nie","nie"
"2025-07-20","II","C","K6","nowy","nie","nie"
"2025-07-20","III","A","K1","stary","nie","nie"
"2025-07-20","III","A","K2","nowy","nie","nie"
"2025-07-20","III","B","K3","stary","nie","nie"
"2025-07-20","III","B","K4","nowy","nie","nie"
"2025-07-20","III","C","K5","stary","nie","nie"
"2025-07-20","III","C","K6","nowy","nie","tak"
"2025-07-21","I","A","K1","stary","nie","nie"
"2025-07-21","I","A","K2","nowy","nie","nie"
"2025-07-21","I","B","K3","stary","nie","tak"
"2025-07-21","I","B","K4","nowy","nie","nie"
"2025-07-21","I","C","K5","stary","nie","nie"
"2025-07-21","I","C","K6","nowy","nie","nie"
"2025-07-21","II","A","K1","stary","nie","nie"
"2025-07-21","II","A","K2","nowy","nie","nie"
"2025-07-21","II","B","K3","stary","nie","nie"
"2025-07-21","II","B","K4","nowy","nie","nie"
"2025-07-21","II","C","K5","stary","nie","nie"
"2025-07-21","II","C","K6","nowy","nie","nie"
"2025-07-21","III","A","K1","stary","nie","nie"
"2025-07-21","III","A","K2","nowy","nie","nie"
"2025-07-21","III","B","K3","stary","nie","nie"
"2025-07-21","III","B","K4","nowy","nie","nie"
"2025-07-21","III","C","K5","stary","nie","nie"
"2025-07-21","III","C","K6","nowy","nie","nie"
"2025-07-22","I","A","K1","stary","nie","nie"
"2025-07-22","I","A","K2","nowy","nie","nie"
"2025-07-22","I","B","K3","stary","nie","nie"
"2025-07-22","I","B","K4","nowy","nie","nie"
"2025-07-22","I","C","K5","stary","nie","tak"
"2025-07-22","I","C","K6","nowy","nie","nie"
"2025-07-22","II","A","K1","stary","nie","nie"
"2025-07-22","II","A","K2","nowy","nie","nie"
"2025-07-22","II","B","K3","stary","nie","nie"
"2025-07-22","II","B","K4","nowy","nie","nie"
"2025-07-22","II","C","K5","stary","nie","nie"
"2025-07-22","II","C","K6","nowy","nie","nie"
"2025-07-22","III","A","K1","stary","nie","nie"
"2025-07-22","III","A","K2","nowy","nie","nie"
"2025-07-22","III","B","K3","stary","nie","nie"
"2025-07-22","III","B","K4","nowy","nie","nie"
"2025-07-22","III","C","K5","stary","nie","nie"
"2025-07-22","III","C","K6","nowy","nie","nie"
"2025-07-23","I","A","K1","stary","nie","nie"
"2025-07-23","I","A","K2","nowy","nie","nie"
"2025-07-23","I","B","K3","stary","nie","nie"
"2025-07-23","I","B","K4","nowy","nie","nie"
"2025-07-23","I","C","K5","stary","nie","nie"
"2025-07-23","I","C","K6","nowy","nie","nie"
"2025-07-23","II","A","K1","stary","nie","nie"
"2025-07-23","II","A","K2","nowy","nie","nie"
"2025-07-23","II","B","K3","stary","nie","nie"
"2025-07-23","II","B","K4","nowy","nie","nie"
"2025-07-23","II","C","K5","stary","nie","nie"
"2025-07-23","II","C","K6","nowy","nie","nie"
"2025-07-23","III","A","K1","stary","nie","nie"
"2025-07-23","III","A","K2","nowy","nie","nie"
"2025-07-23","III","B","K3","stary","nie","nie"
"2025-07-23","III","B","K4","nowy","nie","nie"
"2025-07-23","III","C","K5","stary","nie","tak"
"2025-07-23","III","C","K6","nowy","nie","nie"
"2025-07-24","I","A","K1","stary","nie","nie"
"2025-07-24","I","A","K2","nowy","nie","nie"
"2025-07-24","I","B","K3","stary","nie","nie"
"2025-07-24","I","B","K4","nowy","nie","nie"
"2025-07-24","I","C","K5","stary","nie","nie"
"2025-07-24","I","C","K6","nowy","tak","tak"
"2025-07-24","II","A","K1","stary","nie","nie"
"2025-07-24","II","A","K2","nowy","nie","nie"
"2025-07-24","II","B","K3","stary","nie","nie"
"2025-07-24","II","B","K4","nowy","nie","nie"
"2025-07-24","II","C","K5","stary","nie","nie"
"2025-07-24","II","C","K6","nowy","nie","nie"
"2025-07-24","III","A","K1","stary","nie","nie"
"2025-07-24","III","A","K2","nowy","nie","nie"
"2025-07-24","III","B","K3","stary","nie","nie"
"2025-07-24","III","B","K4","nowy","nie","nie"
"2025-07-24","III","C","K5","stary","nie","nie"
"2025-07-24","III","C","K6","nowy","nie","nie"
"2025-07-25","I","A","K1","stary","nie","nie"
"2025-07-25","I","A","K2","nowy","nie","nie"
"2025-07-25","I","B","K3","stary","nie","nie"
"2025-07-25","I","B","K4","nowy","nie","nie"
"2025-07-25","I","C","K5","stary","nie","nie"
"2025-07-25","I","C","K6","nowy","nie","tak"
"2025-07-25","II","A","K1","stary","nie","nie"
"2025-07-25","II","A","K2","nowy","nie","nie"
"2025-07-25","II","B","K3","stary","nie","nie"
"2025-07-25","II","B","K4","nowy","nie","nie"
"2025-07-25","II","C","K5","stary","nie","nie"
"2025-07-25","II","C","K6","nowy","nie","nie"
"2025-07-25","III","A","K1","stary","nie","nie"
"2025-07-25","III","A","K2","nowy","nie","nie"
"2025-07-25","III","B","K3","stary","nie","nie"
"2025-07-25","III","B","K4","nowy","nie","nie"
"2025-07-25","III","C","K5","stary","nie","nie"
"2025-07-25","III","C","K6","nowy","nie","nie"
"2025-07-26","I","A","K1","stary","nie","nie"
"2025-07-26","I","A","K2","nowy","nie","nie"
"2025-07-26","I","B","K3","stary","nie","nie"
"2025-07-26","I","B","K4","nowy","nie","nie"
"2025-07-26","I","C","K5","stary","nie","nie"
"2025-07-26","I","C","K6","nowy","nie","nie"
"2025-07-26","II","A","K1","stary","nie","nie"
"2025-07-26","II","A","K2","nowy","nie","nie"
"2025-07-26","II","B","K3","stary","nie","nie"
"2025-07-26","II","B","K4","nowy","nie","nie"
"2025-07-26","II","C","K5","stary","nie","nie"
"2025-07-26","II","C","K6","nowy","nie","nie"
"2025-07-26","III","A","K1","stary","nie","nie"
"2025-07-26","III","A","K2","nowy","nie","nie"
"2025-07-26","III","B","K3","stary","nie","nie"
"2025-07-26","III","B","K4","nowy","nie","nie"
"2025-07-26","III","C","K5","stary","nie","nie"
"2025-07-26","III","C","K6","nowy","nie","nie"
"2025-07-27","I","A","K1","stary","nie","nie"
"2025-07-27","I","A","K2","nowy","nie","nie"
"2025-07-27","I","B","K3","stary","nie","nie"
"2025-07-27","I","B","K4","nowy","nie","nie"
"2025-07-27","I","C","K5","stary","nie","nie"
"2025-07-27","I","C","K6","nowy","nie","nie"
"2025-07-27","II","A","K1","stary","nie","nie"
"2025-07-27","II","A","K2","nowy","nie","nie"
"2025-07-27","II","B","K3","stary","nie","nie"
"2025-07-27","II","B","K4","nowy","nie","nie"
"2025-07-27","II","C","K5","stary","nie","nie"
"2025-07-27","II","C","K6","nowy","nie","nie"
"2025-07-27","III","A","K1","stary","nie","nie"
"2025-07-27","III","A","K2","nowy","nie","nie"
"2025-07-27","III","B","K3","stary","nie","nie"
"2025-07-27","III","B","K4","nowy","nie","nie"
"2025-07-27","III","C","K5","stary","nie","nie"
"2025-07-27","III","C","K6","nowy","nie","nie"
"2025-07-28","I","A","K1","stary","nie","nie"
"2025-07-28","I","A","K2","nowy","nie","nie"
"2025-07-28","I","B","K3","stary","nie","nie"
"2025-07-28","I","B","K4","nowy","nie","nie"
"2025-07-28","I","C","K5","stary","nie","nie"
"2025-07-28","I","C","K6","nowy","tak","tak"
"2025-07-28","II","A","K1","stary","nie","nie"
"2025-07-28","II","A","K2","nowy","nie","nie"
"2025-07-28","II","B","K3","stary","nie","nie"
"2025-07-28","II","B","K4","nowy","nie","nie"
"2025-07-28","II","C","K5","stary","nie","nie"
"2025-07-28","II","C","K6","nowy","nie","nie"
"2025-07-28","III","A","K1","stary","nie","nie"
"2025-07-28","III","A","K2","nowy","nie","nie"
"2025-07-28","III","B","K3","stary","nie","nie"
"2025-07-28","III","B","K4","nowy","nie","nie"
"2025-07-28","III","C","K5","stary","nie","nie"
"2025-07-28","III","C","K6","nowy","nie","nie"
"2025-07-29","I","A","K1","stary","nie","nie"
"2025-07-29","I","A","K2","nowy","nie","nie"
"2025-07-29","I","B","K3","stary","nie","nie"
"2025-07-29","I","B","K4","nowy","nie","nie"
"2025-07-29","I","C","K5","stary","nie","nie"
"2025-07-29","I","C","K6","nowy","nie","nie"
"2025-07-29","II","A","K1","stary","nie","tak"
"2025-07-29","II","A","K2","nowy","nie","nie"
"2025-07-29","II","B","K3","stary","nie","nie"
"2025-07-29","II","B","K4","nowy","nie","nie"
"2025-07-29","II","C","K5","stary","nie","nie"
"2025-07-29","II","C","K6","nowy","nie","nie"
"2025-07-29","III","A","K1","stary","nie","nie"
"2025-07-29","III","A","K2","nowy","nie","nie"
"2025-07-29","III","B","K3","stary","nie","nie"
"2025-07-29","III","B","K4","nowy","nie","nie"
"2025-07-29","III","C","K5","stary","nie","nie"
"2025-07-29","III","C","K6","nowy","nie","nie"
"2025-07-30","I","A","K1","stary","nie","nie"
"2025-07-30","I","A","K2","nowy","nie","nie"
"2025-07-30","I","B","K3","stary","nie","nie"
"2025-07-30","I","B","K4","nowy","nie","nie"
"2025-07-30","I","C","K5","stary","nie","nie"
"2025-07-30","I","C","K6","nowy","nie","nie"
"2025-07-30","II","A","K1","stary","nie","nie"
"2025-07-30","II","A","K2","nowy","nie","nie"
"2025-07-30","II","B","K3","stary","nie","nie"
"2025-07-30","II","B","K4","nowy","nie","nie"
"2025-07-30","II","C","K5","stary","nie","nie"
"2025-07-30","II","C","K6","nowy","nie","nie"
"2025-07-30","III","A","K1","stary","nie","nie"
"2025-07-30","III","A","K2","nowy","nie","nie"
"2025-07-30","III","B","K3","stary","nie","nie"
"2025-07-30","III","B","K4","nowy","nie","nie"
"2025-07-30","III","C","K5","stary","nie","nie"
"2025-07-30","III","C","K6","nowy","nie","nie"
"2025-07-31","I","A","K1","stary","nie","nie"
"2025-07-31","I","A","K2","nowy","nie","nie"
"2025-07-31","I","B","K3","stary","nie","nie"
"2025-07-31","I","B","K4","nowy","nie","nie"
"2025-07-31","I","C","K5","stary","nie","nie"
"2025-07-31","I","C","K6","nowy","nie","nie"
"2025-07-31","II","A","K1","stary","nie","nie"
"2025-07-31","II","A","K2","nowy","nie","nie"
"2025-07-31","II","B","K3","stary","nie","nie"
"2025-07-31","II","B","K4","nowy","nie","nie"
"2025-07-31","II","C","K5","stary","nie","nie"
"2025-07-31","II","C","K6","nowy","nie","nie"
"2025-07-31","III","A","K1","stary","nie","nie"
"2025-07-31","III","A","K2","nowy","nie","nie"
"2025-07-31","III","B","K3","stary","nie","nie"
"2025-07-31","III","B","K4","nowy","nie","nie"
"2025-07-31","III","C","K5","stary","nie","nie"
"2025-07-31","III","C","K6","nowy","nie","nie"
"2025-08-01","I","A","K1","stary","nie","nie"
"2025-08-01","I","A","K2","nowy","nie","nie"
"2025-08-01","I","B","K3","stary","nie","nie"
"2025-08-01","I","B","K4","nowy","nie","nie"
"2025-08-01","I","C","K5","stary","nie","nie"
"2025-08-01","I","C","K6","nowy","nie","nie"
"2025-08-01","II","A","K1","stary","nie","nie"
"2025-08-01","II","A","K2","nowy","nie","nie"
"2025-08-01","II","B","K3","stary","nie","nie"
"2025-08-01","II","B","K4","nowy","nie","nie"
"2025-08-01","II","C","K5","stary","nie","nie"
"2025-08-01","II","C","K6","nowy","nie","nie"
"2025-08-01","III","A","K1","stary","nie","nie"
"2025-08-01","III","A","K2","nowy","nie","nie"
"2025-08-01","III","B","K3","stary","nie","nie"
"2025-08-01","III","B","K4","nowy","nie","nie"
"2025-08-01","III","C","K5","stary","nie","nie"
"2025-08-01","III","C","K6","nowy","nie","nie"
"2025-08-02","I","A","K1","stary","nie","nie"
"2025-08-02","I","A","K2","nowy","nie","nie"
"2025-08-02","I","B","K3","stary","nie","nie"
"2025-08-02","I","B","K4","nowy","nie","nie"
"2025-08-02","I","C","K5","stary","nie","nie"
"2025-08-02","I","C","K6","nowy","nie","nie"
"2025-08-02","II","A","K1","stary","nie","nie"
"2025-08-02","II","A","K2","nowy","nie","nie"
"2025-08-02","II","B","K3","stary","nie","nie"
"2025-08-02","II","B","K4","nowy","nie","nie"
"2025-08-02","II","C","K5","stary","nie","nie"
"2025-08-02","II","C","K6","nowy","nie","nie"
"2025-08-02","III","A","K1","stary","nie","nie"
"2025-08-02","III","A","K2","nowy","nie","nie"
"2025-08-02","III","B","K3","stary","nie","nie"
"2025-08-02","III","B","K4","nowy","nie","nie"
"2025-08-02","III","C","K5","stary","nie","nie"
"2025-08-02","III","C","K6","nowy","nie","nie"
"2025-08-03","I","A","K1","stary","nie","nie"
"2025-08-03","I","A","K2","nowy","nie","nie"
"2025-08-03","I","B","K3","stary","nie","nie"
"2025-08-03","I","B","K4","nowy","nie","nie"
"2025-08-03","I","C","K5","stary","nie","nie"
"2025-08-03","I","C","K6","nowy","nie","nie"
"2025-08-03","II","A","K1","stary","nie","nie"
"2025-08-03","II","A","K2","nowy","nie","nie"
"2025-08-03","II","B","K3","stary","nie","nie"
"2025-08-03","II","B","K4","nowy","nie","nie"
"2025-08-03","II","C","K5","stary","nie","nie"
"2025-08-03","II","C","K6","nowy","nie","nie"
"2025-08-03","III","A","K1","stary","nie","nie"
"2025-08-03","III","A","K2","nowy","nie","nie"
"2025-08-03","III","B","K3","stary","nie","nie"
"2025-08-03","III","B","K4","nowy","nie","nie"
"2025-08-03","III","C","K5","stary","nie","nie"
"2025-08-03","III","C","K6","nowy","nie","nie"
"2025-08-04","I","A","K1","stary","nie","nie"
"2025-08-04","I","A","K2","nowy","nie","nie"
"2025-08-04","I","B","K3","stary","nie","nie"
"2025-08-04","I","B","K4","nowy","nie","nie"
"2025-08-04","I","C","K5","stary","nie","nie"
"2025-08-04","I","C","K6","nowy","nie","nie"
"2025-08-04","II","A","K1","stary","nie","nie"
"2025-08-04","II","A","K2","nowy","nie","nie"
"2025-08-04","II","B","K3","stary","nie","tak"
"2025-08-04","II","B","K4","nowy","nie","nie"
"2025-08-04","II","C","K5","stary","nie","nie"
"2025-08-04","II","C","K6","nowy","nie","nie"
"2025-08-04","III","A","K1","stary","nie","nie"
"2025-08-04","III","A","K2","nowy","nie","nie"
"2025-08-04","III","B","K3","stary","nie","nie"
"2025-08-04","III","B","K4","nowy","nie","nie"
"2025-08-04","III","C","K5","stary","nie","nie"
"2025-08-04","III","C","K6","nowy","nie","nie"
"2025-08-05","I","A","K1","stary","nie","nie"
"2025-08-05","I","A","K2","nowy","nie","nie"
"2025-08-05","I","B","K3","stary","nie","nie"
"2025-08-05","I","B","K4","nowy","nie","nie"
"2025-08-05","I","C","K5","stary","nie","nie"
"2025-08-05","I","C","K6","nowy","nie","nie"
"2025-08-05","II","A","K1","stary","nie","nie"
"2025-08-05","II","A","K2","nowy","nie","tak"
"2025-08-05","II","B","K3","stary","nie","nie"
"2025-08-05","II","B","K4","nowy","nie","nie"
"2025-08-05","II","C","K5","stary","nie","nie"
"2025-08-05","II","C","K6","nowy","nie","nie"
"2025-08-05","III","A","K1","stary","nie","tak"
"2025-08-05","III","A","K2","nowy","nie","nie"
"2025-08-05","III","B","K3","stary","nie","nie"
"2025-08-05","III","B","K4","nowy","nie","nie"
"2025-08-05","III","C","K5","stary","nie","nie"
"2025-08-05","III","C","K6","nowy","nie","nie"
"2025-08-06","I","A","K1","stary","nie","nie"
"2025-08-06","I","A","K2","nowy","nie","nie"
"2025-08-06","I","B","K3","stary","nie","nie"
"2025-08-06","I","B","K4","nowy","nie","nie"
"2025-08-06","I","C","K5","stary","nie","nie"
"2025-08-06","I","C","K6","nowy","nie","nie"
"2025-08-06","II","A","K1","stary","nie","nie"
"2025-08-06","II","A","K2","nowy","nie","nie"
"2025-08-06","II","B","K3","stary","nie","nie"
"2025-08-06","II","B","K4","nowy","nie","nie"
"2025-08-06","II","C","K5","stary","nie","nie"
"2025-08-06","II","C","K6","nowy","nie","nie"
"2025-08-06","III","A","K1","stary","nie","nie"
"2025-08-06","III","A","K2","nowy","nie","nie"
"2025-08-06","III","B","K3","stary","nie","nie"
"2025-08-06","III","B","K4","nowy","nie","nie"
"2025-08-06","III","C","K5","stary","nie","nie"
"2025-08-06","III","C","K6","nowy","nie","nie"
"2025-08-07","I","A","K1","stary","nie","nie"
"2025-08-07","I","A","K2","nowy","nie","nie"
"2025-08-07","I","B","K3","stary","nie","nie"
"2025-08-07","I","B","K4","nowy","nie","nie"
"2025-08-07","I","C","K5","stary","nie","nie"
"2025-08-07","I","C","K6","nowy","nie","nie"
"2025-08-07","II","A","K1","stary","nie","nie"
"2025-08-07","II","A","K2","nowy","nie","nie"
"2025-08-07","II","B","K3","stary","nie","nie"
"2025-08-07","II","B","K4","nowy","nie","nie"
"2025-08-07","II","C","K5","stary","nie","nie"
"2025-08-07","II","C","K6","nowy","nie","nie"
"2025-08-07","III","A","K1","stary","nie","nie"
"2025-08-07","III","A","K2","nowy","nie","nie"
"2025-08-07","III","B","K3","stary","nie","nie"
"2025-08-07","III","B","K4","nowy","nie","nie"
"2025-08-07","III","C","K5","stary","nie","nie"
"2025-08-07","III","C","K6","nowy","nie","nie"
"2025-08-08","I","A","K1","stary","nie","nie"
"2025-08-08","I","A","K2","nowy","nie","nie"
"2025-08-08","I","B","K3","stary","nie","nie"
"2025-08-08","I","B","K4","nowy","nie","nie"
"2025-08-08","I","C","K5","stary","tak","tak"
"2025-08-08","I","C","K6","nowy","nie","nie"
"2025-08-08","II","A","K1","stary","nie","nie"
"2025-08-08","II","A","K2","nowy","nie","nie"
"2025-08-08","II","B","K3","stary","nie","nie"
"2025-08-08","II","B","K4","nowy","nie","nie"
"2025-08-08","II","C","K5","stary","nie","nie"
"2025-08-08","II","C","K6","nowy","nie","nie"
"2025-08-08","III","A","K1","stary","nie","nie"
"2025-08-08","III","A","K2","nowy","nie","nie"
"2025-08-08","III","B","K3","stary","nie","nie"
"2025-08-08","III","B","K4","nowy","nie","nie"
"2025-08-08","III","C","K5","stary","nie","nie"
"2025-08-08","III","C","K6","nowy","nie","nie"
"2025-08-09","I","A","K1","stary","nie","nie"
"2025-08-09","I","A","K2","nowy","nie","nie"
"2025-08-09","I","B","K3","stary","nie","nie"
"2025-08-09","I","B","K4","nowy","nie","nie"
"2025-08-09","I","C","K5","stary","nie","nie"
"2025-08-09","I","C","K6","nowy","nie","nie"
"2025-08-09","II","A","K1","stary","nie","nie"
"2025-08-09","II","A","K2","nowy","nie","nie"
"2025-08-09","II","B","K3","stary","nie","nie"
"2025-08-09","II","B","K4","nowy","nie","nie"
"2025-08-09","II","C","K5","stary","nie","nie"
"2025-08-09","II","C","K6","nowy","nie","nie"
"2025-08-09","III","A","K1","stary","nie","nie"
"2025-08-09","III","A","K2","nowy","nie","nie"
"2025-08-09","III","B","K3","stary","nie","nie"
"2025-08-09","III","B","K4","nowy","nie","nie"
"2025-08-09","III","C","K5","stary","nie","tak"
"2025-08-09","III","C","K6","nowy","nie","nie"
"2025-08-10","I","A","K1","stary","nie","nie"
"2025-08-10","I","A","K2","nowy","nie","nie"
"2025-08-10","I","B","K3","stary","nie","tak"
"2025-08-10","I","B","K4","nowy","nie","nie"
"2025-08-10","I","C","K5","stary","nie","nie"
"2025-08-10","I","C","K6","nowy","nie","nie"
"2025-08-10","II","A","K1","stary","nie","nie"
"2025-08-10","II","A","K2","nowy","nie","nie"
"2025-08-10","II","B","K3","stary","nie","nie"
"2025-08-10","II","B","K4","nowy","nie","nie"
"2025-08-10","II","C","K5","stary","nie","nie"
"2025-08-10","II","C","K6","nowy","nie","nie"
"2025-08-10","III","A","K1","stary","nie","nie"
"2025-08-10","III","A","K2","nowy","nie","nie"
"2025-08-10","III","B","K3","stary","nie","tak"
"2025-08-10","III","B","K4","nowy","nie","nie"
"2025-08-10","III","C","K5","stary","tak","tak"
"2025-08-10","III","C","K6","nowy","nie","nie"
"2025-08-11","I","A","K1","stary","nie","nie"
"2025-08-11","I","A","K2","nowy","nie","nie"
"2025-08-11","I","B","K3","stary","nie","nie"
"2025-08-11","I","B","K4","nowy","nie","nie"
"2025-08-11","I","C","K5","stary","nie","nie"
"2025-08-11","I","C","K6","nowy","nie","nie"
"2025-08-11","II","A","K1","stary","nie","nie"
"2025-08-11","II","A","K2","nowy","nie","nie"
"2025-08-11","II","B","K3","stary","nie","nie"
"2025-08-11","II","B","K4","nowy","nie","nie"
"2025-08-11","II","C","K5","stary","nie","nie"
"2025-08-11","II","C","K6","nowy","nie","nie"
"2025-08-11","III","A","K1","stary","nie","nie"
"2025-08-11","III","A","K2","nowy","nie","nie"
"2025-08-11","III","B","K3","stary","nie","nie"
"2025-08-11","III","B","K4","nowy","nie","nie"
"2025-08-11","III","C","K5","stary","nie","nie"
"2025-08-11","III","C","K6","nowy","nie","nie"
"2025-08-12","I","A","K1","stary","nie","nie"
"2025-08-12","I","A","K2","nowy","nie","nie"
"2025-08-12","I","B","K3","stary","nie","nie"
"2025-08-12","I","B","K4","nowy","nie","nie"
"2025-08-12","I","C","K5","stary","nie","tak"
"2025-08-12","I","C","K6","nowy","nie","nie"
"2025-08-12","II","A","K1","stary","nie","nie"
"2025-08-12","II","A","K2","nowy","nie","nie"
"2025-08-12","II","B","K3","stary","nie","nie"
"2025-08-12","II","B","K4","nowy","nie","nie"
"2025-08-12","II","C","K5","stary","nie","nie"
"2025-08-12","II","C","K6","nowy","tak","tak"
"2025-08-12","III","A","K1","stary","nie","nie"
"2025-08-12","III","A","K2","nowy","nie","nie"
"2025-08-12","III","B","K3","stary","nie","nie"
"2025-08-12","III","B","K4","nowy","nie","nie"
"2025-08-12","III","C","K5","stary","nie","nie"
"2025-08-12","III","C","K6","nowy","nie","nie"
"2025-08-13","I","A","K1","stary","nie","nie"
"2025-08-13","I","A","K2","nowy","nie","nie"
"2025-08-13","I","B","K3","stary","nie","tak"
"2025-08-13","I","B","K4","nowy","nie","nie"
"2025-08-13","I","C","K5","stary","nie","nie"
"2025-08-13","I","C","K6","nowy","nie","nie"
"2025-08-13","II","A","K1","stary","nie","nie"
"2025-08-13","II","A","K2","nowy","nie","nie"
"2025-08-13","II","B","K3","stary","nie","nie"
"2025-08-13","II","B","K4","nowy","nie","nie"
"2025-08-13","II","C","K5","stary","nie","nie"
"2025-08-13","II","C","K6","nowy","nie","nie"
"2025-08-13","III","A","K1","stary","nie","nie"
"2025-08-13","III","A","K2","nowy","nie","nie"
"2025-08-13","III","B","K3","stary","nie","nie"
"2025-08-13","III","B","K4","nowy","nie","nie"
"2025-08-13","III","C","K5","stary","nie","nie"
"2025-08-13","III","C","K6","nowy","nie","nie"
"2025-08-14","I","A","K1","stary","nie","nie"
"2025-08-14","I","A","K2","nowy","nie","nie"
"2025-08-14","I","B","K3","stary","nie","nie"
"2025-08-14","I","B","K4","nowy","nie","nie"
"2025-08-14","I","C","K5","stary","nie","nie"
"2025-08-14","I","C","K6","nowy","nie","nie"
"2025-08-14","II","A","K1","stary","nie","nie"
"2025-08-14","II","A","K2","nowy","nie","nie"
"2025-08-14","II","B","K3","stary","nie","nie"
"2025-08-14","II","B","K4","nowy","nie","nie"
"2025-08-14","II","C","K5","stary","nie","nie"
"2025-08-14","II","C","K6","nowy","nie","nie"
"2025-08-14","III","A","K1","stary","nie","nie"
"2025-08-14","III","A","K2","nowy","nie","nie"
"2025-08-14","III","B","K3","stary","nie","nie"
"2025-08-14","III","B","K4","nowy","nie","nie"
"2025-08-14","III","C","K5","stary","nie","nie"
"2025-08-14","III","C","K6","nowy","nie","nie"
"2025-08-15","I","A","K1","stary","nie","nie"
"2025-08-15","I","A","K2","nowy","nie","nie"
"2025-08-15","I","B","K3","stary","nie","nie"
"2025-08-15","I","B","K4","nowy","nie","nie"
"2025-08-15","I","C","K5","stary","nie","nie"
"2025-08-15","I","C","K6","nowy","nie","nie"
"2025-08-15","II","A","K1","stary","nie","nie"
"2025-08-15","II","A","K2","nowy","nie","nie"
"2025-08-15","II","B","K3","stary","nie","nie"
"2025-08-15","II","B","K4","nowy","nie","nie"
"2025-08-15","II","C","K5","stary","nie","nie"
"2025-08-15","II","C","K6","nowy","nie","nie"
"2025-08-15","III","A","K1","stary","nie","nie"
"2025-08-15","III","A","K2","nowy","nie","tak"
"2025-08-15","III","B","K3","stary","nie","nie"
"2025-08-15","III","B","K4","nowy","nie","nie"
"2025-08-15","III","C","K5","stary","nie","nie"
"2025-08-15","III","C","K6","nowy","nie","nie"
"2025-08-16","I","A","K1","stary","nie","nie"
"2025-08-16","I","A","K2","nowy","nie","nie"
"2025-08-16","I","B","K3","stary","nie","nie"
"2025-08-16","I","B","K4","nowy","nie","nie"
"2025-08-16","I","C","K5","stary","nie","nie"
"2025-08-16","I","C","K6","nowy","nie","nie"
"2025-08-16","II","A","K1","stary","nie","nie"
"2025-08-16","II","A","K2","nowy","nie","nie"
"2025-08-16","II","B","K3","stary","nie","nie"
"2025-08-16","II","B","K4","nowy","nie","nie"
"2025-08-16","II","C","K5","stary","nie","nie"
"2025-08-16","II","C","K6","nowy","nie","nie"
"2025-08-16","III","A","K1","stary","nie","nie"
"2025-08-16","III","A","K2","nowy","tak","tak"
"2025-08-16","III","B","K3","stary","nie","nie"
"2025-08-16","III","B","K4","nowy","nie","nie"
"2025-08-16","III","C","K5","stary","tak","nie"
"2025-08-16","III","C","K6","nowy","nie","nie"
"2025-08-17","I","A","K1","stary","nie","nie"
"2025-08-17","I","A","K2","nowy","nie","nie"
"2025-08-17","I","B","K3","stary","nie","nie"
"2025-08-17","I","B","K4","nowy","nie","nie"
"2025-08-17","I","C","K5","stary","nie","nie"
"2025-08-17","I","C","K6","nowy","nie","nie"
"2025-08-17","II","A","K1","stary","nie","nie"
"2025-08-17","II","A","K2","nowy","nie","nie"
"2025-08-17","II","B","K3","stary","nie","nie"
"2025-08-17","II","B","K4","nowy","nie","nie"
"2025-08-17","II","C","K5","stary","nie","nie"
"2025-08-17","II","C","K6","nowy","nie","nie"
"2025-08-17","III","A","K1","stary","nie","nie"
"2025-08-17","III","A","K2","nowy","nie","nie"
"2025-08-17","III","B","K3","stary","nie","nie"
"2025-08-17","III","B","K4","nowy","nie","nie"
"2025-08-17","III","C","K5","stary","nie","nie"
"2025-08-17","III","C","K6","nowy","nie","nie"
"2025-08-18","I","A","K1","stary","nie","nie"
"2025-08-18","I","A","K2","nowy","nie","nie"
"2025-08-18","I","B","K3","stary","nie","nie"
"2025-08-18","I","B","K4","nowy","nie","nie"
"2025-08-18","I","C","K5","stary","nie","nie"
"2025-08-18","I","C","K6","nowy","nie","nie"
"2025-08-18","II","A","K1","stary","nie","nie"
"2025-08-18","II","A","K2","nowy","nie","nie"
"2025-08-18","II","B","K3","stary","nie","nie"
"2025-08-18","II","B","K4","nowy","nie","nie"
"2025-08-18","II","C","K5","stary","nie","nie"
"2025-08-18","II","C","K6","nowy","nie","nie"
"2025-08-18","III","A","K1","stary","nie","nie"
"2025-08-18","III","A","K2","nowy","nie","nie"
"2025-08-18","III","B","K3","stary","nie","nie"
"2025-08-18","III","B","K4","nowy","nie","nie"
"2025-08-18","III","C","K5","stary","nie","tak"
"2025-08-18","III","C","K6","nowy","nie","nie"
"2025-08-19","I","A","K1","stary","nie","nie"
"2025-08-19","I","A","K2","nowy","nie","nie"
"2025-08-19","I","B","K3","stary","nie","nie"
"2025-08-19","I","B","K4","nowy","nie","nie"
"2025-08-19","I","C","K5","stary","nie","nie"
"2025-08-19","I","C","K6","nowy","nie","nie"
"2025-08-19","II","A","K1","stary","nie","nie"
"2025-08-19","II","A","K2","nowy","nie","nie"
"2025-08-19","II","B","K3","stary","nie","nie"
"2025-08-19","II","B","K4","nowy","nie","nie"
"2025-08-19","II","C","K5","stary","nie","nie"
"2025-08-19","II","C","K6","nowy","nie","nie"
"2025-08-19","III","A","K1","stary","nie","nie"
"2025-08-19","III","A","K2","nowy","nie","nie"
"2025-08-19","III","B","K3","stary","nie","nie"
"2025-08-19","III","B","K4","nowy","nie","nie"
"2025-08-19","III","C","K5","stary","nie","nie"
"2025-08-19","III","C","K6","nowy","nie","nie"
"2025-08-20","I","A","K1","stary","nie","nie"
"2025-08-20","I","A","K2","nowy","nie","nie"
"2025-08-20","I","B","K3","stary","nie","nie"
"2025-08-20","I","B","K4","nowy","nie","nie"
"2025-08-20","I","C","K5","stary","nie","tak"
"2025-08-20","I","C","K6","nowy","nie","nie"
"2025-08-20","II","A","K1","stary","nie","nie"
"2025-08-20","II","A","K2","nowy","nie","nie"
"2025-08-20","II","B","K3","stary","nie","nie"
"2025-08-20","II","B","K4","nowy","nie","nie"
"2025-08-20","II","C","K5","stary","nie","nie"
"2025-08-20","II","C","K6","nowy","nie","nie"
"2025-08-20","III","A","K1","stary","nie","nie"
"2025-08-20","III","A","K2","nowy","nie","nie"
"2025-08-20","III","B","K3","stary","nie","nie"
"2025-08-20","III","B","K4","nowy","nie","nie"
"2025-08-20","III","C","K5","stary","nie","nie"
"2025-08-20","III","C","K6","nowy","nie","nie"
"2025-08-21","I","A","K1","stary","nie","nie"
"2025-08-21","I","A","K2","nowy","nie","nie"
"2025-08-21","I","B","K3","stary","nie","nie"
"2025-08-21","I","B","K4","nowy","nie","nie"
"2025-08-21","I","C","K5","stary","tak","tak"
"2025-08-21","I","C","K6","nowy","nie","nie"
"2025-08-21","II","A","K1","stary","nie","nie"
"2025-08-21","II","A","K2","nowy","nie","nie"
"2025-08-21","II","B","K3","stary","nie","nie"
"2025-08-21","II","B","K4","nowy","nie","nie"
"2025-08-21","II","C","K5","stary","nie","nie"
"2025-08-21","II","C","K6","nowy","nie","nie"
"2025-08-21","III","A","K1","stary","nie","nie"
"2025-08-21","III","A","K2","nowy","nie","nie"
"2025-08-21","III","B","K3","stary","nie","nie"
"2025-08-21","III","B","K4","nowy","nie","nie"
"2025-08-21","III","C","K5","stary","nie","nie"
"2025-08-21","III","C","K6","nowy","nie","nie"
"2025-08-22","I","A","K1","stary","nie","nie"
"2025-08-22","I","A","K2","nowy","nie","nie"
"2025-08-22","I","B","K3","stary","nie","nie"
"2025-08-22","I","B","K4","nowy","nie","nie"
"2025-08-22","I","C","K5","stary","nie","nie"
"2025-08-22","I","C","K6","nowy","nie","nie"
"2025-08-22","II","A","K1","stary","nie","nie"
"2025-08-22","II","A","K2","nowy","nie","nie"
"2025-08-22","II","B","K3","stary","nie","nie"
"2025-08-22","II","B","K4","nowy","nie","nie"
"2025-08-22","II","C","K5","stary","nie","nie"
"2025-08-22","II","C","K6","nowy","nie","nie"
"2025-08-22","III","A","K1","stary","nie","nie"
"2025-08-22","III","A","K2","nowy","nie","nie"
"2025-08-22","III","B","K3","stary","nie","nie"
"2025-08-22","III","B","K4","nowy","nie","nie"
"2025-08-22","III","C","K5","stary","nie","nie"
"2025-08-22","III","C","K6","nowy","nie","nie"
"2025-08-23","I","A","K1","stary","nie","tak"
"2025-08-23","I","A","K2","nowy","nie","nie"
"2025-08-23","I","B","K3","stary","nie","nie"
"2025-08-23","I","B","K4","nowy","nie","nie"
"2025-08-23","I","C","K5","stary","nie","nie"
"2025-08-23","I","C","K6","nowy","nie","nie"
"2025-08-23","II","A","K1","stary","nie","nie"
"2025-08-23","II","A","K2","nowy","nie","nie"
"2025-08-23","II","B","K3","stary","nie","nie"
"2025-08-23","II","B","K4","nowy","nie","nie"
"2025-08-23","II","C","K5","stary","nie","nie"
"2025-08-23","II","C","K6","nowy","nie","nie"
"2025-08-23","III","A","K1","stary","nie","tak"
"2025-08-23","III","A","K2","nowy","nie","nie"
"2025-08-23","III","B","K3","stary","nie","nie"
"2025-08-23","III","B","K4","nowy","nie","nie"
"2025-08-23","III","C","K5","stary","nie","nie"
"2025-08-23","III","C","K6","nowy","nie","nie"
"2025-08-24","I","A","K1","stary","nie","nie"
"2025-08-24","I","A","K2","nowy","nie","nie"
"2025-08-24","I","B","K3","stary","nie","nie"
"2025-08-24","I","B","K4","nowy","nie","nie"
"2025-08-24","I","C","K5","stary","nie","nie"
"2025-08-24","I","C","K6","nowy","nie","nie"
"2025-08-24","II","A","K1","stary","nie","nie"
"2025-08-24","II","A","K2","nowy","nie","nie"
"2025-08-24","II","B","K3","stary","nie","nie"
"2025-08-24","II","B","K4","nowy","nie","nie"
"2025-08-24","II","C","K5","stary","nie","nie"
"2025-08-24","II","C","K6","nowy","nie","nie"
"2025-08-24","III","A","K1","stary","nie","nie"
"2025-08-24","III","A","K2","nowy","nie","nie"
"2025-08-24","III","B","K3","stary","nie","nie"
"2025-08-24","III","B","K4","nowy","nie","nie"
"2025-08-24","III","C","K5","stary","nie","nie"
"2025-08-24","III","C","K6","nowy","nie","nie"
"2025-08-25","I","A","K1","stary","nie","nie"
"2025-08-25","I","A","K2","nowy","nie","nie"
"2025-08-25","I","B","K3","stary","nie","nie"
"2025-08-25","I","B","K4","nowy","nie","nie"
"2025-08-25","I","C","K5","stary","nie","nie"
"2025-08-25","I","C","K6","nowy","nie","nie"
"2025-08-25","II","A","K1","stary","nie","nie"
"2025-08-25","II","A","K2","nowy","nie","nie"
"2025-08-25","II","B","K3","stary","nie","nie"
"2025-08-25","II","B","K4","nowy","nie","nie"
"2025-08-25","II","C","K5","stary","nie","tak"
"2025-08-25","II","C","K6","nowy","nie","nie"
"2025-08-25","III","A","K1","stary","nie","nie"
"2025-08-25","III","A","K2","nowy","nie","nie"
"2025-08-25","III","B","K3","stary","nie","nie"
"2025-08-25","III","B","K4","nowy","nie","nie"
"2025-08-25","III","C","K5","stary","nie","nie"
"2025-08-25","III","C","K6","nowy","nie","nie"
"2025-08-26","I","A","K1","stary","nie","nie"
"2025-08-26","I","A","K2","nowy","nie","nie"
"2025-08-26","I","B","K3","stary","nie","nie"
"2025-08-26","I","B","K4","nowy","nie","nie"
"2025-08-26","I","C","K5","stary","nie","nie"
"2025-08-26","I","C","K6","nowy","nie","nie"
"2025-08-26","II","A","K1","stary","nie","nie"
"2025-08-26","II","A","K2","nowy","nie","nie"
"2025-08-26","II","B","K3","stary","nie","nie"
"2025-08-26","II","B","K4","nowy","nie","nie"
"2025-08-26","II","C","K5","stary","nie","nie"
"2025-08-26","II","C","K6","nowy","tak","tak"
"2025-08-26","III","A","K1","stary","nie","nie"
"2025-08-26","III","A","K2","nowy","nie","nie"
"2025-08-26","III","B","K3","stary","nie","nie"
"2025-08-26","III","B","K4","nowy","nie","nie"
"2025-08-26","III","C","K5","stary","nie","nie"
"2025-08-26","III","C","K6","nowy","nie","nie"
"2025-08-27","I","A","K1","stary","nie","nie"
"2025-08-27","I","A","K2","nowy","nie","nie"
"2025-08-27","I","B","K3","stary","nie","nie"
"2025-08-27","I","B","K4","nowy","nie","nie"
"2025-08-27","I","C","K5","stary","nie","nie"
"2025-08-27","I","C","K6","nowy","nie","nie"
"2025-08-27","II","A","K1","stary","nie","nie"
"2025-08-27","II","A","K2","nowy","nie","nie"
"2025-08-27","II","B","K3","stary","nie","nie"
"2025-08-27","II","B","K4","nowy","nie","nie"
"2025-08-27","II","C","K5","stary","nie","nie"
"2025-08-27","II","C","K6","nowy","nie","nie"
"2025-08-27","III","A","K1","stary","nie","nie"
"2025-08-27","III","A","K2","nowy","nie","nie"
"2025-08-27","III","B","K3","stary","nie","nie"
"2025-08-27","III","B","K4","nowy","nie","nie"
"2025-08-27","III","C","K5","stary","nie","nie"
"2025-08-27","III","C","K6","nowy","nie","nie"
"2025-08-28","I","A","K1","stary","nie","nie"
"2025-08-28","I","A","K2","nowy","nie","nie"
"2025-08-28","I","B","K3","stary","nie","nie"
"2025-08-28","I","B","K4","nowy","nie","nie"
"2025-08-28","I","C","K5","stary","nie","nie"
"2025-08-28","I","C","K6","nowy","nie","nie"
"2025-08-28","II","A","K1","stary","nie","nie"
"2025-08-28","II","A","K2","nowy","nie","nie"
"2025-08-28","II","B","K3","stary","nie","nie"
"2025-08-28","II","B","K4","nowy","nie","nie"
"2025-08-28","II","C","K5","stary","nie","nie"
"2025-08-28","II","C","K6","nowy","nie","nie"
"2025-08-28","III","A","K1","stary","nie","nie"
"2025-08-28","III","A","K2","nowy","nie","nie"
"2025-08-28","III","B","K3","stary","nie","nie"
"2025-08-28","III","B","K4","nowy","nie","nie"
"2025-08-28","III","C","K5","stary","nie","nie"
"2025-08-28","III","C","K6","nowy","nie","nie"
"2025-08-29","I","A","K1","stary","nie","tak"
"2025-08-29","I","A","K2","nowy","nie","nie"
"2025-08-29","I","B","K3","stary","nie","nie"
"2025-08-29","I","B","K4","nowy","nie","nie"
"2025-08-29","I","C","K5","stary","nie","tak"
"2025-08-29","I","C","K6","nowy","nie","nie"
"2025-08-29","II","A","K1","stary","nie","tak"
"2025-08-29","II","A","K2","nowy","nie","nie"
"2025-08-29","II","B","K3","stary","nie","nie"
"2025-08-29","II","B","K4","nowy","nie","nie"
"2025-08-29","II","C","K5","stary","nie","nie"
"2025-08-29","II","C","K6","nowy","nie","nie"
"2025-08-29","III","A","K1","stary","nie","nie"
"2025-08-29","III","A","K2","nowy","nie","nie"
"2025-08-29","III","B","K3","stary","nie","nie"
"2025-08-29","III","B","K4","nowy","nie","nie"
"2025-08-29","III","C","K5","stary","nie","nie"
"2025-08-29","III","C","K6","nowy","nie","nie"
"2025-08-30","I","A","K1","stary","nie","nie"
"2025-08-30","I","A","K2","nowy","nie","nie"
"2025-08-30","I","B","K3","stary","nie","nie"
"2025-08-30","I","B","K4","nowy","nie","nie"
"2025-08-30","I","C","K5","stary","nie","nie"
"2025-08-30","I","C","K6","nowy","nie","nie"
"2025-08-30","II","A","K1","stary","nie","nie"
"2025-08-30","II","A","K2","nowy","nie","nie"
"2025-08-30","II","B","K3","stary","nie","tak"
"2025-08-30","II","B","K4","nowy","nie","nie"
"2025-08-30","II","C","K5","stary","nie","tak"
"2025-08-30","II","C","K6","nowy","nie","nie"
"2025-08-30","III","A","K1","stary","nie","nie"
"2025-08-30","III","A","K2","nowy","nie","nie"
"2025-08-30","III","B","K3","stary","nie","nie"
"2025-08-30","III","B","K4","nowy","nie","nie"
"2025-08-30","III","C","K5","stary","nie","nie"
"2025-08-30","III","C","K6","nowy","nie","nie"
"2025-08-31","I","A","K1","stary","nie","nie"
"2025-08-31","I","A","K2","nowy","nie","nie"
"2025-08-31","I","B","K3","stary","nie","nie"
"2025-08-31","I","B","K4","nowy","nie","nie"
"2025-08-31","I","C","K5","stary","nie","nie"
"2025-08-31","I","C","K6","nowy","nie","nie"
"2025-08-31","II","A","K1","stary","nie","nie"
"2025-08-31","II","A","K2","nowy","nie","nie"
"2025-08-31","II","B","K3","stary","nie","nie"
"2025-08-31","II","B","K4","nowy","nie","nie"
"2025-08-31","II","C","K5","stary","nie","nie"
"2025-08-31","II","C","K6","nowy","nie","nie"
"2025-08-31","III","A","K1","stary","nie","nie"
"2025-08-31","III","A","K2","nowy","nie","nie"
"2025-08-31","III","B","K3","stary","nie","nie"
"2025-08-31","III","B","K4","nowy","nie","nie"
"2025-08-31","III","C","K5","stary","nie","nie"
"2025-08-31","III","C","K6","nowy","nie","nie"
"2025-09-01","I","A","K1","stary","nie","nie"
"2025-09-01","I","A","K2","nowy","tak","tak"
"2025-09-01","I","B","K3","stary","nie","nie"
"2025-09-01","I","B","K4","nowy","nie","nie"
"2025-09-01","I","C","K5","stary","nie","nie"
"2025-09-01","I","C","K6","nowy","nie","nie"
"2025-09-01","II","A","K1","stary","nie","tak"
"2025-09-01","II","A","K2","nowy","nie","nie"
"2025-09-01","II","B","K3","stary","nie","nie"
"2025-09-01","II","B","K4","nowy","nie","nie"
"2025-09-01","II","C","K5","stary","nie","nie"
"2025-09-01","II","C","K6","nowy","nie","nie"
"2025-09-01","III","A","K1","stary","nie","nie"
"2025-09-01","III","A","K2","nowy","nie","nie"
"2025-09-01","III","B","K3","stary","nie","nie"
"2025-09-01","III","B","K4","nowy","nie","nie"
"2025-09-01","III","C","K5","stary","nie","nie"
"2025-09-01","III","C","K6","nowy","nie","nie"
"2025-09-02","I","A","K1","stary","nie","nie"
"2025-09-02","I","A","K2","nowy","nie","nie"
"2025-09-02","I","B","K3","stary","nie","nie"
"2025-09-02","I","B","K4","nowy","nie","nie"
"2025-09-02","I","C","K5","stary","nie","nie"
"2025-09-02","I","C","K6","nowy","nie","nie"
"2025-09-02","II","A","K1","stary","nie","nie"
"2025-09-02","II","A","K2","nowy","nie","nie"
"2025-09-02","II","B","K3","stary","nie","nie"
"2025-09-02","II","B","K4","nowy","nie","nie"
"2025-09-02","II","C","K5","stary","nie","nie"
"2025-09-02","II","C","K6","nowy","nie","nie"
"2025-09-02","III","A","K1","stary","nie","nie"
"2025-09-02","III","A","K2","nowy","nie","nie"
"2025-09-02","III","B","K3","stary","nie","nie"
"2025-09-02","III","B","K4","nowy","nie","nie"
"2025-09-02","III","C","K5","stary","nie","nie"
"2025-09-02","III","C","K6","nowy","nie","nie"
"2025-09-03","I","A","K1","stary","nie","nie"
"2025-09-03","I","A","K2","nowy","nie","nie"
"2025-09-03","I","B","K3","stary","nie","nie"
"2025-09-03","I","B","K4","nowy","nie","nie"
"2025-09-03","I","C","K5","stary","nie","nie"
"2025-09-03","I","C","K6","nowy","nie","nie"
"2025-09-03","II","A","K1","stary","nie","nie"
"2025-09-03","II","A","K2","nowy","nie","nie"
"2025-09-03","II","B","K3","stary","nie","nie"
"2025-09-03","II","B","K4","nowy","nie","nie"
"2025-09-03","II","C","K5","stary","nie","nie"
"2025-09-03","II","C","K6","nowy","nie","nie"
"2025-09-03","III","A","K1","stary","nie","nie"
"2025-09-03","III","A","K2","nowy","nie","nie"
"2025-09-03","III","B","K3","stary","nie","nie"
"2025-09-03","III","B","K4","nowy","nie","nie"
"2025-09-03","III","C","K5","stary","nie","nie"
"2025-09-03","III","C","K6","nowy","nie","nie"
"2025-09-04","I","A","K1","stary","nie","nie"
"2025-09-04","I","A","K2","nowy","nie","nie"
"2025-09-04","I","B","K3","stary","nie","nie"
"2025-09-04","I","B","K4","nowy","nie","nie"
"2025-09-04","I","C","K5","stary","nie","nie"
"2025-09-04","I","C","K6","nowy","nie","nie"
"2025-09-04","II","A","K1","stary","nie","nie"
"2025-09-04","II","A","K2","nowy","nie","nie"
"2025-09-04","II","B","K3","stary","nie","nie"
"2025-09-04","II","B","K4","nowy","nie","nie"
"2025-09-04","II","C","K5","stary","nie","nie"
"2025-09-04","II","C","K6","nowy","nie","nie"
"2025-09-04","III","A","K1","stary","nie","nie"
"2025-09-04","III","A","K2","nowy","nie","nie"
"2025-09-04","III","B","K3","stary","nie","nie"
"2025-09-04","III","B","K4","nowy","nie","nie"
"2025-09-04","III","C","K5","stary","nie","nie"
"2025-09-04","III","C","K6","nowy","nie","nie"
"2025-09-05","I","A","K1","stary","nie","nie"
"2025-09-05","I","A","K2","nowy","nie","nie"
"2025-09-05","I","B","K3","stary","nie","nie"
"2025-09-05","I","B","K4","nowy","nie","nie"
"2025-09-05","I","C","K5","stary","nie","nie"
"2025-09-05","I","C","K6","nowy","nie","nie"
"2025-09-05","II","A","K1","stary","nie","nie"
"2025-09-05","II","A","K2","nowy","nie","nie"
"2025-09-05","II","B","K3","stary","nie","nie"
"2025-09-05","II","B","K4","nowy","nie","nie"
"2025-09-05","II","C","K5","stary","nie","nie"
"2025-09-05","II","C","K6","nowy","nie","nie"
"2025-09-05","III","A","K1","stary","nie","nie"
"2025-09-05","III","A","K2","nowy","nie","nie"
"2025-09-05","III","B","K3","stary","nie","nie"
"2025-09-05","III","B","K4","nowy","nie","nie"
"2025-09-05","III","C","K5","stary","nie","nie"
"2025-09-05","III","C","K6","nowy","nie","nie"
"2025-09-06","I","A","K1","stary","nie","nie"
"2025-09-06","I","A","K2","nowy","nie","nie"
"2025-09-06","I","B","K3","stary","nie","nie"
"2025-09-06","I","B","K4","nowy","nie","nie"
"2025-09-06","I","C","K5","stary","nie","nie"
"2025-09-06","I","C","K6","nowy","nie","nie"
"2025-09-06","II","A","K1","stary","nie","nie"
"2025-09-06","II","A","K2","nowy","nie","nie"
"2025-09-06","II","B","K3","stary","nie","nie"
"2025-09-06","II","B","K4","nowy","nie","nie"
"2025-09-06","II","C","K5","stary","nie","nie"
"2025-09-06","II","C","K6","nowy","nie","nie"
"2025-09-06","III","A","K1","stary","nie","nie"
"2025-09-06","III","A","K2","nowy","nie","nie"
"2025-09-06","III","B","K3","stary","nie","nie"
"2025-09-06","III","B","K4","nowy","nie","nie"
"2025-09-06","III","C","K5","stary","nie","nie"
"2025-09-06","III","C","K6","nowy","nie","nie"
"2025-09-07","I","A","K1","stary","nie","nie"
"2025-09-07","I","A","K2","nowy","nie","nie"
"2025-09-07","I","B","K3","stary","nie","nie"
"2025-09-07","I","B","K4","nowy","nie","nie"
"2025-09-07","I","C","K5","stary","nie","nie"
"2025-09-07","I","C","K6","nowy","nie","nie"
"2025-09-07","II","A","K1","stary","nie","nie"
"2025-09-07","II","A","K2","nowy","nie","nie"
"2025-09-07","II","B","K3","stary","nie","nie"
"2025-09-07","II","B","K4","nowy","nie","nie"
"2025-09-07","II","C","K5","stary","nie","nie"
"2025-09-07","II","C","K6","nowy","nie","nie"
"2025-09-07","III","A","K1","stary","nie","nie"
"2025-09-07","III","A","K2","nowy","nie","nie"
"2025-09-07","III","B","K3","stary","nie","nie"
"2025-09-07","III","B","K4","nowy","nie","nie"
"2025-09-07","III","C","K5","stary","nie","nie"
"2025-09-07","III","C","K6","nowy","nie","nie"
"2025-09-08","I","A","K1","stary","nie","nie"
"2025-09-08","I","A","K2","nowy","nie","nie"
"2025-09-08","I","B","K3","stary","nie","tak"
"2025-09-08","I","B","K4","nowy","nie","nie"
"2025-09-08","I","C","K5","stary","nie","nie"
"2025-09-08","I","C","K6","nowy","nie","nie"
"2025-09-08","II","A","K1","stary","nie","nie"
"2025-09-08","II","A","K2","nowy","nie","nie"
"2025-09-08","II","B","K3","stary","tak","tak"
"2025-09-08","II","B","K4","nowy","nie","nie"
"2025-09-08","II","C","K5","stary","nie","nie"
"2025-09-08","II","C","K6","nowy","nie","nie"
"2025-09-08","III","A","K1","stary","nie","tak"
"2025-09-08","III","A","K2","nowy","nie","nie"
"2025-09-08","III","B","K3","stary","nie","nie"
"2025-09-08","III","B","K4","nowy","nie","nie"
"2025-09-08","III","C","K5","stary","nie","nie"
"2025-09-08","III","C","K6","nowy","nie","nie"
"2025-09-09","I","A","K1","stary","nie","nie"
"2025-09-09","I","A","K2","nowy","nie","nie"
"2025-09-09","I","B","K3","stary","nie","nie"
"2025-09-09","I","B","K4","nowy","nie","nie"
"2025-09-09","I","C","K5","stary","nie","nie"
"2025-09-09","I","C","K6","nowy","nie","nie"
"2025-09-09","II","A","K1","stary","nie","nie"
"2025-09-09","II","A","K2","nowy","nie","nie"
"2025-09-09","II","B","K3","stary","nie","nie"
"2025-09-09","II","B","K4","nowy","nie","nie"
"2025-09-09","II","C","K5","stary","nie","nie"
"2025-09-09","II","C","K6","nowy","nie","nie"
"2025-09-09","III","A","K1","stary","nie","nie"
"2025-09-09","III","A","K2","nowy","nie","nie"
"2025-09-09","III","B","K3","stary","nie","nie"
"2025-09-09","III","B","K4","nowy","nie","nie"
"2025-09-09","III","C","K5","stary","nie","nie"
"2025-09-09","III","C","K6","nowy","nie","nie"
"2025-09-10","I","A","K1","stary","nie","nie"
"2025-09-10","I","A","K2","nowy","nie","nie"
"2025-09-10","I","B","K3","stary","nie","nie"
"2025-09-10","I","B","K4","nowy","nie","nie"
"2025-09-10","I","C","K5","stary","nie","nie"
"2025-09-10","I","C","K6","nowy","tak","tak"
"2025-09-10","II","A","K1","stary","nie","nie"
"2025-09-10","II","A","K2","nowy","nie","nie"
"2025-09-10","II","B","K3","stary","nie","nie"
"2025-09-10","II","B","K4","nowy","nie","nie"
"2025-09-10","II","C","K5","stary","nie","nie"
"2025-09-10","II","C","K6","nowy","nie","nie"
"2025-09-10","III","A","K1","stary","nie","nie"
"2025-09-10","III","A","K2","nowy","nie","nie"
"2025-09-10","III","B","K3","stary","nie","nie"
"2025-09-10","III","B","K4","nowy","nie","nie"
"2025-09-10","III","C","K5","stary","nie","nie"
"2025-09-10","III","C","K6","nowy","nie","nie"
"2025-09-11","I","A","K1","stary","nie","nie"
"2025-09-11","I","A","K2","nowy","nie","nie"
"2025-09-11","I","B","K3","stary","nie","nie"
"2025-09-11","I","B","K4","nowy","nie","nie"
"2025-09-11","I","C","K5","stary","nie","nie"
"2025-09-11","I","C","K6","nowy","nie","nie"
"2025-09-11","II","A","K1","stary","nie","nie"
"2025-09-11","II","A","K2","nowy","nie","nie"
"2025-09-11","II","B","K3","stary","nie","nie"
"2025-09-11","II","B","K4","nowy","nie","nie"
"2025-09-11","II","C","K5","stary","nie","nie"
"2025-09-11","II","C","K6","nowy","nie","nie"
"2025-09-11","III","A","K1","stary","nie","tak"
"2025-09-11","III","A","K2","nowy","nie","nie"
"2025-09-11","III","B","K3","stary","nie","nie"
"2025-09-11","III","B","K4","nowy","nie","nie"
"2025-09-11","III","C","K5","stary","nie","nie"
"2025-09-11","III","C","K6","nowy","nie","nie"
"2025-09-12","I","A","K1","stary","nie","nie"
"2025-09-12","I","A","K2","nowy","nie","nie"
"2025-09-12","I","B","K3","stary","nie","nie"
"2025-09-12","I","B","K4","nowy","nie","nie"
"2025-09-12","I","C","K5","stary","nie","nie"
"2025-09-12","I","C","K6","nowy","nie","nie"
"2025-09-12","II","A","K1","stary","nie","nie"
"2025-09-12","II","A","K2","nowy","nie","nie"
"2025-09-12","II","B","K3","stary","nie","nie"
"2025-09-12","II","B","K4","nowy","nie","nie"
"2025-09-12","II","C","K5","stary","nie","tak"
"2025-09-12","II","C","K6","nowy","nie","nie"
"2025-09-12","III","A","K1","stary","nie","nie"
"2025-09-12","III","A","K2","nowy","nie","nie"
"2025-09-12","III","B","K3","stary","nie","nie"
"2025-09-12","III","B","K4","nowy","nie","nie"
"2025-09-12","III","C","K5","stary","nie","nie"
"2025-09-12","III","C","K6","nowy","nie","nie"
"2025-09-13","I","A","K1","stary","nie","nie"
"2025-09-13","I","A","K2","nowy","nie","nie"
"2025-09-13","I","B","K3","stary","nie","nie"
"2025-09-13","I","B","K4","nowy","nie","nie"
"2025-09-13","I","C","K5","stary","nie","nie"
"2025-09-13","I","C","K6","nowy","nie","nie"
"2025-09-13","II","A","K1","stary","nie","nie"
"2025-09-13","II","A","K2","nowy","nie","nie"
"2025-09-13","II","B","K3","stary","nie","nie"
"2025-09-13","II","B","K4","nowy","nie","nie"
"2025-09-13","II","C","K5","stary","nie","nie"
"2025-09-13","II","C","K6","nowy","nie","nie"
"2025-09-13","III","A","K1","stary","nie","nie"
"2025-09-13","III","A","K2","nowy","nie","nie"
"2025-09-13","III","B","K3","stary","nie","nie"
"2025-09-13","III","B","K4","nowy","nie","nie"
"2025-09-13","III","C","K5","stary","nie","nie"
"2025-09-13","III","C","K6","nowy","nie","nie"
"2025-09-14","I","A","K1","stary","nie","nie"
"2025-09-14","I","A","K2","nowy","nie","nie"
"2025-09-14","I","B","K3","stary","nie","nie"
"2025-09-14","I","B","K4","nowy","nie","nie"
"2025-09-14","I","C","K5","stary","nie","nie"
"2025-09-14","I","C","K6","nowy","nie","nie"
"2025-09-14","II","A","K1","stary","nie","tak"
"2025-09-14","II","A","K2","nowy","nie","nie"
"2025-09-14","II","B","K3","stary","nie","nie"
"2025-09-14","II","B","K4","nowy","nie","nie"
"2025-09-14","II","C","K5","stary","nie","nie"
"2025-09-14","II","C","K6","nowy","nie","nie"
"2025-09-14","III","A","K1","stary","nie","nie"
"2025-09-14","III","A","K2","nowy","nie","nie"
"2025-09-14","III","B","K3","stary","nie","nie"
"2025-09-14","III","B","K4","nowy","nie","nie"
"2025-09-14","III","C","K5","stary","nie","nie"
"2025-09-14","III","C","K6","nowy","nie","nie"
"2025-09-15","I","A","K1","stary","nie","nie"
"2025-09-15","I","A","K2","nowy","nie","nie"
"2025-09-15","I","B","K3","stary","nie","nie"
"2025-09-15","I","B","K4","nowy","nie","nie"
"2025-09-15","I","C","K5","stary","nie","nie"
"2025-09-15","I","C","K6","nowy","nie","nie"
"2025-09-15","II","A","K1","stary","nie","nie"
"2025-09-15","II","A","K2","nowy","nie","nie"
"2025-09-15","II","B","K3","stary","nie","nie"
"2025-09-15","II","B","K4","nowy","nie","nie"
"2025-09-15","II","C","K5","stary","nie","nie"
"2025-09-15","II","C","K6","nowy","nie","nie"
"2025-09-15","III","A","K1","stary","nie","nie"
"2025-09-15","III","A","K2","nowy","nie","nie"
"2025-09-15","III","B","K3","stary","nie","nie"
"2025-09-15","III","B","K4","nowy","nie","nie"
"2025-09-15","III","C","K5","stary","nie","nie"
"2025-09-15","III","C","K6","nowy","nie","nie"
"2025-09-16","I","A","K1","stary","nie","nie"
"2025-09-16","I","A","K2","nowy","nie","nie"
"2025-09-16","I","B","K3","stary","nie","nie"
"2025-09-16","I","B","K4","nowy","nie","nie"
"2025-09-16","I","C","K5","stary","nie","nie"
"2025-09-16","I","C","K6","nowy","nie","nie"
"2025-09-16","II","A","K1","stary","nie","nie"
"2025-09-16","II","A","K2","nowy","nie","nie"
"2025-09-16","II","B","K3","stary","nie","nie"
"2025-09-16","II","B","K4","nowy","nie","nie"
"2025-09-16","II","C","K5","stary","nie","nie"
"2025-09-16","II","C","K6","nowy","nie","nie"
"2025-09-16","III","A","K1","stary","nie","nie"
"2025-09-16","III","A","K2","nowy","nie","nie"
"2025-09-16","III","B","K3","stary","nie","nie"
"2025-09-16","III","B","K4","nowy","nie","nie"
"2025-09-16","III","C","K5","stary","nie","nie"
"2025-09-16","III","C","K6","nowy","nie","nie"
"2025-09-17","I","A","K1","stary","nie","nie"
"2025-09-17","I","A","K2","nowy","nie","nie"
"2025-09-17","I","B","K3","stary","nie","nie"
"2025-09-17","I","B","K4","nowy","nie","nie"
"2025-09-17","I","C","K5","stary","nie","nie"
"2025-09-17","I","C","K6","nowy","nie","nie"
"2025-09-17","II","A","K1","stary","nie","nie"
"2025-09-17","II","A","K2","nowy","nie","nie"
"2025-09-17","II","B","K3","stary","nie","nie"
"2025-09-17","II","B","K4","nowy","nie","nie"
"2025-09-17","II","C","K5","stary","nie","nie"
"2025-09-17","II","C","K6","nowy","nie","nie"
"2025-09-17","III","A","K1","stary","nie","nie"
"2025-09-17","III","A","K2","nowy","nie","nie"
"2025-09-17","III","B","K3","stary","nie","nie"
"2025-09-17","III","B","K4","nowy","nie","nie"
"2025-09-17","III","C","K5","stary","nie","nie"
"2025-09-17","III","C","K6","nowy","nie","nie"
"2025-09-18","I","A","K1","stary","nie","nie"
"2025-09-18","I","A","K2","nowy","nie","nie"
"2025-09-18","I","B","K3","stary","nie","nie"
"2025-09-18","I","B","K4","nowy","nie","nie"
"2025-09-18","I","C","K5","stary","nie","nie"
"2025-09-18","I","C","K6","nowy","nie","nie"
"2025-09-18","II","A","K1","stary","nie","nie"
"2025-09-18","II","A","K2","nowy","nie","nie"
"2025-09-18","II","B","K3","stary","nie","nie"
"2025-09-18","II","B","K4","nowy","nie","nie"
"2025-09-18","II","C","K5","stary","nie","nie"
"2025-09-18","II","C","K6","nowy","nie","nie"
"2025-09-18","III","A","K1","stary","nie","nie"
"2025-09-18","III","A","K2","nowy","nie","nie"
"2025-09-18","III","B","K3","stary","nie","nie"
"2025-09-18","III","B","K4","nowy","nie","nie"
"2025-09-18","III","C","K5","stary","nie","nie"
"2025-09-18","III","C","K6","nowy","nie","nie"
"2025-09-19","I","A","K1","stary","nie","nie"
"2025-09-19","I","A","K2","nowy","nie","nie"
"2025-09-19","I","B","K3","stary","nie","nie"
"2025-09-19","I","B","K4","nowy","nie","nie"
"2025-09-19","I","C","K5","stary","nie","nie"
"2025-09-19","I","C","K6","nowy","nie","nie"
"2025-09-19","II","A","K1","stary","nie","nie"
"2025-09-19","II","A","K2","nowy","nie","nie"
"2025-09-19","II","B","K3","stary","nie","nie"
"2025-09-19","II","B","K4","nowy","nie","nie"
"2025-09-19","II","C","K5","stary","nie","nie"
"2025-09-19","II","C","K6","nowy","nie","nie"
"2025-09-19","III","A","K1","stary","nie","nie"
"2025-09-19","III","A","K2","nowy","nie","nie"
"2025-09-19","III","B","K3","stary","nie","nie"
"2025-09-19","III","B","K4","nowy","nie","nie"
"2025-09-19","III","C","K5","stary","nie","nie"
"2025-09-19","III","C","K6","nowy","nie","nie"
"2025-09-20","I","A","K1","stary","nie","nie"
"2025-09-20","I","A","K2","nowy","nie","nie"
"2025-09-20","I","B","K3","stary","nie","tak"
"2025-09-20","I","B","K4","nowy","nie","nie"
"2025-09-20","I","C","K5","stary","nie","nie"
"2025-09-20","I","C","K6","nowy","nie","nie"
"2025-09-20","II","A","K1","stary","nie","nie"
"2025-09-20","II","A","K2","nowy","nie","nie"
"2025-09-20","II","B","K3","stary","nie","nie"
"2025-09-20","II","B","K4","nowy","nie","nie"
"2025-09-20","II","C","K5","stary","nie","nie"
"2025-09-20","II","C","K6","nowy","nie","nie"
"2025-09-20","III","A","K1","stary","nie","nie"
"2025-09-20","III","A","K2","nowy","nie","nie"
"2025-09-20","III","B","K3","stary","nie","nie"
"2025-09-20","III","B","K4","nowy","nie","nie"
"2025-09-20","III","C","K5","stary","nie","nie"
"2025-09-20","III","C","K6","nowy","tak","tak"
"2025-09-21","I","A","K1","stary","nie","nie"
"2025-09-21","I","A","K2","nowy","nie","nie"
"2025-09-21","I","B","K3","stary","nie","nie"
"2025-09-21","I","B","K4","nowy","nie","nie"
"2025-09-21","I","C","K5","stary","nie","nie"
"2025-09-21","I","C","K6","nowy","nie","nie"
"2025-09-21","II","A","K1","stary","nie","nie"
"2025-09-21","II","A","K2","nowy","nie","nie"
"2025-09-21","II","B","K3","stary","nie","nie"
"2025-09-21","II","B","K4","nowy","nie","nie"
"2025-09-21","II","C","K5","stary","nie","nie"
"2025-09-21","II","C","K6","nowy","nie","nie"
"2025-09-21","III","A","K1","stary","nie","nie"
"2025-09-21","III","A","K2","nowy","nie","nie"
"2025-09-21","III","B","K3","stary","nie","nie"
"2025-09-21","III","B","K4","nowy","nie","nie"
"2025-09-21","III","C","K5","stary","nie","nie"
"2025-09-21","III","C","K6","nowy","nie","nie"
"2025-09-22","I","A","K1","stary","nie","nie"
"2025-09-22","I","A","K2","nowy","nie","nie"
"2025-09-22","I","B","K3","stary","nie","nie"
"2025-09-22","I","B","K4","nowy","nie","nie"
"2025-09-22","I","C","K5","stary","nie","nie"
"2025-09-22","I","C","K6","nowy","nie","nie"
"2025-09-22","II","A","K1","stary","nie","nie"
"2025-09-22","II","A","K2","nowy","nie","nie"
"2025-09-22","II","B","K3","stary","nie","nie"
"2025-09-22","II","B","K4","nowy","nie","nie"
"2025-09-22","II","C","K5","stary","nie","nie"
"2025-09-22","II","C","K6","nowy","nie","nie"
"2025-09-22","III","A","K1","stary","nie","nie"
"2025-09-22","III","A","K2","nowy","nie","nie"
"2025-09-22","III","B","K3","stary","nie","nie"
"2025-09-22","III","B","K4","nowy","nie","nie"
"2025-09-22","III","C","K5","stary","nie","nie"
"2025-09-22","III","C","K6","nowy","nie","nie"
"2025-09-23","I","A","K1","stary","nie","tak"
"2025-09-23","I","A","K2","nowy","nie","nie"
"2025-09-23","I","B","K3","stary","nie","nie"
"2025-09-23","I","B","K4","nowy","nie","nie"
"2025-09-23","I","C","K5","stary","nie","tak"
"2025-09-23","I","C","K6","nowy","nie","nie"
"2025-09-23","II","A","K1","stary","nie","nie"
"2025-09-23","II","A","K2","nowy","nie","nie"
"2025-09-23","II","B","K3","stary","nie","nie"
"2025-09-23","II","B","K4","nowy","nie","nie"
"2025-09-23","II","C","K5","stary","nie","nie"
"2025-09-23","II","C","K6","nowy","nie","nie"
"2025-09-23","III","A","K1","stary","nie","nie"
"2025-09-23","III","A","K2","nowy","nie","tak"
"2025-09-23","III","B","K3","stary","nie","nie"
"2025-09-23","III","B","K4","nowy","nie","nie"
"2025-09-23","III","C","K5","stary","nie","nie"
"2025-09-23","III","C","K6","nowy","nie","nie"
"2025-09-24","I","A","K1","stary","nie","nie"
"2025-09-24","I","A","K2","nowy","nie","nie"
"2025-09-24","I","B","K3","stary","nie","tak"
"2025-09-24","I","B","K4","nowy","nie","nie"
"2025-09-24","I","C","K5","stary","nie","nie"
"2025-09-24","I","C","K6","nowy","nie","nie"
"2025-09-24","II","A","K1","stary","nie","nie"
"2025-09-24","II","A","K2","nowy","nie","nie"
"2025-09-24","II","B","K3","stary","nie","nie"
"2025-09-24","II","B","K4","nowy","nie","nie"
"2025-09-24","II","C","K5","stary","nie","nie"
"2025-09-24","II","C","K6","nowy","nie","nie"
"2025-09-24","III","A","K1","stary","nie","tak"
"2025-09-24","III","A","K2","nowy","nie","nie"
"2025-09-24","III","B","K3","stary","nie","nie"
"2025-09-24","III","B","K4","nowy","nie","nie"
"2025-09-24","III","C","K5","stary","nie","nie"
"2025-09-24","III","C","K6","nowy","nie","nie"
"2025-09-25","I","A","K1","stary","nie","nie"
"2025-09-25","I","A","K2","nowy","nie","nie"
"2025-09-25","I","B","K3","stary","nie","nie"
"2025-09-25","I","B","K4","nowy","nie","nie"
"2025-09-25","I","C","K5","stary","nie","nie"
"2025-09-25","I","C","K6","nowy","nie","nie"
"2025-09-25","II","A","K1","stary","nie","nie"
"2025-09-25","II","A","K2","nowy","nie","nie"
"2025-09-25","II","B","K3","stary","nie","nie"
"2025-09-25","II","B","K4","nowy","nie","nie"
"2025-09-25","II","C","K5","stary","nie","nie"
"2025-09-25","II","C","K6","nowy","nie","nie"
"2025-09-25","III","A","K1","stary","nie","nie"
"2025-09-25","III","A","K2","nowy","nie","nie"
"2025-09-25","III","B","K3","stary","nie","nie"
"2025-09-25","III","B","K4","nowy","nie","nie"
"2025-09-25","III","C","K5","stary","nie","nie"
"2025-09-25","III","C","K6","nowy","nie","nie"
"2025-09-26","I","A","K1","stary","nie","nie"
"2025-09-26","I","A","K2","nowy","nie","nie"
"2025-09-26","I","B","K3","stary","nie","nie"
"2025-09-26","I","B","K4","nowy","nie","nie"
"2025-09-26","I","C","K5","stary","nie","nie"
"2025-09-26","I","C","K6","nowy","nie","nie"
"2025-09-26","II","A","K1","stary","nie","nie"
"2025-09-26","II","A","K2","nowy","nie","nie"
"2025-09-26","II","B","K3","stary","nie","nie"
"2025-09-26","II","B","K4","nowy","nie","nie"
"2025-09-26","II","C","K5","stary","nie","nie"
"2025-09-26","II","C","K6","nowy","nie","nie"
"2025-09-26","III","A","K1","stary","nie","nie"
"2025-09-26","III","A","K2","nowy","nie","nie"
"2025-09-26","III","B","K3","stary","nie","nie"
"2025-09-26","III","B","K4","nowy","nie","nie"
"2025-09-26","III","C","K5","stary","nie","nie"
"2025-09-26","III","C","K6","nowy","nie","nie"
"2025-09-27","I","A","K1","stary","nie","tak"
"2025-09-27","I","A","K2","nowy","nie","nie"
"2025-09-27","I","B","K3","stary","nie","nie"
"2025-09-27","I","B","K4","nowy","nie","nie"
"2025-09-27","I","C","K5","stary","nie","nie"
"2025-09-27","I","C","K6","nowy","nie","nie"
"2025-09-27","II","A","K1","stary","nie","nie"
"2025-09-27","II","A","K2","nowy","nie","nie"
"2025-09-27","II","B","K3","stary","nie","nie"
"2025-09-27","II","B","K4","nowy","nie","nie"
"2025-09-27","II","C","K5","stary","nie","nie"
"2025-09-27","II","C","K6","nowy","nie","nie"
"2025-09-27","III","A","K1","stary","nie","nie"
"2025-09-27","III","A","K2","nowy","nie","nie"
"2025-09-27","III","B","K3","stary","nie","nie"
"2025-09-27","III","B","K4","nowy","nie","nie"
"2025-09-27","III","C","K5","stary","nie","nie"
"2025-09-27","III","C","K6","nowy","nie","nie"
"2025-09-28","I","A","K1","stary","nie","nie"
"2025-09-28","I","A","K2","nowy","nie","nie"
"2025-09-28","I","B","K3","stary","nie","nie"
"2025-09-28","I","B","K4","nowy","nie","nie"
"2025-09-28","I","C","K5","stary","nie","nie"
"2025-09-28","I","C","K6","nowy","nie","nie"
"2025-09-28","II","A","K1","stary","nie","nie"
"2025-09-28","II","A","K2","nowy","nie","nie"
"2025-09-28","II","B","K3","stary","nie","nie"
"2025-09-28","II","B","K4","nowy","nie","nie"
"2025-09-28","II","C","K5","stary","nie","nie"
"2025-09-28","II","C","K6","nowy","nie","nie"
"2025-09-28","III","A","K1","stary","nie","nie"
"2025-09-28","III","A","K2","nowy","nie","nie"
"2025-09-28","III","B","K3","stary","nie","nie"
"2025-09-28","III","B","K4","nowy","nie","nie"
"2025-09-28","III","C","K5","stary","nie","nie"
"2025-09-28","III","C","K6","nowy","nie","nie"
"2025-09-29","I","A","K1","stary","nie","nie"
"2025-09-29","I","A","K2","nowy","nie","nie"
"2025-09-29","I","B","K3","stary","nie","nie"
"2025-09-29","I","B","K4","nowy","nie","nie"
"2025-09-29","I","C","K5","stary","nie","nie"
"2025-09-29","I","C","K6","nowy","nie","nie"
"2025-09-29","II","A","K1","stary","nie","nie"
"2025-09-29","II","A","K2","nowy","nie","nie"
"2025-09-29","II","B","K3","stary","nie","nie"
"2025-09-29","II","B","K4","nowy","nie","nie"
"2025-09-29","II","C","K5","stary","nie","nie"
"2025-09-29","II","C","K6","nowy","nie","nie"
"2025-09-29","III","A","K1","stary","nie","nie"
"2025-09-29","III","A","K2","nowy","nie","nie"
"2025-09-29","III","B","K3","stary","nie","nie"
"2025-09-29","III","B","K4","nowy","nie","nie"
"2025-09-29","III","C","K5","stary","nie","nie"
"2025-09-29","III","C","K6","nowy","nie","nie"
"2025-09-30","I","A","K1","stary","nie","nie"
"2025-09-30","I","A","K2","nowy","nie","nie"
"2025-09-30","I","B","K3","stary","nie","nie"
"2025-09-30","I","B","K4","nowy","nie","nie"
"2025-09-30","I","C","K5","stary","nie","nie"
"2025-09-30","I","C","K6","nowy","nie","nie"
"2025-09-30","II","A","K1","stary","nie","nie"
"2025-09-30","II","A","K2","nowy","nie","nie"
"2025-09-30","II","B","K3","stary","nie","nie"
"2025-09-30","II","B","K4","nowy","nie","nie"
"2025-09-30","II","C","K5","stary","nie","nie"
"2025-09-30","II","C","K6","nowy","nie","nie"
"2025-09-30","III","A","K1","stary","nie","nie"
"2025-09-30","III","A","K2","nowy","nie","nie"
"2025-09-30","III","B","K3","stary","nie","nie"
"2025-09-30","III","B","K4","nowy","nie","nie"
"2025-09-30","III","C","K5","stary","nie","tak"
"2025-09-30","III","C","K6","nowy","nie","nie"
"2025-10-01","I","A","K1","stary","nie","nie"
"2025-10-01","I","A","K2","nowy","nie","nie"
"2025-10-01","I","B","K3","stary","nie","tak"
"2025-10-01","I","B","K4","nowy","nie","nie"
"2025-10-01","I","C","K5","stary","nie","nie"
"2025-10-01","I","C","K6","nowy","nie","nie"
"2025-10-01","II","A","K1","stary","nie","nie"
"2025-10-01","II","A","K2","nowy","nie","nie"
"2025-10-01","II","B","K3","stary","nie","nie"
"2025-10-01","II","B","K4","nowy","nie","nie"
"2025-10-01","II","C","K5","stary","nie","nie"
"2025-10-01","II","C","K6","nowy","nie","nie"
"2025-10-01","III","A","K1","stary","nie","nie"
"2025-10-01","III","A","K2","nowy","nie","nie"
"2025-10-01","III","B","K3","stary","nie","nie"
"2025-10-01","III","B","K4","nowy","nie","nie"
"2025-10-01","III","C","K5","stary","nie","nie"
"2025-10-01","III","C","K6","nowy","nie","nie"
"2025-10-02","I","A","K1","stary","nie","nie"
"2025-10-02","I","A","K2","nowy","nie","nie"
"2025-10-02","I","B","K3","stary","nie","nie"
"2025-10-02","I","B","K4","nowy","nie","nie"
"2025-10-02","I","C","K5","stary","nie","nie"
"2025-10-02","I","C","K6","nowy","nie","nie"
"2025-10-02","II","A","K1","stary","nie","tak"
"2025-10-02","II","A","K2","nowy","nie","nie"
"2025-10-02","II","B","K3","stary","nie","nie"
"2025-10-02","II","B","K4","nowy","nie","nie"
"2025-10-02","II","C","K5","stary","nie","nie"
"2025-10-02","II","C","K6","nowy","nie","nie"
"2025-10-02","III","A","K1","stary","nie","nie"
"2025-10-02","III","A","K2","nowy","nie","nie"
"2025-10-02","III","B","K3","stary","nie","nie"
"2025-10-02","III","B","K4","nowy","nie","nie"
"2025-10-02","III","C","K5","stary","nie","tak"
"2025-10-02","III","C","K6","nowy","nie","nie"
"2025-10-03","I","A","K1","stary","nie","nie"
"2025-10-03","I","A","K2","nowy","nie","nie"
"2025-10-03","I","B","K3","stary","nie","nie"
"2025-10-03","I","B","K4","nowy","nie","nie"
"2025-10-03","I","C","K5","stary","nie","nie"
"2025-10-03","I","C","K6","nowy","nie","nie"
"2025-10-03","II","A","K1","stary","nie","nie"
"2025-10-03","II","A","K2","nowy","nie","nie"
"2025-10-03","II","B","K3","stary","nie","nie"
"2025-10-03","II","B","K4","nowy","nie","nie"
"2025-10-03","II","C","K5","stary","nie","nie"
"2025-10-03","II","C","K6","nowy","nie","nie"
"2025-10-03","III","A","K1","stary","nie","nie"
"2025-10-03","III","A","K2","nowy","nie","nie"
"2025-10-03","III","B","K3","stary","nie","nie"
"2025-10-03","III","B","K4","nowy","nie","nie"
"2025-10-03","III","C","K5","stary","nie","nie"
"2025-10-03","III","C","K6","nowy","nie","nie"
"2025-10-04","I","A","K1","stary","nie","nie"
"2025-10-04","I","A","K2","nowy","nie","nie"
"2025-10-04","I","B","K3","stary","nie","nie"
"2025-10-04","I","B","K4","nowy","nie","nie"
"2025-10-04","I","C","K5","stary","nie","nie"
"2025-10-04","I","C","K6","nowy","nie","nie"
"2025-10-04","II","A","K1","stary","nie","nie"
"2025-10-04","II","A","K2","nowy","nie","nie"
"2025-10-04","II","B","K3","stary","nie","nie"
"2025-10-04","II","B","K4","nowy","nie","nie"
"2025-10-04","II","C","K5","stary","nie","nie"
"2025-10-04","II","C","K6","nowy","nie","nie"
"2025-10-04","III","A","K1","stary","nie","nie"
"2025-10-04","III","A","K2","nowy","nie","nie"
"2025-10-04","III","B","K3","stary","nie","nie"
"2025-10-04","III","B","K4","nowy","nie","nie"
"2025-10-04","III","C","K5","stary","nie","nie"
"2025-10-04","III","C","K6","nowy","nie","nie"
"2025-10-05","I","A","K1","stary","nie","nie"
"2025-10-05","I","A","K2","nowy","nie","nie"
"2025-10-05","I","B","K3","stary","nie","nie"
"2025-10-05","I","B","K4","nowy","nie","nie"
"2025-10-05","I","C","K5","stary","nie","nie"
"2025-10-05","I","C","K6","nowy","nie","nie"
"2025-10-05","II","A","K1","stary","nie","nie"
"2025-10-05","II","A","K2","nowy","nie","nie"
"2025-10-05","II","B","K3","stary","nie","nie"
"2025-10-05","II","B","K4","nowy","nie","nie"
"2025-10-05","II","C","K5","stary","nie","nie"
"2025-10-05","II","C","K6","nowy","nie","nie"
"2025-10-05","III","A","K1","stary","nie","nie"
"2025-10-05","III","A","K2","nowy","nie","nie"
"2025-10-05","III","B","K3","stary","nie","nie"
"2025-10-05","III","B","K4","nowy","nie","nie"
"2025-10-05","III","C","K5","stary","nie","nie"
"2025-10-05","III","C","K6","nowy","nie","nie"
"2025-10-06","I","A","K1","stary","nie","nie"
"2025-10-06","I","A","K2","nowy","nie","nie"
"2025-10-06","I","B","K3","stary","nie","nie"
"2025-10-06","I","B","K4","nowy","nie","nie"
"2025-10-06","I","C","K5","stary","nie","nie"
"2025-10-06","I","C","K6","nowy","nie","nie"
"2025-10-06","II","A","K1","stary","nie","nie"
"2025-10-06","II","A","K2","nowy","nie","nie"
"2025-10-06","II","B","K3","stary","nie","nie"
"2025-10-06","II","B","K4","nowy","nie","nie"
"2025-10-06","II","C","K5","stary","nie","nie"
"2025-10-06","II","C","K6","nowy","tak","tak"
"2025-10-06","III","A","K1","stary","nie","nie"
"2025-10-06","III","A","K2","nowy","nie","nie"
"2025-10-06","III","B","K3","stary","nie","nie"
"2025-10-06","III","B","K4","nowy","nie","nie"
"2025-10-06","III","C","K5","stary","nie","nie"
"2025-10-06","III","C","K6","nowy","nie","nie"
"2025-10-07","I","A","K1","stary","nie","nie"
"2025-10-07","I","A","K2","nowy","nie","nie"
"2025-10-07","I","B","K3","stary","nie","nie"
"2025-10-07","I","B","K4","nowy","nie","nie"
"2025-10-07","I","C","K5","stary","nie","nie"
"2025-10-07","I","C","K6","nowy","nie","nie"
"2025-10-07","II","A","K1","stary","nie","nie"
"2025-10-07","II","A","K2","nowy","nie","nie"
"2025-10-07","II","B","K3","stary","nie","nie"
"2025-10-07","II","B","K4","nowy","nie","nie"
"2025-10-07","II","C","K5","stary","nie","nie"
"2025-10-07","II","C","K6","nowy","nie","nie"
"2025-10-07","III","A","K1","stary","nie","nie"
"2025-10-07","III","A","K2","nowy","nie","nie"
"2025-10-07","III","B","K3","stary","nie","nie"
"2025-10-07","III","B","K4","nowy","nie","nie"
"2025-10-07","III","C","K5","stary","nie","nie"
"2025-10-07","III","C","K6","nowy","nie","nie"
"2025-10-08","I","A","K1","stary","nie","nie"
"2025-10-08","I","A","K2","nowy","nie","nie"
"2025-10-08","I","B","K3","stary","nie","nie"
"2025-10-08","I","B","K4","nowy","nie","nie"
"2025-10-08","I","C","K5","stary","nie","nie"
"2025-10-08","I","C","K6","nowy","nie","nie"
"2025-10-08","II","A","K1","stary","nie","nie"
"2025-10-08","II","A","K2","nowy","nie","nie"
"2025-10-08","II","B","K3","stary","nie","tak"
"2025-10-08","II","B","K4","nowy","nie","nie"
"2025-10-08","II","C","K5","stary","nie","nie"
"2025-10-08","II","C","K6","nowy","nie","nie"
"2025-10-08","III","A","K1","stary","nie","nie"
"2025-10-08","III","A","K2","nowy","nie","nie"
"2025-10-08","III","B","K3","stary","nie","tak"
"2025-10-08","III","B","K4","nowy","nie","nie"
"2025-10-08","III","C","K5","stary","nie","nie"
"2025-10-08","III","C","K6","nowy","nie","nie"
"2025-10-09","I","A","K1","stary","nie","nie"
"2025-10-09","I","A","K2","nowy","nie","nie"
"2025-10-09","I","B","K3","stary","nie","nie"
"2025-10-09","I","B","K4","nowy","nie","nie"
"2025-10-09","I","C","K5","stary","nie","nie"
"2025-10-09","I","C","K6","nowy","nie","nie"
"2025-10-09","II","A","K1","stary","nie","nie"
"2025-10-09","II","A","K2","nowy","nie","nie"
"2025-10-09","II","B","K3","stary","nie","nie"
"2025-10-09","II","B","K4","nowy","nie","nie"
"2025-10-09","II","C","K5","stary","nie","nie"
"2025-10-09","II","C","K6","nowy","nie","nie"
"2025-10-09","III","A","K1","stary","nie","nie"
"2025-10-09","III","A","K2","nowy","nie","nie"
"2025-10-09","III","B","K3","stary","tak","tak"
"2025-10-09","III","B","K4","nowy","nie","tak"
"2025-10-09","III","C","K5","stary","nie","nie"
"2025-10-09","III","C","K6","nowy","nie","nie"
"2025-10-10","I","A","K1","stary","nie","nie"
"2025-10-10","I","A","K2","nowy","nie","nie"
"2025-10-10","I","B","K3","stary","nie","tak"
"2025-10-10","I","B","K4","nowy","nie","nie"
"2025-10-10","I","C","K5","stary","nie","nie"
"2025-10-10","I","C","K6","nowy","nie","nie"
"2025-10-10","II","A","K1","stary","nie","nie"
"2025-10-10","II","A","K2","nowy","nie","nie"
"2025-10-10","II","B","K3","stary","nie","nie"
"2025-10-10","II","B","K4","nowy","nie","nie"
"2025-10-10","II","C","K5","stary","nie","nie"
"2025-10-10","II","C","K6","nowy","nie","nie"
"2025-10-10","III","A","K1","stary","nie","tak"
"2025-10-10","III","A","K2","nowy","nie","nie"
"2025-10-10","III","B","K3","stary","nie","nie"
"2025-10-10","III","B","K4","nowy","nie","nie"
"2025-10-10","III","C","K5","stary","nie","nie"
"2025-10-10","III","C","K6","nowy","nie","nie"
"2025-10-11","I","A","K1","stary","nie","tak"
"2025-10-11","I","A","K2","nowy","nie","nie"
"2025-10-11","I","B","K3","stary","nie","nie"
"2025-10-11","I","B","K4","nowy","nie","nie"
"2025-10-11","I","C","K5","stary","nie","nie"
"2025-10-11","I","C","K6","nowy","nie","nie"
"2025-10-11","II","A","K1","stary","nie","nie"
"2025-10-11","II","A","K2","nowy","nie","nie"
"2025-10-11","II","B","K3","stary","nie","nie"
"2025-10-11","II","B","K4","nowy","nie","nie"
"2025-10-11","II","C","K5","stary","nie","tak"
"2025-10-11","II","C","K6","nowy","nie","nie"
"2025-10-11","III","A","K1","stary","nie","nie"
"2025-10-11","III","A","K2","nowy","nie","nie"
"2025-10-11","III","B","K3","stary","nie","nie"
"2025-10-11","III","B","K4","nowy","nie","nie"
"2025-10-11","III","C","K5","stary","nie","nie"
"2025-10-11","III","C","K6","nowy","nie","nie"
"2025-10-12","I","A","K1","stary","nie","nie"
"2025-10-12","I","A","K2","nowy","nie","nie"
"2025-10-12","I","B","K3","stary","nie","nie"
"2025-10-12","I","B","K4","nowy","nie","nie"
"2025-10-12","I","C","K5","stary","nie","nie"
"2025-10-12","I","C","K6","nowy","nie","nie"
"2025-10-12","II","A","K1","stary","nie","nie"
"2025-10-12","II","A","K2","nowy","nie","nie"
"2025-10-12","II","B","K3","stary","nie","nie"
"2025-10-12","II","B","K4","nowy","nie","nie"
"2025-10-12","II","C","K5","stary","nie","tak"
"2025-10-12","II","C","K6","nowy","nie","nie"
"2025-10-12","III","A","K1","stary","nie","nie"
"2025-10-12","III","A","K2","nowy","nie","nie"
"2025-10-12","III","B","K3","stary","nie","nie"
"2025-10-12","III","B","K4","nowy","nie","nie"
"2025-10-12","III","C","K5","stary","nie","tak"
"2025-10-12","III","C","K6","nowy","nie","nie"
"2025-10-13","I","A","K1","stary","nie","nie"
"2025-10-13","I","A","K2","nowy","nie","nie"
"2025-10-13","I","B","K3","stary","nie","nie"
"2025-10-13","I","B","K4","nowy","nie","nie"
"2025-10-13","I","C","K5","stary","nie","nie"
"2025-10-13","I","C","K6","nowy","nie","nie"
"2025-10-13","II","A","K1","stary","nie","nie"
"2025-10-13","II","A","K2","nowy","nie","nie"
"2025-10-13","II","B","K3","stary","nie","nie"
"2025-10-13","II","B","K4","nowy","nie","nie"
"2025-10-13","II","C","K5","stary","nie","tak"
"2025-10-13","II","C","K6","nowy","nie","nie"
"2025-10-13","III","A","K1","stary","nie","nie"
"2025-10-13","III","A","K2","nowy","nie","nie"
"2025-10-13","III","B","K3","stary","nie","nie"
"2025-10-13","III","B","K4","nowy","tak","tak"
"2025-10-13","III","C","K5","stary","nie","nie"
"2025-10-13","III","C","K6","nowy","nie","nie"
"2025-10-14","I","A","K1","stary","nie","nie"
"2025-10-14","I","A","K2","nowy","nie","nie"
"2025-10-14","I","B","K3","stary","nie","nie"
"2025-10-14","I","B","K4","nowy","nie","nie"
"2025-10-14","I","C","K5","stary","nie","nie"
"2025-10-14","I","C","K6","nowy","nie","nie"
"2025-10-14","II","A","K1","stary","nie","nie"
"2025-10-14","II","A","K2","nowy","nie","nie"
"2025-10-14","II","B","K3","stary","nie","nie"
"2025-10-14","II","B","K4","nowy","nie","nie"
"2025-10-14","II","C","K5","stary","nie","nie"
"2025-10-14","II","C","K6","nowy","nie","nie"
"2025-10-14","III","A","K1","stary","nie","nie"
"2025-10-14","III","A","K2","nowy","nie","nie"
"2025-10-14","III","B","K3","stary","nie","nie"
"2025-10-14","III","B","K4","nowy","nie","nie"
"2025-10-14","III","C","K5","stary","nie","nie"
"2025-10-14","III","C","K6","nowy","nie","nie"
"2025-10-15","I","A","K1","stary","nie","nie"
"2025-10-15","I","A","K2","nowy","nie","nie"
"2025-10-15","I","B","K3","stary","nie","nie"
"2025-10-15","I","B","K4","nowy","nie","nie"
"2025-10-15","I","C","K5","stary","nie","nie"
"2025-10-15","I","C","K6","nowy","nie","nie"
"2025-10-15","II","A","K1","stary","nie","nie"
"2025-10-15","II","A","K2","nowy","nie","nie"
"2025-10-15","II","B","K3","stary","nie","nie"
"2025-10-15","II","B","K4","nowy","nie","nie"
"2025-10-15","II","C","K5","stary","nie","nie"
"2025-10-15","II","C","K6","nowy","nie","nie"
"2025-10-15","III","A","K1","stary","nie","nie"
"2025-10-15","III","A","K2","nowy","nie","nie"
"2025-10-15","III","B","K3","stary","nie","nie"
"2025-10-15","III","B","K4","nowy","nie","nie"
"2025-10-15","III","C","K5","stary","nie","nie"
"2025-10-15","III","C","K6","nowy","nie","nie"
"2025-10-16","I","A","K1","stary","nie","nie"
"2025-10-16","I","A","K2","nowy","nie","nie"
"2025-10-16","I","B","K3","stary","nie","nie"
"2025-10-16","I","B","K4","nowy","nie","nie"
"2025-10-16","I","C","K5","stary","nie","nie"
"2025-10-16","I","C","K6","nowy","nie","nie"
"2025-10-16","II","A","K1","stary","nie","nie"
"2025-10-16","II","A","K2","nowy","nie","nie"
"2025-10-16","II","B","K3","stary","nie","nie"
"2025-10-16","II","B","K4","nowy","nie","nie"
"2025-10-16","II","C","K5","stary","nie","nie"
"2025-10-16","II","C","K6","nowy","nie","nie"
"2025-10-16","III","A","K1","stary","nie","nie"
"2025-10-16","III","A","K2","nowy","nie","nie"
"2025-10-16","III","B","K3","stary","nie","nie"
"2025-10-16","III","B","K4","nowy","nie","nie"
"2025-10-16","III","C","K5","stary","nie","tak"
"2025-10-16","III","C","K6","nowy","nie","nie"
"2025-10-17","I","A","K1","stary","nie","nie"
"2025-10-17","I","A","K2","nowy","nie","nie"
"2025-10-17","I","B","K3","stary","nie","nie"
"2025-10-17","I","B","K4","nowy","nie","nie"
"2025-10-17","I","C","K5","stary","nie","nie"
"2025-10-17","I","C","K6","nowy","nie","nie"
"2025-10-17","II","A","K1","stary","nie","nie"
"2025-10-17","II","A","K2","nowy","nie","nie"
"2025-10-17","II","B","K3","stary","nie","nie"
"2025-10-17","II","B","K4","nowy","nie","nie"
"2025-10-17","II","C","K5","stary","nie","nie"
"2025-10-17","II","C","K6","nowy","nie","nie"
"2025-10-17","III","A","K1","stary","nie","nie"
"2025-10-17","III","A","K2","nowy","nie","nie"
"2025-10-17","III","B","K3","stary","nie","nie"
"2025-10-17","III","B","K4","nowy","nie","nie"
"2025-10-17","III","C","K5","stary","nie","nie"
"2025-10-17","III","C","K6","nowy","nie","nie"
"2025-10-18","I","A","K1","stary","nie","nie"
"2025-10-18","I","A","K2","nowy","nie","nie"
"2025-10-18","I","B","K3","stary","nie","nie"
"2025-10-18","I","B","K4","nowy","nie","nie"
"2025-10-18","I","C","K5","stary","nie","nie"
"2025-10-18","I","C","K6","nowy","nie","nie"
"2025-10-18","II","A","K1","stary","nie","nie"
"2025-10-18","II","A","K2","nowy","nie","nie"
"2025-10-18","II","B","K3","stary","nie","nie"
"2025-10-18","II","B","K4","nowy","nie","nie"
"2025-10-18","II","C","K5","stary","nie","nie"
"2025-10-18","II","C","K6","nowy","nie","nie"
"2025-10-18","III","A","K1","stary","nie","nie"
"2025-10-18","III","A","K2","nowy","nie","nie"
"2025-10-18","III","B","K3","stary","nie","nie"
"2025-10-18","III","B","K4","nowy","nie","nie"
"2025-10-18","III","C","K5","stary","nie","nie"
"2025-10-18","III","C","K6","nowy","nie","nie"
"2025-10-19","I","A","K1","stary","nie","nie"
"2025-10-19","I","A","K2","nowy","nie","nie"
"2025-10-19","I","B","K3","stary","nie","nie"
"2025-10-19","I","B","K4","nowy","nie","nie"
"2025-10-19","I","C","K5","stary","nie","nie"
"2025-10-19","I","C","K6","nowy","nie","nie"
"2025-10-19","II","A","K1","stary","nie","nie"
"2025-10-19","II","A","K2","nowy","nie","nie"
"2025-10-19","II","B","K3","stary","nie","tak"
"2025-10-19","II","B","K4","nowy","nie","nie"
"2025-10-19","II","C","K5","stary","nie","nie"
"2025-10-19","II","C","K6","nowy","nie","nie"
"2025-10-19","III","A","K1","stary","nie","nie"
"2025-10-19","III","A","K2","nowy","nie","tak"
"2025-10-19","III","B","K3","stary","nie","nie"
"2025-10-19","III","B","K4","nowy","nie","nie"
"2025-10-19","III","C","K5","stary","nie","nie"
"2025-10-19","III","C","K6","nowy","nie","nie"
"2025-10-20","I","A","K1","stary","nie","tak"
"2025-10-20","I","A","K2","nowy","nie","nie"
"2025-10-20","I","B","K3","stary","nie","nie"
"2025-10-20","I","B","K4","nowy","nie","nie"
"2025-10-20","I","C","K5","stary","nie","nie"
"2025-10-20","I","C","K6","nowy","nie","nie"
"2025-10-20","II","A","K1","stary","nie","nie"
"2025-10-20","II","A","K2","nowy","nie","nie"
"2025-10-20","II","B","K3","stary","nie","nie"
"2025-10-20","II","B","K4","nowy","nie","nie"
"2025-10-20","II","C","K5","stary","nie","nie"
"2025-10-20","II","C","K6","nowy","nie","nie"
"2025-10-20","III","A","K1","stary","nie","nie"
"2025-10-20","III","A","K2","nowy","nie","nie"
"2025-10-20","III","B","K3","stary","nie","tak"
"2025-10-20","III","B","K4","nowy","nie","nie"
"2025-10-20","III","C","K5","stary","nie","nie"
"2025-10-20","III","C","K6","nowy","nie","nie"
"2025-10-21","I","A","K1","stary","nie","nie"
"2025-10-21","I","A","K2","nowy","nie","nie"
"2025-10-21","I","B","K3","stary","nie","nie"
"2025-10-21","I","B","K4","nowy","nie","nie"
"2025-10-21","I","C","K5","stary","nie","tak"
"2025-10-21","I","C","K6","nowy","nie","nie"
"2025-10-21","II","A","K1","stary","nie","nie"
"2025-10-21","II","A","K2","nowy","nie","nie"
"2025-10-21","II","B","K3","stary","nie","nie"
"2025-10-21","II","B","K4","nowy","nie","nie"
"2025-10-21","II","C","K5","stary","nie","tak"
"2025-10-21","II","C","K6","nowy","nie","nie"
"2025-10-21","III","A","K1","stary","nie","nie"
"2025-10-21","III","A","K2","nowy","nie","nie"
"2025-10-21","III","B","K3","stary","nie","nie"
"2025-10-21","III","B","K4","nowy","nie","nie"
"2025-10-21","III","C","K5","stary","nie","nie"
"2025-10-21","III","C","K6","nowy","nie","nie"
"2025-10-22","I","A","K1","stary","nie","nie"
"2025-10-22","I","A","K2","nowy","nie","nie"
"2025-10-22","I","B","K3","stary","nie","nie"
"2025-10-22","I","B","K4","nowy","nie","nie"
"2025-10-22","I","C","K5","stary","nie","nie"
"2025-10-22","I","C","K6","nowy","nie","nie"
"2025-10-22","II","A","K1","stary","nie","tak"
"2025-10-22","II","A","K2","nowy","nie","nie"
"2025-10-22","II","B","K3","stary","nie","nie"
"2025-10-22","II","B","K4","nowy","nie","nie"
"2025-10-22","II","C","K5","stary","nie","nie"
"2025-10-22","II","C","K6","nowy","nie","nie"
"2025-10-22","III","A","K1","stary","nie","nie"
"2025-10-22","III","A","K2","nowy","nie","nie"
"2025-10-22","III","B","K3","stary","nie","tak"
"2025-10-22","III","B","K4","nowy","nie","nie"
"2025-10-22","III","C","K5","stary","nie","nie"
"2025-10-22","III","C","K6","nowy","nie","nie"
"2025-10-23","I","A","K1","stary","nie","nie"
"2025-10-23","I","A","K2","nowy","nie","nie"
"2025-10-23","I","B","K3","stary","nie","nie"
"2025-10-23","I","B","K4","nowy","nie","nie"
"2025-10-23","I","C","K5","stary","nie","nie"
"2025-10-23","I","C","K6","nowy","nie","nie"
"2025-10-23","II","A","K1","stary","nie","nie"
"2025-10-23","II","A","K2","nowy","nie","nie"
"2025-10-23","II","B","K3","stary","nie","nie"
"2025-10-23","II","B","K4","nowy","nie","nie"
"2025-10-23","II","C","K5","stary","nie","nie"
"2025-10-23","II","C","K6","nowy","nie","nie"
"2025-10-23","III","A","K1","stary","nie","nie"
"2025-10-23","III","A","K2","nowy","nie","nie"
"2025-10-23","III","B","K3","stary","nie","nie"
"2025-10-23","III","B","K4","nowy","nie","nie"
"2025-10-23","III","C","K5","stary","nie","nie"
"2025-10-23","III","C","K6","nowy","nie","nie"
"2025-10-24","I","A","K1","stary","nie","nie"
"2025-10-24","I","A","K2","nowy","nie","nie"
"2025-10-24","I","B","K3","stary","nie","nie"
"2025-10-24","I","B","K4","nowy","nie","nie"
"2025-10-24","I","C","K5","stary","nie","nie"
"2025-10-24","I","C","K6","nowy","nie","nie"
"2025-10-24","II","A","K1","stary","nie","nie"
"2025-10-24","II","A","K2","nowy","nie","nie"
"2025-10-24","II","B","K3","stary","nie","nie"
"2025-10-24","II","B","K4","nowy","nie","nie"
"2025-10-24","II","C","K5","stary","nie","nie"
"2025-10-24","II","C","K6","nowy","nie","nie"
"2025-10-24","III","A","K1","stary","nie","nie"
"2025-10-24","III","A","K2","nowy","nie","nie"
"2025-10-24","III","B","K3","stary","nie","nie"
"2025-10-24","III","B","K4","nowy","nie","nie"
"2025-10-24","III","C","K5","stary","nie","nie"
"2025-10-24","III","C","K6","nowy","nie","nie"
"2025-10-25","I","A","K1","stary","nie","nie"
"2025-10-25","I","A","K2","nowy","nie","nie"
"2025-10-25","I","B","K3","stary","nie","nie"
"2025-10-25","I","B","K4","nowy","nie","nie"
"2025-10-25","I","C","K5","stary","nie","nie"
"2025-10-25","I","C","K6","nowy","nie","nie"
"2025-10-25","II","A","K1","stary","nie","nie"
"2025-10-25","II","A","K2","nowy","nie","nie"
"2025-10-25","II","B","K3","stary","nie","nie"
"2025-10-25","II","B","K4","nowy","nie","nie"
"2025-10-25","II","C","K5","stary","nie","nie"
"2025-10-25","II","C","K6","nowy","nie","nie"
"2025-10-25","III","A","K1","stary","nie","nie"
"2025-10-25","III","A","K2","nowy","nie","nie"
"2025-10-25","III","B","K3","stary","nie","nie"
"2025-10-25","III","B","K4","nowy","nie","nie"
"2025-10-25","III","C","K5","stary","nie","nie"
"2025-10-25","III","C","K6","nowy","nie","nie"
"2025-10-26","I","A","K1","stary","nie","nie"
"2025-10-26","I","A","K2","nowy","nie","nie"
"2025-10-26","I","B","K3","stary","nie","nie"
"2025-10-26","I","B","K4","nowy","nie","nie"
"2025-10-26","I","C","K5","stary","nie","nie"
"2025-10-26","I","C","K6","nowy","nie","nie"
"2025-10-26","II","A","K1","stary","nie","nie"
"2025-10-26","II","A","K2","nowy","nie","nie"
"2025-10-26","II","B","K3","stary","nie","nie"
"2025-10-26","II","B","K4","nowy","nie","nie"
"2025-10-26","II","C","K5","stary","nie","nie"
"2025-10-26","II","C","K6","nowy","nie","nie"
"2025-10-26","III","A","K1","stary","nie","nie"
"2025-10-26","III","A","K2","nowy","nie","nie"
"2025-10-26","III","B","K3","stary","nie","nie"
"2025-10-26","III","B","K4","nowy","nie","nie"
"2025-10-26","III","C","K5","stary","nie","nie"
"2025-10-26","III","C","K6","nowy","nie","nie"
"2025-10-27","I","A","K1","stary","nie","nie"
"2025-10-27","I","A","K2","nowy","nie","nie"
"2025-10-27","I","B","K3","stary","nie","tak"
"2025-10-27","I","B","K4","nowy","nie","nie"
"2025-10-27","I","C","K5","stary","nie","tak"
"2025-10-27","I","C","K6","nowy","nie","nie"
"2025-10-27","II","A","K1","stary","nie","nie"
"2025-10-27","II","A","K2","nowy","nie","nie"
"2025-10-27","II","B","K3","stary","nie","nie"
"2025-10-27","II","B","K4","nowy","nie","nie"
"2025-10-27","II","C","K5","stary","nie","nie"
"2025-10-27","II","C","K6","nowy","nie","nie"
"2025-10-27","III","A","K1","stary","nie","nie"
"2025-10-27","III","A","K2","nowy","nie","nie"
"2025-10-27","III","B","K3","stary","nie","nie"
"2025-10-27","III","B","K4","nowy","nie","nie"
"2025-10-27","III","C","K5","stary","nie","nie"
"2025-10-27","III","C","K6","nowy","nie","nie"
"2025-10-28","I","A","K1","stary","nie","nie"
"2025-10-28","I","A","K2","nowy","nie","nie"
"2025-10-28","I","B","K3","stary","nie","nie"
"2025-10-28","I","B","K4","nowy","nie","nie"
"2025-10-28","I","C","K5","stary","nie","nie"
"2025-10-28","I","C","K6","nowy","nie","nie"
"2025-10-28","II","A","K1","stary","nie","nie"
"2025-10-28","II","A","K2","nowy","nie","nie"
"2025-10-28","II","B","K3","stary","nie","nie"
"2025-10-28","II","B","K4","nowy","nie","nie"
"2025-10-28","II","C","K5","stary","nie","nie"
"2025-10-28","II","C","K6","nowy","nie","nie"
"2025-10-28","III","A","K1","stary","nie","nie"
"2025-10-28","III","A","K2","nowy","tak","tak"
"2025-10-28","III","B","K3","stary","nie","nie"
"2025-10-28","III","B","K4","nowy","nie","nie"
"2025-10-28","III","C","K5","stary","nie","nie"
"2025-10-28","III","C","K6","nowy","nie","nie"
"2025-10-29","I","A","K1","stary","nie","nie"
"2025-10-29","I","A","K2","nowy","nie","nie"
"2025-10-29","I","B","K3","stary","nie","nie"
"2025-10-29","I","B","K4","nowy","nie","nie"
"2025-10-29","I","C","K5","stary","nie","nie"
"2025-10-29","I","C","K6","nowy","nie","nie"
"2025-10-29","II","A","K1","stary","nie","nie"
"2025-10-29","II","A","K2","nowy","nie","nie"
"2025-10-29","II","B","K3","stary","nie","nie"
"2025-10-29","II","B","K4","nowy","nie","nie"
"2025-10-29","II","C","K5","stary","tak","tak"
"2025-10-29","II","C","K6","nowy","nie","nie"
"2025-10-29","III","A","K1","stary","nie","nie"
"2025-10-29","III","A","K2","nowy","nie","nie"
"2025-10-29","III","B","K3","stary","nie","nie"
"2025-10-29","III","B","K4","nowy","nie","nie"
"2025-10-29","III","C","K5","stary","nie","nie"
"2025-10-29","III","C","K6","nowy","nie","nie"
"2025-10-30","I","A","K1","stary","nie","nie"
"2025-10-30","I","A","K2","nowy","nie","nie"
"2025-10-30","I","B","K3","stary","nie","nie"
"2025-10-30","I","B","K4","nowy","nie","nie"
"2025-10-30","I","C","K5","stary","nie","nie"
"2025-10-30","I","C","K6","nowy","nie","nie"
"2025-10-30","II","A","K1","stary","nie","nie"
"2025-10-30","II","A","K2","nowy","nie","nie"
"2025-10-30","II","B","K3","stary","nie","nie"
"2025-10-30","II","B","K4","nowy","nie","nie"
"2025-10-30","II","C","K5","stary","nie","nie"
"2025-10-30","II","C","K6","nowy","nie","nie"
"2025-10-30","III","A","K1","stary","nie","nie"
"2025-10-30","III","A","K2","nowy","nie","nie"
"2025-10-30","III","B","K3","stary","nie","nie"
"2025-10-30","III","B","K4","nowy","nie","nie"
"2025-10-30","III","C","K5","stary","nie","nie"
"2025-10-30","III","C","K6","nowy","nie","nie"
"2025-10-31","I","A","K1","stary","nie","nie"
"2025-10-31","I","A","K2","nowy","nie","nie"
"2025-10-31","I","B","K3","stary","nie","nie"
"2025-10-31","I","B","K4","nowy","nie","nie"
"2025-10-31","I","C","K5","stary","nie","nie"
"2025-10-31","I","C","K6","nowy","nie","nie"
"2025-10-31","II","A","K1","stary","nie","nie"
"2025-10-31","II","A","K2","nowy","nie","nie"
"2025-10-31","II","B","K3","stary","nie","nie"
"2025-10-31","II","B","K4","nowy","nie","nie"
"2025-10-31","II","C","K5","stary","nie","nie"
"2025-10-31","II","C","K6","nowy","nie","nie"
"2025-10-31","III","A","K1","stary","nie","nie"
"2025-10-31","III","A","K2","nowy","nie","nie"
"2025-10-31","III","B","K3","stary","nie","nie"
"2025-10-31","III","B","K4","nowy","nie","nie"
"2025-10-31","III","C","K5","stary","nie","nie"
"2025-10-31","III","C","K6","nowy","nie","nie"
"2025-11-01","I","A","K1","stary","nie","nie"
"2025-11-01","I","A","K2","nowy","nie","nie"
"2025-11-01","I","B","K3","stary","nie","tak"
"2025-11-01","I","B","K4","nowy","nie","nie"
"2025-11-01","I","C","K5","stary","nie","nie"
"2025-11-01","I","C","K6","nowy","nie","nie"
"2025-11-01","II","A","K1","stary","nie","nie"
"2025-11-01","II","A","K2","nowy","nie","nie"
"2025-11-01","II","B","K3","stary","nie","nie"
"2025-11-01","II","B","K4","nowy","nie","nie"
"2025-11-01","II","C","K5","stary","nie","nie"
"2025-11-01","II","C","K6","nowy","nie","nie"
"2025-11-01","III","A","K1","stary","nie","nie"
"2025-11-01","III","A","K2","nowy","nie","nie"
"2025-11-01","III","B","K3","stary","nie","nie"
"2025-11-01","III","B","K4","nowy","nie","nie"
"2025-11-01","III","C","K5","stary","nie","tak"
"2025-11-01","III","C","K6","nowy","nie","nie"
"2025-11-02","I","A","K1","stary","nie","nie"
"2025-11-02","I","A","K2","nowy","nie","nie"
"2025-11-02","I","B","K3","stary","nie","nie"
"2025-11-02","I","B","K4","nowy","nie","nie"
"2025-11-02","I","C","K5","stary","nie","nie"
"2025-11-02","I","C","K6","nowy","nie","nie"
"2025-11-02","II","A","K1","stary","nie","nie"
"2025-11-02","II","A","K2","nowy","nie","nie"
"2025-11-02","II","B","K3","stary","nie","nie"
"2025-11-02","II","B","K4","nowy","nie","nie"
"2025-11-02","II","C","K5","stary","nie","nie"
"2025-11-02","II","C","K6","nowy","nie","nie"
"2025-11-02","III","A","K1","stary","nie","nie"
"2025-11-02","III","A","K2","nowy","nie","nie"
"2025-11-02","III","B","K3","stary","nie","nie"
"2025-11-02","III","B","K4","nowy","nie","nie"
"2025-11-02","III","C","K5","stary","nie","nie"
"2025-11-02","III","C","K6","nowy","nie","nie"
"2025-11-03","I","A","K1","stary","nie","nie"
"2025-11-03","I","A","K2","nowy","nie","nie"
"2025-11-03","I","B","K3","stary","nie","nie"
"2025-11-03","I","B","K4","nowy","nie","nie"
"2025-11-03","I","C","K5","stary","nie","nie"
"2025-11-03","I","C","K6","nowy","nie","nie"
"2025-11-03","II","A","K1","stary","nie","nie"
"2025-11-03","II","A","K2","nowy","nie","nie"
"2025-11-03","II","B","K3","stary","nie","nie"
"2025-11-03","II","B","K4","nowy","nie","nie"
"2025-11-03","II","C","K5","stary","nie","nie"
"2025-11-03","II","C","K6","nowy","nie","nie"
"2025-11-03","III","A","K1","stary","nie","nie"
"2025-11-03","III","A","K2","nowy","nie","nie"
"2025-11-03","III","B","K3","stary","nie","nie"
"2025-11-03","III","B","K4","nowy","nie","nie"
"2025-11-03","III","C","K5","stary","nie","nie"
"2025-11-03","III","C","K6","nowy","tak","tak"
"2025-11-04","I","A","K1","stary","nie","nie"
"2025-11-04","I","A","K2","nowy","nie","nie"
"2025-11-04","I","B","K3","stary","nie","nie"
"2025-11-04","I","B","K4","nowy","nie","nie"
"2025-11-04","I","C","K5","stary","nie","nie"
"2025-11-04","I","C","K6","nowy","nie","nie"
"2025-11-04","II","A","K1","stary","nie","nie"
"2025-11-04","II","A","K2","nowy","nie","nie"
"2025-11-04","II","B","K3","stary","nie","nie"
"2025-11-04","II","B","K4","nowy","nie","nie"
"2025-11-04","II","C","K5","stary","nie","nie"
"2025-11-04","II","C","K6","nowy","nie","nie"
"2025-11-04","III","A","K1","stary","nie","nie"
"2025-11-04","III","A","K2","nowy","nie","nie"
"2025-11-04","III","B","K3","stary","nie","nie"
"2025-11-04","III","B","K4","nowy","nie","nie"
"2025-11-04","III","C","K5","stary","nie","nie"
"2025-11-04","III","C","K6","nowy","nie","nie"
"2025-11-05","I","A","K1","stary","nie","tak"
"2025-11-05","I","A","K2","nowy","nie","nie"
"2025-11-05","I","B","K3","stary","nie","nie"
"2025-11-05","I","B","K4","nowy","nie","nie"
"2025-11-05","I","C","K5","stary","nie","nie"
"2025-11-05","I","C","K6","nowy","nie","nie"
"2025-11-05","II","A","K1","stary","nie","nie"
"2025-11-05","II","A","K2","nowy","nie","nie"
"2025-11-05","II","B","K3","stary","nie","nie"
"2025-11-05","II","B","K4","nowy","nie","nie"
"2025-11-05","II","C","K5","stary","nie","nie"
"2025-11-05","II","C","K6","nowy","nie","nie"
"2025-11-05","III","A","K1","stary","nie","nie"
"2025-11-05","III","A","K2","nowy","nie","nie"
"2025-11-05","III","B","K3","stary","nie","nie"
"2025-11-05","III","B","K4","nowy","nie","nie"
"2025-11-05","III","C","K5","stary","nie","nie"
"2025-11-05","III","C","K6","nowy","nie","nie"
"2025-11-06","I","A","K1","stary","nie","tak"
"2025-11-06","I","A","K2","nowy","nie","nie"
"2025-11-06","I","B","K3","stary","nie","nie"
"2025-11-06","I","B","K4","nowy","nie","nie"
"2025-11-06","I","C","K5","stary","nie","nie"
"2025-11-06","I","C","K6","nowy","nie","nie"
"2025-11-06","II","A","K1","stary","nie","nie"
"2025-11-06","II","A","K2","nowy","nie","nie"
"2025-11-06","II","B","K3","stary","nie","nie"
"2025-11-06","II","B","K4","nowy","nie","nie"
"2025-11-06","II","C","K5","stary","nie","nie"
"2025-11-06","II","C","K6","nowy","nie","nie"
"2025-11-06","III","A","K1","stary","nie","nie"
"2025-11-06","III","A","K2","nowy","nie","nie"
"2025-11-06","III","B","K3","stary","nie","nie"
"2025-11-06","III","B","K4","nowy","nie","nie"
"2025-11-06","III","C","K5","stary","nie","nie"
"2025-11-06","III","C","K6","nowy","nie","nie"
"2025-11-07","I","A","K1","stary","nie","nie"
"2025-11-07","I","A","K2","nowy","nie","nie"
"2025-11-07","I","B","K3","stary","nie","nie"
"2025-11-07","I","B","K4","nowy","nie","nie"
"2025-11-07","I","C","K5","stary","nie","tak"
"2025-11-07","I","C","K6","nowy","nie","nie"
"2025-11-07","II","A","K1","stary","nie","nie"
"2025-11-07","II","A","K2","nowy","nie","nie"
"2025-11-07","II","B","K3","stary","nie","nie"
"2025-11-07","II","B","K4","nowy","nie","nie"
"2025-11-07","II","C","K5","stary","nie","nie"
"2025-11-07","II","C","K6","nowy","nie","nie"
"2025-11-07","III","A","K1","stary","nie","tak"
"2025-11-07","III","A","K2","nowy","nie","nie"
"2025-11-07","III","B","K3","stary","nie","nie"
"2025-11-07","III","B","K4","nowy","nie","nie"
"2025-11-07","III","C","K5","stary","nie","tak"
"2025-11-07","III","C","K6","nowy","nie","nie"
"2025-11-08","I","A","K1","stary","nie","nie"
"2025-11-08","I","A","K2","nowy","nie","nie"
"2025-11-08","I","B","K3","stary","nie","nie"
"2025-11-08","I","B","K4","nowy","nie","nie"
"2025-11-08","I","C","K5","stary","nie","nie"
"2025-11-08","I","C","K6","nowy","nie","nie"
"2025-11-08","II","A","K1","stary","nie","nie"
"2025-11-08","II","A","K2","nowy","nie","nie"
"2025-11-08","II","B","K3","stary","nie","nie"
"2025-11-08","II","B","K4","nowy","nie","nie"
"2025-11-08","II","C","K5","stary","nie","nie"
"2025-11-08","II","C","K6","nowy","nie","nie"
"2025-11-08","III","A","K1","stary","nie","tak"
"2025-11-08","III","A","K2","nowy","nie","nie"
"2025-11-08","III","B","K3","stary","nie","nie"
"2025-11-08","III","B","K4","nowy","nie","nie"
"2025-11-08","III","C","K5","stary","tak","tak"
"2025-11-08","III","C","K6","nowy","nie","nie"
"2025-11-09","I","A","K1","stary","nie","nie"
"2025-11-09","I","A","K2","nowy","nie","nie"
"2025-11-09","I","B","K3","stary","nie","nie"
"2025-11-09","I","B","K4","nowy","nie","nie"
"2025-11-09","I","C","K5","stary","nie","nie"
"2025-11-09","I","C","K6","nowy","nie","nie"
"2025-11-09","II","A","K1","stary","nie","nie"
"2025-11-09","II","A","K2","nowy","nie","nie"
"2025-11-09","II","B","K3","stary","nie","nie"
"2025-11-09","II","B","K4","nowy","nie","nie"
"2025-11-09","II","C","K5","stary","nie","nie"
"2025-11-09","II","C","K6","nowy","nie","nie"
"2025-11-09","III","A","K1","stary","nie","nie"
"2025-11-09","III","A","K2","nowy","nie","nie"
"2025-11-09","III","B","K3","stary","nie","nie"
"2025-11-09","III","B","K4","nowy","nie","nie"
"2025-11-09","III","C","K5","stary","nie","nie"
"2025-11-09","III","C","K6","nowy","nie","nie"
"2025-11-10","I","A","K1","stary","nie","nie"
"2025-11-10","I","A","K2","nowy","nie","nie"
"2025-11-10","I","B","K3","stary","nie","nie"
"2025-11-10","I","B","K4","nowy","nie","nie"
"2025-11-10","I","C","K5","stary","nie","nie"
"2025-11-10","I","C","K6","nowy","nie","nie"
"2025-11-10","II","A","K1","stary","nie","tak"
"2025-11-10","II","A","K2","nowy","nie","nie"
"2025-11-10","II","B","K3","stary","nie","nie"
"2025-11-10","II","B","K4","nowy","nie","nie"
"2025-11-10","II","C","K5","stary","nie","nie"
"2025-11-10","II","C","K6","nowy","nie","nie"
"2025-11-10","III","A","K1","stary","nie","nie"
"2025-11-10","III","A","K2","nowy","nie","nie"
"2025-11-10","III","B","K3","stary","nie","nie"
"2025-11-10","III","B","K4","nowy","nie","nie"
"2025-11-10","III","C","K5","stary","nie","nie"
"2025-11-10","III","C","K6","nowy","nie","nie"
"2025-11-11","I","A","K1","stary","nie","tak"
"2025-11-11","I","A","K2","nowy","nie","nie"
"2025-11-11","I","B","K3","stary","nie","nie"
"2025-11-11","I","B","K4","nowy","nie","nie"
"2025-11-11","I","C","K5","stary","nie","nie"
"2025-11-11","I","C","K6","nowy","nie","nie"
"2025-11-11","II","A","K1","stary","nie","nie"
"2025-11-11","II","A","K2","nowy","nie","nie"
"2025-11-11","II","B","K3","stary","nie","nie"
"2025-11-11","II","B","K4","nowy","nie","nie"
"2025-11-11","II","C","K5","stary","nie","nie"
"2025-11-11","II","C","K6","nowy","nie","nie"
"2025-11-11","III","A","K1","stary","nie","nie"
"2025-11-11","III","A","K2","nowy","nie","nie"
"2025-11-11","III","B","K3","stary","nie","nie"
"2025-11-11","III","B","K4","nowy","nie","nie"
"2025-11-11","III","C","K5","stary","nie","nie"
"2025-11-11","III","C","K6","nowy","nie","nie"
"2025-11-12","I","A","K1","stary","nie","nie"
"2025-11-12","I","A","K2","nowy","nie","nie"
"2025-11-12","I","B","K3","stary","nie","nie"
"2025-11-12","I","B","K4","nowy","nie","nie"
"2025-11-12","I","C","K5","stary","nie","nie"
"2025-11-12","I","C","K6","nowy","nie","nie"
"2025-11-12","II","A","K1","stary","nie","nie"
"2025-11-12","II","A","K2","nowy","nie","nie"
"2025-11-12","II","B","K3","stary","nie","nie"
"2025-11-12","II","B","K4","nowy","nie","nie"
"2025-11-12","II","C","K5","stary","nie","nie"
"2025-11-12","II","C","K6","nowy","nie","nie"
"2025-11-12","III","A","K1","stary","nie","nie"
"2025-11-12","III","A","K2","nowy","nie","nie"
"2025-11-12","III","B","K3","stary","nie","nie"
"2025-11-12","III","B","K4","nowy","nie","nie"
"2025-11-12","III","C","K5","stary","nie","nie"
"2025-11-12","III","C","K6","nowy","nie","nie"
"2025-11-13","I","A","K1","stary","nie","nie"
"2025-11-13","I","A","K2","nowy","nie","nie"
"2025-11-13","I","B","K3","stary","nie","nie"
"2025-11-13","I","B","K4","nowy","nie","nie"
"2025-11-13","I","C","K5","stary","nie","nie"
"2025-11-13","I","C","K6","nowy","nie","nie"
"2025-11-13","II","A","K1","stary","nie","nie"
"2025-11-13","II","A","K2","nowy","nie","nie"
"2025-11-13","II","B","K3","stary","nie","nie"
"2025-11-13","II","B","K4","nowy","nie","nie"
"2025-11-13","II","C","K5","stary","nie","nie"
"2025-11-13","II","C","K6","nowy","nie","nie"
"2025-11-13","III","A","K1","stary","nie","nie"
"2025-11-13","III","A","K2","nowy","nie","nie"
"2025-11-13","III","B","K3","stary","nie","nie"
"2025-11-13","III","B","K4","nowy","nie","nie"
"2025-11-13","III","C","K5","stary","nie","nie"
"2025-11-13","III","C","K6","nowy","nie","nie"
"2025-11-14","I","A","K1","stary","nie","nie"
"2025-11-14","I","A","K2","nowy","nie","nie"
"2025-11-14","I","B","K3","stary","nie","nie"
"2025-11-14","I","B","K4","nowy","nie","nie"
"2025-11-14","I","C","K5","stary","nie","nie"
"2025-11-14","I","C","K6","nowy","nie","nie"
"2025-11-14","II","A","K1","stary","nie","nie"
"2025-11-14","II","A","K2","nowy","nie","nie"
"2025-11-14","II","B","K3","stary","nie","nie"
"2025-11-14","II","B","K4","nowy","nie","nie"
"2025-11-14","II","C","K5","stary","nie","nie"
"2025-11-14","II","C","K6","nowy","nie","nie"
"2025-11-14","III","A","K1","stary","nie","nie"
"2025-11-14","III","A","K2","nowy","nie","nie"
"2025-11-14","III","B","K3","stary","nie","nie"
"2025-11-14","III","B","K4","nowy","nie","nie"
"2025-11-14","III","C","K5","stary","nie","nie"
"2025-11-14","III","C","K6","nowy","nie","nie"
"2025-11-15","I","A","K1","stary","nie","nie"
"2025-11-15","I","A","K2","nowy","nie","nie"
"2025-11-15","I","B","K3","stary","nie","nie"
"2025-11-15","I","B","K4","nowy","nie","nie"
"2025-11-15","I","C","K5","stary","nie","nie"
"2025-11-15","I","C","K6","nowy","nie","nie"
"2025-11-15","II","A","K1","stary","nie","nie"
"2025-11-15","II","A","K2","nowy","nie","nie"
"2025-11-15","II","B","K3","stary","nie","nie"
"2025-11-15","II","B","K4","nowy","nie","nie"
"2025-11-15","II","C","K5","stary","nie","nie"
"2025-11-15","II","C","K6","nowy","nie","nie"
"2025-11-15","III","A","K1","stary","nie","nie"
"2025-11-15","III","A","K2","nowy","nie","nie"
"2025-11-15","III","B","K3","stary","nie","nie"
"2025-11-15","III","B","K4","nowy","nie","nie"
"2025-11-15","III","C","K5","stary","nie","nie"
"2025-11-15","III","C","K6","nowy","nie","nie"
"2025-11-16","I","A","K1","stary","nie","nie"
"2025-11-16","I","A","K2","nowy","nie","nie"
"2025-11-16","I","B","K3","stary","nie","nie"
"2025-11-16","I","B","K4","nowy","nie","nie"
"2025-11-16","I","C","K5","stary","nie","nie"
"2025-11-16","I","C","K6","nowy","nie","nie"
"2025-11-16","II","A","K1","stary","nie","nie"
"2025-11-16","II","A","K2","nowy","nie","nie"
"2025-11-16","II","B","K3","stary","nie","nie"
"2025-11-16","II","B","K4","nowy","nie","nie"
"2025-11-16","II","C","K5","stary","nie","nie"
"2025-11-16","II","C","K6","nowy","nie","nie"
"2025-11-16","III","A","K1","stary","nie","nie"
"2025-11-16","III","A","K2","nowy","nie","nie"
"2025-11-16","III","B","K3","stary","nie","nie"
"2025-11-16","III","B","K4","nowy","nie","nie"
"2025-11-16","III","C","K5","stary","nie","nie"
"2025-11-16","III","C","K6","nowy","nie","nie"
"2025-11-17","I","A","K1","stary","nie","tak"
"2025-11-17","I","A","K2","nowy","nie","nie"
"2025-11-17","I","B","K3","stary","nie","nie"
"2025-11-17","I","B","K4","nowy","nie","nie"
"2025-11-17","I","C","K5","stary","nie","nie"
"2025-11-17","I","C","K6","nowy","nie","nie"
"2025-11-17","II","A","K1","stary","nie","nie"
"2025-11-17","II","A","K2","nowy","nie","nie"
"2025-11-17","II","B","K3","stary","nie","nie"
"2025-11-17","II","B","K4","nowy","nie","nie"
"2025-11-17","II","C","K5","stary","nie","nie"
"2025-11-17","II","C","K6","nowy","nie","nie"
"2025-11-17","III","A","K1","stary","nie","nie"
"2025-11-17","III","A","K2","nowy","nie","nie"
"2025-11-17","III","B","K3","stary","nie","nie"
"2025-11-17","III","B","K4","nowy","nie","nie"
"2025-11-17","III","C","K5","stary","nie","nie"
"2025-11-17","III","C","K6","nowy","nie","nie"
"2025-11-18","I","A","K1","stary","nie","nie"
"2025-11-18","I","A","K2","nowy","nie","nie"
"2025-11-18","I","B","K3","stary","nie","nie"
"2025-11-18","I","B","K4","nowy","nie","nie"
"2025-11-18","I","C","K5","stary","nie","nie"
"2025-11-18","I","C","K6","nowy","nie","nie"
"2025-11-18","II","A","K1","stary","nie","nie"
"2025-11-18","II","A","K2","nowy","nie","nie"
"2025-11-18","II","B","K3","stary","nie","nie"
"2025-11-18","II","B","K4","nowy","nie","nie"
"2025-11-18","II","C","K5","stary","nie","nie"
"2025-11-18","II","C","K6","nowy","nie","nie"
"2025-11-18","III","A","K1","stary","nie","nie"
"2025-11-18","III","A","K2","nowy","nie","nie"
"2025-11-18","III","B","K3","stary","nie","nie"
"2025-11-18","III","B","K4","nowy","nie","nie"
"2025-11-18","III","C","K5","stary","nie","nie"
"2025-11-18","III","C","K6","nowy","nie","nie"
"2025-11-19","I","A","K1","stary","nie","nie"
"2025-11-19","I","A","K2","nowy","nie","nie"
"2025-11-19","I","B","K3","stary","nie","nie"
"2025-11-19","I","B","K4","nowy","nie","nie"
"2025-11-19","I","C","K5","stary","nie","nie"
"2025-11-19","I","C","K6","nowy","nie","nie"
"2025-11-19","II","A","K1","stary","nie","tak"
"2025-11-19","II","A","K2","nowy","nie","nie"
"2025-11-19","II","B","K3","stary","nie","nie"
"2025-11-19","II","B","K4","nowy","nie","nie"
"2025-11-19","II","C","K5","stary","nie","nie"
"2025-11-19","II","C","K6","nowy","nie","nie"
"2025-11-19","III","A","K1","stary","nie","nie"
"2025-11-19","III","A","K2","nowy","nie","nie"
"2025-11-19","III","B","K3","stary","nie","nie"
"2025-11-19","III","B","K4","nowy","nie","nie"
"2025-11-19","III","C","K5","stary","nie","tak"
"2025-11-19","III","C","K6","nowy","nie","nie"
"2025-11-20","I","A","K1","stary","nie","nie"
"2025-11-20","I","A","K2","nowy","nie","nie"
"2025-11-20","I","B","K3","stary","nie","nie"
"2025-11-20","I","B","K4","nowy","nie","nie"
"2025-11-20","I","C","K5","stary","nie","nie"
"2025-11-20","I","C","K6","nowy","nie","nie"
"2025-11-20","II","A","K1","stary","nie","nie"
"2025-11-20","II","A","K2","nowy","nie","nie"
"2025-11-20","II","B","K3","stary","nie","nie"
"2025-11-20","II","B","K4","nowy","nie","nie"
"2025-11-20","II","C","K5","stary","nie","nie"
"2025-11-20","II","C","K6","nowy","nie","nie"
"2025-11-20","III","A","K1","stary","nie","nie"
"2025-11-20","III","A","K2","nowy","nie","nie"
"2025-11-20","III","B","K3","stary","nie","nie"
"2025-11-20","III","B","K4","nowy","nie","nie"
"2025-11-20","III","C","K5","stary","nie","nie"
"2025-11-20","III","C","K6","nowy","nie","nie"
"2025-11-21","I","A","K1","stary","tak","tak"
"2025-11-21","I","A","K2","nowy","nie","nie"
"2025-11-21","I","B","K3","stary","nie","nie"
"2025-11-21","I","B","K4","nowy","nie","nie"
"2025-11-21","I","C","K5","stary","nie","nie"
"2025-11-21","I","C","K6","nowy","nie","nie"
"2025-11-21","II","A","K1","stary","nie","nie"
"2025-11-21","II","A","K2","nowy","nie","nie"
"2025-11-21","II","B","K3","stary","nie","nie"
"2025-11-21","II","B","K4","nowy","nie","nie"
"2025-11-21","II","C","K5","stary","nie","nie"
"2025-11-21","II","C","K6","nowy","nie","tak"
"2025-11-21","III","A","K1","stary","nie","nie"
"2025-11-21","III","A","K2","nowy","nie","nie"
"2025-11-21","III","B","K3","stary","nie","nie"
"2025-11-21","III","B","K4","nowy","nie","nie"
"2025-11-21","III","C","K5","stary","nie","nie"
"2025-11-21","III","C","K6","nowy","nie","nie"
"2025-11-22","I","A","K1","stary","nie","nie"
"2025-11-22","I","A","K2","nowy","nie","nie"
"2025-11-22","I","B","K3","stary","nie","nie"
"2025-11-22","I","B","K4","nowy","nie","nie"
"2025-11-22","I","C","K5","stary","nie","nie"
"2025-11-22","I","C","K6","nowy","nie","nie"
"2025-11-22","II","A","K1","stary","nie","nie"
"2025-11-22","II","A","K2","nowy","nie","nie"
"2025-11-22","II","B","K3","stary","nie","nie"
"2025-11-22","II","B","K4","nowy","nie","nie"
"2025-11-22","II","C","K5","stary","nie","nie"
"2025-11-22","II","C","K6","nowy","nie","nie"
"2025-11-22","III","A","K1","stary","nie","nie"
"2025-11-22","III","A","K2","nowy","nie","nie"
"2025-11-22","III","B","K3","stary","nie","nie"
"2025-11-22","III","B","K4","nowy","nie","nie"
"2025-11-22","III","C","K5","stary","nie","nie"
"2025-11-22","III","C","K6","nowy","nie","tak"
"2025-11-23","I","A","K1","stary","nie","nie"
"2025-11-23","I","A","K2","nowy","nie","nie"
"2025-11-23","I","B","K3","stary","nie","nie"
"2025-11-23","I","B","K4","nowy","nie","nie"
"2025-11-23","I","C","K5","stary","nie","nie"
"2025-11-23","I","C","K6","nowy","nie","nie"
"2025-11-23","II","A","K1","stary","nie","nie"
"2025-11-23","II","A","K2","nowy","nie","nie"
"2025-11-23","II","B","K3","stary","nie","nie"
"2025-11-23","II","B","K4","nowy","nie","nie"
"2025-11-23","II","C","K5","stary","nie","nie"
"2025-11-23","II","C","K6","nowy","nie","nie"
"2025-11-23","III","A","K1","stary","nie","nie"
"2025-11-23","III","A","K2","nowy","nie","nie"
"2025-11-23","III","B","K3","stary","nie","nie"
"2025-11-23","III","B","K4","nowy","nie","nie"
"2025-11-23","III","C","K5","stary","nie","nie"
"2025-11-23","III","C","K6","nowy","nie","nie"
"2025-11-24","I","A","K1","stary","nie","nie"
"2025-11-24","I","A","K2","nowy","nie","nie"
"2025-11-24","I","B","K3","stary","nie","nie"
"2025-11-24","I","B","K4","nowy","nie","nie"
"2025-11-24","I","C","K5","stary","nie","nie"
"2025-11-24","I","C","K6","nowy","nie","nie"
"2025-11-24","II","A","K1","stary","nie","nie"
"2025-11-24","II","A","K2","nowy","nie","nie"
"2025-11-24","II","B","K3","stary","nie","nie"
"2025-11-24","II","B","K4","nowy","nie","nie"
"2025-11-24","II","C","K5","stary","nie","nie"
"2025-11-24","II","C","K6","nowy","nie","nie"
"2025-11-24","III","A","K1","stary","nie","nie"
"2025-11-24","III","A","K2","nowy","nie","nie"
"2025-11-24","III","B","K3","stary","nie","nie"
"2025-11-24","III","B","K4","nowy","nie","nie"
"2025-11-24","III","C","K5","stary","nie","nie"
"2025-11-24","III","C","K6","nowy","nie","nie"
"2025-11-25","I","A","K1","stary","nie","tak"
"2025-11-25","I","A","K2","nowy","nie","nie"
"2025-11-25","I","B","K3","stary","nie","nie"
"2025-11-25","I","B","K4","nowy","nie","nie"
"2025-11-25","I","C","K5","stary","nie","nie"
"2025-11-25","I","C","K6","nowy","nie","nie"
"2025-11-25","II","A","K1","stary","nie","tak"
"2025-11-25","II","A","K2","nowy","nie","nie"
"2025-11-25","II","B","K3","stary","nie","nie"
"2025-11-25","II","B","K4","nowy","nie","nie"
"2025-11-25","II","C","K5","stary","nie","nie"
"2025-11-25","II","C","K6","nowy","nie","nie"
"2025-11-25","III","A","K1","stary","nie","tak"
"2025-11-25","III","A","K2","nowy","nie","nie"
"2025-11-25","III","B","K3","stary","nie","nie"
"2025-11-25","III","B","K4","nowy","nie","nie"
"2025-11-25","III","C","K5","stary","nie","nie"
"2025-11-25","III","C","K6","nowy","nie","nie"
"2025-11-26","I","A","K1","stary","nie","tak"
"2025-11-26","I","A","K2","nowy","nie","nie"
"2025-11-26","I","B","K3","stary","nie","nie"
"2025-11-26","I","B","K4","nowy","nie","nie"
"2025-11-26","I","C","K5","stary","nie","nie"
"2025-11-26","I","C","K6","nowy","nie","nie"
"2025-11-26","II","A","K1","stary","nie","nie"
"2025-11-26","II","A","K2","nowy","nie","nie"
"2025-11-26","II","B","K3","stary","nie","tak"
"2025-11-26","II","B","K4","nowy","nie","nie"
"2025-11-26","II","C","K5","stary","nie","nie"
"2025-11-26","II","C","K6","nowy","nie","nie"
"2025-11-26","III","A","K1","stary","nie","nie"
"2025-11-26","III","A","K2","nowy","nie","nie"
"2025-11-26","III","B","K3","stary","nie","nie"
"2025-11-26","III","B","K4","nowy","nie","nie"
"2025-11-26","III","C","K5","stary","nie","nie"
"2025-11-26","III","C","K6","nowy","nie","nie"
"2025-11-27","I","A","K1","stary","nie","nie"
"2025-11-27","I","A","K2","nowy","nie","nie"
"2025-11-27","I","B","K3","stary","nie","nie"
"2025-11-27","I","B","K4","nowy","nie","nie"
"2025-11-27","I","C","K5","stary","nie","nie"
"2025-11-27","I","C","K6","nowy","nie","nie"
"2025-11-27","II","A","K1","stary","nie","nie"
"2025-11-27","II","A","K2","nowy","nie","nie"
"2025-11-27","II","B","K3","stary","nie","nie"
"2025-11-27","II","B","K4","nowy","nie","nie"
"2025-11-27","II","C","K5","stary","nie","nie"
"2025-11-27","II","C","K6","nowy","nie","nie"
"2025-11-27","III","A","K1","stary","nie","nie"
"2025-11-27","III","A","K2","nowy","nie","tak"
"2025-11-27","III","B","K3","stary","nie","nie"
"2025-11-27","III","B","K4","nowy","nie","nie"
"2025-11-27","III","C","K5","stary","nie","nie"
"2025-11-27","III","C","K6","nowy","nie","nie"
"2025-11-28","I","A","K1","stary","nie","nie"
"2025-11-28","I","A","K2","nowy","nie","nie"
"2025-11-28","I","B","K3","stary","nie","nie"
"2025-11-28","I","B","K4","nowy","nie","nie"
"2025-11-28","I","C","K5","stary","nie","nie"
"2025-11-28","I","C","K6","nowy","nie","nie"
"2025-11-28","II","A","K1","stary","nie","nie"
"2025-11-28","II","A","K2","nowy","nie","nie"
"2025-11-28","II","B","K3","stary","nie","nie"
"2025-11-28","II","B","K4","nowy","nie","nie"
"2025-11-28","II","C","K5","stary","nie","nie"
"2025-11-28","II","C","K6","nowy","nie","nie"
"2025-11-28","III","A","K1","stary","nie","nie"
"2025-11-28","III","A","K2","nowy","nie","nie"
"2025-11-28","III","B","K3","stary","nie","nie"
"2025-11-28","III","B","K4","nowy","nie","nie"
"2025-11-28","III","C","K5","stary","nie","nie"
"2025-11-28","III","C","K6","nowy","nie","nie"
"2025-11-29","I","A","K1","stary","nie","nie"
"2025-11-29","I","A","K2","nowy","nie","nie"
"2025-11-29","I","B","K3","stary","nie","nie"
"2025-11-29","I","B","K4","nowy","nie","nie"
"2025-11-29","I","C","K5","stary","nie","tak"
"2025-11-29","I","C","K6","nowy","nie","nie"
"2025-11-29","II","A","K1","stary","nie","nie"
"2025-11-29","II","A","K2","nowy","nie","nie"
"2025-11-29","II","B","K3","stary","nie","nie"
"2025-11-29","II","B","K4","nowy","nie","tak"
"2025-11-29","II","C","K5","stary","nie","nie"
"2025-11-29","II","C","K6","nowy","nie","nie"
"2025-11-29","III","A","K1","stary","nie","nie"
"2025-11-29","III","A","K2","nowy","nie","nie"
"2025-11-29","III","B","K3","stary","nie","nie"
"2025-11-29","III","B","K4","nowy","nie","nie"
"2025-11-29","III","C","K5","stary","nie","nie"
"2025-11-29","III","C","K6","nowy","nie","nie"
"2025-11-30","I","A","K1","stary","nie","nie"
"2025-11-30","I","A","K2","nowy","nie","nie"
"2025-11-30","I","B","K3","stary","nie","nie"
"2025-11-30","I","B","K4","nowy","nie","nie"
"2025-11-30","I","C","K5","stary","nie","tak"
"2025-11-30","I","C","K6","nowy","nie","tak"
