x,y,ndvi
16.851,51.23935,0.618
16.853,51.23935,0.594
16.855,51.23935,0.59
16.857,51.23935,0.603
16.859,51.23935,0.583
16.861,51.23935,0.595
16.863,51.23935,0.575
16.865,51.23935,0.579
16.867,51.23935,0.521
16.869,51.23935,0.531
16.871,51.23935,0.518
16.873,51.23935,0.513
16.875,51.23935,0.487
16.877,51.23935,0.51
16.879,51.23935,0.477
16.881,51.23935,0.476
16.883,51.23935,0.493
16.885,51.23935,0.452
16.887,51.23935,0.503
16.889,51.23935,0.504
16.891,51.23935,0.537
16.893,51.23935,0.533
16.895,51.23935,0.538
16.897,51.23935,0.491
16.899,51.23935,0.528
16.901,51.23935,0.513
16.903,51.23935,0.595
16.905,51.23935,0.562
16.907,51.23935,0.555
16.909,51.23935,0.527
16.911,51.23935,0.549
16.913,51.23935,0.538
16.915,51.23935,0.545
16.917,51.23935,0.569
16.919,51.23935,0.57
16.921,51.23935,0.543
16.923,51.23935,0.51
16.925,51.23935,0.519
16.927,51.23935,0.498
16.929,51.23935,0.483
16.931,51.23935,0.464
16.933,51.23935,0.501
16.935,51.23935,0.477
16.937,51.23935,0.489
16.939,51.23935,0.447
16.941,51.23935,0.439
16.943,51.23935,0.424
16.945,51.23935,0.433
16.947,51.23935,0.423
16.949,51.23935,0.388
16.951,51.23935,0.375
16.953,51.23935,0.4
16.955,51.23935,0.328
16.957,51.23935,0.349
16.959,51.23935,0.317
16.961,51.23935,0.343
16.963,51.23935,0.352
16.965,51.23935,0.355
16.967,51.23935,0.362
16.969,51.23935,0.396
16.971,51.23935,0.359
16.973,51.23935,0.402
16.975,51.23935,0.424
16.977,51.23935,0.43
16.979,51.23935,0.42
16.981,51.23935,0.443
16.983,51.23935,0.492
16.985,51.23935,0.499
16.987,51.23935,0.425
16.989,51.23935,0.443
16.991,51.23935,0.455
16.993,51.23935,0.452
16.995,51.23935,0.458
16.997,51.23935,0.464
16.999,51.23935,0.472
17.001,51.23935,0.467
17.003,51.23935,0.474
17.005,51.23935,0.457
17.007,51.23935,0.51
17.009,51.23935,0.5
17.011,51.23935,0.497
17.013,51.23935,0.537
17.015,51.23935,0.504
17.017,51.23935,0.506
17.019,51.23935,0.552
17.021,51.23935,0.558
17.023,51.23935,0.537
17.025,51.23935,0.515
17.027,51.23935,0.549
17.029,51.23935,0.554
17.031,51.23935,0.56
17.033,51.23935,0.518
17.035,51.23935,0.518
17.037,51.23935,0.524
17.039,51.23935,0.479
17.041,51.23935,0.496
17.043,51.23935,0.516
17.045,51.23935,0.514
17.047,51.23935,0.502
17.049,51.23935,0.48
17.051,51.23935,0.496
17.053,51.23935,0.511
17.055,51.23935,0.47
17.057,51.23935,0.484
17.059,51.23935,0.485
17.061,51.23935,0.471
17.063,51.23935,0.51
17.065,51.23935,0.518
17.067,51.23935,0.526
17.069,51.23935,0.491
17.071,51.23935,0.484
17.073,51.23935,0.506
17.075,51.23935,0.483
17.077,51.23935,0.456
17.079,51.23935,0.492
17.081,51.23935,0.485
17.083,51.23935,0.448
17.085,51.23935,0.509
17.087,51.23935,0.461
17.089,51.23935,0.496
17.091,51.23935,0.518
17.093,51.23935,0.525
17.095,51.23935,0.523
17.097,51.23935,0.512
17.099,51.23935,0.506
17.101,51.23935,0.52
17.103,51.23935,0.516
17.105,51.23935,0.519
17.107,51.23935,0.528
17.109,51.23935,0.55
17.111,51.23935,0.515
17.113,51.23935,0.508
17.115,51.23935,0.504
17.117,51.23935,0.487
17.119,51.23935,0.452
17.121,51.23935,0.502
17.123,51.23935,0.458
17.125,51.23935,0.415
17.127,51.23935,0.457
17.129,51.23935,0.427
17.131,51.23935,0.352
17.133,51.23935,0.408
17.135,51.23935,0.371
17.137,51.23935,0.4
17.139,51.23935,0.408
17.141,51.23935,0.39
17.143,51.23935,0.374
17.145,51.23935,0.427
17.147,51.23935,0.431
17.149,51.23935,0.501
17.151,51.23935,0.529
17.153,51.23935,0.5
17.155,51.23935,0.565
17.157,51.23935,0.59
17.159,51.23935,0.6
17.161,51.23935,0.601
17.163,51.23935,0.674
17.165,51.23935,0.653
17.167,51.23935,0.683
17.169,51.23935,0.659
17.171,51.23935,0.646
17.173,51.23935,0.667
17.175,51.23935,0.657
17.177,51.23935,0.645
17.179,51.23935,0.625
17.181,51.23935,0.634
17.183,51.23935,0.614
17.185,51.23935,0.599
17.187,51.23935,0.642
17.189,51.23935,0.636
17.191,51.23935,0.607
17.193,51.23935,0.596
17.195,51.23935,0.609
17.197,51.23935,0.577
17.199,51.23935,0.594
17.201,51.23935,0.54
17.203,51.23935,0.545
17.205,51.23935,0.551
17.207,51.23935,0.544
17.209,51.23935,0.498
17.211,51.23935,0.514
17.213,51.23935,0.501
17.215,51.23935,0.514
17.217,51.23935,0.519
17.219,51.23935,0.51
17.221,51.23935,0.501
17.223,51.23935,0.519
17.225,51.23935,0.518
17.227,51.23935,0.516
17.229,51.23935,0.532
17.231,51.23935,0.544
17.233,51.23935,0.587
17.235,51.23935,0.553
17.237,51.23935,0.585
17.239,51.23935,0.586
17.241,51.23935,0.555
17.243,51.23935,0.582
17.245,51.23935,0.577
17.247,51.23935,0.627
17.249,51.23935,0.587
16.851,51.23805,0.593
16.853,51.23805,0.567
16.855,51.23805,0.615
16.857,51.23805,0.571
16.859,51.23805,0.571
16.861,51.23805,0.549
16.863,51.23805,0.56
16.865,51.23805,0.569
16.867,51.23805,0.524
16.869,51.23805,0.528
16.871,51.23805,0.552
16.873,51.23805,0.516
16.875,51.23805,0.51
16.877,51.23805,0.477
16.879,51.23805,0.491
16.881,51.23805,0.458
16.883,51.23805,0.498
16.885,51.23805,0.501
16.887,51.23805,0.463
16.889,51.23805,0.505
16.891,51.23805,0.486
16.893,51.23805,0.521
16.895,51.23805,0.521
16.897,51.23805,0.529
16.899,51.23805,0.546
16.901,51.23805,0.545
16.903,51.23805,0.558
16.905,51.23805,0.579
16.907,51.23805,0.554
16.909,51.23805,0.546
16.911,51.23805,0.531
16.913,51.23805,0.543
16.915,51.23805,0.576
16.917,51.23805,0.515
16.919,51.23805,0.528
16.921,51.23805,0.494
16.923,51.23805,0.535
16.925,51.23805,0.544
16.927,51.23805,0.5
16.929,51.23805,0.52
16.931,51.23805,0.488
16.933,51.23805,0.491
16.935,51.23805,0.475
16.937,51.23805,0.456
16.939,51.23805,0.449
16.941,51.23805,0.476
16.943,51.23805,0.464
16.945,51.23805,0.423
16.947,51.23805,0.389
16.949,51.23805,0.398
16.951,51.23805,0.39
16.953,51.23805,0.36
16.955,51.23805,0.369
16.957,51.23805,0.379
16.959,51.23805,0.38
16.961,51.23805,0.373
16.963,51.23805,0.334
16.965,51.23805,0.383
16.967,51.23805,0.346
16.969,51.23805,0.386
16.971,51.23805,0.355
16.973,51.23805,0.432
16.975,51.23805,0.358
16.977,51.23805,0.427
16.979,51.23805,0.446
16.981,51.23805,0.446
16.983,51.23805,0.44
16.985,51.23805,0.434
16.987,51.23805,0.461
16.989,51.23805,0.488
16.991,51.23805,0.431
16.993,51.23805,0.477
16.995,51.23805,0.485
16.997,51.23805,0.448
16.999,51.23805,0.452
17.001,51.23805,0.474
17.003,51.23805,0.473
17.005,51.23805,0.472
17.007,51.23805,0.471
17.009,51.23805,0.506
17.011,51.23805,0.502
17.013,51.23805,0.493
17.015,51.23805,0.531
17.017,51.23805,0.503
17.019,51.23805,0.512
17.021,51.23805,0.544
17.023,51.23805,0.526
17.025,51.23805,0.551
17.027,51.23805,0.512
17.029,51.23805,0.533
17.031,51.23805,0.521
17.033,51.23805,0.52
17.035,51.23805,0.537
17.037,51.23805,0.527
17.039,51.23805,0.529
17.041,51.23805,0.507
17.043,51.23805,0.472
17.045,51.23805,0.524
17.047,51.23805,0.502
17.049,51.23805,0.496
17.051,51.23805,0.513
17.053,51.23805,0.49
17.055,51.23805,0.495
17.057,51.23805,0.469
17.059,51.23805,0.506
17.061,51.23805,0.498
17.063,51.23805,0.509
17.065,51.23805,0.497
17.067,51.23805,0.531
17.069,51.23805,0.466
17.071,51.23805,0.489
17.073,51.23805,0.52
17.075,51.23805,0.498
17.077,51.23805,0.478
17.079,51.23805,0.485
17.081,51.23805,0.533
17.083,51.23805,0.481
17.085,51.23805,0.517
17.087,51.23805,0.517
17.089,51.23805,0.459
17.091,51.23805,0.496
17.093,51.23805,0.533
17.095,51.23805,0.508
17.097,51.23805,0.515
17.099,51.23805,0.505
17.101,51.23805,0.548
17.103,51.23805,0.512
17.105,51.23805,0.497
17.107,51.23805,0.522
17.109,51.23805,0.508
17.111,51.23805,0.531
17.113,51.23805,0.546
17.115,51.23805,0.483
17.117,51.23805,0.496
17.119,51.23805,0.486
17.121,51.23805,0.467
17.123,51.23805,0.471
17.125,51.23805,0.447
17.127,51.23805,0.406
17.129,51.23805,0.377
17.131,51.23805,0.411
17.133,51.23805,0.369
17.135,51.23805,0.399
17.137,51.23805,0.374
17.139,51.23805,0.379
17.141,51.23805,0.364
17.143,51.23805,0.405
17.145,51.23805,0.405
17.147,51.23805,0.428
17.149,51.23805,0.487
17.151,51.23805,0.533
17.153,51.23805,0.545
17.155,51.23805,0.601
17.157,51.23805,0.596
17.159,51.23805,0.605
17.161,51.23805,0.618
17.163,51.23805,0.645
17.165,51.23805,0.665
17.167,51.23805,0.649
17.169,51.23805,0.644
17.171,51.23805,0.679
17.173,51.23805,0.638
17.175,51.23805,0.617
17.177,51.23805,0.626
17.179,51.23805,0.63
17.181,51.23805,0.632
17.183,51.23805,0.614
17.185,51.23805,0.618
17.187,51.23805,0.592
17.189,51.23805,0.586
17.191,51.23805,0.575
17.193,51.23805,0.566
17.195,51.23805,0.593
17.197,51.23805,0.562
17.199,51.23805,0.587
17.201,51.23805,0.51
17.203,51.23805,0.548
17.205,51.23805,0.505
17.207,51.23805,0.526
17.209,51.23805,0.515
17.211,51.23805,0.516
17.213,51.23805,0.497
17.215,51.23805,0.516
17.217,51.23805,0.498
17.219,51.23805,0.505
17.221,51.23805,0.521
17.223,51.23805,0.51
17.225,51.23805,0.537
17.227,51.23805,0.527
17.229,51.23805,0.59
17.231,51.23805,0.584
17.233,51.23805,0.559
17.235,51.23805,0.563
17.237,51.23805,0.549
17.239,51.23805,0.56
17.241,51.23805,0.599
17.243,51.23805,0.582
17.245,51.23805,0.637
17.247,51.23805,0.581
17.249,51.23805,0.603
16.851,51.23675,0.605
16.853,51.23675,0.593
16.855,51.23675,0.601
16.857,51.23675,0.577
16.859,51.23675,0.58
16.861,51.23675,0.553
16.863,51.23675,0.547
16.865,51.23675,0.551
16.867,51.23675,0.506
16.869,51.23675,0.539
16.871,51.23675,0.478
16.873,51.23675,0.522
16.875,51.23675,0.523
16.877,51.23675,0.501
16.879,51.23675,0.469
16.881,51.23675,0.49
16.883,51.23675,0.485
16.885,51.23675,0.489
16.887,51.23675,0.447
16.889,51.23675,0.505
16.891,51.23675,0.506
16.893,51.23675,0.539
16.895,51.23675,0.513
16.897,51.23675,0.523
16.899,51.23675,0.53
16.901,51.23675,0.54
16.903,51.23675,0.549
16.905,51.23675,0.529
16.907,51.23675,0.516
16.909,51.23675,0.538
16.911,51.23675,0.517
16.913,51.23675,0.511
16.915,51.23675,0.549
16.917,51.23675,0.54
16.919,51.23675,0.498
16.921,51.23675,0.582
16.923,51.23675,0.548
16.925,51.23675,0.546
16.927,51.23675,0.51
16.929,51.23675,0.514
16.931,51.23675,0.507
16.933,51.23675,0.541
16.935,51.23675,0.477
16.937,51.23675,0.475
16.939,51.23675,0.486
16.941,51.23675,0.473
16.943,51.23675,0.435
16.945,51.23675,0.406
16.947,51.23675,0.423
16.949,51.23675,0.406
16.951,51.23675,0.408
16.953,51.23675,0.372
16.955,51.23675,0.372
16.957,51.23675,0.358
16.959,51.23675,0.354
16.961,51.23675,0.374
16.963,51.23675,0.397
16.965,51.23675,0.371
16.967,51.23675,0.373
16.969,51.23675,0.389
16.971,51.23675,0.413
16.973,51.23675,0.43
16.975,51.23675,0.427
16.977,51.23675,0.424
16.979,51.23675,0.403
16.981,51.23675,0.468
16.983,51.23675,0.464
16.985,51.23675,0.461
16.987,51.23675,0.452
16.989,51.23675,0.446
16.991,51.23675,0.452
16.993,51.23675,0.438
16.995,51.23675,0.479
16.997,51.23675,0.437
16.999,51.23675,0.501
17.001,51.23675,0.473
17.003,51.23675,0.491
17.005,51.23675,0.489
17.007,51.23675,0.503
17.009,51.23675,0.501
17.011,51.23675,0.486
17.013,51.23675,0.521
17.015,51.23675,0.534
17.017,51.23675,0.57
17.019,51.23675,0.53
17.021,51.23675,0.538
17.023,51.23675,0.56
17.025,51.23675,0.521
17.027,51.23675,0.576
17.029,51.23675,0.559
17.031,51.23675,0.522
17.033,51.23675,0.582
17.035,51.23675,0.538
17.037,51.23675,0.546
17.039,51.23675,0.534
17.041,51.23675,0.547
17.043,51.23675,0.525
17.045,51.23675,0.521
17.047,51.23675,0.483
17.049,51.23675,0.506
17.051,51.23675,0.518
17.053,51.23675,0.536
17.055,51.23675,0.51
17.057,51.23675,0.491
17.059,51.23675,0.447
17.061,51.23675,0.542
17.063,51.23675,0.523
17.065,51.23675,0.475
17.067,51.23675,0.511
17.069,51.23675,0.492
17.071,51.23675,0.51
17.073,51.23675,0.472
17.075,51.23675,0.492
17.077,51.23675,0.509
17.079,51.23675,0.465
17.081,51.23675,0.495
17.083,51.23675,0.489
17.085,51.23675,0.465
17.087,51.23675,0.471
17.089,51.23675,0.498
17.091,51.23675,0.465
17.093,51.23675,0.441
17.095,51.23675,0.531
17.097,51.23675,0.526
17.099,51.23675,0.512
17.101,51.23675,0.524
17.103,51.23675,0.477
17.105,51.23675,0.539
17.107,51.23675,0.521
17.109,51.23675,0.513
17.111,51.23675,0.492
17.113,51.23675,0.514
17.115,51.23675,0.537
17.117,51.23675,0.499
17.119,51.23675,0.499
17.121,51.23675,0.465
17.123,51.23675,0.467
17.125,51.23675,0.416
17.127,51.23675,0.417
17.129,51.23675,0.413
17.131,51.23675,0.431
17.133,51.23675,0.414
17.135,51.23675,0.379
17.137,51.23675,0.435
17.139,51.23675,0.372
17.141,51.23675,0.424
17.143,51.23675,0.413
17.145,51.23675,0.446
17.147,51.23675,0.456
17.149,51.23675,0.458
17.151,51.23675,0.52
17.153,51.23675,0.516
17.155,51.23675,0.576
17.157,51.23675,0.622
17.159,51.23675,0.594
17.161,51.23675,0.643
17.163,51.23675,0.583
17.165,51.23675,0.671
17.167,51.23675,0.676
17.169,51.23675,0.682
17.171,51.23675,0.663
17.173,51.23675,0.668
17.175,51.23675,0.631
17.177,51.23675,0.621
17.179,51.23675,0.617
17.181,51.23675,0.654
17.183,51.23675,0.611
17.185,51.23675,0.615
17.187,51.23675,0.562
17.189,51.23675,0.62
17.191,51.23675,0.607
17.193,51.23675,0.546
17.195,51.23675,0.55
17.197,51.23675,0.56
17.199,51.23675,0.555
17.201,51.23675,0.549
17.203,51.23675,0.513
17.205,51.23675,0.575
17.207,51.23675,0.54
17.209,51.23675,0.509
17.211,51.23675,0.518
17.213,51.23675,0.493
17.215,51.23675,0.541
17.217,51.23675,0.502
17.219,51.23675,0.525
17.221,51.23675,0.511
17.223,51.23675,0.507
17.225,51.23675,0.511
17.227,51.23675,0.52
17.229,51.23675,0.537
17.231,51.23675,0.545
17.233,51.23675,0.554
17.235,51.23675,0.549
17.237,51.23675,0.586
17.239,51.23675,0.569
17.241,51.23675,0.605
17.243,51.23675,0.609
17.245,51.23675,0.558
17.247,51.23675,0.612
17.249,51.23675,0.597
16.851,51.23545,0.595
16.853,51.23545,0.585
16.855,51.23545,0.604
16.857,51.23545,0.602
16.859,51.23545,0.598
16.861,51.23545,0.541
16.863,51.23545,0.528
16.865,51.23545,0.551
16.867,51.23545,0.539
16.869,51.23545,0.531
16.871,51.23545,0.529
16.873,51.23545,0.474
16.875,51.23545,0.512
16.877,51.23545,0.498
16.879,51.23545,0.461
16.881,51.23545,0.504
16.883,51.23545,0.495
16.885,51.23545,0.479
16.887,51.23545,0.433
16.889,51.23545,0.516
16.891,51.23545,0.509
16.893,51.23545,0.504
16.895,51.23545,0.491
16.897,51.23545,0.479
16.899,51.23545,0.512
16.901,51.23545,0.521
16.903,51.23545,0.498
16.905,51.23545,0.515
16.907,51.23545,0.522
16.909,51.23545,0.542
16.911,51.23545,0.523
16.913,51.23545,0.527
16.915,51.23545,0.555
16.917,51.23545,0.548
16.919,51.23545,0.572
16.921,51.23545,0.54
16.923,51.23545,0.56
16.925,51.23545,0.546
16.927,51.23545,0.497
16.929,51.23545,0.529
16.931,51.23545,0.494
16.933,51.23545,0.525
16.935,51.23545,0.518
16.937,51.23545,0.483
16.939,51.23545,0.459
16.941,51.23545,0.467
16.943,51.23545,0.433
16.945,51.23545,0.448
16.947,51.23545,0.419
16.949,51.23545,0.425
16.951,51.23545,0.383
16.953,51.23545,0.381
16.955,51.23545,0.394
16.957,51.23545,0.378
16.959,51.23545,0.403
16.961,51.23545,0.363
16.963,51.23545,0.386
16.965,51.23545,0.407
16.967,51.23545,0.404
16.969,51.23545,0.411
16.971,51.23545,0.4
16.973,51.23545,0.422
16.975,51.23545,0.462
16.977,51.23545,0.409
16.979,51.23545,0.443
16.981,51.23545,0.507
16.983,51.23545,0.422
16.985,51.23545,0.435
16.987,51.23545,0.446
16.989,51.23545,0.476
16.991,51.23545,0.454
16.993,51.23545,0.469
16.995,51.23545,0.484
16.997,51.23545,0.419
16.999,51.23545,0.471
17.001,51.23545,0.473
17.003,51.23545,0.458
17.005,51.23545,0.451
17.007,51.23545,0.509
17.009,51.23545,0.509
17.011,51.23545,0.502
17.013,51.23545,0.53
17.015,51.23545,0.554
17.017,51.23545,0.534
17.019,51.23545,0.543
17.021,51.23545,0.564
17.023,51.23545,0.552
17.025,51.23545,0.536
17.027,51.23545,0.529
17.029,51.23545,0.561
17.031,51.23545,0.548
17.033,51.23545,0.553
17.035,51.23545,0.523
17.037,51.23545,0.506
17.039,51.23545,0.538
17.041,51.23545,0.556
17.043,51.23545,0.547
17.045,51.23545,0.518
17.047,51.23545,0.534
17.049,51.23545,0.537
17.051,51.23545,0.468
17.053,51.23545,0.535
17.055,51.23545,0.505
17.057,51.23545,0.524
17.059,51.23545,0.513
17.061,51.23545,0.487
17.063,51.23545,0.503
17.065,51.23545,0.487
17.067,51.23545,0.5
17.069,51.23545,0.509
17.071,51.23545,0.496
17.073,51.23545,0.478
17.075,51.23545,0.505
17.077,51.23545,0.473
17.079,51.23545,0.469
17.081,51.23545,0.463
17.083,51.23545,0.468
17.085,51.23545,0.447
17.087,51.23545,0.485
17.089,51.23545,0.507
17.091,51.23545,0.528
17.093,51.23545,0.504
17.095,51.23545,0.504
17.097,51.23545,0.547
17.099,51.23545,0.511
17.101,51.23545,0.556
17.103,51.23545,0.527
17.105,51.23545,0.504
17.107,51.23545,0.513
17.109,51.23545,0.499
17.111,51.23545,0.551
17.113,51.23545,0.51
17.115,51.23545,0.51
17.117,51.23545,0.481
17.119,51.23545,0.479
17.121,51.23545,0.475
17.123,51.23545,0.466
17.125,51.23545,0.478
17.127,51.23545,0.454
17.129,51.23545,0.43
17.131,51.23545,0.367
17.133,51.23545,0.405
17.135,51.23545,0.379
17.137,51.23545,0.357
17.139,51.23545,0.405
17.141,51.23545,0.396
17.143,51.23545,0.432
17.145,51.23545,0.45
17.147,51.23545,0.502
17.149,51.23545,0.499
17.151,51.23545,0.517
17.153,51.23545,0.535
17.155,51.23545,0.564
17.157,51.23545,0.565
17.159,51.23545,0.613
17.161,51.23545,0.613
17.163,51.23545,0.643
17.165,51.23545,0.644
17.167,51.23545,0.639
17.169,51.23545,0.68
17.171,51.23545,0.627
17.173,51.23545,0.65
17.175,51.23545,0.645
17.177,51.23545,0.663
17.179,51.23545,0.649
17.181,51.23545,0.61
17.183,51.23545,0.629
17.185,51.23545,0.629
17.187,51.23545,0.636
17.189,51.23545,0.568
17.191,51.23545,0.579
17.193,51.23545,0.572
17.195,51.23545,0.563
17.197,51.23545,0.558
17.199,51.23545,0.563
17.201,51.23545,0.575
17.203,51.23545,0.534
17.205,51.23545,0.502
17.207,51.23545,0.51
17.209,51.23545,0.535
17.211,51.23545,0.513
17.213,51.23545,0.481
17.215,51.23545,0.528
17.217,51.23545,0.524
17.219,51.23545,0.527
17.221,51.23545,0.497
17.223,51.23545,0.49
17.225,51.23545,0.538
17.227,51.23545,0.533
17.229,51.23545,0.565
17.231,51.23545,0.518
17.233,51.23545,0.554
17.235,51.23545,0.557
17.237,51.23545,0.589
17.239,51.23545,0.591
17.241,51.23545,0.577
17.243,51.23545,0.595
17.245,51.23545,0.643
17.247,51.23545,0.606
17.249,51.23545,0.084
16.851,51.23415,0.602
16.853,51.23415,0.573
16.855,51.23415,0.608
16.857,51.23415,0.595
16.859,51.23415,0.536
16.861,51.23415,0.577
16.863,51.23415,0.55
16.865,51.23415,0.564
16.867,51.23415,0.566
16.869,51.23415,0.54
16.871,51.23415,0.543
16.873,51.23415,0.48
16.875,51.23415,0.515
16.877,51.23415,0.477
16.879,51.23415,0.529
16.881,51.23415,0.459
16.883,51.23415,0.474
16.885,51.23415,0.484
16.887,51.23415,0.524
16.889,51.23415,0.491
16.891,51.23415,0.51
16.893,51.23415,0.509
16.895,51.23415,0.492
16.897,51.23415,0.517
16.899,51.23415,0.524
16.901,51.23415,0.492
16.903,51.23415,0.551
16.905,51.23415,0.507
16.907,51.23415,0.554
16.909,51.23415,0.579
16.911,51.23415,0.555
16.913,51.23415,0.52
16.915,51.23415,0.542
16.917,51.23415,0.571
16.919,51.23415,0.509
16.921,51.23415,0.541
16.923,51.23415,0.566
16.925,51.23415,0.561
16.927,51.23415,0.533
16.929,51.23415,0.537
16.931,51.23415,0.529
16.933,51.23415,0.482
16.935,51.23415,0.543
16.937,51.23415,0.506
16.939,51.23415,0.502
16.941,51.23415,0.451
16.943,51.23415,0.464
16.945,51.23415,0.411
16.947,51.23415,0.451
16.949,51.23415,0.452
16.951,51.23415,0.391
16.953,51.23415,0.415
16.955,51.23415,0.402
16.957,51.23415,0.391
16.959,51.23415,0.37
16.961,51.23415,0.429
16.963,51.23415,0.404
16.965,51.23415,0.42
16.967,51.23415,0.418
16.969,51.23415,0.415
16.971,51.23415,0.396
16.973,51.23415,0.438
16.975,51.23415,0.461
16.977,51.23415,0.467
16.979,51.23415,0.457
16.981,51.23415,0.483
16.983,51.23415,0.503
16.985,51.23415,0.463
16.987,51.23415,0.491
16.989,51.23415,0.514
16.991,51.23415,0.439
16.993,51.23415,0.498
16.995,51.23415,0.467
16.997,51.23415,0.475
16.999,51.23415,0.478
17.001,51.23415,0.446
17.003,51.23415,0.513
17.005,51.23415,0.519
17.007,51.23415,0.514
17.009,51.23415,0.488
17.011,51.23415,0.503
17.013,51.23415,0.548
17.015,51.23415,0.503
17.017,51.23415,0.541
17.019,51.23415,0.534
17.021,51.23415,0.526
17.023,51.23415,0.575
17.025,51.23415,0.554
17.027,51.23415,0.514
17.029,51.23415,0.518
17.031,51.23415,0.539
17.033,51.23415,0.565
17.035,51.23415,0.525
17.037,51.23415,0.548
17.039,51.23415,0.566
17.041,51.23415,0.489
17.043,51.23415,0.546
17.045,51.23415,0.517
17.047,51.23415,0.554
17.049,51.23415,0.48
17.051,51.23415,0.483
17.053,51.23415,0.536
17.055,51.23415,0.507
17.057,51.23415,0.497
17.059,51.23415,0.509
17.061,51.23415,0.512
17.063,51.23415,0.541
17.065,51.23415,0.492
17.067,51.23415,0.519
17.069,51.23415,0.473
17.071,51.23415,0.495
17.073,51.23415,0.462
17.075,51.23415,0.466
17.077,51.23415,0.457
17.079,51.23415,0.496
17.081,51.23415,0.484
17.083,51.23415,0.486
17.085,51.23415,0.451
17.087,51.23415,0.492
17.089,51.23415,0.493
17.091,51.23415,0.514
17.093,51.23415,0.478
17.095,51.23415,0.509
17.097,51.23415,0.503
17.099,51.23415,0.499
17.101,51.23415,0.518
17.103,51.23415,0.507
17.105,51.23415,0.48
17.107,51.23415,0.561
17.109,51.23415,0.51
17.111,51.23415,0.554
17.113,51.23415,0.487
17.115,51.23415,0.484
17.117,51.23415,0.508
17.119,51.23415,0.549
17.121,51.23415,0.466
17.123,51.23415,0.502
17.125,51.23415,0.467
17.127,51.23415,0.451
17.129,51.23415,0.432
17.131,51.23415,0.433
17.133,51.23415,0.405
17.135,51.23415,0.386
17.137,51.23415,0.441
17.139,51.23415,0.377
17.141,51.23415,0.417
17.143,51.23415,0.426
17.145,51.23415,0.437
17.147,51.23415,0.489
17.149,51.23415,0.464
17.151,51.23415,0.537
17.153,51.23415,0.528
17.155,51.23415,0.559
17.157,51.23415,0.604
17.159,51.23415,0.626
17.161,51.23415,0.648
17.163,51.23415,0.589
17.165,51.23415,0.646
17.167,51.23415,0.655
17.169,51.23415,0.683
17.171,51.23415,0.646
17.173,51.23415,0.631
17.175,51.23415,0.65
17.177,51.23415,0.647
17.179,51.23415,0.617
17.181,51.23415,0.639
17.183,51.23415,0.604
17.185,51.23415,0.606
17.187,51.23415,0.621
17.189,51.23415,0.607
17.191,51.23415,0.598
17.193,51.23415,0.574
17.195,51.23415,0.557
17.197,51.23415,0.579
17.199,51.23415,0.565
17.201,51.23415,0.527
17.203,51.23415,0.529
17.205,51.23415,0.529
17.207,51.23415,0.575
17.209,51.23415,0.519
17.211,51.23415,0.542
17.213,51.23415,0.496
17.215,51.23415,0.497
17.217,51.23415,0.524
17.219,51.23415,0.537
17.221,51.23415,0.505
17.223,51.23415,0.498
17.225,51.23415,0.528
17.227,51.23415,0.528
17.229,51.23415,0.55
17.231,51.23415,0.528
17.233,51.23415,0.513
17.235,51.23415,0.615
17.237,51.23415,0.55
17.239,51.23415,0.568
17.241,51.23415,0.583
17.243,51.23415,0.56
17.245,51.23415,-0.018
17.247,51.23415,0.002
17.249,51.23415,0.012
16.851,51.23285,0.574
16.853,51.23285,0.559
16.855,51.23285,0.588
16.857,51.23285,0.581
16.859,51.23285,0.559
16.861,51.23285,0.55
16.863,51.23285,0.56
16.865,51.23285,0.545
16.867,51.23285,0.547
16.869,51.23285,0.531
16.871,51.23285,0.531
16.873,51.23285,0.52
16.875,51.23285,0.505
16.877,51.23285,0.514
16.879,51.23285,0.476
16.881,51.23285,0.49
16.883,51.23285,0.465
16.885,51.23285,0.46
16.887,51.23285,0.445
16.889,51.23285,0.455
16.891,51.23285,0.476
16.893,51.23285,0.525
16.895,51.23285,0.524
16.897,51.23285,0.477
16.899,51.23285,0.514
16.901,51.23285,0.553
16.903,51.23285,0.514
16.905,51.23285,0.513
16.907,51.23285,0.544
16.909,51.23285,0.557
16.911,51.23285,0.606
16.913,51.23285,0.539
16.915,51.23285,0.562
16.917,51.23285,0.552
16.919,51.23285,0.554
16.921,51.23285,0.568
16.923,51.23285,0.558
16.925,51.23285,0.55
16.927,51.23285,0.57
16.929,51.23285,0.535
16.931,51.23285,0.509
16.933,51.23285,0.533
16.935,51.23285,0.542
16.937,51.23285,0.51
16.939,51.23285,0.514
16.941,51.23285,0.478
16.943,51.23285,0.483
16.945,51.23285,0.446
16.947,51.23285,0.443
16.949,51.23285,0.428
16.951,51.23285,0.413
16.953,51.23285,0.426
16.955,51.23285,0.421
16.957,51.23285,0.427
16.959,51.23285,0.461
16.961,51.23285,0.42
16.963,51.23285,0.418
16.965,51.23285,0.426
16.967,51.23285,0.417
16.969,51.23285,0.482
16.971,51.23285,0.451
16.973,51.23285,0.468
16.975,51.23285,0.463
16.977,51.23285,0.481
16.979,51.23285,0.473
16.981,51.23285,0.51
16.983,51.23285,0.478
16.985,51.23285,0.479
16.987,51.23285,0.491
16.989,51.23285,0.495
16.991,51.23285,0.477
16.993,51.23285,0.472
16.995,51.23285,0.464
16.997,51.23285,0.506
16.999,51.23285,0.505
17.001,51.23285,0.453
17.003,51.23285,0.499
17.005,51.23285,0.516
17.007,51.23285,0.481
17.009,51.23285,0.511
17.011,51.23285,0.502
17.013,51.23285,0.555
17.015,51.23285,0.525
17.017,51.23285,0.526
17.019,51.23285,0.527
17.021,51.23285,0.541
17.023,51.23285,0.542
17.025,51.23285,0.569
17.027,51.23285,0.555
17.029,51.23285,0.572
17.031,51.23285,0.573
17.033,51.23285,0.541
17.035,51.23285,0.533
17.037,51.23285,0.555
17.039,51.23285,0.53
17.041,51.23285,0.57
17.043,51.23285,0.559
17.045,51.23285,0.53
17.047,51.23285,0.514
17.049,51.23285,0.538
17.051,51.23285,0.538
17.053,51.23285,0.501
17.055,51.23285,0.509
17.057,51.23285,0.487
17.059,51.23285,0.526
17.061,51.23285,0.516
17.063,51.23285,0.54
17.065,51.23285,0.489
17.067,51.23285,0.533
17.069,51.23285,0.508
17.071,51.23285,0.47
17.073,51.23285,0.479
17.075,51.23285,0.481
17.077,51.23285,0.487
17.079,51.23285,0.486
17.081,51.23285,0.517
17.083,51.23285,0.523
17.085,51.23285,0.505
17.087,51.23285,0.49
17.089,51.23285,0.502
17.091,51.23285,0.522
17.093,51.23285,0.505
17.095,51.23285,0.512
17.097,51.23285,0.522
17.099,51.23285,0.54
17.101,51.23285,0.487
17.103,51.23285,0.52
17.105,51.23285,0.55
17.107,51.23285,0.477
17.109,51.23285,0.52
17.111,51.23285,0.513
17.113,51.23285,0.524
17.115,51.23285,0.45
17.117,51.23285,0.536
17.119,51.23285,0.468
17.121,51.23285,0.491
17.123,51.23285,0.519
17.125,51.23285,0.479
17.127,51.23285,0.43
17.129,51.23285,0.433
17.131,51.23285,0.455
17.133,51.23285,0.425
17.135,51.23285,0.431
17.137,51.23285,0.442
17.139,51.23285,0.417
17.141,51.23285,0.412
17.143,51.23285,0.424
17.145,51.23285,0.479
17.147,51.23285,0.473
17.149,51.23285,0.494
17.151,51.23285,0.519
17.153,51.23285,0.57
17.155,51.23285,0.565
17.157,51.23285,0.616
17.159,51.23285,0.653
17.161,51.23285,0.64
17.163,51.23285,0.617
17.165,51.23285,0.635
17.167,51.23285,0.652
17.169,51.23285,0.638
17.171,51.23285,0.66
17.173,51.23285,0.686
17.175,51.23285,0.619
17.177,51.23285,0.664
17.179,51.23285,0.621
17.181,51.23285,0.611
17.183,51.23285,0.663
17.185,51.23285,0.569
17.187,51.23285,0.596
17.189,51.23285,0.574
17.191,51.23285,0.557
17.193,51.23285,0.533
17.195,51.23285,0.595
17.197,51.23285,0.569
17.199,51.23285,0.555
17.201,51.23285,0.562
17.203,51.23285,0.563
17.205,51.23285,0.494
17.207,51.23285,0.521
17.209,51.23285,0.542
17.211,51.23285,0.52
17.213,51.23285,0.525
17.215,51.23285,0.534
17.217,51.23285,0.513
17.219,51.23285,0.519
17.221,51.23285,0.509
17.223,51.23285,0.513
17.225,51.23285,0.539
17.227,51.23285,0.513
17.229,51.23285,0.53
17.231,51.23285,0.563
17.233,51.23285,0.571
17.235,51.23285,0.576
17.237,51.23285,0.553
17.239,51.23285,0.558
17.241,51.23285,0.584
17.243,51.23285,0.051
17.245,51.23285,0.025
17.247,51.23285,0.083
17.249,51.23285,-0.042
16.851,51.23155,0.542
16.853,51.23155,0.585
16.855,51.23155,0.59
16.857,51.23155,0.58
16.859,51.23155,0.563
16.861,51.23155,0.557
16.863,51.23155,0.557
16.865,51.23155,0.546
16.867,51.23155,0.491
16.869,51.23155,0.558
16.871,51.23155,0.496
16.873,51.23155,0.487
16.875,51.23155,0.497
16.877,51.23155,0.489
16.879,51.23155,0.519
16.881,51.23155,0.486
16.883,51.23155,0.518
16.885,51.23155,0.46
16.887,51.23155,0.532
16.889,51.23155,0.484
16.891,51.23155,0.516
16.893,51.23155,0.507
16.895,51.23155,0.45
16.897,51.23155,0.528
16.899,51.23155,0.502
16.901,51.23155,0.54
16.903,51.23155,0.526
16.905,51.23155,0.536
16.907,51.23155,0.55
16.909,51.23155,0.567
16.911,51.23155,0.563
16.913,51.23155,0.556
16.915,51.23155,0.567
16.917,51.23155,0.588
16.919,51.23155,0.539
16.921,51.23155,0.549
16.923,51.23155,0.536
16.925,51.23155,0.574
16.927,51.23155,0.552
16.929,51.23155,0.559
16.931,51.23155,0.536
16.933,51.23155,0.539
16.935,51.23155,0.506
16.937,51.23155,0.527
16.939,51.23155,0.503
16.941,51.23155,0.471
16.943,51.23155,0.457
16.945,51.23155,0.469
16.947,51.23155,0.427
16.949,51.23155,0.472
16.951,51.23155,0.458
16.953,51.23155,0.394
16.955,51.23155,0.413
16.957,51.23155,0.452
16.959,51.23155,0.423
16.961,51.23155,0.47
16.963,51.23155,0.412
16.965,51.23155,0.456
16.967,51.23155,0.446
16.969,51.23155,0.473
16.971,51.23155,0.423
16.973,51.23155,0.497
16.975,51.23155,0.54
16.977,51.23155,0.494
16.979,51.23155,0.508
16.981,51.23155,0.548
16.983,51.23155,0.536
16.985,51.23155,0.529
16.987,51.23155,0.495
16.989,51.23155,0.508
16.991,51.23155,0.507
16.993,51.23155,0.466
16.995,51.23155,0.512
16.997,51.23155,0.484
16.999,51.23155,0.475
17.001,51.23155,0.47
17.003,51.23155,0.499
17.005,51.23155,0.494
17.007,51.23155,0.525
17.009,51.23155,0.539
17.011,51.23155,0.512
17.013,51.23155,0.528
17.015,51.23155,0.524
17.017,51.23155,0.511
17.019,51.23155,0.565
17.021,51.23155,0.578
17.023,51.23155,0.56
17.025,51.23155,0.593
17.027,51.23155,0.581
17.029,51.23155,0.589
17.031,51.23155,0.556
17.033,51.23155,0.577
17.035,51.23155,0.587
17.037,51.23155,0.584
17.039,51.23155,0.584
17.041,51.23155,0.581
17.043,51.23155,0.551
17.045,51.23155,0.551
17.047,51.23155,0.569
17.049,51.23155,0.552
17.051,51.23155,0.541
17.053,51.23155,0.539
17.055,51.23155,0.509
17.057,51.23155,0.529
17.059,51.23155,0.532
17.061,51.23155,0.49
17.063,51.23155,0.521
17.065,51.23155,0.51
17.067,51.23155,0.501
17.069,51.23155,0.472
17.071,51.23155,0.493
17.073,51.23155,0.484
17.075,51.23155,0.478
17.077,51.23155,0.499
17.079,51.23155,0.5
17.081,51.23155,0.492
17.083,51.23155,0.492
17.085,51.23155,0.486
17.087,51.23155,0.509
17.089,51.23155,0.507
17.091,51.23155,0.527
17.093,51.23155,0.56
17.095,51.23155,0.504
17.097,51.23155,0.524
17.099,51.23155,0.519
17.101,51.23155,0.533
17.103,51.23155,0.511
17.105,51.23155,0.531
17.107,51.23155,0.504
17.109,51.23155,0.523
17.111,51.23155,0.552
17.113,51.23155,0.527
17.115,51.23155,0.51
17.117,51.23155,0.488
17.119,51.23155,0.492
17.121,51.23155,0.49
17.123,51.23155,0.502
17.125,51.23155,0.49
17.127,51.23155,0.444
17.129,51.23155,0.431
17.131,51.23155,0.46
17.133,51.23155,0.435
17.135,51.23155,0.447
17.137,51.23155,0.416
17.139,51.23155,0.41
17.141,51.23155,0.434
17.143,51.23155,0.492
17.145,51.23155,0.455
17.147,51.23155,0.458
17.149,51.23155,0.468
17.151,51.23155,0.511
17.153,51.23155,0.557
17.155,51.23155,0.6
17.157,51.23155,0.588
17.159,51.23155,0.617
17.161,51.23155,0.606
17.163,51.23155,0.654
17.165,51.23155,0.634
17.167,51.23155,0.671
17.169,51.23155,0.645
17.171,51.23155,0.65
17.173,51.23155,0.647
17.175,51.23155,0.632
17.177,51.23155,0.625
17.179,51.23155,0.583
17.181,51.23155,0.625
17.183,51.23155,0.587
17.185,51.23155,0.601
17.187,51.23155,0.557
17.189,51.23155,0.588
17.191,51.23155,0.582
17.193,51.23155,0.597
17.195,51.23155,0.558
17.197,51.23155,0.546
17.199,51.23155,0.496
17.201,51.23155,0.547
17.203,51.23155,0.515
17.205,51.23155,0.595
17.207,51.23155,0.53
17.209,51.23155,0.51
17.211,51.23155,0.537
17.213,51.23155,0.509
17.215,51.23155,0.533
17.217,51.23155,0.503
17.219,51.23155,0.524
17.221,51.23155,0.522
17.223,51.23155,0.554
17.225,51.23155,0.498
17.227,51.23155,0.54
17.229,51.23155,0.569
17.231,51.23155,0.556
17.233,51.23155,0.561
17.235,51.23155,0.538
17.237,51.23155,0.561
17.239,51.23155,0.598
17.241,51.23155,0.025
17.243,51.23155,0.043
17.245,51.23155,0.002
17.247,51.23155,0.057
17.249,51.23155,0.066
16.851,51.23025,0.556
16.853,51.23025,0.559
16.855,51.23025,0.544
16.857,51.23025,0.536
16.859,51.23025,0.525
16.861,51.23025,0.544
16.863,51.23025,0.541
16.865,51.23025,0.521
16.867,51.23025,0.534
16.869,51.23025,0.485
16.871,51.23025,0.492
16.873,51.23025,0.51
16.875,51.23025,0.509
16.877,51.23025,0.518
16.879,51.23025,0.503
16.881,51.23025,0.499
16.883,51.23025,0.484
16.885,51.23025,0.443
16.887,51.23025,0.451
16.889,51.23025,0.452
16.891,51.23025,0.507
16.893,51.23025,0.533
16.895,51.23025,0.475
16.897,51.23025,0.495
16.899,51.23025,0.511
16.901,51.23025,0.519
16.903,51.23025,0.531
16.905,51.23025,0.544
16.907,51.23025,0.549
16.909,51.23025,0.528
16.911,51.23025,0.547
16.913,51.23025,0.564
16.915,51.23025,0.585
16.917,51.23025,0.572
16.919,51.23025,0.571
16.921,51.23025,0.61
16.923,51.23025,0.586
16.925,51.23025,0.561
16.927,51.23025,0.53
16.929,51.23025,0.55
16.931,51.23025,0.598
16.933,51.23025,0.532
16.935,51.23025,0.5
16.937,51.23025,0.525
16.939,51.23025,0.508
16.941,51.23025,0.497
16.943,51.23025,0.489
16.945,51.23025,0.47
16.947,51.23025,0.473
16.949,51.23025,0.434
16.951,51.23025,0.448
16.953,51.23025,0.473
16.955,51.23025,0.459
16.957,51.23025,0.454
16.959,51.23025,0.471
16.961,51.23025,0.434
16.963,51.23025,0.473
16.965,51.23025,0.453
16.967,51.23025,0.448
16.969,51.23025,0.527
16.971,51.23025,0.488
16.973,51.23025,0.527
16.975,51.23025,0.5
16.977,51.23025,0.515
16.979,51.23025,0.546
16.981,51.23025,0.523
16.983,51.23025,0.533
16.985,51.23025,0.525
16.987,51.23025,0.53
16.989,51.23025,0.504
16.991,51.23025,0.529
16.993,51.23025,0.506
16.995,51.23025,0.518
16.997,51.23025,0.499
16.999,51.23025,0.497
17.001,51.23025,0.52
17.003,51.23025,0.483
17.005,51.23025,0.503
17.007,51.23025,0.527
17.009,51.23025,0.518
17.011,51.23025,0.534
17.013,51.23025,0.52
17.015,51.23025,0.524
17.017,51.23025,0.561
17.019,51.23025,0.516
17.021,51.23025,0.568
17.023,51.23025,0.582
17.025,51.23025,0.581
17.027,51.23025,0.551
17.029,51.23025,0.591
17.031,51.23025,0.58
17.033,51.23025,0.584
17.035,51.23025,0.575
17.037,51.23025,0.59
17.039,51.23025,0.556
17.041,51.23025,0.566
17.043,51.23025,0.557
17.045,51.23025,0.548
17.047,51.23025,0.521
17.049,51.23025,0.526
17.051,51.23025,0.525
17.053,51.23025,0.598
17.055,51.23025,0.545
17.057,51.23025,0.51
17.059,51.23025,0.493
17.061,51.23025,0.5
17.063,51.23025,0.547
17.065,51.23025,0.511
17.067,51.23025,0.49
17.069,51.23025,0.522
17.071,51.23025,0.498
17.073,51.23025,0.488
17.075,51.23025,0.494
17.077,51.23025,0.508
17.079,51.23025,0.491
17.081,51.23025,0.564
17.083,51.23025,0.478
17.085,51.23025,0.51
17.087,51.23025,0.524
17.089,51.23025,0.502
17.091,51.23025,0.554
17.093,51.23025,0.512
17.095,51.23025,0.514
17.097,51.23025,0.529
17.099,51.23025,0.54
17.101,51.23025,0.515
17.103,51.23025,0.549
17.105,51.23025,0.553
17.107,51.23025,0.525
17.109,51.23025,0.551
17.111,51.23025,0.52
17.113,51.23025,0.524
17.115,51.23025,0.528
17.117,51.23025,0.503
17.119,51.23025,0.565
17.121,51.23025,0.516
17.123,51.23025,0.496
17.125,51.23025,0.473
17.127,51.23025,0.466
17.129,51.23025,0.433
17.131,51.23025,0.421
17.133,51.23025,0.453
17.135,51.23025,0.45
17.137,51.23025,0.481
17.139,51.23025,0.414
17.141,51.23025,0.456
17.143,51.23025,0.447
17.145,51.23025,0.485
17.147,51.23025,0.498
17.149,51.23025,0.533
17.151,51.23025,0.557
17.153,51.23025,0.575
17.155,51.23025,0.57
17.157,51.23025,0.628
17.159,51.23025,0.634
17.161,51.23025,0.627
17.163,51.23025,0.666
17.165,51.23025,0.67
17.167,51.23025,0.676
17.169,51.23025,0.677
17.171,51.23025,0.631
17.173,51.23025,0.657
17.175,51.23025,0.692
17.177,51.23025,0.617
17.179,51.23025,0.609
17.181,51.23025,0.609
17.183,51.23025,0.596
17.185,51.23025,0.589
17.187,51.23025,0.605
17.189,51.23025,0.589
17.191,51.23025,0.566
17.193,51.23025,0.569
17.195,51.23025,0.605
17.197,51.23025,0.537
17.199,51.23025,0.528
17.201,51.23025,0.561
17.203,51.23025,0.549
17.205,51.23025,0.531
17.207,51.23025,0.543
17.209,51.23025,0.542
17.211,51.23025,0.481
17.213,51.23025,0.542
17.215,51.23025,0.508
17.217,51.23025,0.5
17.219,51.23025,0.518
17.221,51.23025,0.527
17.223,51.23025,0.525
17.225,51.23025,0.533
17.227,51.23025,0.525
17.229,51.23025,0.529
17.231,51.23025,0.527
17.233,51.23025,0.537
17.235,51.23025,0.567
17.237,51.23025,0.571
17.239,51.23025,0.018
17.241,51.23025,0.033
17.243,51.23025,-0.041
17.245,51.23025,0.001
17.247,51.23025,0.014
17.249,51.23025,0.085
16.851,51.22895,0.596
16.853,51.22895,0.566
16.855,51.22895,0.556
16.857,51.22895,0.544
16.859,51.22895,0.53
16.861,51.22895,0.534
16.863,51.22895,0.57
16.865,51.22895,0.555
16.867,51.22895,0.517
16.869,51.22895,0.495
16.871,51.22895,0.494
16.873,51.22895,0.494
16.875,51.22895,0.493
16.877,51.22895,0.5
16.879,51.22895,0.51
16.881,51.22895,0.49
16.883,51.22895,0.494
16.885,51.22895,0.486
16.887,51.22895,0.446
16.889,51.22895,0.439
16.891,51.22895,0.476
16.893,51.22895,0.485
16.895,51.22895,0.478
16.897,51.22895,0.511
16.899,51.22895,0.528
16.901,51.22895,0.559
16.903,51.22895,0.507
16.905,51.22895,0.534
16.907,51.22895,0.54
16.909,51.22895,0.528
16.911,51.22895,0.57
16.913,51.22895,0.532
16.915,51.22895,0.559
16.917,51.22895,0.572
16.919,51.22895,0.573
16.921,51.22895,0.572
16.923,51.22895,0.614
16.925,51.22895,0.564
16.927,51.22895,0.559
16.929,51.22895,0.555
16.931,51.22895,0.582
16.933,51.22895,0.575
16.935,51.22895,0.552
16.937,51.22895,0.506
16.939,51.22895,0.518
16.941,51.22895,0.492
16.943,51.22895,0.481
16.945,51.22895,0.472
16.947,51.22895,0.488
16.949,51.22895,0.516
16.951,51.22895,0.516
16.953,51.22895,0.503
16.955,51.22895,0.475
16.957,51.22895,0.508
16.959,51.22895,0.487
16.961,51.22895,0.492
16.963,51.22895,0.489
16.965,51.22895,0.521
16.967,51.22895,0.478
16.969,51.22895,0.464
16.971,51.22895,0.532
16.973,51.22895,0.504
16.975,51.22895,0.576
16.977,51.22895,0.532
16.979,51.22895,0.564
16.981,51.22895,0.589
16.983,51.22895,0.553
16.985,51.22895,0.523
16.987,51.22895,0.554
16.989,51.22895,0.544
16.991,51.22895,0.494
16.993,51.22895,0.508
16.995,51.22895,0.549
16.997,51.22895,0.541
16.999,51.22895,0.504
17.001,51.22895,0.51
17.003,51.22895,0.499
17.005,51.22895,0.566
17.007,51.22895,0.517
17.009,51.22895,0.507
17.011,51.22895,0.524
17.013,51.22895,0.552
17.015,51.22895,0.51
17.017,51.22895,0.528
17.019,51.22895,0.561
17.021,51.22895,0.591
17.023,51.22895,0.554
17.025,51.22895,0.561
17.027,51.22895,0.584
17.029,51.22895,0.601
17.031,51.22895,0.647
17.033,51.22895,0.629
17.035,51.22895,0.59
17.037,51.22895,0.609
17.039,51.22895,0.571
17.041,51.22895,0.56
17.043,51.22895,0.57
17.045,51.22895,0.582
17.047,51.22895,0.581
17.049,51.22895,0.573
17.051,51.22895,0.547
17.053,51.22895,0.494
17.055,51.22895,0.517
17.057,51.22895,0.515
17.059,51.22895,0.527
17.061,51.22895,0.545
17.063,51.22895,0.523
17.065,51.22895,0.509
17.067,51.22895,0.507
17.069,51.22895,0.517
17.071,51.22895,0.512
17.073,51.22895,0.482
17.075,51.22895,0.503
17.077,51.22895,0.519
17.079,51.22895,0.534
17.081,51.22895,0.49
17.083,51.22895,0.502
17.085,51.22895,0.519
17.087,51.22895,0.496
17.089,51.22895,0.519
17.091,51.22895,0.499
17.093,51.22895,0.517
17.095,51.22895,0.543
17.097,51.22895,0.561
17.099,51.22895,0.532
17.101,51.22895,0.536
17.103,51.22895,0.509
17.105,51.22895,0.545
17.107,51.22895,0.52
17.109,51.22895,0.508
17.111,51.22895,0.501
17.113,51.22895,0.518
17.115,51.22895,0.493
17.117,51.22895,0.527
17.119,51.22895,0.539
17.121,51.22895,0.484
17.123,51.22895,0.485
17.125,51.22895,0.491
17.127,51.22895,0.447
17.129,51.22895,0.455
17.131,51.22895,0.495
17.133,51.22895,0.473
17.135,51.22895,0.461
17.137,51.22895,0.446
17.139,51.22895,0.483
17.141,51.22895,0.494
17.143,51.22895,0.492
17.145,51.22895,0.478
17.147,51.22895,0.482
17.149,51.22895,0.575
17.151,51.22895,0.524
17.153,51.22895,0.588
17.155,51.22895,0.608
17.157,51.22895,0.603
17.159,51.22895,0.643
17.161,51.22895,0.658
17.163,51.22895,0.683
17.165,51.22895,0.666
17.167,51.22895,0.613
17.169,51.22895,0.638
17.171,51.22895,0.652
17.173,51.22895,0.638
17.175,51.22895,0.634
17.177,51.22895,0.607
17.179,51.22895,0.602
17.181,51.22895,0.544
17.183,51.22895,0.619
17.185,51.22895,0.565
17.187,51.22895,0.58
17.189,51.22895,0.609
17.191,51.22895,0.566
17.193,51.22895,0.559
17.195,51.22895,0.592
17.197,51.22895,0.561
17.199,51.22895,0.529
17.201,51.22895,0.521
17.203,51.22895,0.517
17.205,51.22895,0.499
17.207,51.22895,0.503
17.209,51.22895,0.517
17.211,51.22895,0.526
17.213,51.22895,0.503
17.215,51.22895,0.555
17.217,51.22895,0.521
17.219,51.22895,0.553
17.221,51.22895,0.507
17.223,51.22895,0.54
17.225,51.22895,0.573
17.227,51.22895,0.516
17.229,51.22895,0.529
17.231,51.22895,0.553
17.233,51.22895,0.592
17.235,51.22895,0.511
17.237,51.22895,0.045
17.239,51.22895,0.08
17.241,51.22895,0.087
17.243,51.22895,0.057
17.245,51.22895,0.053
17.247,51.22895,-0.032
17.249,51.22895,0.046
16.851,51.22765,0.523
16.853,51.22765,0.563
16.855,51.22765,0.585
16.857,51.22765,0.542
16.859,51.22765,0.531
16.861,51.22765,0.547
16.863,51.22765,0.57
16.865,51.22765,0.524
16.867,51.22765,0.544
16.869,51.22765,0.545
16.871,51.22765,0.543
16.873,51.22765,0.51
16.875,51.22765,0.51
16.877,51.22765,0.487
16.879,51.22765,0.449
16.881,51.22765,0.488
16.883,51.22765,0.467
16.885,51.22765,0.43
16.887,51.22765,0.462
16.889,51.22765,0.478
16.891,51.22765,0.461
16.893,51.22765,0.51
16.895,51.22765,0.473
16.897,51.22765,0.471
16.899,51.22765,0.489
16.901,51.22765,0.505
16.903,51.22765,0.526
16.905,51.22765,0.538
16.907,51.22765,0.545
16.909,51.22765,0.556
16.911,51.22765,0.565
16.913,51.22765,0.576
16.915,51.22765,0.584
16.917,51.22765,0.573
16.919,51.22765,0.558
16.921,51.22765,0.587
16.923,51.22765,0.545
16.925,51.22765,0.574
16.927,51.22765,0.604
16.929,51.22765,0.595
16.931,51.22765,0.571
16.933,51.22765,0.561
16.935,51.22765,0.512
16.937,51.22765,0.546
16.939,51.22765,0.518
16.941,51.22765,0.496
16.943,51.22765,0.564
16.945,51.22765,0.529
16.947,51.22765,0.538
16.949,51.22765,0.492
16.951,51.22765,0.511
16.953,51.22765,0.538
16.955,51.22765,0.519
16.957,51.22765,0.509
16.959,51.22765,0.523
16.961,51.22765,0.5
16.963,51.22765,0.538
16.965,51.22765,0.537
16.967,51.22765,0.553
16.969,51.22765,0.571
16.971,51.22765,0.581
16.973,51.22765,0.522
16.975,51.22765,0.533
16.977,51.22765,0.539
16.979,51.22765,0.548
16.981,51.22765,0.591
16.983,51.22765,0.563
16.985,51.22765,0.561
16.987,51.22765,0.556
16.989,51.22765,0.553
16.991,51.22765,0.534
16.993,51.22765,0.545
16.995,51.22765,0.52
16.997,51.22765,0.57
16.999,51.22765,0.511
17.001,51.22765,0.527
17.003,51.22765,0.526
17.005,51.22765,0.542
17.007,51.22765,0.563
17.009,51.22765,0.547
17.011,51.22765,0.544
17.013,51.22765,0.564
17.015,51.22765,0.561
17.017,51.22765,0.584
17.019,51.22765,0.519
17.021,51.22765,0.553
17.023,51.22765,0.549
17.025,51.22765,0.532
17.027,51.22765,0.579
17.029,51.22765,0.634
17.031,51.22765,0.596
17.033,51.22765,0.602
17.035,51.22765,0.578
17.037,51.22765,0.604
17.039,51.22765,0.56
17.041,51.22765,0.627
17.043,51.22765,0.607
17.045,51.22765,0.578
17.047,51.22765,0.549
17.049,51.22765,0.535
17.051,51.22765,0.507
17.053,51.22765,0.568
17.055,51.22765,0.555
17.057,51.22765,0.544
17.059,51.22765,0.517
17.061,51.22765,0.485
17.063,51.22765,0.549
17.065,51.22765,0.479
17.067,51.22765,0.468
17.069,51.22765,0.527
17.071,51.22765,0.521
17.073,51.22765,0.517
17.075,51.22765,0.526
17.077,51.22765,0.507
17.079,51.22765,0.526
17.081,51.22765,0.514
17.083,51.22765,0.55
17.085,51.22765,0.519
17.087,51.22765,0.497
17.089,51.22765,0.487
17.091,51.22765,0.507
17.093,51.22765,0.512
17.095,51.22765,0.507
17.097,51.22765,0.535
17.099,51.22765,0.591
17.101,51.22765,0.548
17.103,51.22765,0.533
17.105,51.22765,0.549
17.107,51.22765,0.558
17.109,51.22765,0.555
17.111,51.22765,0.567
17.113,51.22765,0.533
17.115,51.22765,0.529
17.117,51.22765,0.528
17.119,51.22765,0.518
17.121,51.22765,0.492
17.123,51.22765,0.53
17.125,51.22765,0.541
17.127,51.22765,0.482
17.129,51.22765,0.509
17.131,51.22765,0.472
17.133,51.22765,0.458
17.135,51.22765,0.509
17.137,51.22765,0.49
17.139,51.22765,0.449
17.141,51.22765,0.518
17.143,51.22765,0.475
17.145,51.22765,0.519
17.147,51.22765,0.545
17.149,51.22765,0.559
17.151,51.22765,0.585
17.153,51.22765,0.578
17.155,51.22765,0.605
17.157,51.22765,0.606
17.159,51.22765,0.649
17.161,51.22765,0.648
17.163,51.22765,0.65
17.165,51.22765,0.64
17.167,51.22765,0.675
17.169,51.22765,0.648
17.171,51.22765,0.622
17.173,51.22765,0.637
17.175,51.22765,0.652
17.177,51.22765,0.639
17.179,51.22765,0.646
17.181,51.22765,0.599
17.183,51.22765,0.626
17.185,51.22765,0.594
17.187,51.22765,0.549
17.189,51.22765,0.565
17.191,51.22765,0.54
17.193,51.22765,0.588
17.195,51.22765,0.552
17.197,51.22765,0.55
17.199,51.22765,0.541
17.201,51.22765,0.53
17.203,51.22765,0.538
17.205,51.22765,0.485
17.207,51.22765,0.497
17.209,51.22765,0.525
17.211,51.22765,0.502
17.213,51.22765,0.514
17.215,51.22765,0.516
17.217,51.22765,0.539
17.219,51.22765,0.531
17.221,51.22765,0.538
17.223,51.22765,0.538
17.225,51.22765,0.538
17.227,51.22765,0.548
17.229,51.22765,0.56
17.231,51.22765,0.516
17.233,51.22765,0.539
17.235,51.22765,-0.024
17.237,51.22765,0.053
17.239,51.22765,-0.002
17.241,51.22765,0.013
17.243,51.22765,-0.016
17.245,51.22765,0.056
17.247,51.22765,0.052
17.249,51.22765,0.018
16.851,51.22635,0.546
16.853,51.22635,0.554
16.855,51.22635,0.564
16.857,51.22635,0.55
16.859,51.22635,0.563
16.861,51.22635,0.503
16.863,51.22635,0.531
16.865,51.22635,0.507
16.867,51.22635,0.517
16.869,51.22635,0.523
16.871,51.22635,0.514
16.873,51.22635,0.508
16.875,51.22635,0.505
16.877,51.22635,0.503
16.879,51.22635,0.485
16.881,51.22635,0.485
16.883,51.22635,0.492
16.885,51.22635,0.471
16.887,51.22635,0.435
16.889,51.22635,0.464
16.891,51.22635,0.478
16.893,51.22635,0.478
16.895,51.22635,0.463
16.897,51.22635,0.532
16.899,51.22635,0.536
16.901,51.22635,0.475
16.903,51.22635,0.479
16.905,51.22635,0.519
16.907,51.22635,0.551
16.909,51.22635,0.541
16.911,51.22635,0.519
16.913,51.22635,0.562
16.915,51.22635,0.59
16.917,51.22635,0.592
16.919,51.22635,0.61
16.921,51.22635,0.597
16.923,51.22635,0.597
16.925,51.22635,0.625
16.927,51.22635,0.594
16.929,51.22635,0.564
16.931,51.22635,0.57
16.933,51.22635,0.601
16.935,51.22635,0.591
16.937,51.22635,0.574
16.939,51.22635,0.54
16.941,51.22635,0.526
16.943,51.22635,0.528
16.945,51.22635,0.536
16.947,51.22635,0.511
16.949,51.22635,0.552
16.951,51.22635,0.516
16.953,51.22635,0.527
16.955,51.22635,0.506
16.957,51.22635,0.548
16.959,51.22635,0.549
16.961,51.22635,0.56
16.963,51.22635,0.572
16.965,51.22635,0.552
16.967,51.22635,0.543
16.969,51.22635,0.543
16.971,51.22635,0.583
16.973,51.22635,0.585
16.975,51.22635,0.576
16.977,51.22635,0.621
16.979,51.22635,0.575
16.981,51.22635,0.599
16.983,51.22635,0.618
16.985,51.22635,0.552
16.987,51.22635,0.587
16.989,51.22635,0.586
16.991,51.22635,0.557
16.993,51.22635,0.56
16.995,51.22635,0.546
16.997,51.22635,0.542
16.999,51.22635,0.502
17.001,51.22635,0.525
17.003,51.22635,0.556
17.005,51.22635,0.53
17.007,51.22635,0.571
17.009,51.22635,0.589
17.011,51.22635,0.539
17.013,51.22635,0.532
17.015,51.22635,0.593
17.017,51.22635,0.59
17.019,51.22635,0.554
17.021,51.22635,0.625
17.023,51.22635,0.595
17.025,51.22635,0.605
17.027,51.22635,0.592
17.029,51.22635,0.64
17.031,51.22635,0.618
17.033,51.22635,0.601
17.035,51.22635,0.587
17.037,51.22635,0.6
17.039,51.22635,0.613
17.041,51.22635,0.573
17.043,51.22635,0.592
17.045,51.22635,0.591
17.047,51.22635,0.553
17.049,51.22635,0.551
17.051,51.22635,0.56
17.053,51.22635,0.538
17.055,51.22635,0.546
17.057,51.22635,0.525
17.059,51.22635,0.505
17.061,51.22635,0.521
17.063,51.22635,0.498
17.065,51.22635,0.496
17.067,51.22635,0.467
17.069,51.22635,0.506
17.071,51.22635,0.479
17.073,51.22635,0.53
17.075,51.22635,0.478
17.077,51.22635,0.533
17.079,51.22635,0.499
17.081,51.22635,0.54
17.083,51.22635,0.552
17.085,51.22635,0.515
17.087,51.22635,0.523
17.089,51.22635,0.532
17.091,51.22635,0.504
17.093,51.22635,0.504
17.095,51.22635,0.562
17.097,51.22635,0.532
17.099,51.22635,0.552
17.101,51.22635,0.535
17.103,51.22635,0.552
17.105,51.22635,0.509
17.107,51.22635,0.513
17.109,51.22635,0.535
17.111,51.22635,0.569
17.113,51.22635,0.541
17.115,51.22635,0.544
17.117,51.22635,0.557
17.119,51.22635,0.507
17.121,51.22635,0.503
17.123,51.22635,0.511
17.125,51.22635,0.514
17.127,51.22635,0.523
17.129,51.22635,0.505
17.131,51.22635,0.477
17.133,51.22635,0.488
17.135,51.22635,0.489
17.137,51.22635,0.447
17.139,51.22635,0.508
17.141,51.22635,0.471
17.143,51.22635,0.501
17.145,51.22635,0.486
17.147,51.22635,0.52
17.149,51.22635,0.554
17.151,51.22635,0.564
17.153,51.22635,0.556
17.155,51.22635,0.579
17.157,51.22635,0.622
17.159,51.22635,0.657
17.161,51.22635,0.591
17.163,51.22635,0.634
17.165,51.22635,0.659
17.167,51.22635,0.642
17.169,51.22635,0.651
17.171,51.22635,0.666
17.173,51.22635,0.599
17.175,51.22635,0.639
17.177,51.22635,0.636
17.179,51.22635,0.617
17.181,51.22635,0.617
17.183,51.22635,0.584
17.185,51.22635,0.593
17.187,51.22635,0.598
17.189,51.22635,0.555
17.191,51.22635,0.554
17.193,51.22635,0.512
17.195,51.22635,0.527
17.197,51.22635,0.563
17.199,51.22635,0.544
17.201,51.22635,0.529
17.203,51.22635,0.524
17.205,51.22635,0.524
17.207,51.22635,0.524
17.209,51.22635,0.557
17.211,51.22635,0.528
17.213,51.22635,0.544
17.215,51.22635,0.518
17.217,51.22635,0.502
17.219,51.22635,0.527
17.221,51.22635,0.497
17.223,51.22635,0.533
17.225,51.22635,0.541
17.227,51.22635,0.538
17.229,51.22635,0.549
17.231,51.22635,0.047
17.233,51.22635,0.085
17.235,51.22635,0.028
17.237,51.22635,-0.03
17.239,51.22635,0.036
17.241,51.22635,0.001
17.243,51.22635,0.028
17.245,51.22635,0.062
17.247,51.22635,0.038
17.249,51.22635,-0.002
16.851,51.22505,0.538
16.853,51.22505,0.55
16.855,51.22505,0.565
16.857,51.22505,0.551
16.859,51.22505,0.544
16.861,51.22505,0.541
16.863,51.22505,0.513
16.865,51.22505,0.503
16.867,51.22505,0.482
16.869,51.22505,0.538
16.871,51.22505,0.5
16.873,51.22505,0.5
16.875,51.22505,0.489
16.877,51.22505,0.515
16.879,51.22505,0.507
16.881,51.22505,0.522
16.883,51.22505,0.492
16.885,51.22505,0.522
16.887,51.22505,0.481
16.889,51.22505,0.47
16.891,51.22505,0.474
16.893,51.22505,0.464
16.895,51.22505,0.483
16.897,51.22505,0.447
16.899,51.22505,0.496
16.901,51.22505,0.469
16.903,51.22505,0.473
16.905,51.22505,0.516
16.907,51.22505,0.558
16.909,51.22505,0.53
16.911,51.22505,0.525
16.913,51.22505,0.56
16.915,51.22505,0.576
16.917,51.22505,0.573
16.919,51.22505,0.564
16.921,51.22505,0.595
16.923,51.22505,0.612
16.925,51.22505,0.587
16.927,51.22505,0.552
16.929,51.22505,0.576
16.931,51.22505,0.601
16.933,51.22505,0.555
16.935,51.22505,0.57
16.937,51.22505,0.565
16.939,51.22505,0.545
16.941,51.22505,0.52
16.943,51.22505,0.534
16.945,51.22505,0.538
16.947,51.22505,0.538
16.949,51.22505,0.551
16.951,51.22505,0.567
16.953,51.22505,0.589
16.955,51.22505,0.518
16.957,51.22505,0.575
16.959,51.22505,0.568
16.961,51.22505,0.584
16.963,51.22505,0.565
16.965,51.22505,0.558
16.967,51.22505,0.573
16.969,51.22505,0.611
16.971,51.22505,0.565
16.973,51.22505,0.652
16.975,51.22505,0.596
16.977,51.22505,0.623
16.979,51.22505,0.6
16.981,51.22505,0.583
16.983,51.22505,0.577
16.985,51.22505,0.577
16.987,51.22505,0.587
16.989,51.22505,0.564
16.991,51.22505,0.559
16.993,51.22505,0.561
16.995,51.22505,0.536
16.997,51.22505,0.546
16.999,51.22505,0.517
17.001,51.22505,0.523
17.003,51.22505,0.542
17.005,51.22505,0.557
17.007,51.22505,0.603
17.009,51.22505,0.509
17.011,51.22505,0.557
17.013,51.22505,0.55
17.015,51.22505,0.565
17.017,51.22505,0.55
17.019,51.22505,0.586
17.021,51.22505,0.597
17.023,51.22505,0.594
17.025,51.22505,0.603
17.027,51.22505,0.601
17.029,51.22505,0.596
17.031,51.22505,0.616
17.033,51.22505,0.651
17.035,51.22505,0.634
17.037,51.22505,0.648
17.039,51.22505,0.607
17.041,51.22505,0.609
17.043,51.22505,0.642
17.045,51.22505,0.562
17.047,51.22505,0.619
17.049,51.22505,0.567
17.051,51.22505,0.545
17.053,51.22505,0.589
17.055,51.22505,0.544
17.057,51.22505,0.512
17.059,51.22505,0.52
17.061,51.22505,0.559
17.063,51.22505,0.538
17.065,51.22505,0.546
17.067,51.22505,0.512
17.069,51.22505,0.512
17.071,51.22505,0.526
17.073,51.22505,0.496
17.075,51.22505,0.493
17.077,51.22505,0.543
17.079,51.22505,0.562
17.081,51.22505,0.531
17.083,51.22505,0.55
17.085,51.22505,0.498
17.087,51.22505,0.55
17.089,51.22505,0.552
17.091,51.22505,0.536
17.093,51.22505,0.551
17.095,51.22505,0.547
17.097,51.22505,0.521
17.099,51.22505,0.519
17.101,51.22505,0.56
17.103,51.22505,0.537
17.105,51.22505,0.542
17.107,51.22505,0.56
17.109,51.22505,0.552
17.111,51.22505,0.574
17.113,51.22505,0.535
17.115,51.22505,0.528
17.117,51.22505,0.56
17.119,51.22505,0.565
17.121,51.22505,0.531
17.123,51.22505,0.547
17.125,51.22505,0.52
17.127,51.22505,0.487
17.129,51.22505,0.504
17.131,51.22505,0.502
17.133,51.22505,0.519
17.135,51.22505,0.451
17.137,51.22505,0.5
17.139,51.22505,0.478
17.141,51.22505,0.517
17.143,51.22505,0.482
17.145,51.22505,0.533
17.147,51.22505,0.567
17.149,51.22505,0.558
17.151,51.22505,0.584
17.153,51.22505,0.598
17.155,51.22505,0.613
17.157,51.22505,0.603
17.159,51.22505,0.626
17.161,51.22505,0.659
17.163,51.22505,0.625
17.165,51.22505,0.637
17.167,51.22505,0.6
17.169,51.22505,0.649
17.171,51.22505,0.642
17.173,51.22505,0.634
17.175,51.22505,0.609
17.177,51.22505,0.579
17.179,51.22505,0.601
17.181,51.22505,0.601
17.183,51.22505,0.585
17.185,51.22505,0.546
17.187,51.22505,0.571
17.189,51.22505,0.592
17.191,51.22505,0.546
17.193,51.22505,0.513
17.195,51.22505,0.522
17.197,51.22505,0.556
17.199,51.22505,0.506
17.201,51.22505,0.503
17.203,51.22505,0.552
17.205,51.22505,0.539
17.207,51.22505,0.507
17.209,51.22505,0.487
17.211,51.22505,0.533
17.213,51.22505,0.552
17.215,51.22505,0.539
17.217,51.22505,0.556
17.219,51.22505,0.519
17.221,51.22505,0.53
17.223,51.22505,0.518
17.225,51.22505,0.534
17.227,51.22505,0.548
17.229,51.22505,0.044
17.231,51.22505,-0.014
17.233,51.22505,0.022
17.235,51.22505,0.008
17.237,51.22505,0.038
17.239,51.22505,0.037
17.241,51.22505,0.006
17.243,51.22505,-0.045
17.245,51.22505,0.056
17.247,51.22505,0.003
17.249,51.22505,0.017
16.851,51.22375,0.524
16.853,51.22375,0.514
16.855,51.22375,0.517
16.857,51.22375,0.521
16.859,51.22375,0.54
16.861,51.22375,0.457
16.863,51.22375,0.539
16.865,51.22375,0.497
16.867,51.22375,0.517
16.869,51.22375,0.507
16.871,51.22375,0.505
16.873,51.22375,0.515
16.875,51.22375,0.523
16.877,51.22375,0.525
16.879,51.22375,0.513
16.881,51.22375,0.474
16.883,51.22375,0.512
16.885,51.22375,0.513
16.887,51.22375,0.434
16.889,51.22375,0.485
16.891,51.22375,0.459
16.893,51.22375,0.497
16.895,51.22375,0.489
16.897,51.22375,0.482
16.899,51.22375,0.474
16.901,51.22375,0.468
16.903,51.22375,0.51
16.905,51.22375,0.532
16.907,51.22375,0.544
16.909,51.22375,0.564
16.911,51.22375,0.564
16.913,51.22375,0.5
16.915,51.22375,0.594
16.917,51.22375,0.58
16.919,51.22375,0.599
16.921,51.22375,0.608
16.923,51.22375,0.575
16.925,51.22375,0.606
16.927,51.22375,0.587
16.929,51.22375,0.592
16.931,51.22375,0.592
16.933,51.22375,0.559
16.935,51.22375,0.556
16.937,51.22375,0.552
16.939,51.22375,0.571
16.941,51.22375,0.556
16.943,51.22375,0.555
16.945,51.22375,0.558
16.947,51.22375,0.563
16.949,51.22375,0.585
16.951,51.22375,0.589
16.953,51.22375,0.554
16.955,51.22375,0.581
16.957,51.22375,0.572
16.959,51.22375,0.558
16.961,51.22375,0.613
16.963,51.22375,0.635
16.965,51.22375,0.622
16.967,51.22375,0.642
16.969,51.22375,0.643
16.971,51.22375,0.631
16.973,51.22375,0.682
16.975,51.22375,0.592
16.977,51.22375,0.626
16.979,51.22375,0.636
16.981,51.22375,0.658
16.983,51.22375,0.595
16.985,51.22375,0.606
16.987,51.22375,0.565
16.989,51.22375,0.578
16.991,51.22375,0.576
16.993,51.22375,0.585
16.995,51.22375,0.568
16.997,51.22375,0.546
16.999,51.22375,0.542
17.001,51.22375,0.546
17.003,51.22375,0.552
17.005,51.22375,0.552
17.007,51.22375,0.561
17.009,51.22375,0.553
17.011,51.22375,0.548
17.013,51.22375,0.553
17.015,51.22375,0.602
17.017,51.22375,0.608
17.019,51.22375,0.579
17.021,51.22375,0.595
17.023,51.22375,0.586
17.025,51.22375,0.589
17.027,51.22375,0.648
17.029,51.22375,0.663
17.031,51.22375,0.653
17.033,51.22375,0.637
17.035,51.22375,0.626
17.037,51.22375,0.611
17.039,51.22375,0.614
17.041,51.22375,0.616
17.043,51.22375,0.63
17.045,51.22375,0.578
17.047,51.22375,0.615
17.049,51.22375,0.57
17.051,51.22375,0.581
17.053,51.22375,0.549
17.055,51.22375,0.555
17.057,51.22375,0.499
17.059,51.22375,0.555
17.061,51.22375,0.511
17.063,51.22375,0.513
17.065,51.22375,0.511
17.067,51.22375,0.519
17.069,51.22375,0.471
17.071,51.22375,0.536
17.073,51.22375,0.534
17.075,51.22375,0.511
17.077,51.22375,0.509
17.079,51.22375,0.505
17.081,51.22375,0.474
17.083,51.22375,0.553
17.085,51.22375,0.519
17.087,51.22375,0.543
17.089,51.22375,0.532
17.091,51.22375,0.527
17.093,51.22375,0.525
17.095,51.22375,0.537
17.097,51.22375,0.503
17.099,51.22375,0.504
17.101,51.22375,0.553
17.103,51.22375,0.493
17.105,51.22375,0.51
17.107,51.22375,0.515
17.109,51.22375,0.548
17.111,51.22375,0.523
17.113,51.22375,0.567
17.115,51.22375,0.547
17.117,51.22375,0.556
17.119,51.22375,0.541
17.121,51.22375,0.546
17.123,51.22375,0.521
17.125,51.22375,0.558
17.127,51.22375,0.512
17.129,51.22375,0.521
17.131,51.22375,0.488
17.133,51.22375,0.49
17.135,51.22375,0.489
17.137,51.22375,0.465
17.139,51.22375,0.55
17.141,51.22375,0.52
17.143,51.22375,0.542
17.145,51.22375,0.538
17.147,51.22375,0.549
17.149,51.22375,0.579
17.151,51.22375,0.566
17.153,51.22375,0.587
17.155,51.22375,0.608
17.157,51.22375,0.62
17.159,51.22375,0.607
17.161,51.22375,0.633
17.163,51.22375,0.626
17.165,51.22375,0.65
17.167,51.22375,0.668
17.169,51.22375,0.658
17.171,51.22375,0.643
17.173,51.22375,0.657
17.175,51.22375,0.596
17.177,51.22375,0.646
17.179,51.22375,0.605
17.181,51.22375,0.592
17.183,51.22375,0.634
17.185,51.22375,0.551
17.187,51.22375,0.542
17.189,51.22375,0.521
17.191,51.22375,0.545
17.193,51.22375,0.54
17.195,51.22375,0.536
17.197,51.22375,0.515
17.199,51.22375,0.5
17.201,51.22375,0.539
17.203,51.22375,0.528
17.205,51.22375,0.509
17.207,51.22375,0.534
17.209,51.22375,0.511
17.211,51.22375,0.524
17.213,51.22375,0.54
17.215,51.22375,0.522
17.217,51.22375,0.533
17.219,51.22375,0.515
17.221,51.22375,0.549
17.223,51.22375,0.514
17.225,51.22375,0.556
17.227,51.22375,0.047
17.229,51.22375,-0.003
17.231,51.22375,0.036
17.233,51.22375,0
17.235,51.22375,0.076
17.237,51.22375,0.055
17.239,51.22375,0.016
17.241,51.22375,0.077
17.243,51.22375,0.038
17.245,51.22375,-0.028
17.247,51.22375,-0.003
17.249,51.22375,0.503
16.851,51.22245,0.532
16.853,51.22245,0.517
16.855,51.22245,0.51
16.857,51.22245,0.509
16.859,51.22245,0.545
16.861,51.22245,0.484
16.863,51.22245,0.547
16.865,51.22245,0.508
16.867,51.22245,0.509
16.869,51.22245,0.53
16.871,51.22245,0.514
16.873,51.22245,0.507
16.875,51.22245,0.519
16.877,51.22245,0.482
16.879,51.22245,0.509
16.881,51.22245,0.473
16.883,51.22245,0.508
16.885,51.22245,0.524
16.887,51.22245,0.502
16.889,51.22245,0.487
16.891,51.22245,0.481
16.893,51.22245,0.451
16.895,51.22245,0.452
16.897,51.22245,0.467
16.899,51.22245,0.482
16.901,51.22245,0.471
16.903,51.22245,0.474
16.905,51.22245,0.532
16.907,51.22245,0.541
16.909,51.22245,0.541
16.911,51.22245,0.554
16.913,51.22245,0.603
16.915,51.22245,0.568
16.917,51.22245,0.577
16.919,51.22245,0.606
16.921,51.22245,0.601
16.923,51.22245,0.573
16.925,51.22245,0.612
16.927,51.22245,0.62
16.929,51.22245,0.602
16.931,51.22245,0.574
16.933,51.22245,0.582
16.935,51.22245,0.556
16.937,51.22245,0.574
16.939,51.22245,0.56
16.941,51.22245,0.554
16.943,51.22245,0.549
16.945,51.22245,0.605
16.947,51.22245,0.561
16.949,51.22245,0.546
16.951,51.22245,0.553
16.953,51.22245,0.591
16.955,51.22245,0.645
16.957,51.22245,0.602
16.959,51.22245,0.644
16.961,51.22245,0.629
16.963,51.22245,0.633
16.965,51.22245,0.609
16.967,51.22245,0.61
16.969,51.22245,0.671
16.971,51.22245,0.602
16.973,51.22245,0.642
16.975,51.22245,0.654
16.977,51.22245,0.643
16.979,51.22245,0.649
16.981,51.22245,0.603
16.983,51.22245,0.683
16.985,51.22245,0.657
16.987,51.22245,0.605
16.989,51.22245,0.598
16.991,51.22245,0.587
16.993,51.22245,0.608
16.995,51.22245,0.565
16.997,51.22245,0.58
16.999,51.22245,0.564
17.001,51.22245,0.567
17.003,51.22245,0.563
17.005,51.22245,0.513
17.007,51.22245,0.552
17.009,51.22245,0.53
17.011,51.22245,0.545
17.013,51.22245,0.593
17.015,51.22245,0.617
17.017,51.22245,0.603
17.019,51.22245,0.601
17.021,51.22245,0.56
17.023,51.22245,0.586
17.025,51.22245,0.62
17.027,51.22245,0.6
17.029,51.22245,0.614
17.031,51.22245,0.622
17.033,51.22245,0.635
17.035,51.22245,0.595
17.037,51.22245,0.646
17.039,51.22245,0.602
17.041,51.22245,0.626
17.043,51.22245,0.643
17.045,51.22245,0.612
17.047,51.22245,0.565
17.049,51.22245,0.607
17.051,51.22245,0.542
17.053,51.22245,0.599
17.055,51.22245,0.543
17.057,51.22245,0.551
17.059,51.22245,0.521
17.061,51.22245,0.494
17.063,51.22245,0.479
17.065,51.22245,0.497
17.067,51.22245,0.507
17.069,51.22245,0.475
17.071,51.22245,0.508
17.073,51.22245,0.51
17.075,51.22245,0.533
17.077,51.22245,0.512
17.079,51.22245,0.496
17.081,51.22245,0.543
17.083,51.22245,0.549
17.085,51.22245,0.524
17.087,51.22245,0.526
17.089,51.22245,0.519
17.091,51.22245,0.515
17.093,51.22245,0.548
17.095,51.22245,0.538
17.097,51.22245,0.52
17.099,51.22245,0.548
17.101,51.22245,0.515
17.103,51.22245,0.552
17.105,51.22245,0.52
17.107,51.22245,0.557
17.109,51.22245,0.548
17.111,51.22245,0.539
17.113,51.22245,0.554
17.115,51.22245,0.555
17.117,51.22245,0.582
17.119,51.22245,0.548
17.121,51.22245,0.548
17.123,51.22245,0.506
17.125,51.22245,0.525
17.127,51.22245,0.517
17.129,51.22245,0.549
17.131,51.22245,0.541
17.133,51.22245,0.519
17.135,51.22245,0.512
17.137,51.22245,0.541
17.139,51.22245,0.509
17.141,51.22245,0.538
17.143,51.22245,0.543
17.145,51.22245,0.571
17.147,51.22245,0.562
17.149,51.22245,0.571
17.151,51.22245,0.59
17.153,51.22245,0.578
17.155,51.22245,0.592
17.157,51.22245,0.615
17.159,51.22245,0.606
17.161,51.22245,0.644
17.163,51.22245,0.604
17.165,51.22245,0.642
17.167,51.22245,0.654
17.169,51.22245,0.642
17.171,51.22245,0.652
17.173,51.22245,0.635
17.175,51.22245,0.614
17.177,51.22245,0.581
17.179,51.22245,0.592
17.181,51.22245,0.594
17.183,51.22245,0.554
17.185,51.22245,0.567
17.187,51.22245,0.596
17.189,51.22245,0.571
17.191,51.22245,0.518
17.193,51.22245,0.521
17.195,51.22245,0.52
17.197,51.22245,0.505
17.199,51.22245,0.544
17.201,51.22245,0.499
17.203,51.22245,0.476
17.205,51.22245,0.54
17.207,51.22245,0.503
17.209,51.22245,0.541
17.211,51.22245,0.547
17.213,51.22245,0.502
17.215,51.22245,0.519
17.217,51.22245,0.508
17.219,51.22245,0.533
17.221,51.22245,0.55
17.223,51.22245,0.541
17.225,51.22245,0.032
17.227,51.22245,-0.011
17.229,51.22245,-0.019
17.231,51.22245,0.018
17.233,51.22245,-0.001
17.235,51.22245,0.053
17.237,51.22245,0.024
17.239,51.22245,0.033
17.241,51.22245,-0.033
17.243,51.22245,0.071
17.245,51.22245,0.018
17.247,51.22245,0.54
17.249,51.22245,0.477
16.851,51.22115,0.512
16.853,51.22115,0.539
16.855,51.22115,0.491
16.857,51.22115,0.509
16.859,51.22115,0.485
16.861,51.22115,0.522
16.863,51.22115,0.512
16.865,51.22115,0.471
16.867,51.22115,0.555
16.869,51.22115,0.529
16.871,51.22115,0.546
16.873,51.22115,0.509
16.875,51.22115,0.518
16.877,51.22115,0.532
16.879,51.22115,0.519
16.881,51.22115,0.507
16.883,51.22115,0.497
16.885,51.22115,0.478
16.887,51.22115,0.508
16.889,51.22115,0.488
16.891,51.22115,0.501
16.893,51.22115,0.468
16.895,51.22115,0.428
16.897,51.22115,0.524
16.899,51.22115,0.504
16.901,51.22115,0.505
16.903,51.22115,0.517
16.905,51.22115,0.518
16.907,51.22115,0.48
16.909,51.22115,0.533
16.911,51.22115,0.557
16.913,51.22115,0.608
16.915,51.22115,0.612
16.917,51.22115,0.57
16.919,51.22115,0.623
16.921,51.22115,0.635
16.923,51.22115,0.601
16.925,51.22115,0.599
16.927,51.22115,0.594
16.929,51.22115,0.584
16.931,51.22115,0.568
16.933,51.22115,0.596
16.935,51.22115,0.569
16.937,51.22115,0.596
16.939,51.22115,0.576
16.941,51.22115,0.575
16.943,51.22115,0.59
16.945,51.22115,0.552
16.947,51.22115,0.602
16.949,51.22115,0.598
16.951,51.22115,0.63
16.953,51.22115,0.636
16.955,51.22115,0.642
16.957,51.22115,0.641
16.959,51.22115,0.636
16.961,51.22115,0.65
16.963,51.22115,0.704
16.965,51.22115,0.671
16.967,51.22115,0.669
16.969,51.22115,0.641
16.971,51.22115,0.668
16.973,51.22115,0.68
16.975,51.22115,0.686
16.977,51.22115,0.648
16.979,51.22115,0.669
16.981,51.22115,0.638
16.983,51.22115,0.633
16.985,51.22115,0.613
16.987,51.22115,0.608
16.989,51.22115,0.66
16.991,51.22115,0.623
16.993,51.22115,0.575
16.995,51.22115,0.602
16.997,51.22115,0.633
16.999,51.22115,0.595
17.001,51.22115,0.537
17.003,51.22115,0.554
17.005,51.22115,0.616
17.007,51.22115,0.551
17.009,51.22115,0.573
17.011,51.22115,0.594
17.013,51.22115,0.581
17.015,51.22115,0.58
17.017,51.22115,0.611
17.019,51.22115,0.615
17.021,51.22115,0.606
17.023,51.22115,0.625
17.025,51.22115,0.606
17.027,51.22115,0.629
17.029,51.22115,0.631
17.031,51.22115,0.662
17.033,51.22115,0.651
17.035,51.22115,0.628
17.037,51.22115,0.648
17.039,51.22115,0.64
17.041,51.22115,0.649
17.043,51.22115,0.606
17.045,51.22115,0.626
17.047,51.22115,0.609
17.049,51.22115,0.589
17.051,51.22115,0.551
17.053,51.22115,0.572
17.055,51.22115,0.588
17.057,51.22115,0.545
17.059,51.22115,0.518
17.061,51.22115,0.542
17.063,51.22115,0.539
17.065,51.22115,0.489
17.067,51.22115,0.504
17.069,51.22115,0.533
17.071,51.22115,0.507
17.073,51.22115,0.503
17.075,51.22115,0.505
17.077,51.22115,0.546
17.079,51.22115,0.502
17.081,51.22115,0.543
17.083,51.22115,0.547
17.085,51.22115,0.537
17.087,51.22115,0.51
17.089,51.22115,0.518
17.091,51.22115,0.501
17.093,51.22115,0.501
17.095,51.22115,0.519
17.097,51.22115,0.54
17.099,51.22115,0.473
17.101,51.22115,0.537
17.103,51.22115,0.55
17.105,51.22115,0.515
17.107,51.22115,0.505
17.109,51.22115,0.516
17.111,51.22115,0.569
17.113,51.22115,0.523
17.115,51.22115,0.527
17.117,51.22115,0.549
17.119,51.22115,0.579
17.121,51.22115,0.538
17.123,51.22115,0.557
17.125,51.22115,0.57
17.127,51.22115,0.555
17.129,51.22115,0.502
17.131,51.22115,0.517
17.133,51.22115,0.572
17.135,51.22115,0.493
17.137,51.22115,0.548
17.139,51.22115,0.52
17.141,51.22115,0.522
17.143,51.22115,0.523
17.145,51.22115,0.577
17.147,51.22115,0.549
17.149,51.22115,0.594
17.151,51.22115,0.604
17.153,51.22115,0.619
17.155,51.22115,0.604
17.157,51.22115,0.594
17.159,51.22115,0.66
17.161,51.22115,0.629
17.163,51.22115,0.65
17.165,51.22115,0.676
17.167,51.22115,0.626
17.169,51.22115,0.607
17.171,51.22115,0.619
17.173,51.22115,0.598
17.175,51.22115,0.617
17.177,51.22115,0.595
17.179,51.22115,0.586
17.181,51.22115,0.551
17.183,51.22115,0.564
17.185,51.22115,0.568
17.187,51.22115,0.571
17.189,51.22115,0.516
17.191,51.22115,0.551
17.193,51.22115,0.499
17.195,51.22115,0.543
17.197,51.22115,0.518
17.199,51.22115,0.505
17.201,51.22115,0.499
17.203,51.22115,0.492
17.205,51.22115,0.528
17.207,51.22115,0.53
17.209,51.22115,0.521
17.211,51.22115,0.493
17.213,51.22115,0.542
17.215,51.22115,0.532
17.217,51.22115,0.56
17.219,51.22115,0.534
17.221,51.22115,0.546
17.223,51.22115,-0.007
17.225,51.22115,0.021
17.227,51.22115,0.019
17.229,51.22115,0.029
17.231,51.22115,0.042
17.233,51.22115,0.046
17.235,51.22115,0.094
17.237,51.22115,0.035
17.239,51.22115,0.028
17.241,51.22115,0.054
17.243,51.22115,0.041
17.245,51.22115,0.467
17.247,51.22115,0.502
17.249,51.22115,0.418
16.851,51.21985,0.504
16.853,51.21985,0.545
16.855,51.21985,0.509
16.857,51.21985,0.525
16.859,51.21985,0.536
16.861,51.21985,0.492
16.863,51.21985,0.536
16.865,51.21985,0.501
16.867,51.21985,0.525
16.869,51.21985,0.541
16.871,51.21985,0.506
16.873,51.21985,0.5
16.875,51.21985,0.492
16.877,51.21985,0.531
16.879,51.21985,0.507
16.881,51.21985,0.528
16.883,51.21985,0.506
16.885,51.21985,0.512
16.887,51.21985,0.52
16.889,51.21985,0.472
16.891,51.21985,0.454
16.893,51.21985,0.472
16.895,51.21985,0.471
16.897,51.21985,0.472
16.899,51.21985,0.433
16.901,51.21985,0.475
16.903,51.21985,0.475
16.905,51.21985,0.49
16.907,51.21985,0.509
16.909,51.21985,0.517
16.911,51.21985,0.576
16.913,51.21985,0.572
16.915,51.21985,0.578
16.917,51.21985,0.588
16.919,51.21985,0.586
16.921,51.21985,0.651
16.923,51.21985,0.613
16.925,51.21985,0.609
16.927,51.21985,0.622
16.929,51.21985,0.598
16.931,51.21985,0.551
16.933,51.21985,0.549
16.935,51.21985,0.58
16.937,51.21985,0.57
16.939,51.21985,0.569
16.941,51.21985,0.606
16.943,51.21985,0.612
16.945,51.21985,0.608
16.947,51.21985,0.597
16.949,51.21985,0.679
16.951,51.21985,0.652
16.953,51.21985,0.653
16.955,51.21985,0.656
16.957,51.21985,0.663
16.959,51.21985,0.666
16.961,51.21985,0.681
16.963,51.21985,0.69
16.965,51.21985,0.699
16.967,51.21985,0.663
16.969,51.21985,0.707
16.971,51.21985,0.678
16.973,51.21985,0.665
16.975,51.21985,0.709
16.977,51.21985,0.7
16.979,51.21985,0.662
16.981,51.21985,0.653
16.983,51.21985,0.629
16.985,51.21985,0.624
16.987,51.21985,0.648
16.989,51.21985,0.645
16.991,51.21985,0.596
16.993,51.21985,0.597
16.995,51.21985,0.601
16.997,51.21985,0.557
16.999,51.21985,0.583
17.001,51.21985,0.552
17.003,51.21985,0.557
17.005,51.21985,0.571
17.007,51.21985,0.575
17.009,51.21985,0.59
17.011,51.21985,0.591
17.013,51.21985,0.58
17.015,51.21985,0.558
17.017,51.21985,0.59
17.019,51.21985,0.641
17.021,51.21985,0.591
17.023,51.21985,0.603
17.025,51.21985,0.634
17.027,51.21985,0.601
17.029,51.21985,0.631
17.031,51.21985,0.666
17.033,51.21985,0.686
17.035,51.21985,0.663
17.037,51.21985,0.66
17.039,51.21985,0.609
17.041,51.21985,0.681
17.043,51.21985,0.605
17.045,51.21985,0.659
17.047,51.21985,0.644
17.049,51.21985,0.587
17.051,51.21985,0.603
17.053,51.21985,0.568
17.055,51.21985,0.548
17.057,51.21985,0.578
17.059,51.21985,0.558
17.061,51.21985,0.543
17.063,51.21985,0.51
17.065,51.21985,0.539
17.067,51.21985,0.52
17.069,51.21985,0.509
17.071,51.21985,0.524
17.073,51.21985,0.493
17.075,51.21985,0.52
17.077,51.21985,0.556
17.079,51.21985,0.531
17.081,51.21985,0.51
17.083,51.21985,0.498
17.085,51.21985,0.501
17.087,51.21985,0.543
17.089,51.21985,0.542
17.091,51.21985,0.503
17.093,51.21985,0.505
17.095,51.21985,0.531
17.097,51.21985,0.506
17.099,51.21985,0.498
17.101,51.21985,0.513
17.103,51.21985,0.529
17.105,51.21985,0.511
17.107,51.21985,0.53
17.109,51.21985,0.545
17.111,51.21985,0.525
17.113,51.21985,0.561
17.115,51.21985,0.564
17.117,51.21985,0.548
17.119,51.21985,0.597
17.121,51.21985,0.516
17.123,51.21985,0.55
17.125,51.21985,0.581
17.127,51.21985,0.53
17.129,51.21985,0.495
17.131,51.21985,0.597
17.133,51.21985,0.551
17.135,51.21985,0.525
17.137,51.21985,0.543
17.139,51.21985,0.522
17.141,51.21985,0.554
17.143,51.21985,0.572
17.145,51.21985,0.576
17.147,51.21985,0.571
17.149,51.21985,0.622
17.151,51.21985,0.599
17.153,51.21985,0.575
17.155,51.21985,0.612
17.157,51.21985,0.631
17.159,51.21985,0.618
17.161,51.21985,0.611
17.163,51.21985,0.651
17.165,51.21985,0.641
17.167,51.21985,0.651
17.169,51.21985,0.642
17.171,51.21985,0.58
17.173,51.21985,0.581
17.175,51.21985,0.601
17.177,51.21985,0.541
17.179,51.21985,0.562
17.181,51.21985,0.578
17.183,51.21985,0.547
17.185,51.21985,0.544
17.187,51.21985,0.533
17.189,51.21985,0.523
17.191,51.21985,0.558
17.193,51.21985,0.51
17.195,51.21985,0.512
17.197,51.21985,0.543
17.199,51.21985,0.492
17.201,51.21985,0.514
17.203,51.21985,0.541
17.205,51.21985,0.491
17.207,51.21985,0.513
17.209,51.21985,0.523
17.211,51.21985,0.5
17.213,51.21985,0.53
17.215,51.21985,0.544
17.217,51.21985,0.551
17.219,51.21985,0.012
17.221,51.21985,-0.013
17.223,51.21985,-0.027
17.225,51.21985,0.046
17.227,51.21985,0.034
17.229,51.21985,0.05
17.231,51.21985,0.04
17.233,51.21985,0.015
17.235,51.21985,0.007
17.237,51.21985,0.064
17.239,51.21985,0.003
17.241,51.21985,0.515
17.243,51.21985,0.492
17.245,51.21985,0.491
17.247,51.21985,0.493
17.249,51.21985,0.458
16.851,51.21855,0.48
16.853,51.21855,0.498
16.855,51.21855,0.491
16.857,51.21855,0.493
16.859,51.21855,0.505
16.861,51.21855,0.503
16.863,51.21855,0.563
16.865,51.21855,0.504
16.867,51.21855,0.544
16.869,51.21855,0.535
16.871,51.21855,0.495
16.873,51.21855,0.527
16.875,51.21855,0.556
16.877,51.21855,0.524
16.879,51.21855,0.486
16.881,51.21855,0.515
16.883,51.21855,0.485
16.885,51.21855,0.514
16.887,51.21855,0.499
16.889,51.21855,0.48
16.891,51.21855,0.431
16.893,51.21855,0.459
16.895,51.21855,0.467
16.897,51.21855,0.449
16.899,51.21855,0.443
16.901,51.21855,0.472
16.903,51.21855,0.479
16.905,51.21855,0.498
16.907,51.21855,0.539
16.909,51.21855,0.52
16.911,51.21855,0.535
16.913,51.21855,0.585
16.915,51.21855,0.556
16.917,51.21855,0.602
16.919,51.21855,0.575
16.921,51.21855,0.566
16.923,51.21855,0.603
16.925,51.21855,0.608
16.927,51.21855,0.611
16.929,51.21855,0.582
16.931,51.21855,0.603
16.933,51.21855,0.576
16.935,51.21855,0.542
16.937,51.21855,0.576
16.939,51.21855,0.577
16.941,51.21855,0.607
16.943,51.21855,0.572
16.945,51.21855,0.598
16.947,51.21855,0.632
16.949,51.21855,0.626
16.951,51.21855,0.629
16.953,51.21855,0.638
16.955,51.21855,0.658
16.957,51.21855,0.651
16.959,51.21855,0.672
16.961,51.21855,0.686
16.963,51.21855,0.717
16.965,51.21855,0.713
16.967,51.21855,0.695
16.969,51.21855,0.672
16.971,51.21855,0.701
16.973,51.21855,0.708
16.975,51.21855,0.704
16.977,51.21855,0.653
16.979,51.21855,0.634
16.981,51.21855,0.693
16.983,51.21855,0.659
16.985,51.21855,0.667
16.987,51.21855,0.639
16.989,51.21855,0.629
16.991,51.21855,0.602
16.993,51.21855,0.569
16.995,51.21855,0.568
16.997,51.21855,0.566
16.999,51.21855,0.569
17.001,51.21855,0.54
17.003,51.21855,0.619
17.005,51.21855,0.569
17.007,51.21855,0.577
17.009,51.21855,0.578
17.011,51.21855,0.575
17.013,51.21855,0.574
17.015,51.21855,0.613
17.017,51.21855,0.609
17.019,51.21855,0.592
17.021,51.21855,0.649
17.023,51.21855,0.619
17.025,51.21855,0.623
17.027,51.21855,0.658
17.029,51.21855,0.676
17.031,51.21855,0.649
17.033,51.21855,0.63
17.035,51.21855,0.596
17.037,51.21855,0.656
17.039,51.21855,0.665
17.041,51.21855,0.658
17.043,51.21855,0.636
17.045,51.21855,0.622
17.047,51.21855,0.588
17.049,51.21855,0.607
17.051,51.21855,0.575
17.053,51.21855,0.57
17.055,51.21855,0.545
17.057,51.21855,0.535
17.059,51.21855,0.483
17.061,51.21855,0.527
17.063,51.21855,0.5
17.065,51.21855,0.472
17.067,51.21855,0.518
17.069,51.21855,0.466
17.071,51.21855,0.535
17.073,51.21855,0.545
17.075,51.21855,0.546
17.077,51.21855,0.538
17.079,51.21855,0.537
17.081,51.21855,0.565
17.083,51.21855,0.492
17.085,51.21855,0.493
17.087,51.21855,0.537
17.089,51.21855,0.567
17.091,51.21855,0.578
17.093,51.21855,0.493
17.095,51.21855,0.472
17.097,51.21855,0.541
17.099,51.21855,0.532
17.101,51.21855,0.537
17.103,51.21855,0.508
17.105,51.21855,0.525
17.107,51.21855,0.48
17.109,51.21855,0.533
17.111,51.21855,0.543
17.113,51.21855,0.558
17.115,51.21855,0.527
17.117,51.21855,0.548
17.119,51.21855,0.549
17.121,51.21855,0.54
17.123,51.21855,0.567
17.125,51.21855,0.531
17.127,51.21855,0.533
17.129,51.21855,0.542
17.131,51.21855,0.603
17.133,51.21855,0.545
17.135,51.21855,0.538
17.137,51.21855,0.555
17.139,51.21855,0.544
17.141,51.21855,0.558
17.143,51.21855,0.568
17.145,51.21855,0.554
17.147,51.21855,0.545
17.149,51.21855,0.567
17.151,51.21855,0.589
17.153,51.21855,0.593
17.155,51.21855,0.622
17.157,51.21855,0.612
17.159,51.21855,0.596
17.161,51.21855,0.62
17.163,51.21855,0.622
17.165,51.21855,0.615
17.167,51.21855,0.569
17.169,51.21855,0.618
17.171,51.21855,0.571
17.173,51.21855,0.58
17.175,51.21855,0.576
17.177,51.21855,0.589
17.179,51.21855,0.588
17.181,51.21855,0.551
17.183,51.21855,0.535
17.185,51.21855,0.584
17.187,51.21855,0.548
17.189,51.21855,0.491
17.191,51.21855,0.482
17.193,51.21855,0.514
17.195,51.21855,0.504
17.197,51.21855,0.459
17.199,51.21855,0.496
17.201,51.21855,0.479
17.203,51.21855,0.432
17.205,51.21855,0.494
17.207,51.21855,0.525
17.209,51.21855,0.5
17.211,51.21855,0.502
17.213,51.21855,0.511
17.215,51.21855,0.541
17.217,51.21855,0.009
17.219,51.21855,0.019
17.221,51.21855,0.058
17.223,51.21855,0.029
17.225,51.21855,0.086
17.227,51.21855,0.015
17.229,51.21855,0.029
17.231,51.21855,-0.016
17.233,51.21855,0.017
17.235,51.21855,0.074
17.237,51.21855,0.033
17.239,51.21855,0.495
17.241,51.21855,0.486
17.243,51.21855,0.464
17.245,51.21855,0.47
17.247,51.21855,0.457
17.249,51.21855,0.496
16.851,51.21725,0.499
16.853,51.21725,0.495
16.855,51.21725,0.488
16.857,51.21725,0.479
16.859,51.21725,0.498
16.861,51.21725,0.507
16.863,51.21725,0.506
16.865,51.21725,0.522
16.867,51.21725,0.509
16.869,51.21725,0.513
16.871,51.21725,0.495
16.873,51.21725,0.529
16.875,51.21725,0.543
16.877,51.21725,0.521
16.879,51.21725,0.505
16.881,51.21725,0.512
16.883,51.21725,0.497
16.885,51.21725,0.515
16.887,51.21725,0.51
16.889,51.21725,0.474
16.891,51.21725,0.519
16.893,51.21725,0.479
16.895,51.21725,0.519
16.897,51.21725,0.451
16.899,51.21725,0.461
16.901,51.21725,0.472
16.903,51.21725,0.49
16.905,51.21725,0.491
16.907,51.21725,0.495
16.909,51.21725,0.51
16.911,51.21725,0.506
16.913,51.21725,0.587
16.915,51.21725,0.566
16.917,51.21725,0.603
16.919,51.21725,0.587
16.921,51.21725,0.625
16.923,51.21725,0.587
16.925,51.21725,0.592
16.927,51.21725,0.607
16.929,51.21725,0.579
16.931,51.21725,0.582
16.933,51.21725,0.615
16.935,51.21725,0.592
16.937,51.21725,0.585
16.939,51.21725,0.551
16.941,51.21725,0.546
16.943,51.21725,0.619
16.945,51.21725,0.579
16.947,51.21725,0.605
16.949,51.21725,0.622
16.951,51.21725,0.612
16.953,51.21725,0.605
16.955,51.21725,0.626
16.957,51.21725,0.649
16.959,51.21725,0.682
16.961,51.21725,0.679
16.963,51.21725,0.725
16.965,51.21725,0.724
16.967,51.21725,0.697
16.969,51.21725,0.704
16.971,51.21725,0.666
16.973,51.21725,0.7
16.975,51.21725,0.694
16.977,51.21725,0.698
16.979,51.21725,0.685
16.981,51.21725,0.674
16.983,51.21725,0.666
16.985,51.21725,0.649
16.987,51.21725,0.618
16.989,51.21725,0.617
16.991,51.21725,0.614
16.993,51.21725,0.586
16.995,51.21725,0.532
16.997,51.21725,0.568
16.999,51.21725,0.581
17.001,51.21725,0.577
17.003,51.21725,0.576
17.005,51.21725,0.57
17.007,51.21725,0.576
17.009,51.21725,0.563
17.011,51.21725,0.621
17.013,51.21725,0.597
17.015,51.21725,0.629
17.017,51.21725,0.624
17.019,51.21725,0.631
17.021,51.21725,0.648
17.023,51.21725,0.63
17.025,51.21725,0.628
17.027,51.21725,0.659
17.029,51.21725,0.645
17.031,51.21725,0.649
17.033,51.21725,0.664
17.035,51.21725,0.649
17.037,51.21725,0.632
17.039,51.21725,0.669
17.041,51.21725,0.636
17.043,51.21725,0.57
17.045,51.21725,0.637
17.047,51.21725,0.58
17.049,51.21725,0.579
17.051,51.21725,0.546
17.053,51.21725,0.605
17.055,51.21725,0.581
17.057,51.21725,0.491
17.059,51.21725,0.55
17.061,51.21725,0.507
17.063,51.21725,0.5
17.065,51.21725,0.476
17.067,51.21725,0.514
17.069,51.21725,0.509
17.071,51.21725,0.488
17.073,51.21725,0.48
17.075,51.21725,0.499
17.077,51.21725,0.521
17.079,51.21725,0.561
17.081,51.21725,0.519
17.083,51.21725,0.53
17.085,51.21725,0.526
17.087,51.21725,0.524
17.089,51.21725,0.521
17.091,51.21725,0.533
17.093,51.21725,0.507
17.095,51.21725,0.519
17.097,51.21725,0.522
17.099,51.21725,0.527
17.101,51.21725,0.517
17.103,51.21725,0.515
17.105,51.21725,0.53
17.107,51.21725,0.557
17.109,51.21725,0.542
17.111,51.21725,0.538
17.113,51.21725,0.56
17.115,51.21725,0.544
17.117,51.21725,0.568
17.119,51.21725,0.545
17.121,51.21725,0.564
17.123,51.21725,0.616
17.125,51.21725,0.578
17.127,51.21725,0.568
17.129,51.21725,0.541
17.131,51.21725,0.55
17.133,51.21725,0.557
17.135,51.21725,0.563
17.137,51.21725,0.521
17.139,51.21725,0.583
17.141,51.21725,0.54
17.143,51.21725,0.589
17.145,51.21725,0.569
17.147,51.21725,0.587
17.149,51.21725,0.592
17.151,51.21725,0.593
17.153,51.21725,0.6
17.155,51.21725,0.601
17.157,51.21725,0.606
17.159,51.21725,0.597
17.161,51.21725,0.571
17.163,51.21725,0.607
17.165,51.21725,0.579
17.167,51.21725,0.598
17.169,51.21725,0.601
17.171,51.21725,0.588
17.173,51.21725,0.592
17.175,51.21725,0.58
17.177,51.21725,0.601
17.179,51.21725,0.582
17.181,51.21725,0.573
17.183,51.21725,0.559
17.185,51.21725,0.519
17.187,51.21725,0.48
17.189,51.21725,0.529
17.191,51.21725,0.501
17.193,51.21725,0.491
17.195,51.21725,0.505
17.197,51.21725,0.503
17.199,51.21725,0.493
17.201,51.21725,0.55
17.203,51.21725,0.462
17.205,51.21725,0.48
17.207,51.21725,0.489
17.209,51.21725,0.505
17.211,51.21725,0.524
17.213,51.21725,0.485
17.215,51.21725,0.034
17.217,51.21725,-0.006
17.219,51.21725,0.012
17.221,51.21725,0.027
17.223,51.21725,0.094
17.225,51.21725,0.004
17.227,51.21725,0.022
17.229,51.21725,0.047
17.231,51.21725,0.026
17.233,51.21725,0.055
17.235,51.21725,0.011
17.237,51.21725,0.509
17.239,51.21725,0.493
17.241,51.21725,0.464
17.243,51.21725,0.481
17.245,51.21725,0.456
17.247,51.21725,0.502
17.249,51.21725,0.448
16.851,51.21595,0.453
16.853,51.21595,0.488
16.855,51.21595,0.452
16.857,51.21595,0.491
16.859,51.21595,0.499
16.861,51.21595,0.501
16.863,51.21595,0.491
16.865,51.21595,0.506
16.867,51.21595,0.535
16.869,51.21595,0.52
16.871,51.21595,0.502
16.873,51.21595,0.526
16.875,51.21595,0.525
16.877,51.21595,0.542
16.879,51.21595,0.517
16.881,51.21595,0.522
16.883,51.21595,0.529
16.885,51.21595,0.516
16.887,51.21595,0.53
16.889,51.21595,0.504
16.891,51.21595,0.492
16.893,51.21595,0.494
16.895,51.21595,0.508
16.897,51.21595,0.483
16.899,51.21595,0.451
16.901,51.21595,0.454
16.903,51.21595,0.489
16.905,51.21595,0.504
16.907,51.21595,0.531
16.909,51.21595,0.5
16.911,51.21595,0.552
16.913,51.21595,0.511
16.915,51.21595,0.548
16.917,51.21595,0.579
16.919,51.21595,0.612
16.921,51.21595,0.602
16.923,51.21595,0.608
16.925,51.21595,0.586
16.927,51.21595,0.56
16.929,51.21595,0.581
16.931,51.21595,0.597
16.933,51.21595,0.573
16.935,51.21595,0.564
16.937,51.21595,0.567
16.939,51.21595,0.574
16.941,51.21595,0.606
16.943,51.21595,0.553
16.945,51.21595,0.575
16.947,51.21595,0.587
16.949,51.21595,0.616
16.951,51.21595,0.621
16.953,51.21595,0.661
16.955,51.21595,0.679
16.957,51.21595,0.67
16.959,51.21595,0.706
16.961,51.21595,0.722
16.963,51.21595,0.706
16.965,51.21595,0.711
16.967,51.21595,0.697
16.969,51.21595,0.726
16.971,51.21595,0.684
16.973,51.21595,0.688
16.975,51.21595,0.67
16.977,51.21595,0.701
16.979,51.21595,0.661
16.981,51.21595,0.633
16.983,51.21595,0.64
16.985,51.21595,0.637
16.987,51.21595,0.656
16.989,51.21595,0.602
16.991,51.21595,0.622
16.993,51.21595,0.589
16.995,51.21595,0.571
16.997,51.21595,0.566
16.999,51.21595,0.576
17.001,51.21595,0.588
17.003,51.21595,0.616
17.005,51.21595,0.578
17.007,51.21595,0.635
17.009,51.21595,0.593
17.011,51.21595,0.603
17.013,51.21595,0.59
17.015,51.21595,0.6
17.017,51.21595,0.637
17.019,51.21595,0.644
17.021,51.21595,0.613
17.023,51.21595,0.664
17.025,51.21595,0.648
17.027,51.21595,0.634
17.029,51.21595,0.641
17.031,51.21595,0.646
17.033,51.21595,0.682
17.035,51.21595,0.629
17.037,51.21595,0.662
17.039,51.21595,0.634
17.041,51.21595,0.661
17.043,51.21595,0.62
17.045,51.21595,0.617
17.047,51.21595,0.611
17.049,51.21595,0.552
17.051,51.21595,0.593
17.053,51.21595,0.519
17.055,51.21595,0.543
17.057,51.21595,0.519
17.059,51.21595,0.506
17.061,51.21595,0.497
17.063,51.21595,0.519
17.065,51.21595,0.52
17.067,51.21595,0.511
17.069,51.21595,0.502
17.071,51.21595,0.491
17.073,51.21595,0.536
17.075,51.21595,0.472
17.077,51.21595,0.5
17.079,51.21595,0.52
17.081,51.21595,0.507
17.083,51.21595,0.501
17.085,51.21595,0.514
17.087,51.21595,0.523
17.089,51.21595,0.539
17.091,51.21595,0.518
17.093,51.21595,0.515
17.095,51.21595,0.536
17.097,51.21595,0.518
17.099,51.21595,0.551
17.101,51.21595,0.489
17.103,51.21595,0.555
17.105,51.21595,0.564
17.107,51.21595,0.54
17.109,51.21595,0.495
17.111,51.21595,0.567
17.113,51.21595,0.542
17.115,51.21595,0.564
17.117,51.21595,0.593
17.119,51.21595,0.585
17.121,51.21595,0.583
17.123,51.21595,0.514
17.125,51.21595,0.584
17.127,51.21595,0.581
17.129,51.21595,0.522
17.131,51.21595,0.514
17.133,51.21595,0.531
17.135,51.21595,0.512
17.137,51.21595,0.545
17.139,51.21595,0.523
17.141,51.21595,0.543
17.143,51.21595,0.57
17.145,51.21595,0.558
17.147,51.21595,0.57
17.149,51.21595,0.565
17.151,51.21595,0.573
17.153,51.21595,0.581
17.155,51.21595,0.583
17.157,51.21595,0.566
17.159,51.21595,0.598
17.161,51.21595,0.577
17.163,51.21595,0.574
17.165,51.21595,0.574
17.167,51.21595,0.63
17.169,51.21595,0.585
17.171,51.21595,0.576
17.173,51.21595,0.561
17.175,51.21595,0.545
17.177,51.21595,0.537
17.179,51.21595,0.54
17.181,51.21595,0.506
17.183,51.21595,0.503
17.185,51.21595,0.531
17.187,51.21595,0.485
17.189,51.21595,0.487
17.191,51.21595,0.5
17.193,51.21595,0.475
17.195,51.21595,0.476
17.197,51.21595,0.499
17.199,51.21595,0.497
17.201,51.21595,0.517
17.203,51.21595,0.531
17.205,51.21595,0.508
17.207,51.21595,0.492
17.209,51.21595,0.516
17.211,51.21595,0.514
17.213,51.21595,0.042
17.215,51.21595,0.035
17.217,51.21595,0.027
17.219,51.21595,0.029
17.221,51.21595,0.007
17.223,51.21595,0.006
17.225,51.21595,0.039
17.227,51.21595,0.03
17.229,51.21595,0.014
17.231,51.21595,0.001
17.233,51.21595,0.049
17.235,51.21595,0.467
17.237,51.21595,0.509
17.239,51.21595,0.477
17.241,51.21595,0.471
17.243,51.21595,0.47
17.245,51.21595,0.483
17.247,51.21595,0.476
17.249,51.21595,0.461
16.851,51.21465,0.485
16.853,51.21465,0.517
16.855,51.21465,0.488
16.857,51.21465,0.486
16.859,51.21465,0.503
16.861,51.21465,0.495
16.863,51.21465,0.528
16.865,51.21465,0.487
16.867,51.21465,0.507
16.869,51.21465,0.509
16.871,51.21465,0.499
16.873,51.21465,0.512
16.875,51.21465,0.495
16.877,51.21465,0.524
16.879,51.21465,0.53
16.881,51.21465,0.536
16.883,51.21465,0.533
16.885,51.21465,0.491
16.887,51.21465,0.51
16.889,51.21465,0.459
16.891,51.21465,0.509
16.893,51.21465,0.473
16.895,51.21465,0.469
16.897,51.21465,0.489
16.899,51.21465,0.475
16.901,51.21465,0.49
16.903,51.21465,0.448
16.905,51.21465,0.515
16.907,51.21465,0.506
16.909,51.21465,0.518
16.911,51.21465,0.501
16.913,51.21465,0.529
16.915,51.21465,0.558
16.917,51.21465,0.587
16.919,51.21465,0.566
16.921,51.21465,0.592
16.923,51.21465,0.591
16.925,51.21465,0.61
16.927,51.21465,0.59
16.929,51.21465,0.569
16.931,51.21465,0.583
16.933,51.21465,0.608
16.935,51.21465,0.556
16.937,51.21465,0.544
16.939,51.21465,0.561
16.941,51.21465,0.586
16.943,51.21465,0.606
16.945,51.21465,0.59
16.947,51.21465,0.599
16.949,51.21465,0.6
16.951,51.21465,0.639
16.953,51.21465,0.667
16.955,51.21465,0.666
16.957,51.21465,0.657
16.959,51.21465,0.677
16.961,51.21465,0.706
16.963,51.21465,0.69
16.965,51.21465,0.706
16.967,51.21465,0.706
16.969,51.21465,0.729
16.971,51.21465,0.686
16.973,51.21465,0.689
16.975,51.21465,0.735
16.977,51.21465,0.667
16.979,51.21465,0.656
16.981,51.21465,0.656
16.983,51.21465,0.675
16.985,51.21465,0.612
16.987,51.21465,0.62
16.989,51.21465,0.605
16.991,51.21465,0.589
16.993,51.21465,0.572
16.995,51.21465,0.579
16.997,51.21465,0.546
16.999,51.21465,0.568
17.001,51.21465,0.581
17.003,51.21465,0.552
17.005,51.21465,0.561
17.007,51.21465,0.568
17.009,51.21465,0.572
17.011,51.21465,0.589
17.013,51.21465,0.569
17.015,51.21465,0.593
17.017,51.21465,0.593
17.019,51.21465,0.612
17.021,51.21465,0.635
17.023,51.21465,0.666
17.025,51.21465,0.65
17.027,51.21465,0.638
17.029,51.21465,0.688
17.031,51.21465,0.621
17.033,51.21465,0.673
17.035,51.21465,0.623
17.037,51.21465,0.652
17.039,51.21465,0.626
17.041,51.21465,0.611
17.043,51.21465,0.642
17.045,51.21465,0.578
17.047,51.21465,0.578
17.049,51.21465,0.582
17.051,51.21465,0.541
17.053,51.21465,0.555
17.055,51.21465,0.524
17.057,51.21465,0.535
17.059,51.21465,0.51
17.061,51.21465,0.511
17.063,51.21465,0.503
17.065,51.21465,0.483
17.067,51.21465,0.493
17.069,51.21465,0.497
17.071,51.21465,0.521
17.073,51.21465,0.507
17.075,51.21465,0.506
17.077,51.21465,0.505
17.079,51.21465,0.521
17.081,51.21465,0.555
17.083,51.21465,0.549
17.085,51.21465,0.506
17.087,51.21465,0.531
17.089,51.21465,0.536
17.091,51.21465,0.542
17.093,51.21465,0.499
17.095,51.21465,0.511
17.097,51.21465,0.495
17.099,51.21465,0.542
17.101,51.21465,0.525
17.103,51.21465,0.512
17.105,51.21465,0.54
17.107,51.21465,0.538
17.109,51.21465,0.548
17.111,51.21465,0.552
17.113,51.21465,0.574
17.115,51.21465,0.514
17.117,51.21465,0.573
17.119,51.21465,0.591
17.121,51.21465,0.552
17.123,51.21465,0.576
17.125,51.21465,0.554
17.127,51.21465,0.569
17.129,51.21465,0.544
17.131,51.21465,0.536
17.133,51.21465,0.537
17.135,51.21465,0.556
17.137,51.21465,0.528
17.139,51.21465,0.591
17.141,51.21465,0.552
17.143,51.21465,0.53
17.145,51.21465,0.573
17.147,51.21465,0.518
17.149,51.21465,0.582
17.151,51.21465,0.6
17.153,51.21465,0.573
17.155,51.21465,0.524
17.157,51.21465,0.584
17.159,51.21465,0.552
17.161,51.21465,0.566
17.163,51.21465,0.55
17.165,51.21465,0.557
17.167,51.21465,0.591
17.169,51.21465,0.552
17.171,51.21465,0.553
17.173,51.21465,0.574
17.175,51.21465,0.552
17.177,51.21465,0.549
17.179,51.21465,0.521
17.181,51.21465,0.512
17.183,51.21465,0.504
17.185,51.21465,0.509
17.187,51.21465,0.536
17.189,51.21465,0.532
17.191,51.21465,0.491
17.193,51.21465,0.462
17.195,51.21465,0.516
17.197,51.21465,0.466
17.199,51.21465,0.495
17.201,51.21465,0.494
17.203,51.21465,0.472
17.205,51.21465,0.488
17.207,51.21465,0.515
17.209,51.21465,0.522
17.211,51.21465,0.029
17.213,51.21465,0.046
17.215,51.21465,0.065
17.217,51.21465,0.051
17.219,51.21465,0.01
17.221,51.21465,0.003
17.223,51.21465,0.027
17.225,51.21465,0.071
17.227,51.21465,0.023
17.229,51.21465,0.037
17.231,51.21465,0.076
17.233,51.21465,0.517
17.235,51.21465,0.503
17.237,51.21465,0.497
17.239,51.21465,0.518
17.241,51.21465,0.461
17.243,51.21465,0.464
17.245,51.21465,0.495
17.247,51.21465,0.429
17.249,51.21465,0.475
16.851,51.21335,0.462
16.853,51.21335,0.465
16.855,51.21335,0.494
16.857,51.21335,0.473
16.859,51.21335,0.488
16.861,51.21335,0.454
16.863,51.21335,0.495
16.865,51.21335,0.492
16.867,51.21335,0.537
16.869,51.21335,0.543
16.871,51.21335,0.559
16.873,51.21335,0.526
16.875,51.21335,0.522
16.877,51.21335,0.536
16.879,51.21335,0.552
16.881,51.21335,0.535
16.883,51.21335,0.546
16.885,51.21335,0.534
16.887,51.21335,0.533
16.889,51.21335,0.535
16.891,51.21335,0.497
16.893,51.21335,0.489
16.895,51.21335,0.461
16.897,51.21335,0.454
16.899,51.21335,0.492
16.901,51.21335,0.459
16.903,51.21335,0.497
16.905,51.21335,0.485
16.907,51.21335,0.505
16.909,51.21335,0.535
16.911,51.21335,0.538
16.913,51.21335,0.531
16.915,51.21335,0.58
16.917,51.21335,0.583
16.919,51.21335,0.524
16.921,51.21335,0.56
16.923,51.21335,0.613
16.925,51.21335,0.6
16.927,51.21335,0.557
16.929,51.21335,0.58
16.931,51.21335,0.57
16.933,51.21335,0.568
16.935,51.21335,0.509
16.937,51.21335,0.576
16.939,51.21335,0.569
16.941,51.21335,0.609
16.943,51.21335,0.535
16.945,51.21335,0.574
16.947,51.21335,0.579
16.949,51.21335,0.592
16.951,51.21335,0.611
16.953,51.21335,0.61
16.955,51.21335,0.661
16.957,51.21335,0.697
16.959,51.21335,0.636
16.961,51.21335,0.676
16.963,51.21335,0.708
16.965,51.21335,0.694
16.967,51.21335,0.68
16.969,51.21335,0.685
16.971,51.21335,0.674
16.973,51.21335,0.681
16.975,51.21335,0.703
16.977,51.21335,0.674
16.979,51.21335,0.642
16.981,51.21335,0.671
16.983,51.21335,0.642
16.985,51.21335,0.612
16.987,51.21335,0.631
16.989,51.21335,0.62
16.991,51.21335,0.596
16.993,51.21335,0.566
16.995,51.21335,0.612
16.997,51.21335,0.591
16.999,51.21335,0.581
17.001,51.21335,0.563
17.003,51.21335,0.618
17.005,51.21335,0.577
17.007,51.21335,0.563
17.009,51.21335,0.575
17.011,51.21335,0.586
17.013,51.21335,0.603
17.015,51.21335,0.617
17.017,51.21335,0.598
17.019,51.21335,0.625
17.021,51.21335,0.597
17.023,51.21335,0.637
17.025,51.21335,0.658
17.027,51.21335,0.678
17.029,51.21335,0.629
17.031,51.21335,0.638
17.033,51.21335,0.665
17.035,51.21335,0.618
17.037,51.21335,0.648
17.039,51.21335,0.635
17.041,51.21335,0.575
17.043,51.21335,0.616
17.045,51.21335,0.612
17.047,51.21335,0.599
17.049,51.21335,0.532
17.051,51.21335,0.553
17.053,51.21335,0.541
17.055,51.21335,0.534
17.057,51.21335,0.502
17.059,51.21335,0.476
17.061,51.21335,0.54
17.063,51.21335,0.498
17.065,51.21335,0.495
17.067,51.21335,0.487
17.069,51.21335,0.53
17.071,51.21335,0.461
17.073,51.21335,0.518
17.075,51.21335,0.523
17.077,51.21335,0.502
17.079,51.21335,0.518
17.081,51.21335,0.537
17.083,51.21335,0.546
17.085,51.21335,0.501
17.087,51.21335,0.528
17.089,51.21335,0.54
17.091,51.21335,0.494
17.093,51.21335,0.507
17.095,51.21335,0.481
17.097,51.21335,0.482
17.099,51.21335,0.527
17.101,51.21335,0.534
17.103,51.21335,0.544
17.105,51.21335,0.521
17.107,51.21335,0.521
17.109,51.21335,0.522
17.111,51.21335,0.496
17.113,51.21335,0.505
17.115,51.21335,0.534
17.117,51.21335,0.573
17.119,51.21335,0.559
17.121,51.21335,0.568
17.123,51.21335,0.561
17.125,51.21335,0.545
17.127,51.21335,0.586
17.129,51.21335,0.55
17.131,51.21335,0.523
17.133,51.21335,0.511
17.135,51.21335,0.547
17.137,51.21335,0.524
17.139,51.21335,0.587
17.141,51.21335,0.537
17.143,51.21335,0.516
17.145,51.21335,0.531
17.147,51.21335,0.526
17.149,51.21335,0.541
17.151,51.21335,0.549
17.153,51.21335,0.592
17.155,51.21335,0.564
17.157,51.21335,0.55
17.159,51.21335,0.577
17.161,51.21335,0.594
17.163,51.21335,0.571
17.165,51.21335,0.541
17.167,51.21335,0.554
17.169,51.21335,0.568
17.171,51.21335,0.548
17.173,51.21335,0.553
17.175,51.21335,0.522
17.177,51.21335,0.548
17.179,51.21335,0.519
17.181,51.21335,0.522
17.183,51.21335,0.476
17.185,51.21335,0.464
17.187,51.21335,0.486
17.189,51.21335,0.496
17.191,51.21335,0.452
17.193,51.21335,0.428
17.195,51.21335,0.458
17.197,51.21335,0.479
17.199,51.21335,0.491
17.201,51.21335,0.462
17.203,51.21335,0.48
17.205,51.21335,0.523
17.207,51.21335,0.025
17.209,51.21335,-0.023
17.211,51.21335,0.045
17.213,51.21335,0.074
17.215,51.21335,0.042
17.217,51.21335,0.009
17.219,51.21335,0.082
17.221,51.21335,-0.019
17.223,51.21335,-0.018
17.225,51.21335,0.032
17.227,51.21335,0.034
17.229,51.21335,0.513
17.231,51.21335,0.508
17.233,51.21335,0.488
17.235,51.21335,0.513
17.237,51.21335,0.48
17.239,51.21335,0.507
17.241,51.21335,0.496
17.243,51.21335,0.475
17.245,51.21335,0.465
17.247,51.21335,0.483
17.249,51.21335,0.452
16.851,51.21205,0.47
16.853,51.21205,0.481
16.855,51.21205,0.453
16.857,51.21205,0.488
16.859,51.21205,0.491
16.861,51.21205,0.468
16.863,51.21205,0.513
16.865,51.21205,0.489
16.867,51.21205,0.51
16.869,51.21205,0.512
16.871,51.21205,0.5
16.873,51.21205,0.508
16.875,51.21205,0.533
16.877,51.21205,0.575
16.879,51.21205,0.508
16.881,51.21205,0.539
16.883,51.21205,0.532
16.885,51.21205,0.553
16.887,51.21205,0.517
16.889,51.21205,0.51
16.891,51.21205,0.498
16.893,51.21205,0.517
16.895,51.21205,0.455
16.897,51.21205,0.449
16.899,51.21205,0.503
16.901,51.21205,0.52
16.903,51.21205,0.468
16.905,51.21205,0.484
16.907,51.21205,0.53
16.909,51.21205,0.524
16.911,51.21205,0.518
16.913,51.21205,0.545
16.915,51.21205,0.58
16.917,51.21205,0.61
16.919,51.21205,0.557
16.921,51.21205,0.53
16.923,51.21205,0.58
16.925,51.21205,0.565
16.927,51.21205,0.569
16.929,51.21205,0.597
16.931,51.21205,0.551
16.933,51.21205,0.569
16.935,51.21205,0.548
16.937,51.21205,0.558
16.939,51.21205,0.592
16.941,51.21205,0.572
16.943,51.21205,0.589
16.945,51.21205,0.584
16.947,51.21205,0.582
16.949,51.21205,0.601
16.951,51.21205,0.605
16.953,51.21205,0.601
16.955,51.21205,0.704
16.957,51.21205,0.685
16.959,51.21205,0.663
16.961,51.21205,0.705
16.963,51.21205,0.69
16.965,51.21205,0.687
16.967,51.21205,0.718
16.969,51.21205,0.649
16.971,51.21205,0.684
16.973,51.21205,0.675
16.975,51.21205,0.672
16.977,51.21205,0.663
16.979,51.21205,0.702
16.981,51.21205,0.685
16.983,51.21205,0.606
16.985,51.21205,0.615
16.987,51.21205,0.651
16.989,51.21205,0.637
16.991,51.21205,0.581
16.993,51.21205,0.575
16.995,51.21205,0.567
16.997,51.21205,0.588
16.999,51.21205,0.583
17.001,51.21205,0.552
17.003,51.21205,0.581
17.005,51.21205,0.559
17.007,51.21205,0.529
17.009,51.21205,0.582
17.011,51.21205,0.589
17.013,51.21205,0.584
17.015,51.21205,0.595
17.017,51.21205,0.613
17.019,51.21205,0.615
17.021,51.21205,0.603
17.023,51.21205,0.606
17.025,51.21205,0.621
17.027,51.21205,0.649
17.029,51.21205,0.625
17.031,51.21205,0.638
17.033,51.21205,0.628
17.035,51.21205,0.608
17.037,51.21205,0.616
17.039,51.21205,0.604
17.041,51.21205,0.59
17.043,51.21205,0.567
17.045,51.21205,0.568
17.047,51.21205,0.521
17.049,51.21205,0.565
17.051,51.21205,0.526
17.053,51.21205,0.54
17.055,51.21205,0.513
17.057,51.21205,0.535
17.059,51.21205,0.51
17.061,51.21205,0.483
17.063,51.21205,0.486
17.065,51.21205,0.474
17.067,51.21205,0.496
17.069,51.21205,0.488
17.071,51.21205,0.508
17.073,51.21205,0.533
17.075,51.21205,0.491
17.077,51.21205,0.496
17.079,51.21205,0.505
17.081,51.21205,0.542
17.083,51.21205,0.53
17.085,51.21205,0.49
17.087,51.21205,0.538
17.089,51.21205,0.536
17.091,51.21205,0.528
17.093,51.21205,0.53
17.095,51.21205,0.533
17.097,51.21205,0.511
17.099,51.21205,0.5
17.101,51.21205,0.509
17.103,51.21205,0.493
17.105,51.21205,0.536
17.107,51.21205,0.506
17.109,51.21205,0.532
17.111,51.21205,0.537
17.113,51.21205,0.542
17.115,51.21205,0.546
17.117,51.21205,0.549
17.119,51.21205,0.569
17.121,51.21205,0.54
17.123,51.21205,0.551
17.125,51.21205,0.586
17.127,51.21205,0.561
17.129,51.21205,0.571
17.131,51.21205,0.544
17.133,51.21205,0.537
17.135,51.21205,0.5
17.137,51.21205,0.549
17.139,51.21205,0.543
17.141,51.21205,0.546
17.143,51.21205,0.577
17.145,51.21205,0.526
17.147,51.21205,0.569
17.149,51.21205,0.554
17.151,51.21205,0.552
17.153,51.21205,0.567
17.155,51.21205,0.566
17.157,51.21205,0.545
17.159,51.21205,0.551
17.161,51.21205,0.553
17.163,51.21205,0.524
17.165,51.21205,0.535
17.167,51.21205,0.556
17.169,51.21205,0.538
17.171,51.21205,0.577
17.173,51.21205,0.498
17.175,51.21205,0.511
17.177,51.21205,0.566
17.179,51.21205,0.508
17.181,51.21205,0.557
17.183,51.21205,0.461
17.185,51.21205,0.5
17.187,51.21205,0.456
17.189,51.21205,0.484
17.191,51.21205,0.487
17.193,51.21205,0.45
17.195,51.21205,0.454
17.197,51.21205,0.472
17.199,51.21205,0.465
17.201,51.21205,0.5
17.203,51.21205,0.507
17.205,51.21205,0.04
17.207,51.21205,0.07
17.209,51.21205,0.045
17.211,51.21205,0.043
17.213,51.21205,0.072
17.215,51.21205,0.024
17.217,51.21205,0.03
17.219,51.21205,-0.028
17.221,51.21205,0.034
17.223,51.21205,0.061
17.225,51.21205,0.006
17.227,51.21205,0.526
17.229,51.21205,0.497
17.231,51.21205,0.517
17.233,51.21205,0.47
17.235,51.21205,0.502
17.237,51.21205,0.53
17.239,51.21205,0.505
17.241,51.21205,0.465
17.243,51.21205,0.454
17.245,51.21205,0.459
17.247,51.21205,0.429
17.249,51.21205,0.409
16.851,51.21075,0.474
16.853,51.21075,0.46
16.855,51.21075,0.48
16.857,51.21075,0.484
16.859,51.21075,0.507
16.861,51.21075,0.481
16.863,51.21075,0.506
16.865,51.21075,0.511
16.867,51.21075,0.542
16.869,51.21075,0.523
16.871,51.21075,0.546
16.873,51.21075,0.573
16.875,51.21075,0.532
16.877,51.21075,0.526
16.879,51.21075,0.512
16.881,51.21075,0.541
16.883,51.21075,0.544
16.885,51.21075,0.516
16.887,51.21075,0.552
16.889,51.21075,0.522
16.891,51.21075,0.491
16.893,51.21075,0.509
16.895,51.21075,0.48
16.897,51.21075,0.492
16.899,51.21075,0.491
16.901,51.21075,0.489
16.903,51.21075,0.473
16.905,51.21075,0.477
16.907,51.21075,0.495
16.909,51.21075,0.507
16.911,51.21075,0.521
16.913,51.21075,0.502
16.915,51.21075,0.512
16.917,51.21075,0.558
16.919,51.21075,0.555
16.921,51.21075,0.585
16.923,51.21075,0.58
16.925,51.21075,0.56
16.927,51.21075,0.563
16.929,51.21075,0.531
16.931,51.21075,0.538
16.933,51.21075,0.538
16.935,51.21075,0.538
16.937,51.21075,0.532
16.939,51.21075,0.553
16.941,51.21075,0.572
16.943,51.21075,0.52
16.945,51.21075,0.597
16.947,51.21075,0.594
16.949,51.21075,0.583
16.951,51.21075,0.596
16.953,51.21075,0.612
16.955,51.21075,0.629
16.957,51.21075,0.669
16.959,51.21075,0.684
16.961,51.21075,0.699
16.963,51.21075,0.726
16.965,51.21075,0.69
16.967,51.21075,0.693
16.969,51.21075,0.65
16.971,51.21075,0.656
16.973,51.21075,0.671
16.975,51.21075,0.691
16.977,51.21075,0.66
16.979,51.21075,0.634
16.981,51.21075,0.685
16.983,51.21075,0.631
16.985,51.21075,0.609
16.987,51.21075,0.606
16.989,51.21075,0.581
16.991,51.21075,0.6
16.993,51.21075,0.612
16.995,51.21075,0.607
16.997,51.21075,0.605
16.999,51.21075,0.59
17.001,51.21075,0.551
17.003,51.21075,0.581
17.005,51.21075,0.588
17.007,51.21075,0.562
17.009,51.21075,0.578
17.011,51.21075,0.586
17.013,51.21075,0.554
17.015,51.21075,0.572
17.017,51.21075,0.621
17.019,51.21075,0.625
17.021,51.21075,0.6
17.023,51.21075,0.631
17.025,51.21075,0.612
17.027,51.21075,0.666
17.029,51.21075,0.621
17.031,51.21075,0.654
17.033,51.21075,0.617
17.035,51.21075,0.631
17.037,51.21075,0.625
17.039,51.21075,0.591
17.041,51.21075,0.58
17.043,51.21075,0.57
17.045,51.21075,0.579
17.047,51.21075,0.603
17.049,51.21075,0.521
17.051,51.21075,0.542
17.053,51.21075,0.517
17.055,51.21075,0.533
17.057,51.21075,0.504
17.059,51.21075,0.47
17.061,51.21075,0.52
17.063,51.21075,0.51
17.065,51.21075,0.478
17.067,51.21075,0.496
17.069,51.21075,0.482
17.071,51.21075,0.512
17.073,51.21075,0.482
17.075,51.21075,0.512
17.077,51.21075,0.489
17.079,51.21075,0.524
17.081,51.21075,0.517
17.083,51.21075,0.575
17.085,51.21075,0.505
17.087,51.21075,0.537
17.089,51.21075,0.482
17.091,51.21075,0.51
17.093,51.21075,0.549
17.095,51.21075,0.465
17.097,51.21075,0.542
17.099,51.21075,0.489
17.101,51.21075,0.523
17.103,51.21075,0.519
17.105,51.21075,0.51
17.107,51.21075,0.558
17.109,51.21075,0.518
17.111,51.21075,0.567
17.113,51.21075,0.537
17.115,51.21075,0.52
17.117,51.21075,0.544
17.119,51.21075,0.576
17.121,51.21075,0.563
17.123,51.21075,0.575
17.125,51.21075,0.543
17.127,51.21075,0.535
17.129,51.21075,0.54
17.131,51.21075,0.509
17.133,51.21075,0.524
17.135,51.21075,0.55
17.137,51.21075,0.516
17.139,51.21075,0.52
17.141,51.21075,0.523
17.143,51.21075,0.527
17.145,51.21075,0.538
17.147,51.21075,0.534
17.149,51.21075,0.501
17.151,51.21075,0.558
17.153,51.21075,0.522
17.155,51.21075,0.529
17.157,51.21075,0.547
17.159,51.21075,0.538
17.161,51.21075,0.575
17.163,51.21075,0.565
17.165,51.21075,0.526
17.167,51.21075,0.55
17.169,51.21075,0.549
17.171,51.21075,0.522
17.173,51.21075,0.5
17.175,51.21075,0.522
17.177,51.21075,0.533
17.179,51.21075,0.485
17.181,51.21075,0.522
17.183,51.21075,0.48
17.185,51.21075,0.48
17.187,51.21075,0.461
17.189,51.21075,0.471
17.191,51.21075,0.445
17.193,51.21075,0.444
17.195,51.21075,0.476
17.197,51.21075,0.469
17.199,51.21075,0.482
17.201,51.21075,0.451
17.203,51.21075,0.034
17.205,51.21075,0.097
17.207,51.21075,0.007
17.209,51.21075,0.034
17.211,51.21075,0.021
17.213,51.21075,0.055
17.215,51.21075,0.028
17.217,51.21075,-0.003
17.219,51.21075,-0.029
17.221,51.21075,0.023
17.223,51.21075,0.034
17.225,51.21075,0.511
17.227,51.21075,0.537
17.229,51.21075,0.543
17.231,51.21075,0.492
17.233,51.21075,0.487
17.235,51.21075,0.483
17.237,51.21075,0.472
17.239,51.21075,0.42
17.241,51.21075,0.447
17.243,51.21075,0.5
17.245,51.21075,0.455
17.247,51.21075,0.435
17.249,51.21075,0.465
16.851,51.20945,0.487
16.853,51.20945,0.459
16.855,51.20945,0.437
16.857,51.20945,0.491
16.859,51.20945,0.485
16.861,51.20945,0.461
16.863,51.20945,0.472
16.865,51.20945,0.536
16.867,51.20945,0.503
16.869,51.20945,0.506
16.871,51.20945,0.508
16.873,51.20945,0.511
16.875,51.20945,0.559
16.877,51.20945,0.578
16.879,51.20945,0.552
16.881,51.20945,0.523
16.883,51.20945,0.556
16.885,51.20945,0.545
16.887,51.20945,0.543
16.889,51.20945,0.523
16.891,51.20945,0.501
16.893,51.20945,0.514
16.895,51.20945,0.491
16.897,51.20945,0.463
16.899,51.20945,0.458
16.901,51.20945,0.473
16.903,51.20945,0.504
16.905,51.20945,0.478
16.907,51.20945,0.477
16.909,51.20945,0.522
16.911,51.20945,0.499
16.913,51.20945,0.531
16.915,51.20945,0.552
16.917,51.20945,0.535
16.919,51.20945,0.555
16.921,51.20945,0.569
16.923,51.20945,0.577
16.925,51.20945,0.555
16.927,51.20945,0.562
16.929,51.20945,0.542
16.931,51.20945,0.517
16.933,51.20945,0.566
16.935,51.20945,0.562
16.937,51.20945,0.498
16.939,51.20945,0.564
16.941,51.20945,0.542
16.943,51.20945,0.549
16.945,51.20945,0.543
16.947,51.20945,0.566
16.949,51.20945,0.587
16.951,51.20945,0.594
16.953,51.20945,0.612
16.955,51.20945,0.656
16.957,51.20945,0.643
16.959,51.20945,0.65
16.961,51.20945,0.68
16.963,51.20945,0.652
16.965,51.20945,0.674
16.967,51.20945,0.706
16.969,51.20945,0.642
16.971,51.20945,0.641
16.973,51.20945,0.657
16.975,51.20945,0.645
16.977,51.20945,0.653
16.979,51.20945,0.585
16.981,51.20945,0.607
16.983,51.20945,0.617
16.985,51.20945,0.591
16.987,51.20945,0.609
16.989,51.20945,0.588
16.991,51.20945,0.588
16.993,51.20945,0.565
16.995,51.20945,0.567
16.997,51.20945,0.552
16.999,51.20945,0.551
17.001,51.20945,0.562
17.003,51.20945,0.565
17.005,51.20945,0.545
17.007,51.20945,0.554
17.009,51.20945,0.576
17.011,51.20945,0.585
17.013,51.20945,0.578
17.015,51.20945,0.605
17.017,51.20945,0.598
17.019,51.20945,0.593
17.021,51.20945,0.614
17.023,51.20945,0.638
17.025,51.20945,0.6
17.027,51.20945,0.604
17.029,51.20945,0.612
17.031,51.20945,0.635
17.033,51.20945,0.631
17.035,51.20945,0.618
17.037,51.20945,0.584
17.039,51.20945,0.616
17.041,51.20945,0.593
17.043,51.20945,0.588
17.045,51.20945,0.585
17.047,51.20945,0.604
17.049,51.20945,0.556
17.051,51.20945,0.557
17.053,51.20945,0.527
17.055,51.20945,0.488
17.057,51.20945,0.525
17.059,51.20945,0.497
17.061,51.20945,0.51
17.063,51.20945,0.499
17.065,51.20945,0.485
17.067,51.20945,0.465
17.069,51.20945,0.519
17.071,51.20945,0.494
17.073,51.20945,0.491
17.075,51.20945,0.536
17.077,51.20945,0.48
17.079,51.20945,0.508
17.081,51.20945,0.52
17.083,51.20945,0.509
17.085,51.20945,0.494
17.087,51.20945,0.521
17.089,51.20945,0.49
17.091,51.20945,0.539
17.093,51.20945,0.545
17.095,51.20945,0.532
17.097,51.20945,0.51
17.099,51.20945,0.496
17.101,51.20945,0.525
17.103,51.20945,0.485
17.105,51.20945,0.533
17.107,51.20945,0.52
17.109,51.20945,0.492
17.111,51.20945,0.524
17.113,51.20945,0.53
17.115,51.20945,0.537
17.117,51.20945,0.527
17.119,51.20945,0.524
17.121,51.20945,0.541
17.123,51.20945,0.594
17.125,51.20945,0.529
17.127,51.20945,0.559
17.129,51.20945,0.584
17.131,51.20945,0.54
17.133,51.20945,0.558
17.135,51.20945,0.562
17.137,51.20945,0.514
17.139,51.20945,0.551
17.141,51.20945,0.551
17.143,51.20945,0.548
17.145,51.20945,0.53
17.147,51.20945,0.535
17.149,51.20945,0.555
17.151,51.20945,0.533
17.153,51.20945,0.529
17.155,51.20945,0.53
17.157,51.20945,0.526
17.159,51.20945,0.519
17.161,51.20945,0.519
17.163,51.20945,0.555
17.165,51.20945,0.547
17.167,51.20945,0.552
17.169,51.20945,0.499
17.171,51.20945,0.508
17.173,51.20945,0.494
17.175,51.20945,0.473
17.177,51.20945,0.484
17.179,51.20945,0.508
17.181,51.20945,0.5
17.183,51.20945,0.513
17.185,51.20945,0.471
17.187,51.20945,0.509
17.189,51.20945,0.458
17.191,51.20945,0.515
17.193,51.20945,0.473
17.195,51.20945,0.5
17.197,51.20945,0.488
17.199,51.20945,0.499
17.201,51.20945,0.011
17.203,51.20945,-0.017
17.205,51.20945,0.02
17.207,51.20945,0.004
17.209,51.20945,0.091
17.211,51.20945,0.047
17.213,51.20945,0.029
17.215,51.20945,0.026
17.217,51.20945,0.009
17.219,51.20945,0.059
17.221,51.20945,0.038
17.223,51.20945,0.538
17.225,51.20945,0.532
17.227,51.20945,0.539
17.229,51.20945,0.48
17.231,51.20945,0.522
17.233,51.20945,0.492
17.235,51.20945,0.507
17.237,51.20945,0.511
17.239,51.20945,0.514
17.241,51.20945,0.491
17.243,51.20945,0.46
17.245,51.20945,0.475
17.247,51.20945,0.456
17.249,51.20945,0.452
16.851,51.20815,0.473
16.853,51.20815,0.473
16.855,51.20815,0.446
16.857,51.20815,0.486
16.859,51.20815,0.529
16.861,51.20815,0.492
16.863,51.20815,0.502
16.865,51.20815,0.522
16.867,51.20815,0.564
16.869,51.20815,0.506
16.871,51.20815,0.521
16.873,51.20815,0.544
16.875,51.20815,0.552
16.877,51.20815,0.547
16.879,51.20815,0.576
16.881,51.20815,0.534
16.883,51.20815,0.59
16.885,51.20815,0.556
16.887,51.20815,0.514
16.889,51.20815,0.516
16.891,51.20815,0.555
16.893,51.20815,0.532
16.895,51.20815,0.483
16.897,51.20815,0.472
16.899,51.20815,0.492
16.901,51.20815,0.504
16.903,51.20815,0.458
16.905,51.20815,0.459
16.907,51.20815,0.518
16.909,51.20815,0.505
16.911,51.20815,0.526
16.913,51.20815,0.515
16.915,51.20815,0.564
16.917,51.20815,0.496
16.919,51.20815,0.557
16.921,51.20815,0.571
16.923,51.20815,0.597
16.925,51.20815,0.541
16.927,51.20815,0.547
16.929,51.20815,0.527
16.931,51.20815,0.523
16.933,51.20815,0.514
16.935,51.20815,0.507
16.937,51.20815,0.496
16.939,51.20815,0.502
16.941,51.20815,0.524
16.943,51.20815,0.534
16.945,51.20815,0.497
16.947,51.20815,0.537
16.949,51.20815,0.6
16.951,51.20815,0.637
16.953,51.20815,0.597
16.955,51.20815,0.593
16.957,51.20815,0.606
16.959,51.20815,0.64
16.961,51.20815,0.624
16.963,51.20815,0.64
16.965,51.20815,0.659
16.967,51.20815,0.664
16.969,51.20815,0.648
16.971,51.20815,0.644
16.973,51.20815,0.647
16.975,51.20815,0.621
16.977,51.20815,0.612
16.979,51.20815,0.605
16.981,51.20815,0.623
16.983,51.20815,0.59
16.985,51.20815,0.568
16.987,51.20815,0.599
16.989,51.20815,0.552
16.991,51.20815,0.575
16.993,51.20815,0.591
16.995,51.20815,0.594
16.997,51.20815,0.568
16.999,51.20815,0.555
17.001,51.20815,0.587
17.003,51.20815,0.572
17.005,51.20815,0.558
17.007,51.20815,0.557
17.009,51.20815,0.554
17.011,51.20815,0.567
17.013,51.20815,0.558
17.015,51.20815,0.581
17.017,51.20815,0.568
17.019,51.20815,0.601
17.021,51.20815,0.6
17.023,51.20815,0.593
17.025,51.20815,0.587
17.027,51.20815,0.617
17.029,51.20815,0.592
17.031,51.20815,0.57
17.033,51.20815,0.616
17.035,51.20815,0.608
17.037,51.20815,0.58
17.039,51.20815,0.62
17.041,51.20815,0.602
17.043,51.20815,0.582
17.045,51.20815,0.569
17.047,51.20815,0.547
17.049,51.20815,0.549
17.051,51.20815,0.542
17.053,51.20815,0.531
17.055,51.20815,0.497
17.057,51.20815,0.518
17.059,51.20815,0.542
17.061,51.20815,0.443
17.063,51.20815,0.463
17.065,51.20815,0.489
17.067,51.20815,0.545
17.069,51.20815,0.479
17.071,51.20815,0.498
17.073,51.20815,0.501
17.075,51.20815,0.509
17.077,51.20815,0.497
17.079,51.20815,0.511
17.081,51.20815,0.515
17.083,51.20815,0.527
17.085,51.20815,0.525
17.087,51.20815,0.517
17.089,51.20815,0.517
17.091,51.20815,0.525
17.093,51.20815,0.525
17.095,51.20815,0.495
17.097,51.20815,0.555
17.099,51.20815,0.539
17.101,51.20815,0.498
17.103,51.20815,0.501
17.105,51.20815,0.511
17.107,51.20815,0.538
17.109,51.20815,0.51
17.111,51.20815,0.547
17.113,51.20815,0.563
17.115,51.20815,0.539
17.117,51.20815,0.564
17.119,51.20815,0.549
17.121,51.20815,0.547
17.123,51.20815,0.583
17.125,51.20815,0.526
17.127,51.20815,0.529
17.129,51.20815,0.528
17.131,51.20815,0.568
17.133,51.20815,0.54
17.135,51.20815,0.527
17.137,51.20815,0.503
17.139,51.20815,0.538
17.141,51.20815,0.566
17.143,51.20815,0.525
17.145,51.20815,0.48
17.147,51.20815,0.521
17.149,51.20815,0.521
17.151,51.20815,0.497
17.153,51.20815,0.517
17.155,51.20815,0.473
17.157,51.20815,0.508
17.159,51.20815,0.548
17.161,51.20815,0.555
17.163,51.20815,0.504
17.165,51.20815,0.533
17.167,51.20815,0.51
17.169,51.20815,0.54
17.171,51.20815,0.504
17.173,51.20815,0.508
17.175,51.20815,0.514
17.177,51.20815,0.537
17.179,51.20815,0.5
17.181,51.20815,0.532
17.183,51.20815,0.485
17.185,51.20815,0.492
17.187,51.20815,0.518
17.189,51.20815,0.485
17.191,51.20815,0.47
17.193,51.20815,0.483
17.195,51.20815,0.542
17.197,51.20815,0.48
17.199,51.20815,0.007
17.201,51.20815,0.016
17.203,51.20815,-0.014
17.205,51.20815,0.036
17.207,51.20815,0.023
17.209,51.20815,0.004
17.211,51.20815,0.028
17.213,51.20815,-0.007
17.215,51.20815,0.011
17.217,51.20815,0.027
17.219,51.20815,0.074
17.221,51.20815,0.506
17.223,51.20815,0.532
17.225,51.20815,0.549
17.227,51.20815,0.519
17.229,51.20815,0.52
17.231,51.20815,0.524
17.233,51.20815,0.483
17.235,51.20815,0.511
17.237,51.20815,0.511
17.239,51.20815,0.482
17.241,51.20815,0.482
17.243,51.20815,0.515
17.245,51.20815,0.448
17.247,51.20815,0.466
17.249,51.20815,0.442
16.851,51.20685,0.457
16.853,51.20685,0.454
16.855,51.20685,0.449
16.857,51.20685,0.466
16.859,51.20685,0.477
16.861,51.20685,0.513
16.863,51.20685,0.523
16.865,51.20685,0.496
16.867,51.20685,0.545
16.869,51.20685,0.498
16.871,51.20685,0.486
16.873,51.20685,0.554
16.875,51.20685,0.542
16.877,51.20685,0.515
16.879,51.20685,0.602
16.881,51.20685,0.562
16.883,51.20685,0.564
16.885,51.20685,0.523
16.887,51.20685,0.535
16.889,51.20685,0.509
16.891,51.20685,0.503
16.893,51.20685,0.509
16.895,51.20685,0.492
16.897,51.20685,0.483
16.899,51.20685,0.493
16.901,51.20685,0.477
16.903,51.20685,0.48
16.905,51.20685,0.523
16.907,51.20685,0.535
16.909,51.20685,0.484
16.911,51.20685,0.512
16.913,51.20685,0.523
16.915,51.20685,0.535
16.917,51.20685,0.564
16.919,51.20685,0.517
16.921,51.20685,0.549
16.923,51.20685,0.517
16.925,51.20685,0.527
16.927,51.20685,0.527
16.929,51.20685,0.516
16.931,51.20685,0.465
16.933,51.20685,0.54
16.935,51.20685,0.508
16.937,51.20685,0.504
16.939,51.20685,0.502
16.941,51.20685,0.507
16.943,51.20685,0.507
16.945,51.20685,0.528
16.947,51.20685,0.542
16.949,51.20685,0.552
16.951,51.20685,0.586
16.953,51.20685,0.574
16.955,51.20685,0.629
16.957,51.20685,0.634
16.959,51.20685,0.624
16.961,51.20685,0.624
16.963,51.20685,0.632
16.965,51.20685,0.665
16.967,51.20685,0.676
16.969,51.20685,0.644
16.971,51.20685,0.639
16.973,51.20685,0.602
16.975,51.20685,0.653
16.977,51.20685,0.613
16.979,51.20685,0.586
16.981,51.20685,0.558
16.983,51.20685,0.585
16.985,51.20685,0.563
16.987,51.20685,0.537
16.989,51.20685,0.579
16.991,51.20685,0.551
16.993,51.20685,0.559
16.995,51.20685,0.546
16.997,51.20685,0.555
16.999,51.20685,0.595
17.001,51.20685,0.548
17.003,51.20685,0.542
17.005,51.20685,0.581
17.007,51.20685,0.551
17.009,51.20685,0.548
17.011,51.20685,0.563
17.013,51.20685,0.568
17.015,51.20685,0.573
17.017,51.20685,0.563
17.019,51.20685,0.572
17.021,51.20685,0.584
17.023,51.20685,0.605
17.025,51.20685,0.634
17.027,51.20685,0.583
17.029,51.20685,0.591
17.031,51.20685,0.603
17.033,51.20685,0.633
17.035,51.20685,0.585
17.037,51.20685,0.603
17.039,51.20685,0.595
17.041,51.20685,0.572
17.043,51.20685,0.544
17.045,51.20685,0.587
17.047,51.20685,0.573
17.049,51.20685,0.502
17.051,51.20685,0.55
17.053,51.20685,0.524
17.055,51.20685,0.543
17.057,51.20685,0.499
17.059,51.20685,0.506
17.061,51.20685,0.496
17.063,51.20685,0.517
17.065,51.20685,0.447
17.067,51.20685,0.476
17.069,51.20685,0.531
17.071,51.20685,0.461
17.073,51.20685,0.475
17.075,51.20685,0.525
17.077,51.20685,0.498
17.079,51.20685,0.529
17.081,51.20685,0.537
17.083,51.20685,0.532
17.085,51.20685,0.501
17.087,51.20685,0.518
17.089,51.20685,0.517
17.091,51.20685,0.533
17.093,51.20685,0.548
17.095,51.20685,0.525
17.097,51.20685,0.507
17.099,51.20685,0.52
17.101,51.20685,0.505
17.103,51.20685,0.528
17.105,51.20685,0.525
17.107,51.20685,0.546
17.109,51.20685,0.516
17.111,51.20685,0.551
17.113,51.20685,0.534
17.115,51.20685,0.539
17.117,51.20685,0.558
17.119,51.20685,0.541
17.121,51.20685,0.556
17.123,51.20685,0.509
17.125,51.20685,0.557
17.127,51.20685,0.532
17.129,51.20685,0.541
17.131,51.20685,0.532
17.133,51.20685,0.534
17.135,51.20685,0.535
17.137,51.20685,0.508
17.139,51.20685,0.544
17.141,51.20685,0.519
17.143,51.20685,0.513
17.145,51.20685,0.531
17.147,51.20685,0.557
17.149,51.20685,0.526
17.151,51.20685,0.524
17.153,51.20685,0.535
17.155,51.20685,0.52
17.157,51.20685,0.55
17.159,51.20685,0.534
17.161,51.20685,0.495
17.163,51.20685,0.511
17.165,51.20685,0.527
17.167,51.20685,0.516
17.169,51.20685,0.517
17.171,51.20685,0.492
17.173,51.20685,0.499
17.175,51.20685,0.539
17.177,51.20685,0.487
17.179,51.20685,0.511
17.181,51.20685,0.496
17.183,51.20685,0.523
17.185,51.20685,0.484
17.187,51.20685,0.526
17.189,51.20685,0.496
17.191,51.20685,0.494
17.193,51.20685,0.508
17.195,51.20685,0.497
17.197,51.20685,-0.015
17.199,51.20685,0.003
17.201,51.20685,0.043
17.203,51.20685,0.043
17.205,51.20685,0.035
17.207,51.20685,0.064
17.209,51.20685,0.037
17.211,51.20685,0.035
17.213,51.20685,0.026
17.215,51.20685,0.047
17.217,51.20685,-0.025
17.219,51.20685,0.535
17.221,51.20685,0.526
17.223,51.20685,0.55
17.225,51.20685,0.529
17.227,51.20685,0.511
17.229,51.20685,0.525
17.231,51.20685,0.523
17.233,51.20685,0.497
17.235,51.20685,0.504
17.237,51.20685,0.487
17.239,51.20685,0.506
17.241,51.20685,0.512
17.243,51.20685,0.498
17.245,51.20685,0.51
17.247,51.20685,0.467
17.249,51.20685,0.457
16.851,51.20555,0.475
16.853,51.20555,0.467
16.855,51.20555,0.492
16.857,51.20555,0.446
16.859,51.20555,0.448
16.861,51.20555,0.474
16.863,51.20555,0.494
16.865,51.20555,0.496
16.867,51.20555,0.518
16.869,51.20555,0.524
16.871,51.20555,0.49
16.873,51.20555,0.549
16.875,51.20555,0.517
16.877,51.20555,0.533
16.879,51.20555,0.554
16.881,51.20555,0.575
16.883,51.20555,0.591
16.885,51.20555,0.572
16.887,51.20555,0.529
16.889,51.20555,0.473
16.891,51.20555,0.479
16.893,51.20555,0.511
16.895,51.20555,0.509
16.897,51.20555,0.488
16.899,51.20555,0.478
16.901,51.20555,0.479
16.903,51.20555,0.481
16.905,51.20555,0.507
16.907,51.20555,0.47
16.909,51.20555,0.513
16.911,51.20555,0.516
16.913,51.20555,0.481
16.915,51.20555,0.497
16.917,51.20555,0.537
16.919,51.20555,0.514
16.921,51.20555,0.533
16.923,51.20555,0.544
16.925,51.20555,0.53
16.927,51.20555,0.513
16.929,51.20555,0.528
16.931,51.20555,0.517
16.933,51.20555,0.512
16.935,51.20555,0.503
16.937,51.20555,0.468
16.939,51.20555,0.505
16.941,51.20555,0.508
16.943,51.20555,0.526
16.945,51.20555,0.511
16.947,51.20555,0.51
16.949,51.20555,0.503
16.951,51.20555,0.57
16.953,51.20555,0.582
16.955,51.20555,0.596
16.957,51.20555,0.583
16.959,51.20555,0.602
16.961,51.20555,0.628
16.963,51.20555,0.582
16.965,51.20555,0.636
16.967,51.20555,0.631
16.969,51.20555,0.616
16.971,51.20555,0.629
16.973,51.20555,0.606
16.975,51.20555,0.59
16.977,51.20555,0.59
16.979,51.20555,0.606
16.981,51.20555,0.566
16.983,51.20555,0.551
16.985,51.20555,0.595
16.987,51.20555,0.558
16.989,51.20555,0.572
16.991,51.20555,0.555
16.993,51.20555,0.557
16.995,51.20555,0.545
16.997,51.20555,0.546
16.999,51.20555,0.602
17.001,51.20555,0.56
17.003,51.20555,0.546
17.005,51.20555,0.585
17.007,51.20555,0.562
17.009,51.20555,0.567
17.011,51.20555,0.545
17.013,51.20555,0.548
17.015,51.20555,0.547
17.017,51.20555,0.582
17.019,51.20555,0.607
17.021,51.20555,0.607
17.023,51.20555,0.605
17.025,51.20555,0.608
17.027,51.20555,0.55
17.029,51.20555,0.568
17.031,51.20555,0.612
17.033,51.20555,0.589
17.035,51.20555,0.589
17.037,51.20555,0.578
17.039,51.20555,0.577
17.041,51.20555,0.54
17.043,51.20555,0.572
17.045,51.20555,0.555
17.047,51.20555,0.577
17.049,51.20555,0.533
17.051,51.20555,0.541
17.053,51.20555,0.575
17.055,51.20555,0.521
17.057,51.20555,0.496
17.059,51.20555,0.537
17.061,51.20555,0.516
17.063,51.20555,0.496
17.065,51.20555,0.488
17.067,51.20555,0.516
17.069,51.20555,0.513
17.071,51.20555,0.508
17.073,51.20555,0.466
17.075,51.20555,0.526
17.077,51.20555,0.518
17.079,51.20555,0.497
17.081,51.20555,0.565
17.083,51.20555,0.518
17.085,51.20555,0.509
17.087,51.20555,0.534
17.089,51.20555,0.505
17.091,51.20555,0.558
17.093,51.20555,0.525
17.095,51.20555,0.518
17.097,51.20555,0.524
17.099,51.20555,0.519
17.101,51.20555,0.507
17.103,51.20555,0.517
17.105,51.20555,0.502
17.107,51.20555,0.525
17.109,51.20555,0.5
17.111,51.20555,0.53
17.113,51.20555,0.543
17.115,51.20555,0.554
17.117,51.20555,0.551
17.119,51.20555,0.563
17.121,51.20555,0.54
17.123,51.20555,0.529
17.125,51.20555,0.554
17.127,51.20555,0.537
17.129,51.20555,0.548
17.131,51.20555,0.539
17.133,51.20555,0.519
17.135,51.20555,0.542
17.137,51.20555,0.506
17.139,51.20555,0.497
17.141,51.20555,0.498
17.143,51.20555,0.514
17.145,51.20555,0.522
17.147,51.20555,0.543
17.149,51.20555,0.517
17.151,51.20555,0.514
17.153,51.20555,0.516
17.155,51.20555,0.482
17.157,51.20555,0.448
17.159,51.20555,0.545
17.161,51.20555,0.51
17.163,51.20555,0.532
17.165,51.20555,0.534
17.167,51.20555,0.535
17.169,51.20555,0.544
17.171,51.20555,0.544
17.173,51.20555,0.564
17.175,51.20555,0.515
17.177,51.20555,0.498
17.179,51.20555,0.552
17.181,51.20555,0.534
17.183,51.20555,0.513
17.185,51.20555,0.499
17.187,51.20555,0.533
17.189,51.20555,0.482
17.191,51.20555,0.492
17.193,51.20555,0.031
17.195,51.20555,0.052
17.197,51.20555,0.027
17.199,51.20555,0.037
17.201,51.20555,0.053
17.203,51.20555,0.029
17.205,51.20555,0.062
17.207,51.20555,0.021
17.209,51.20555,-0.001
17.211,51.20555,0.033
17.213,51.20555,0.052
17.215,51.20555,0.531
17.217,51.20555,0.533
17.219,51.20555,0.552
17.221,51.20555,0.563
17.223,51.20555,0.483
17.225,51.20555,0.561
17.227,51.20555,0.536
17.229,51.20555,0.506
17.231,51.20555,0.503
17.233,51.20555,0.523
17.235,51.20555,0.508
17.237,51.20555,0.513
17.239,51.20555,0.478
17.241,51.20555,0.484
17.243,51.20555,0.494
17.245,51.20555,0.497
17.247,51.20555,0.462
17.249,51.20555,0.48
16.851,51.20425,0.429
16.853,51.20425,0.479
16.855,51.20425,0.464
16.857,51.20425,0.483
16.859,51.20425,0.487
16.861,51.20425,0.472
16.863,51.20425,0.49
16.865,51.20425,0.497
16.867,51.20425,0.524
16.869,51.20425,0.497
16.871,51.20425,0.54
16.873,51.20425,0.582
16.875,51.20425,0.568
16.877,51.20425,0.558
16.879,51.20425,0.559
16.881,51.20425,0.563
16.883,51.20425,0.545
16.885,51.20425,0.564
16.887,51.20425,0.533
16.889,51.20425,0.503
16.891,51.20425,0.544
16.893,51.20425,0.496
16.895,51.20425,0.515
16.897,51.20425,0.533
16.899,51.20425,0.495
16.901,51.20425,0.519
16.903,51.20425,0.466
16.905,51.20425,0.484
16.907,51.20425,0.493
16.909,51.20425,0.526
16.911,51.20425,0.505
16.913,51.20425,0.537
16.915,51.20425,0.532
16.917,51.20425,0.527
16.919,51.20425,0.508
16.921,51.20425,0.498
16.923,51.20425,0.538
16.925,51.20425,0.49
16.927,51.20425,0.512
16.929,51.20425,0.481
16.931,51.20425,0.493
16.933,51.20425,0.499
16.935,51.20425,0.478
16.937,51.20425,0.507
16.939,51.20425,0.491
16.941,51.20425,0.442
16.943,51.20425,0.488
16.945,51.20425,0.54
16.947,51.20425,0.519
16.949,51.20425,0.548
16.951,51.20425,0.547
16.953,51.20425,0.542
16.955,51.20425,0.551
16.957,51.20425,0.559
16.959,51.20425,0.616
16.961,51.20425,0.578
16.963,51.20425,0.603
16.965,51.20425,0.61
16.967,51.20425,0.577
16.969,51.20425,0.599
16.971,51.20425,0.571
16.973,51.20425,0.602
16.975,51.20425,0.607
16.977,51.20425,0.602
16.979,51.20425,0.539
16.981,51.20425,0.535
16.983,51.20425,0.574
16.985,51.20425,0.563
16.987,51.20425,0.555
16.989,51.20425,0.585
16.991,51.20425,0.597
16.993,51.20425,0.558
16.995,51.20425,0.571
16.997,51.20425,0.533
16.999,51.20425,0.543
17.001,51.20425,0.538
17.003,51.20425,0.558
17.005,51.20425,0.573
17.007,51.20425,0.554
17.009,51.20425,0.567
17.011,51.20425,0.571
17.013,51.20425,0.612
17.015,51.20425,0.565
17.017,51.20425,0.588
17.019,51.20425,0.558
17.021,51.20425,0.617
17.023,51.20425,0.575
17.025,51.20425,0.563
17.027,51.20425,0.557
17.029,51.20425,0.583
17.031,51.20425,0.548
17.033,51.20425,0.597
17.035,51.20425,0.563
17.037,51.20425,0.585
17.039,51.20425,0.592
17.041,51.20425,0.587
17.043,51.20425,0.58
17.045,51.20425,0.567
17.047,51.20425,0.566
17.049,51.20425,0.55
17.051,51.20425,0.529
17.053,51.20425,0.573
17.055,51.20425,0.521
17.057,51.20425,0.516
17.059,51.20425,0.495
17.061,51.20425,0.514
17.063,51.20425,0.481
17.065,51.20425,0.552
17.067,51.20425,0.47
17.069,51.20425,0.526
17.071,51.20425,0.523
17.073,51.20425,0.519
17.075,51.20425,0.504
17.077,51.20425,0.526
17.079,51.20425,0.526
17.081,51.20425,0.485
17.083,51.20425,0.542
17.085,51.20425,0.517
17.087,51.20425,0.502
17.089,51.20425,0.549
17.091,51.20425,0.489
17.093,51.20425,0.509
17.095,51.20425,0.531
17.097,51.20425,0.549
17.099,51.20425,0.514
17.101,51.20425,0.52
17.103,51.20425,0.57
17.105,51.20425,0.54
17.107,51.20425,0.525
17.109,51.20425,0.532
17.111,51.20425,0.539
17.113,51.20425,0.528
17.115,51.20425,0.532
17.117,51.20425,0.519
17.119,51.20425,0.561
17.121,51.20425,0.553
17.123,51.20425,0.525
17.125,51.20425,0.527
17.127,51.20425,0.534
17.129,51.20425,0.519
17.131,51.20425,0.538
17.133,51.20425,0.532
17.135,51.20425,0.512
17.137,51.20425,0.495
17.139,51.20425,0.5
17.141,51.20425,0.554
17.143,51.20425,0.496
17.145,51.20425,0.515
17.147,51.20425,0.533
17.149,51.20425,0.486
17.151,51.20425,0.505
17.153,51.20425,0.552
17.155,51.20425,0.526
17.157,51.20425,0.518
17.159,51.20425,0.509
17.161,51.20425,0.552
17.163,51.20425,0.513
17.165,51.20425,0.535
17.167,51.20425,0.514
17.169,51.20425,0.526
17.171,51.20425,0.543
17.173,51.20425,0.54
17.175,51.20425,0.53
17.177,51.20425,0.537
17.179,51.20425,0.53
17.181,51.20425,0.528
17.183,51.20425,0.534
17.185,51.20425,0.555
17.187,51.20425,0.539
17.189,51.20425,0.533
17.191,51.20425,0.046
17.193,51.20425,0.056
17.195,51.20425,0.085
17.197,51.20425,0.078
17.199,51.20425,-0.039
17.201,51.20425,0.07
17.203,51.20425,0.034
17.205,51.20425,0.019
17.207,51.20425,0.009
17.209,51.20425,0.048
17.211,51.20425,0.049
17.213,51.20425,0.545
17.215,51.20425,0.532
17.217,51.20425,0.528
17.219,51.20425,0.499
17.221,51.20425,0.53
17.223,51.20425,0.578
17.225,51.20425,0.505
17.227,51.20425,0.53
17.229,51.20425,0.559
17.231,51.20425,0.523
17.233,51.20425,0.552
17.235,51.20425,0.529
17.237,51.20425,0.5
17.239,51.20425,0.481
17.241,51.20425,0.507
17.243,51.20425,0.506
17.245,51.20425,0.502
17.247,51.20425,0.504
17.249,51.20425,0.496
16.851,51.20295,0.437
16.853,51.20295,0.46
16.855,51.20295,0.446
16.857,51.20295,0.457
16.859,51.20295,0.484
16.861,51.20295,0.531
16.863,51.20295,0.496
16.865,51.20295,0.513
16.867,51.20295,0.531
16.869,51.20295,0.528
16.871,51.20295,0.513
16.873,51.20295,0.565
16.875,51.20295,0.585
16.877,51.20295,0.58
16.879,51.20295,0.547
16.881,51.20295,0.568
16.883,51.20295,0.567
16.885,51.20295,0.574
16.887,51.20295,0.568
16.889,51.20295,0.517
16.891,51.20295,0.52
16.893,51.20295,0.521
16.895,51.20295,0.522
16.897,51.20295,0.516
16.899,51.20295,0.516
16.901,51.20295,0.541
16.903,51.20295,0.49
16.905,51.20295,0.514
16.907,51.20295,0.513
16.909,51.20295,0.478
16.911,51.20295,0.509
16.913,51.20295,0.512
16.915,51.20295,0.514
16.917,51.20295,0.505
16.919,51.20295,0.504
16.921,51.20295,0.563
16.923,51.20295,0.524
16.925,51.20295,0.465
16.927,51.20295,0.481
16.929,51.20295,0.493
16.931,51.20295,0.5
16.933,51.20295,0.469
16.935,51.20295,0.487
16.937,51.20295,0.455
16.939,51.20295,0.495
16.941,51.20295,0.454
16.943,51.20295,0.5
16.945,51.20295,0.523
16.947,51.20295,0.578
16.949,51.20295,0.523
16.951,51.20295,0.546
16.953,51.20295,0.586
16.955,51.20295,0.563
16.957,51.20295,0.616
16.959,51.20295,0.573
16.961,51.20295,0.576
16.963,51.20295,0.589
16.965,51.20295,0.596
16.967,51.20295,0.564
16.969,51.20295,0.585
16.971,51.20295,0.547
16.973,51.20295,0.573
16.975,51.20295,0.526
16.977,51.20295,0.542
16.979,51.20295,0.554
16.981,51.20295,0.543
16.983,51.20295,0.534
16.985,51.20295,0.563
16.987,51.20295,0.527
16.989,51.20295,0.558
16.991,51.20295,0.531
16.993,51.20295,0.508
16.995,51.20295,0.508
16.997,51.20295,0.517
16.999,51.20295,0.552
17.001,51.20295,0.525
17.003,51.20295,0.542
17.005,51.20295,0.579
17.007,51.20295,0.566
17.009,51.20295,0.586
17.011,51.20295,0.578
17.013,51.20295,0.561
17.015,51.20295,0.583
17.017,51.20295,0.557
17.019,51.20295,0.558
17.021,51.20295,0.568
17.023,51.20295,0.547
17.025,51.20295,0.567
17.027,51.20295,0.568
17.029,51.20295,0.518
17.031,51.20295,0.531
17.033,51.20295,0.588
17.035,51.20295,0.542
17.037,51.20295,0.551
17.039,51.20295,0.561
17.041,51.20295,0.571
17.043,51.20295,0.57
17.045,51.20295,0.547
17.047,51.20295,0.571
17.049,51.20295,0.502
17.051,51.20295,0.542
17.053,51.20295,0.507
17.055,51.20295,0.553
17.057,51.20295,0.523
17.059,51.20295,0.525
17.061,51.20295,0.491
17.063,51.20295,0.488
17.065,51.20295,0.511
17.067,51.20295,0.499
17.069,51.20295,0.514
17.071,51.20295,0.483
17.073,51.20295,0.541
17.075,51.20295,0.515
17.077,51.20295,0.543
17.079,51.20295,0.523
17.081,51.20295,0.534
17.083,51.20295,0.551
17.085,51.20295,0.545
17.087,51.20295,0.543
17.089,51.20295,0.523
17.091,51.20295,0.524
17.093,51.20295,0.528
17.095,51.20295,0.551
17.097,51.20295,0.546
17.099,51.20295,0.549
17.101,51.20295,0.508
17.103,51.20295,0.529
17.105,51.20295,0.552
17.107,51.20295,0.559
17.109,51.20295,0.529
17.111,51.20295,0.549
17.113,51.20295,0.541
17.115,51.20295,0.546
17.117,51.20295,0.522
17.119,51.20295,0.544
17.121,51.20295,0.533
17.123,51.20295,0.556
17.125,51.20295,0.572
17.127,51.20295,0.571
17.129,51.20295,0.558
17.131,51.20295,0.516
17.133,51.20295,0.541
17.135,51.20295,0.526
17.137,51.20295,0.53
17.139,51.20295,0.532
17.141,51.20295,0.515
17.143,51.20295,0.514
17.145,51.20295,0.503
17.147,51.20295,0.509
17.149,51.20295,0.532
17.151,51.20295,0.506
17.153,51.20295,0.518
17.155,51.20295,0.528
17.157,51.20295,0.541
17.159,51.20295,0.533
17.161,51.20295,0.499
17.163,51.20295,0.494
17.165,51.20295,0.512
17.167,51.20295,0.523
17.169,51.20295,0.539
17.171,51.20295,0.509
17.173,51.20295,0.55
17.175,51.20295,0.551
17.177,51.20295,0.523
17.179,51.20295,0.531
17.181,51.20295,0.563
17.183,51.20295,0.565
17.185,51.20295,0.519
17.187,51.20295,0.564
17.189,51.20295,0.023
17.191,51.20295,0.007
17.193,51.20295,-0.009
17.195,51.20295,0.069
17.197,51.20295,0.041
17.199,51.20295,0.012
17.201,51.20295,0.016
17.203,51.20295,0.048
17.205,51.20295,0.005
17.207,51.20295,-0.008
17.209,51.20295,0.076
17.211,51.20295,0.556
17.213,51.20295,0.531
17.215,51.20295,0.562
17.217,51.20295,0.561
17.219,51.20295,0.548
17.221,51.20295,0.538
17.223,51.20295,0.532
17.225,51.20295,0.53
17.227,51.20295,0.574
17.229,51.20295,0.521
17.231,51.20295,0.533
17.233,51.20295,0.523
17.235,51.20295,0.535
17.237,51.20295,0.55
17.239,51.20295,0.498
17.241,51.20295,0.516
17.243,51.20295,0.52
17.245,51.20295,0.524
17.247,51.20295,0.554
17.249,51.20295,0.544
16.851,51.20165,0.458
16.853,51.20165,0.492
16.855,51.20165,0.511
16.857,51.20165,0.47
16.859,51.20165,0.489
16.861,51.20165,0.487
16.863,51.20165,0.518
16.865,51.20165,0.493
16.867,51.20165,0.528
16.869,51.20165,0.534
16.871,51.20165,0.522
16.873,51.20165,0.555
16.875,51.20165,0.525
16.877,51.20165,0.538
16.879,51.20165,0.563
16.881,51.20165,0.534
16.883,51.20165,0.538
16.885,51.20165,0.548
16.887,51.20165,0.555
16.889,51.20165,0.53
16.891,51.20165,0.571
16.893,51.20165,0.534
16.895,51.20165,0.51
16.897,51.20165,0.5
16.899,51.20165,0.499
16.901,51.20165,0.496
16.903,51.20165,0.468
16.905,51.20165,0.517
16.907,51.20165,0.503
16.909,51.20165,0.537
16.911,51.20165,0.499
16.913,51.20165,0.484
16.915,51.20165,0.502
16.917,51.20165,0.501
16.919,51.20165,0.537
16.921,51.20165,0.478
16.923,51.20165,0.522
16.925,51.20165,0.473
16.927,51.20165,0.512
16.929,51.20165,0.502
16.931,51.20165,0.479
16.933,51.20165,0.509
16.935,51.20165,0.493
16.937,51.20165,0.485
16.939,51.20165,0.443
16.941,51.20165,0.469
16.943,51.20165,0.482
16.945,51.20165,0.502
16.947,51.20165,0.498
16.949,51.20165,0.568
16.951,51.20165,0.502
16.953,51.20165,0.55
16.955,51.20165,0.528
16.957,51.20165,0.57
16.959,51.20165,0.553
16.961,51.20165,0.546
16.963,51.20165,0.581
16.965,51.20165,0.567
16.967,51.20165,0.608
16.969,51.20165,0.578
16.971,51.20165,0.557
16.973,51.20165,0.536
16.975,51.20165,0.574
16.977,51.20165,0.557
16.979,51.20165,0.547
16.981,51.20165,0.487
16.983,51.20165,0.517
16.985,51.20165,0.582
16.987,51.20165,0.543
16.989,51.20165,0.574
16.991,51.20165,0.531
16.993,51.20165,0.534
16.995,51.20165,0.539
16.997,51.20165,0.561
16.999,51.20165,0.511
17.001,51.20165,0.567
17.003,51.20165,0.531
17.005,51.20165,0.556
17.007,51.20165,0.577
17.009,51.20165,0.594
17.011,51.20165,0.553
17.013,51.20165,0.552
17.015,51.20165,0.583
17.017,51.20165,0.519
17.019,51.20165,0.551
17.021,51.20165,0.579
17.023,51.20165,0.524
17.025,51.20165,0.538
17.027,51.20165,0.545
17.029,51.20165,0.544
17.031,51.20165,0.56
17.033,51.20165,0.563
17.035,51.20165,0.568
17.037,51.20165,0.549
17.039,51.20165,0.541
17.041,51.20165,0.558
17.043,51.20165,0.518
17.045,51.20165,0.562
17.047,51.20165,0.569
17.049,51.20165,0.566
17.051,51.20165,0.519
17.053,51.20165,0.508
17.055,51.20165,0.527
17.057,51.20165,0.529
17.059,51.20165,0.528
17.061,51.20165,0.541
17.063,51.20165,0.485
17.065,51.20165,0.497
17.067,51.20165,0.519
17.069,51.20165,0.537
17.071,51.20165,0.495
17.073,51.20165,0.515
17.075,51.20165,0.565
17.077,51.20165,0.525
17.079,51.20165,0.511
17.081,51.20165,0.524
17.083,51.20165,0.519
17.085,51.20165,0.507
17.087,51.20165,0.533
17.089,51.20165,0.573
17.091,51.20165,0.547
17.093,51.20165,0.512
17.095,51.20165,0.526
17.097,51.20165,0.548
17.099,51.20165,0.544
17.101,51.20165,0.539
17.103,51.20165,0.57
17.105,51.20165,0.576
17.107,51.20165,0.509
17.109,51.20165,0.54
17.111,51.20165,0.552
17.113,51.20165,0.555
17.115,51.20165,0.571
17.117,51.20165,0.521
17.119,51.20165,0.549
17.121,51.20165,0.543
17.123,51.20165,0.553
17.125,51.20165,0.504
17.127,51.20165,0.549
17.129,51.20165,0.567
17.131,51.20165,0.55
17.133,51.20165,0.516
17.135,51.20165,0.511
17.137,51.20165,0.525
17.139,51.20165,0.519
17.141,51.20165,0.518
17.143,51.20165,0.532
17.145,51.20165,0.494
17.147,51.20165,0.545
17.149,51.20165,0.518
17.151,51.20165,0.491
17.153,51.20165,0.525
17.155,51.20165,0.503
17.157,51.20165,0.503
17.159,51.20165,0.511
17.161,51.20165,0.529
17.163,51.20165,0.539
17.165,51.20165,0.539
17.167,51.20165,0.504
17.169,51.20165,0.518
17.171,51.20165,0.578
17.173,51.20165,0.557
17.175,51.20165,0.527
17.177,51.20165,0.557
17.179,51.20165,0.592
17.181,51.20165,0.495
17.183,51.20165,0.578
17.185,51.20165,0.568
17.187,51.20165,0.048
17.189,51.20165,0.011
17.191,51.20165,0.032
17.193,51.20165,0.084
17.195,51.20165,0.022
17.197,51.20165,0.006
17.199,51.20165,0.106
17.201,51.20165,0.069
17.203,51.20165,0.056
17.205,51.20165,0.012
17.207,51.20165,0.043
17.209,51.20165,0.531
17.211,51.20165,0.506
17.213,51.20165,0.536
17.215,51.20165,0.519
17.217,51.20165,0.542
17.219,51.20165,0.544
17.221,51.20165,0.572
17.223,51.20165,0.578
17.225,51.20165,0.554
17.227,51.20165,0.551
17.229,51.20165,0.573
17.231,51.20165,0.504
17.233,51.20165,0.547
17.235,51.20165,0.487
17.237,51.20165,0.561
17.239,51.20165,0.53
17.241,51.20165,0.552
17.243,51.20165,0.552
17.245,51.20165,0.538
17.247,51.20165,0.533
17.249,51.20165,0.55
16.851,51.20035,0.501
16.853,51.20035,0.462
16.855,51.20035,0.47
16.857,51.20035,0.493
16.859,51.20035,0.494
16.861,51.20035,0.524
16.863,51.20035,0.508
16.865,51.20035,0.527
16.867,51.20035,0.521
16.869,51.20035,0.536
16.871,51.20035,0.536
16.873,51.20035,0.551
16.875,51.20035,0.543
16.877,51.20035,0.588
16.879,51.20035,0.537
16.881,51.20035,0.536
16.883,51.20035,0.556
16.885,51.20035,0.568
16.887,51.20035,0.577
16.889,51.20035,0.525
16.891,51.20035,0.56
16.893,51.20035,0.532
16.895,51.20035,0.54
16.897,51.20035,0.495
16.899,51.20035,0.511
16.901,51.20035,0.485
16.903,51.20035,0.506
16.905,51.20035,0.492
16.907,51.20035,0.505
16.909,51.20035,0.497
16.911,51.20035,0.522
16.913,51.20035,0.503
16.915,51.20035,0.523
16.917,51.20035,0.525
16.919,51.20035,0.515
16.921,51.20035,0.446
16.923,51.20035,0.481
16.925,51.20035,0.492
16.927,51.20035,0.482
16.929,51.20035,0.508
16.931,51.20035,0.502
16.933,51.20035,0.467
16.935,51.20035,0.44
16.937,51.20035,0.447
16.939,51.20035,0.458
16.941,51.20035,0.456
16.943,51.20035,0.48
16.945,51.20035,0.461
16.947,51.20035,0.469
16.949,51.20035,0.484
16.951,51.20035,0.565
16.953,51.20035,0.518
16.955,51.20035,0.513
16.957,51.20035,0.575
16.959,51.20035,0.567
16.961,51.20035,0.564
16.963,51.20035,0.521
16.965,51.20035,0.533
16.967,51.20035,0.561
16.969,51.20035,0.504
16.971,51.20035,0.562
16.973,51.20035,0.567
16.975,51.20035,0.538
16.977,51.20035,0.521
16.979,51.20035,0.503
16.981,51.20035,0.569
16.983,51.20035,0.505
16.985,51.20035,0.545
16.987,51.20035,0.531
16.989,51.20035,0.554
16.991,51.20035,0.529
16.993,51.20035,0.545
16.995,51.20035,0.552
16.997,51.20035,0.563
16.999,51.20035,0.557
17.001,51.20035,0.532
17.003,51.20035,0.573
17.005,51.20035,0.551
17.007,51.20035,0.573
17.009,51.20035,0.568
17.011,51.20035,0.575
17.013,51.20035,0.571
17.015,51.20035,0.56
17.017,51.20035,0.561
17.019,51.20035,0.531
17.021,51.20035,0.518
17.023,51.20035,0.555
17.025,51.20035,0.563
17.027,51.20035,0.58
17.029,51.20035,0.529
17.031,51.20035,0.56
17.033,51.20035,0.575
17.035,51.20035,0.574
17.037,51.20035,0.566
17.039,51.20035,0.556
17.041,51.20035,0.534
17.043,51.20035,0.583
17.045,51.20035,0.55
17.047,51.20035,0.562
17.049,51.20035,0.534
17.051,51.20035,0.561
17.053,51.20035,0.553
17.055,51.20035,0.555
17.057,51.20035,0.516
17.059,51.20035,0.54
17.061,51.20035,0.537
17.063,51.20035,0.497
17.065,51.20035,0.533
17.067,51.20035,0.524
17.069,51.20035,0.511
17.071,51.20035,0.512
17.073,51.20035,0.54
17.075,51.20035,0.529
17.077,51.20035,0.562
17.079,51.20035,0.535
17.081,51.20035,0.556
17.083,51.20035,0.55
17.085,51.20035,0.555
17.087,51.20035,0.554
17.089,51.20035,0.573
17.091,51.20035,0.563
17.093,51.20035,0.553
17.095,51.20035,0.562
17.097,51.20035,0.582
17.099,51.20035,0.591
17.101,51.20035,0.547
17.103,51.20035,0.54
17.105,51.20035,0.548
17.107,51.20035,0.581
17.109,51.20035,0.569
17.111,51.20035,0.546
17.113,51.20035,0.552
17.115,51.20035,0.565
17.117,51.20035,0.605
17.119,51.20035,0.519
17.121,51.20035,0.517
17.123,51.20035,0.564
17.125,51.20035,0.523
17.127,51.20035,0.521
17.129,51.20035,0.522
17.131,51.20035,0.5
17.133,51.20035,0.494
17.135,51.20035,0.53
17.137,51.20035,0.514
17.139,51.20035,0.496
17.141,51.20035,0.494
17.143,51.20035,0.527
17.145,51.20035,0.519
17.147,51.20035,0.512
17.149,51.20035,0.501
17.151,51.20035,0.527
17.153,51.20035,0.497
17.155,51.20035,0.52
17.157,51.20035,0.517
17.159,51.20035,0.483
17.161,51.20035,0.505
17.163,51.20035,0.498
17.165,51.20035,0.518
17.167,51.20035,0.539
17.169,51.20035,0.57
17.171,51.20035,0.519
17.173,51.20035,0.563
17.175,51.20035,0.56
17.177,51.20035,0.574
17.179,51.20035,0.546
17.181,51.20035,0.558
17.183,51.20035,0.556
17.185,51.20035,0.04
17.187,51.20035,0.06
17.189,51.20035,0.041
17.191,51.20035,0.048
17.193,51.20035,0.032
17.195,51.20035,0.028
17.197,51.20035,0.043
17.199,51.20035,0.081
17.201,51.20035,0.007
17.203,51.20035,0.008
17.205,51.20035,0.022
17.207,51.20035,0.576
17.209,51.20035,0.506
17.211,51.20035,0.547
17.213,51.20035,0.542
17.215,51.20035,0.547
17.217,51.20035,0.518
17.219,51.20035,0.548
17.221,51.20035,0.558
17.223,51.20035,0.531
17.225,51.20035,0.571
17.227,51.20035,0.538
17.229,51.20035,0.537
17.231,51.20035,0.516
17.233,51.20035,0.512
17.235,51.20035,0.522
17.237,51.20035,0.571
17.239,51.20035,0.575
17.241,51.20035,0.543
17.243,51.20035,0.548
17.245,51.20035,0.532
17.247,51.20035,0.55
17.249,51.20035,0.535
16.851,51.19905,0.513
16.853,51.19905,0.466
16.855,51.19905,0.498
16.857,51.19905,0.466
16.859,51.19905,0.511
16.861,51.19905,0.522
16.863,51.19905,0.491
16.865,51.19905,0.518
16.867,51.19905,0.542
16.869,51.19905,0.534
16.871,51.19905,0.544
16.873,51.19905,0.58
16.875,51.19905,0.563
16.877,51.19905,0.583
16.879,51.19905,0.51
16.881,51.19905,0.559
16.883,51.19905,0.548
16.885,51.19905,0.516
16.887,51.19905,0.551
16.889,51.19905,0.52
16.891,51.19905,0.508
16.893,51.19905,0.525
16.895,51.19905,0.536
16.897,51.19905,0.483
16.899,51.19905,0.52
16.901,51.19905,0.498
16.903,51.19905,0.5
16.905,51.19905,0.52
16.907,51.19905,0.544
16.909,51.19905,0.477
16.911,51.19905,0.475
16.913,51.19905,0.511
16.915,51.19905,0.536
16.917,51.19905,0.504
16.919,51.19905,0.487
16.921,51.19905,0.513
16.923,51.19905,0.507
16.925,51.19905,0.497
16.927,51.19905,0.434
16.929,51.19905,0.458
16.931,51.19905,0.475
16.933,51.19905,0.468
16.935,51.19905,0.46
16.937,51.19905,0.451
16.939,51.19905,0.446
16.941,51.19905,0.401
16.943,51.19905,0.425
16.945,51.19905,0.435
16.947,51.19905,0.47
16.949,51.19905,0.473
16.951,51.19905,0.479
16.953,51.19905,0.541
16.955,51.19905,0.536
16.957,51.19905,0.549
16.959,51.19905,0.536
16.961,51.19905,0.564
16.963,51.19905,0.554
16.965,51.19905,0.527
16.967,51.19905,0.497
16.969,51.19905,0.523
16.971,51.19905,0.542
16.973,51.19905,0.544
16.975,51.19905,0.491
16.977,51.19905,0.473
16.979,51.19905,0.499
16.981,51.19905,0.492
16.983,51.19905,0.507
16.985,51.19905,0.502
16.987,51.19905,0.514
16.989,51.19905,0.59
16.991,51.19905,0.496
16.993,51.19905,0.551
16.995,51.19905,0.558
16.997,51.19905,0.565
16.999,51.19905,0.582
17.001,51.19905,0.552
17.003,51.19905,0.556
17.005,51.19905,0.58
17.007,51.19905,0.505
17.009,51.19905,0.556
17.011,51.19905,0.559
17.013,51.19905,0.549
17.015,51.19905,0.517
17.017,51.19905,0.551
17.019,51.19905,0.548
17.021,51.19905,0.537
17.023,51.19905,0.505
17.025,51.19905,0.537
17.027,51.19905,0.574
17.029,51.19905,0.535
17.031,51.19905,0.569
17.033,51.19905,0.534
17.035,51.19905,0.542
17.037,51.19905,0.588
17.039,51.19905,0.563
17.041,51.19905,0.543
17.043,51.19905,0.583
17.045,51.19905,0.565
17.047,51.19905,0.597
17.049,51.19905,0.553
17.051,51.19905,0.544
17.053,51.19905,0.553
17.055,51.19905,0.54
17.057,51.19905,0.542
17.059,51.19905,0.525
17.061,51.19905,0.555
17.063,51.19905,0.51
17.065,51.19905,0.55
17.067,51.19905,0.561
17.069,51.19905,0.481
17.071,51.19905,0.499
17.073,51.19905,0.513
17.075,51.19905,0.538
17.077,51.19905,0.515
17.079,51.19905,0.534
17.081,51.19905,0.555
17.083,51.19905,0.517
17.085,51.19905,0.569
17.087,51.19905,0.556
17.089,51.19905,0.581
17.091,51.19905,0.59
17.093,51.19905,0.556
17.095,51.19905,0.597
17.097,51.19905,0.559
17.099,51.19905,0.578
17.101,51.19905,0.559
17.103,51.19905,0.577
17.105,51.19905,0.572
17.107,51.19905,0.599
17.109,51.19905,0.551
17.111,51.19905,0.529
17.113,51.19905,0.508
17.115,51.19905,0.568
17.117,51.19905,0.555
17.119,51.19905,0.555
17.121,51.19905,0.554
17.123,51.19905,0.523
17.125,51.19905,0.59
17.127,51.19905,0.506
17.129,51.19905,0.55
17.131,51.19905,0.535
17.133,51.19905,0.528
17.135,51.19905,0.51
17.137,51.19905,0.565
17.139,51.19905,0.527
17.141,51.19905,0.483
17.143,51.19905,0.518
17.145,51.19905,0.496
17.147,51.19905,0.487
17.149,51.19905,0.507
17.151,51.19905,0.487
17.153,51.19905,0.543
17.155,51.19905,0.54
17.157,51.19905,0.497
17.159,51.19905,0.501
17.161,51.19905,0.526
17.163,51.19905,0.506
17.165,51.19905,0.542
17.167,51.19905,0.545
17.169,51.19905,0.535
17.171,51.19905,0.57
17.173,51.19905,0.509
17.175,51.19905,0.577
17.177,51.19905,0.592
17.179,51.19905,0.592
17.181,51.19905,0.582
17.183,51.19905,0.032
17.185,51.19905,-0.013
17.187,51.19905,0.007
17.189,51.19905,0.056
17.191,51.19905,0.073
17.193,51.19905,0.078
17.195,51.19905,0.018
17.197,51.19905,0.014
17.199,51.19905,-0.014
17.201,51.19905,0.048
17.203,51.19905,0.546
17.205,51.19905,0.526
17.207,51.19905,0.541
17.209,51.19905,0.55
17.211,51.19905,0.528
17.213,51.19905,0.524
17.215,51.19905,0.534
17.217,51.19905,0.533
17.219,51.19905,0.539
17.221,51.19905,0.544
17.223,51.19905,0.525
17.225,51.19905,0.524
17.227,51.19905,0.548
17.229,51.19905,0.579
17.231,51.19905,0.533
17.233,51.19905,0.499
17.235,51.19905,0.557
17.237,51.19905,0.567
17.239,51.19905,0.533
17.241,51.19905,0.519
17.243,51.19905,0.542
17.245,51.19905,0.576
17.247,51.19905,0.543
17.249,51.19905,0.577
16.851,51.19775,0.493
16.853,51.19775,0.487
16.855,51.19775,0.521
16.857,51.19775,0.481
16.859,51.19775,0.487
16.861,51.19775,0.549
16.863,51.19775,0.506
16.865,51.19775,0.517
16.867,51.19775,0.546
16.869,51.19775,0.539
16.871,51.19775,0.546
16.873,51.19775,0.591
16.875,51.19775,0.547
16.877,51.19775,0.538
16.879,51.19775,0.547
16.881,51.19775,0.546
16.883,51.19775,0.568
16.885,51.19775,0.573
16.887,51.19775,0.525
16.889,51.19775,0.55
16.891,51.19775,0.536
16.893,51.19775,0.53
16.895,51.19775,0.499
16.897,51.19775,0.527
16.899,51.19775,0.498
16.901,51.19775,0.518
16.903,51.19775,0.516
16.905,51.19775,0.492
16.907,51.19775,0.529
16.909,51.19775,0.512
16.911,51.19775,0.52
16.913,51.19775,0.539
16.915,51.19775,0.508
16.917,51.19775,0.481
16.919,51.19775,0.489
16.921,51.19775,0.476
16.923,51.19775,0.492
16.925,51.19775,0.521
16.927,51.19775,0.484
16.929,51.19775,0.449
16.931,51.19775,0.439
16.933,51.19775,0.428
16.935,51.19775,0.431
16.937,51.19775,0.434
16.939,51.19775,0.435
16.941,51.19775,0.433
16.943,51.19775,0.428
16.945,51.19775,0.437
16.947,51.19775,0.492
16.949,51.19775,0.454
16.951,51.19775,0.512
16.953,51.19775,0.483
16.955,51.19775,0.545
16.957,51.19775,0.524
16.959,51.19775,0.536
16.961,51.19775,0.551
16.963,51.19775,0.552
16.965,51.19775,0.518
16.967,51.19775,0.49
16.969,51.19775,0.551
16.971,51.19775,0.491
16.973,51.19775,0.494
16.975,51.19775,0.53
16.977,51.19775,0.492
16.979,51.19775,0.482
16.981,51.19775,0.511
16.983,51.19775,0.476
16.985,51.19775,0.506
16.987,51.19775,0.504
16.989,51.19775,0.531
16.991,51.19775,0.529
16.993,51.19775,0.523
16.995,51.19775,0.541
16.997,51.19775,0.531
16.999,51.19775,0.577
17.001,51.19775,0.552
17.003,51.19775,0.573
17.005,51.19775,0.554
17.007,51.19775,0.56
17.009,51.19775,0.531
17.011,51.19775,0.512
17.013,51.19775,0.554
17.015,51.19775,0.54
17.017,51.19775,0.567
17.019,51.19775,0.565
17.021,51.19775,0.528
17.023,51.19775,0.568
17.025,51.19775,0.499
17.027,51.19775,0.545
17.029,51.19775,0.525
17.031,51.19775,0.534
17.033,51.19775,0.533
17.035,51.19775,0.526
17.037,51.19775,0.569
17.039,51.19775,0.526
17.041,51.19775,0.548
17.043,51.19775,0.569
17.045,51.19775,0.554
17.047,51.19775,0.591
17.049,51.19775,0.522
17.051,51.19775,0.529
17.053,51.19775,0.562
17.055,51.19775,0.546
17.057,51.19775,0.549
17.059,51.19775,0.53
17.061,51.19775,0.552
17.063,51.19775,0.532
17.065,51.19775,0.537
17.067,51.19775,0.526
17.069,51.19775,0.571
17.071,51.19775,0.55
17.073,51.19775,0.54
17.075,51.19775,0.551
17.077,51.19775,0.55
17.079,51.19775,0.558
17.081,51.19775,0.551
17.083,51.19775,0.573
17.085,51.19775,0.582
17.087,51.19775,0.573
17.089,51.19775,0.588
17.091,51.19775,0.561
17.093,51.19775,0.583
17.095,51.19775,0.544
17.097,51.19775,0.597
17.099,51.19775,0.599
17.101,51.19775,0.565
17.103,51.19775,0.575
17.105,51.19775,0.56
17.107,51.19775,0.552
17.109,51.19775,0.541
17.111,51.19775,0.555
17.113,51.19775,0.549
17.115,51.19775,0.548
17.117,51.19775,0.537
17.119,51.19775,0.526
17.121,51.19775,0.555
17.123,51.19775,0.506
17.125,51.19775,0.558
17.127,51.19775,0.536
17.129,51.19775,0.523
17.131,51.19775,0.504
17.133,51.19775,0.54
17.135,51.19775,0.536
17.137,51.19775,0.536
17.139,51.19775,0.518
17.141,51.19775,0.54
17.143,51.19775,0.53
17.145,51.19775,0.504
17.147,51.19775,0.544
17.149,51.19775,0.53
17.151,51.19775,0.531
17.153,51.19775,0.481
17.155,51.19775,0.478
17.157,51.19775,0.494
17.159,51.19775,0.494
17.161,51.19775,0.536
17.163,51.19775,0.523
17.165,51.19775,0.501
17.167,51.19775,0.563
17.169,51.19775,0.583
17.171,51.19775,0.538
17.173,51.19775,0.593
17.175,51.19775,0.589
17.177,51.19775,0.571
17.179,51.19775,0.01
17.181,51.19775,0.025
17.183,51.19775,0.027
17.185,51.19775,-0.005
17.187,51.19775,0.013
17.189,51.19775,0.063
17.191,51.19775,0.048
17.193,51.19775,-0.001
17.195,51.19775,0.03
17.197,51.19775,0.019
17.199,51.19775,0.039
17.201,51.19775,0.54
17.203,51.19775,0.577
17.205,51.19775,0.561
17.207,51.19775,0.514
17.209,51.19775,0.525
17.211,51.19775,0.538
17.213,51.19775,0.532
17.215,51.19775,0.537
17.217,51.19775,0.529
17.219,51.19775,0.539
17.221,51.19775,0.505
17.223,51.19775,0.527
17.225,51.19775,0.56
17.227,51.19775,0.549
17.229,51.19775,0.557
17.231,51.19775,0.561
17.233,51.19775,0.541
17.235,51.19775,0.54
17.237,51.19775,0.556
17.239,51.19775,0.532
17.241,51.19775,0.58
17.243,51.19775,0.55
17.245,51.19775,0.586
17.247,51.19775,0.558
17.249,51.19775,0.555
16.851,51.19645,0.484
16.853,51.19645,0.529
16.855,51.19645,0.503
16.857,51.19645,0.523
16.859,51.19645,0.51
16.861,51.19645,0.495
16.863,51.19645,0.557
16.865,51.19645,0.587
16.867,51.19645,0.56
16.869,51.19645,0.593
16.871,51.19645,0.534
16.873,51.19645,0.541
16.875,51.19645,0.583
16.877,51.19645,0.513
16.879,51.19645,0.573
16.881,51.19645,0.557
16.883,51.19645,0.527
16.885,51.19645,0.584
16.887,51.19645,0.538
16.889,51.19645,0.544
16.891,51.19645,0.523
16.893,51.19645,0.545
16.895,51.19645,0.51
16.897,51.19645,0.533
16.899,51.19645,0.538
16.901,51.19645,0.501
16.903,51.19645,0.493
16.905,51.19645,0.501
16.907,51.19645,0.508
16.909,51.19645,0.497
16.911,51.19645,0.505
16.913,51.19645,0.501
16.915,51.19645,0.495
16.917,51.19645,0.531
16.919,51.19645,0.469
16.921,51.19645,0.462
16.923,51.19645,0.449
16.925,51.19645,0.462
16.927,51.19645,0.489
16.929,51.19645,0.477
16.931,51.19645,0.452
16.933,51.19645,0.412
16.935,51.19645,0.416
16.937,51.19645,0.447
16.939,51.19645,0.481
16.941,51.19645,0.406
16.943,51.19645,0.454
16.945,51.19645,0.47
16.947,51.19645,0.487
16.949,51.19645,0.464
16.951,51.19645,0.479
16.953,51.19645,0.501
16.955,51.19645,0.507
16.957,51.19645,0.552
16.959,51.19645,0.542
16.961,51.19645,0.496
16.963,51.19645,0.536
16.965,51.19645,0.495
16.967,51.19645,0.525
16.969,51.19645,0.51
16.971,51.19645,0.479
16.973,51.19645,0.47
16.975,51.19645,0.475
16.977,51.19645,0.487
16.979,51.19645,0.485
16.981,51.19645,0.47
16.983,51.19645,0.519
16.985,51.19645,0.509
16.987,51.19645,0.513
16.989,51.19645,0.516
16.991,51.19645,0.514
16.993,51.19645,0.541
16.995,51.19645,0.559
16.997,51.19645,0.545
16.999,51.19645,0.533
17.001,51.19645,0.583
17.003,51.19645,0.578
17.005,51.19645,0.53
17.007,51.19645,0.567
17.009,51.19645,0.568
17.011,51.19645,0.493
17.013,51.19645,0.512
17.015,51.19645,0.546
17.017,51.19645,0.55
17.019,51.19645,0.512
17.021,51.19645,0.52
17.023,51.19645,0.542
17.025,51.19645,0.539
17.027,51.19645,0.553
17.029,51.19645,0.569
17.031,51.19645,0.514
17.033,51.19645,0.559
17.035,51.19645,0.578
17.037,51.19645,0.564
17.039,51.19645,0.544
17.041,51.19645,0.586
17.043,51.19645,0.588
17.045,51.19645,0.582
17.047,51.19645,0.532
17.049,51.19645,0.54
17.051,51.19645,0.567
17.053,51.19645,0.525
17.055,51.19645,0.563
17.057,51.19645,0.556
17.059,51.19645,0.568
17.061,51.19645,0.543
17.063,51.19645,0.525
17.065,51.19645,0.549
17.067,51.19645,0.54
17.069,51.19645,0.559
17.071,51.19645,0.518
17.073,51.19645,0.539
17.075,51.19645,0.544
17.077,51.19645,0.561
17.079,51.19645,0.531
17.081,51.19645,0.564
17.083,51.19645,0.565
17.085,51.19645,0.592
17.087,51.19645,0.558
17.089,51.19645,0.595
17.091,51.19645,0.591
17.093,51.19645,0.626
17.095,51.19645,0.559
17.097,51.19645,0.594
17.099,51.19645,0.605
17.101,51.19645,0.605
17.103,51.19645,0.577
17.105,51.19645,0.577
17.107,51.19645,0.586
17.109,51.19645,0.566
17.111,51.19645,0.563
17.113,51.19645,0.577
17.115,51.19645,0.534
17.117,51.19645,0.517
17.119,51.19645,0.569
17.121,51.19645,0.556
17.123,51.19645,0.479
17.125,51.19645,0.525
17.127,51.19645,0.517
17.129,51.19645,0.509
17.131,51.19645,0.544
17.133,51.19645,0.524
17.135,51.19645,0.508
17.137,51.19645,0.518
17.139,51.19645,0.528
17.141,51.19645,0.508
17.143,51.19645,0.528
17.145,51.19645,0.512
17.147,51.19645,0.537
17.149,51.19645,0.491
17.151,51.19645,0.483
17.153,51.19645,0.523
17.155,51.19645,0.487
17.157,51.19645,0.486
17.159,51.19645,0.501
17.161,51.19645,0.534
17.163,51.19645,0.531
17.165,51.19645,0.532
17.167,51.19645,0.517
17.169,51.19645,0.541
17.171,51.19645,0.558
17.173,51.19645,0.561
17.175,51.19645,0.568
17.177,51.19645,0.032
17.179,51.19645,-0.01
17.181,51.19645,0.023
17.183,51.19645,0.008
17.185,51.19645,0.04
17.187,51.19645,0.037
17.189,51.19645,0.022
17.191,51.19645,0.048
17.193,51.19645,0.048
17.195,51.19645,0.039
17.197,51.19645,0.035
17.199,51.19645,0.597
17.201,51.19645,0.548
17.203,51.19645,0.606
17.205,51.19645,0.55
17.207,51.19645,0.54
17.209,51.19645,0.553
17.211,51.19645,0.555
17.213,51.19645,0.566
17.215,51.19645,0.56
17.217,51.19645,0.522
17.219,51.19645,0.541
17.221,51.19645,0.51
17.223,51.19645,0.517
17.225,51.19645,0.572
17.227,51.19645,0.531
17.229,51.19645,0.523
17.231,51.19645,0.532
17.233,51.19645,0.559
17.235,51.19645,0.558
17.237,51.19645,0.545
17.239,51.19645,0.56
17.241,51.19645,0.605
17.243,51.19645,0.597
17.245,51.19645,0.605
17.247,51.19645,0.603
17.249,51.19645,0.558
16.851,51.19515,0.497
16.853,51.19515,0.504
16.855,51.19515,0.505
16.857,51.19515,0.489
16.859,51.19515,0.479
16.861,51.19515,0.54
16.863,51.19515,0.514
16.865,51.19515,0.511
16.867,51.19515,0.552
16.869,51.19515,0.515
16.871,51.19515,0.567
16.873,51.19515,0.586
16.875,51.19515,0.602
16.877,51.19515,0.594
16.879,51.19515,0.591
16.881,51.19515,0.545
16.883,51.19515,0.539
16.885,51.19515,0.538
16.887,51.19515,0.562
16.889,51.19515,0.502
16.891,51.19515,0.514
16.893,51.19515,0.541
16.895,51.19515,0.519
16.897,51.19515,0.52
16.899,51.19515,0.503
16.901,51.19515,0.533
16.903,51.19515,0.497
16.905,51.19515,0.52
16.907,51.19515,0.482
16.909,51.19515,0.485
16.911,51.19515,0.503
16.913,51.19515,0.509
16.915,51.19515,0.479
16.917,51.19515,0.499
16.919,51.19515,0.52
16.921,51.19515,0.5
16.923,51.19515,0.465
16.925,51.19515,0.445
16.927,51.19515,0.45
16.929,51.19515,0.449
16.931,51.19515,0.448
16.933,51.19515,0.465
16.935,51.19515,0.451
16.937,51.19515,0.47
16.939,51.19515,0.4
16.941,51.19515,0.465
16.943,51.19515,0.446
16.945,51.19515,0.489
16.947,51.19515,0.473
16.949,51.19515,0.483
16.951,51.19515,0.51
16.953,51.19515,0.502
16.955,51.19515,0.503
16.957,51.19515,0.513
16.959,51.19515,0.523
16.961,51.19515,0.509
16.963,51.19515,0.521
16.965,51.19515,0.491
16.967,51.19515,0.497
16.969,51.19515,0.484
16.971,51.19515,0.53
16.973,51.19515,0.479
16.975,51.19515,0.507
16.977,51.19515,0.495
16.979,51.19515,0.436
16.981,51.19515,0.463
16.983,51.19515,0.457
16.985,51.19515,0.477
16.987,51.19515,0.506
16.989,51.19515,0.527
16.991,51.19515,0.536
16.993,51.19515,0.564
16.995,51.19515,0.576
16.997,51.19515,0.5
16.999,51.19515,0.584
17.001,51.19515,0.542
17.003,51.19515,0.569
17.005,51.19515,0.549
17.007,51.19515,0.573
17.009,51.19515,0.534
17.011,51.19515,0.583
17.013,51.19515,0.517
17.015,51.19515,0.532
17.017,51.19515,0.556
17.019,51.19515,0.537
17.021,51.19515,0.519
17.023,51.19515,0.527
17.025,51.19515,0.566
17.027,51.19515,0.541
17.029,51.19515,0.548
17.031,51.19515,0.562
17.033,51.19515,0.564
17.035,51.19515,0.582
17.037,51.19515,0.57
17.039,51.19515,0.587
17.041,51.19515,0.566
17.043,51.19515,0.576
17.045,51.19515,0.567
17.047,51.19515,0.572
17.049,51.19515,0.565
17.051,51.19515,0.547
17.053,51.19515,0.534
17.055,51.19515,0.547
17.057,51.19515,0.525
17.059,51.19515,0.568
17.061,51.19515,0.55
17.063,51.19515,0.556
17.065,51.19515,0.573
17.067,51.19515,0.557
17.069,51.19515,0.517
17.071,51.19515,0.539
17.073,51.19515,0.555
17.075,51.19515,0.575
17.077,51.19515,0.543
17.079,51.19515,0.54
17.081,51.19515,0.58
17.083,51.19515,0.613
17.085,51.19515,0.583
17.087,51.19515,0.577
17.089,51.19515,0.606
17.091,51.19515,0.56
17.093,51.19515,0.556
17.095,51.19515,0.583
17.097,51.19515,0.57
17.099,51.19515,0.585
17.101,51.19515,0.574
17.103,51.19515,0.608
17.105,51.19515,0.593
17.107,51.19515,0.589
17.109,51.19515,0.567
17.111,51.19515,0.549
17.113,51.19515,0.574
17.115,51.19515,0.537
17.117,51.19515,0.551
17.119,51.19515,0.547
17.121,51.19515,0.502
17.123,51.19515,0.544
17.125,51.19515,0.509
17.127,51.19515,0.561
17.129,51.19515,0.519
17.131,51.19515,0.508
17.133,51.19515,0.533
17.135,51.19515,0.522
17.137,51.19515,0.518
17.139,51.19515,0.522
17.141,51.19515,0.513
17.143,51.19515,0.544
17.145,51.19515,0.486
17.147,51.19515,0.503
17.149,51.19515,0.527
17.151,51.19515,0.519
17.153,51.19515,0.537
17.155,51.19515,0.513
17.157,51.19515,0.472
17.159,51.19515,0.5
17.161,51.19515,0.498
17.163,51.19515,0.506
17.165,51.19515,0.557
17.167,51.19515,0.539
17.169,51.19515,0.545
17.171,51.19515,0.554
17.173,51.19515,0.589
17.175,51.19515,0.047
17.177,51.19515,0.054
17.179,51.19515,0.069
17.181,51.19515,0.005
17.183,51.19515,0.013
17.185,51.19515,0.011
17.187,51.19515,0.017
17.189,51.19515,-0.014
17.191,51.19515,-0.027
17.193,51.19515,-0.018
17.195,51.19515,0.025
17.197,51.19515,0.596
17.199,51.19515,0.604
17.201,51.19515,0.592
17.203,51.19515,0.561
17.205,51.19515,0.55
17.207,51.19515,0.559
17.209,51.19515,0.545
17.211,51.19515,0.58
17.213,51.19515,0.553
17.215,51.19515,0.544
17.217,51.19515,0.523
17.219,51.19515,0.533
17.221,51.19515,0.518
17.223,51.19515,0.506
17.225,51.19515,0.513
17.227,51.19515,0.509
17.229,51.19515,0.538
17.231,51.19515,0.528
17.233,51.19515,0.554
17.235,51.19515,0.528
17.237,51.19515,0.534
17.239,51.19515,0.57
17.241,51.19515,0.614
17.243,51.19515,0.626
17.245,51.19515,0.566
17.247,51.19515,0.581
17.249,51.19515,0.587
16.851,51.19385,0.502
16.853,51.19385,0.517
16.855,51.19385,0.492
16.857,51.19385,0.476
16.859,51.19385,0.497
16.861,51.19385,0.524
16.863,51.19385,0.536
16.865,51.19385,0.514
16.867,51.19385,0.543
16.869,51.19385,0.542
16.871,51.19385,0.565
16.873,51.19385,0.538
16.875,51.19385,0.568
16.877,51.19385,0.545
16.879,51.19385,0.567
16.881,51.19385,0.594
16.883,51.19385,0.562
16.885,51.19385,0.564
16.887,51.19385,0.544
16.889,51.19385,0.546
16.891,51.19385,0.543
16.893,51.19385,0.564
16.895,51.19385,0.521
16.897,51.19385,0.535
16.899,51.19385,0.504
16.901,51.19385,0.508
16.903,51.19385,0.472
16.905,51.19385,0.496
16.907,51.19385,0.503
16.909,51.19385,0.502
16.911,51.19385,0.526
16.913,51.19385,0.491
16.915,51.19385,0.48
16.917,51.19385,0.483
16.919,51.19385,0.491
16.921,51.19385,0.503
16.923,51.19385,0.463
16.925,51.19385,0.488
16.927,51.19385,0.466
16.929,51.19385,0.448
16.931,51.19385,0.478
16.933,51.19385,0.434
16.935,51.19385,0.405
16.937,51.19385,0.465
16.939,51.19385,0.425
16.941,51.19385,0.45
16.943,51.19385,0.464
16.945,51.19385,0.462
16.947,51.19385,0.509
16.949,51.19385,0.47
16.951,51.19385,0.468
16.953,51.19385,0.506
16.955,51.19385,0.51
16.957,51.19385,0.526
16.959,51.19385,0.501
16.961,51.19385,0.541
16.963,51.19385,0.517
16.965,51.19385,0.522
16.967,51.19385,0.482
16.969,51.19385,0.525
16.971,51.19385,0.494
16.973,51.19385,0.475
16.975,51.19385,0.507
16.977,51.19385,0.485
16.979,51.19385,0.465
16.981,51.19385,0.432
16.983,51.19385,0.488
16.985,51.19385,0.461
16.987,51.19385,0.517
16.989,51.19385,0.496
16.991,51.19385,0.515
16.993,51.19385,0.511
16.995,51.19385,0.544
16.997,51.19385,0.514
16.999,51.19385,0.569
17.001,51.19385,0.557
17.003,51.19385,0.576
17.005,51.19385,0.537
17.007,51.19385,0.517
17.009,51.19385,0.555
17.011,51.19385,0.539
17.013,51.19385,0.576
17.015,51.19385,0.57
17.017,51.19385,0.526
17.019,51.19385,0.576
17.021,51.19385,0.522
17.023,51.19385,0.563
17.025,51.19385,0.532
17.027,51.19385,0.547
17.029,51.19385,0.526
17.031,51.19385,0.543
17.033,51.19385,0.59
17.035,51.19385,0.557
17.037,51.19385,0.591
17.039,51.19385,0.586
17.041,51.19385,0.582
17.043,51.19385,0.581
17.045,51.19385,0.571
17.047,51.19385,0.548
17.049,51.19385,0.557
17.051,51.19385,0.583
17.053,51.19385,0.6
17.055,51.19385,0.566
17.057,51.19385,0.552
17.059,51.19385,0.548
17.061,51.19385,0.562
17.063,51.19385,0.547
17.065,51.19385,0.504
17.067,51.19385,0.53
17.069,51.19385,0.517
17.071,51.19385,0.503
17.073,51.19385,0.585
17.075,51.19385,0.593
17.077,51.19385,0.53
17.079,51.19385,0.581
17.081,51.19385,0.59
17.083,51.19385,0.573
17.085,51.19385,0.594
17.087,51.19385,0.586
17.089,51.19385,0.621
17.091,51.19385,0.571
17.093,51.19385,0.613
17.095,51.19385,0.598
17.097,51.19385,0.616
17.099,51.19385,0.598
17.101,51.19385,0.592
17.103,51.19385,0.571
17.105,51.19385,0.627
17.107,51.19385,0.603
17.109,51.19385,0.57
17.111,51.19385,0.562
17.113,51.19385,0.582
17.115,51.19385,0.561
17.117,51.19385,0.527
17.119,51.19385,0.535
17.121,51.19385,0.509
17.123,51.19385,0.544
17.125,51.19385,0.52
17.127,51.19385,0.533
17.129,51.19385,0.528
17.131,51.19385,0.492
17.133,51.19385,0.517
17.135,51.19385,0.515
17.137,51.19385,0.541
17.139,51.19385,0.56
17.141,51.19385,0.499
17.143,51.19385,0.521
17.145,51.19385,0.509
17.147,51.19385,0.497
17.149,51.19385,0.521
17.151,51.19385,0.516
17.153,51.19385,0.509
17.155,51.19385,0.505
17.157,51.19385,0.497
17.159,51.19385,0.497
17.161,51.19385,0.514
17.163,51.19385,0.513
17.165,51.19385,0.524
17.167,51.19385,0.557
17.169,51.19385,0.594
17.171,51.19385,0.577
17.173,51.19385,0.038
17.175,51.19385,0.062
17.177,51.19385,-0.002
17.179,51.19385,0.034
17.181,51.19385,0.014
17.183,51.19385,0.075
17.185,51.19385,0.011
17.187,51.19385,0.075
17.189,51.19385,0.016
17.191,51.19385,0.011
17.193,51.19385,0.039
17.195,51.19385,0.581
17.197,51.19385,0.616
17.199,51.19385,0.562
17.201,51.19385,0.566
17.203,51.19385,0.546
17.205,51.19385,0.565
17.207,51.19385,0.558
17.209,51.19385,0.547
17.211,51.19385,0.567
17.213,51.19385,0.597
17.215,51.19385,0.529
17.217,51.19385,0.539
17.219,51.19385,0.531
17.221,51.19385,0.569
17.223,51.19385,0.542
17.225,51.19385,0.547
17.227,51.19385,0.522
17.229,51.19385,0.536
17.231,51.19385,0.565
17.233,51.19385,0.55
17.235,51.19385,0.558
17.237,51.19385,0.61
17.239,51.19385,0.541
17.241,51.19385,0.614
17.243,51.19385,0.598
17.245,51.19385,0.568
17.247,51.19385,0.589
17.249,51.19385,0.611
16.851,51.19255,0.471
16.853,51.19255,0.496
16.855,51.19255,0.537
16.857,51.19255,0.503
16.859,51.19255,0.534
16.861,51.19255,0.515
16.863,51.19255,0.547
16.865,51.19255,0.559
16.867,51.19255,0.53
16.869,51.19255,0.555
16.871,51.19255,0.571
16.873,51.19255,0.578
16.875,51.19255,0.579
16.877,51.19255,0.567
16.879,51.19255,0.611
16.881,51.19255,0.575
16.883,51.19255,0.584
16.885,51.19255,0.546
16.887,51.19255,0.591
16.889,51.19255,0.538
16.891,51.19255,0.533
16.893,51.19255,0.517
16.895,51.19255,0.514
16.897,51.19255,0.559
16.899,51.19255,0.545
16.901,51.19255,0.513
16.903,51.19255,0.498
16.905,51.19255,0.501
16.907,51.19255,0.503
16.909,51.19255,0.474
16.911,51.19255,0.494
16.913,51.19255,0.446
16.915,51.19255,0.474
16.917,51.19255,0.438
16.919,51.19255,0.484
16.921,51.19255,0.415
16.923,51.19255,0.468
16.925,51.19255,0.434
16.927,51.19255,0.442
16.929,51.19255,0.448
16.931,51.19255,0.442
16.933,51.19255,0.396
16.935,51.19255,0.405
16.937,51.19255,0.456
16.939,51.19255,0.455
16.941,51.19255,0.432
16.943,51.19255,0.458
16.945,51.19255,0.452
16.947,51.19255,0.452
16.949,51.19255,0.455
16.951,51.19255,0.505
16.953,51.19255,0.51
16.955,51.19255,0.524
16.957,51.19255,0.505
16.959,51.19255,0.51
16.961,51.19255,0.542
16.963,51.19255,0.495
16.965,51.19255,0.509
16.967,51.19255,0.501
16.969,51.19255,0.468
16.971,51.19255,0.52
16.973,51.19255,0.52
16.975,51.19255,0.528
16.977,51.19255,0.492
16.979,51.19255,0.443
16.981,51.19255,0.49
16.983,51.19255,0.486
16.985,51.19255,0.48
16.987,51.19255,0.502
16.989,51.19255,0.493
16.991,51.19255,0.463
16.993,51.19255,0.527
16.995,51.19255,0.53
16.997,51.19255,0.566
16.999,51.19255,0.532
17.001,51.19255,0.551
17.003,51.19255,0.573
17.005,51.19255,0.535
17.007,51.19255,0.586
17.009,51.19255,0.546
17.011,51.19255,0.552
17.013,51.19255,0.545
17.015,51.19255,0.546
17.017,51.19255,0.535
17.019,51.19255,0.543
17.021,51.19255,0.548
17.023,51.19255,0.517
17.025,51.19255,0.544
17.027,51.19255,0.528
17.029,51.19255,0.567
17.031,51.19255,0.56
17.033,51.19255,0.572
17.035,51.19255,0.567
17.037,51.19255,0.591
17.039,51.19255,0.564
17.041,51.19255,0.555
17.043,51.19255,0.57
17.045,51.19255,0.593
17.047,51.19255,0.555
17.049,51.19255,0.568
17.051,51.19255,0.594
17.053,51.19255,0.539
17.055,51.19255,0.544
17.057,51.19255,0.561
17.059,51.19255,0.558
17.061,51.19255,0.575
17.063,51.19255,0.526
17.065,51.19255,0.588
17.067,51.19255,0.562
17.069,51.19255,0.554
17.071,51.19255,0.553
17.073,51.19255,0.57
17.075,51.19255,0.574
17.077,51.19255,0.57
17.079,51.19255,0.543
17.081,51.19255,0.583
17.083,51.19255,0.595
17.085,51.19255,0.597
17.087,51.19255,0.601
17.089,51.19255,0.617
17.091,51.19255,0.594
17.093,51.19255,0.608
17.095,51.19255,0.604
17.097,51.19255,0.558
17.099,51.19255,0.629
17.101,51.19255,0.582
17.103,51.19255,0.595
17.105,51.19255,0.607
17.107,51.19255,0.596
17.109,51.19255,0.594
17.111,51.19255,0.567
17.113,51.19255,0.581
17.115,51.19255,0.549
17.117,51.19255,0.55
17.119,51.19255,0.524
17.121,51.19255,0.536
17.123,51.19255,0.575
17.125,51.19255,0.547
17.127,51.19255,0.479
17.129,51.19255,0.506
17.131,51.19255,0.541
17.133,51.19255,0.532
17.135,51.19255,0.529
17.137,51.19255,0.505
17.139,51.19255,0.51
17.141,51.19255,0.53
17.143,51.19255,0.505
17.145,51.19255,0.537
17.147,51.19255,0.528
17.149,51.19255,0.534
17.151,51.19255,0.513
17.153,51.19255,0.49
17.155,51.19255,0.522
17.157,51.19255,0.473
17.159,51.19255,0.496
17.161,51.19255,0.529
17.163,51.19255,0.511
17.165,51.19255,0.52
17.167,51.19255,0.537
17.169,51.19255,0.566
17.171,51.19255,-0.002
17.173,51.19255,0.07
17.175,51.19255,0.033
17.177,51.19255,0.061
17.179,51.19255,0.038
17.181,51.19255,0.024
17.183,51.19255,-0.021
17.185,51.19255,0.055
17.187,51.19255,0.065
17.189,51.19255,0.066
17.191,51.19255,0.054
17.193,51.19255,0.629
17.195,51.19255,0.586
17.197,51.19255,0.586
17.199,51.19255,0.589
17.201,51.19255,0.565
17.203,51.19255,0.588
17.205,51.19255,0.555
17.207,51.19255,0.576
17.209,51.19255,0.522
17.211,51.19255,0.541
17.213,51.19255,0.553
17.215,51.19255,0.543
17.217,51.19255,0.535
17.219,51.19255,0.526
17.221,51.19255,0.528
17.223,51.19255,0.534
17.225,51.19255,0.546
17.227,51.19255,0.546
17.229,51.19255,0.572
17.231,51.19255,0.57
17.233,51.19255,0.571
17.235,51.19255,0.567
17.237,51.19255,0.577
17.239,51.19255,0.595
17.241,51.19255,0.637
17.243,51.19255,0.562
17.245,51.19255,0.581
17.247,51.19255,0.609
17.249,51.19255,0.608
16.851,51.19125,0.536
16.853,51.19125,0.521
16.855,51.19125,0.484
16.857,51.19125,0.504
16.859,51.19125,0.519
16.861,51.19125,0.511
16.863,51.19125,0.518
16.865,51.19125,0.53
16.867,51.19125,0.556
16.869,51.19125,0.557
16.871,51.19125,0.592
16.873,51.19125,0.562
16.875,51.19125,0.568
16.877,51.19125,0.584
16.879,51.19125,0.555
16.881,51.19125,0.582
16.883,51.19125,0.636
16.885,51.19125,0.584
16.887,51.19125,0.584
16.889,51.19125,0.544
16.891,51.19125,0.553
16.893,51.19125,0.526
16.895,51.19125,0.51
16.897,51.19125,0.487
16.899,51.19125,0.545
16.901,51.19125,0.488
16.903,51.19125,0.464
16.905,51.19125,0.523
16.907,51.19125,0.503
16.909,51.19125,0.473
16.911,51.19125,0.468
16.913,51.19125,0.446
16.915,51.19125,0.435
16.917,51.19125,0.47
16.919,51.19125,0.423
16.921,51.19125,0.467
16.923,51.19125,0.442
16.925,51.19125,0.464
16.927,51.19125,0.453
16.929,51.19125,0.422
16.931,51.19125,0.445
16.933,51.19125,0.463
16.935,51.19125,0.433
16.937,51.19125,0.465
16.939,51.19125,0.455
16.941,51.19125,0.427
16.943,51.19125,0.461
16.945,51.19125,0.482
16.947,51.19125,0.447
16.949,51.19125,0.476
16.951,51.19125,0.503
16.953,51.19125,0.481
16.955,51.19125,0.525
16.957,51.19125,0.517
16.959,51.19125,0.516
16.961,51.19125,0.533
16.963,51.19125,0.54
16.965,51.19125,0.483
16.967,51.19125,0.515
16.969,51.19125,0.484
16.971,51.19125,0.486
16.973,51.19125,0.458
16.975,51.19125,0.458
16.977,51.19125,0.461
16.979,51.19125,0.459
16.981,51.19125,0.46
16.983,51.19125,0.487
16.985,51.19125,0.474
16.987,51.19125,0.482
16.989,51.19125,0.516
16.991,51.19125,0.515
16.993,51.19125,0.535
16.995,51.19125,0.489
16.997,51.19125,0.589
16.999,51.19125,0.518
17.001,51.19125,0.554
17.003,51.19125,0.564
17.005,51.19125,0.556
17.007,51.19125,0.558
17.009,51.19125,0.555
17.011,51.19125,0.525
17.013,51.19125,0.53
17.015,51.19125,0.538
17.017,51.19125,0.557
17.019,51.19125,0.509
17.021,51.19125,0.58
17.023,51.19125,0.538
17.025,51.19125,0.59
17.027,51.19125,0.563
17.029,51.19125,0.58
17.031,51.19125,0.596
17.033,51.19125,0.553
17.035,51.19125,0.588
17.037,51.19125,0.579
17.039,51.19125,0.615
17.041,51.19125,0.605
17.043,51.19125,0.549
17.045,51.19125,0.568
17.047,51.19125,0.545
17.049,51.19125,0.537
17.051,51.19125,0.565
17.053,51.19125,0.558
17.055,51.19125,0.544
17.057,51.19125,0.564
17.059,51.19125,0.534
17.061,51.19125,0.546
17.063,51.19125,0.551
17.065,51.19125,0.523
17.067,51.19125,0.535
17.069,51.19125,0.585
17.071,51.19125,0.568
17.073,51.19125,0.566
17.075,51.19125,0.577
17.077,51.19125,0.541
17.079,51.19125,0.605
17.081,51.19125,0.579
17.083,51.19125,0.568
17.085,51.19125,0.585
17.087,51.19125,0.605
17.089,51.19125,0.606
17.091,51.19125,0.613
17.093,51.19125,0.638
17.095,51.19125,0.618
17.097,51.19125,0.603
17.099,51.19125,0.579
17.101,51.19125,0.554
17.103,51.19125,0.571
17.105,51.19125,0.585
17.107,51.19125,0.563
17.109,51.19125,0.55
17.111,51.19125,0.554
17.113,51.19125,0.573
17.115,51.19125,0.573
17.117,51.19125,0.569
17.119,51.19125,0.538
17.121,51.19125,0.503
17.123,51.19125,0.561
17.125,51.19125,0.566
17.127,51.19125,0.526
17.129,51.19125,0.507
17.131,51.19125,0.504
17.133,51.19125,0.542
17.135,51.19125,0.532
17.137,51.19125,0.504
17.139,51.19125,0.514
17.141,51.19125,0.504
17.143,51.19125,0.494
17.145,51.19125,0.502
17.147,51.19125,0.516
17.149,51.19125,0.527
17.151,51.19125,0.483
17.153,51.19125,0.505
17.155,51.19125,0.482
17.157,51.19125,0.513
17.159,51.19125,0.485
17.161,51.19125,0.499
17.163,51.19125,0.522
17.165,51.19125,0.464
17.167,51.19125,0.005
17.169,51.19125,-0.012
17.171,51.19125,0.045
17.173,51.19125,0.044
17.175,51.19125,0.034
17.177,51.19125,-0.007
17.179,51.19125,0.034
17.181,51.19125,0.055
17.183,51.19125,0.006
17.185,51.19125,0.06
17.187,51.19125,-0.012
17.189,51.19125,0.585
17.191,51.19125,0.623
17.193,51.19125,0.594
17.195,51.19125,0.55
17.197,51.19125,0.598
17.199,51.19125,0.568
17.201,51.19125,0.543
17.203,51.19125,0.522
17.205,51.19125,0.535
17.207,51.19125,0.528
17.209,51.19125,0.535
17.211,51.19125,0.561
17.213,51.19125,0.52
17.215,51.19125,0.545
17.217,51.19125,0.525
17.219,51.19125,0.548
17.221,51.19125,0.516
17.223,51.19125,0.462
17.225,51.19125,0.521
17.227,51.19125,0.527
17.229,51.19125,0.552
17.231,51.19125,0.562
17.233,51.19125,0.583
17.235,51.19125,0.592
17.237,51.19125,0.628
17.239,51.19125,0.586
17.241,51.19125,0.581
17.243,51.19125,0.59
17.245,51.19125,0.584
17.247,51.19125,0.615
17.249,51.19125,0.565
16.851,51.18995,0.472
16.853,51.18995,0.518
16.855,51.18995,0.55
16.857,51.18995,0.484
16.859,51.18995,0.534
16.861,51.18995,0.522
16.863,51.18995,0.537
16.865,51.18995,0.558
16.867,51.18995,0.525
16.869,51.18995,0.544
16.871,51.18995,0.561
16.873,51.18995,0.593
16.875,51.18995,0.553
16.877,51.18995,0.572
16.879,51.18995,0.54
16.881,51.18995,0.607
16.883,51.18995,0.584
16.885,51.18995,0.576
16.887,51.18995,0.57
16.889,51.18995,0.524
16.891,51.18995,0.52
16.893,51.18995,0.524
16.895,51.18995,0.501
16.897,51.18995,0.524
16.899,51.18995,0.49
16.901,51.18995,0.492
16.903,51.18995,0.441
16.905,51.18995,0.467
16.907,51.18995,0.472
16.909,51.18995,0.452
16.911,51.18995,0.449
16.913,51.18995,0.472
16.915,51.18995,0.454
16.917,51.18995,0.444
16.919,51.18995,0.471
16.921,51.18995,0.447
16.923,51.18995,0.442
16.925,51.18995,0.44
16.927,51.18995,0.424
16.929,51.18995,0.432
16.931,51.18995,0.464
16.933,51.18995,0.455
16.935,51.18995,0.454
16.937,51.18995,0.45
16.939,51.18995,0.442
16.941,51.18995,0.472
16.943,51.18995,0.462
16.945,51.18995,0.474
16.947,51.18995,0.487
16.949,51.18995,0.481
16.951,51.18995,0.499
16.953,51.18995,0.51
16.955,51.18995,0.518
16.957,51.18995,0.541
16.959,51.18995,0.467
16.961,51.18995,0.52
16.963,51.18995,0.513
16.965,51.18995,0.499
16.967,51.18995,0.522
16.969,51.18995,0.498
16.971,51.18995,0.499
16.973,51.18995,0.461
16.975,51.18995,0.507
16.977,51.18995,0.462
16.979,51.18995,0.436
16.981,51.18995,0.496
16.983,51.18995,0.468
16.985,51.18995,0.491
16.987,51.18995,0.512
16.989,51.18995,0.493
16.991,51.18995,0.477
16.993,51.18995,0.521
16.995,51.18995,0.512
16.997,51.18995,0.496
16.999,51.18995,0.511
17.001,51.18995,0.538
17.003,51.18995,0.541
17.005,51.18995,0.518
17.007,51.18995,0.581
17.009,51.18995,0.553
17.011,51.18995,0.539
17.013,51.18995,0.579
17.015,51.18995,0.546
17.017,51.18995,0.55
17.019,51.18995,0.553
17.021,51.18995,0.567
17.023,51.18995,0.56
17.025,51.18995,0.615
17.027,51.18995,0.593
17.029,51.18995,0.577
17.031,51.18995,0.59
17.033,51.18995,0.613
17.035,51.18995,0.612
17.037,51.18995,0.6
17.039,51.18995,0.613
17.041,51.18995,0.629
17.043,51.18995,0.592
17.045,51.18995,0.563
17.047,51.18995,0.596
17.049,51.18995,0.525
17.051,51.18995,0.607
17.053,51.18995,0.552
17.055,51.18995,0.54
17.057,51.18995,0.531
17.059,51.18995,0.527
17.061,51.18995,0.515
17.063,51.18995,0.543
17.065,51.18995,0.525
17.067,51.18995,0.545
17.069,51.18995,0.531
17.071,51.18995,0.568
17.073,51.18995,0.568
17.075,51.18995,0.572
17.077,51.18995,0.535
17.079,51.18995,0.569
17.081,51.18995,0.569
17.083,51.18995,0.584
17.085,51.18995,0.606
17.087,51.18995,0.612
17.089,51.18995,0.612
17.091,51.18995,0.609
17.093,51.18995,0.645
17.095,51.18995,0.591
17.097,51.18995,0.588
17.099,51.18995,0.607
17.101,51.18995,0.609
17.103,51.18995,0.592
17.105,51.18995,0.581
17.107,51.18995,0.569
17.109,51.18995,0.546
17.111,51.18995,0.626
17.113,51.18995,0.539
17.115,51.18995,0.556
17.117,51.18995,0.545
17.119,51.18995,0.541
17.121,51.18995,0.55
17.123,51.18995,0.503
17.125,51.18995,0.538
17.127,51.18995,0.515
17.129,51.18995,0.519
17.131,51.18995,0.509
17.133,51.18995,0.486
17.135,51.18995,0.526
17.137,51.18995,0.51
17.139,51.18995,0.478
17.141,51.18995,0.504
17.143,51.18995,0.51
17.145,51.18995,0.472
17.147,51.18995,0.468
17.149,51.18995,0.466
17.151,51.18995,0.547
17.153,51.18995,0.5
17.155,51.18995,0.477
17.157,51.18995,0.518
17.159,51.18995,0.495
17.161,51.18995,0.522
17.163,51.18995,0.49
17.165,51.18995,0.033
17.167,51.18995,0.022
17.169,51.18995,0.032
17.171,51.18995,0.06
17.173,51.18995,-0.016
17.175,51.18995,0.013
17.177,51.18995,0.052
17.179,51.18995,0.014
17.181,51.18995,0.017
17.183,51.18995,-0.024
17.185,51.18995,0.075
17.187,51.18995,0.594
17.189,51.18995,0.589
17.191,51.18995,0.595
17.193,51.18995,0.586
17.195,51.18995,0.566
17.197,51.18995,0.587
17.199,51.18995,0.567
17.201,51.18995,0.568
17.203,51.18995,0.561
17.205,51.18995,0.576
17.207,51.18995,0.534
17.209,51.18995,0.508
17.211,51.18995,0.517
17.213,51.18995,0.519
17.215,51.18995,0.53
17.217,51.18995,0.518
17.219,51.18995,0.485
17.221,51.18995,0.545
17.223,51.18995,0.536
17.225,51.18995,0.524
17.227,51.18995,0.565
17.229,51.18995,0.535
17.231,51.18995,0.572
17.233,51.18995,0.576
17.235,51.18995,0.568
17.237,51.18995,0.583
17.239,51.18995,0.576
17.241,51.18995,0.579
17.243,51.18995,0.628
17.245,51.18995,0.59
17.247,51.18995,0.633
17.249,51.18995,0.601
16.851,51.18865,0.491
16.853,51.18865,0.507
16.855,51.18865,0.489
16.857,51.18865,0.532
16.859,51.18865,0.506
16.861,51.18865,0.504
16.863,51.18865,0.527
16.865,51.18865,0.542
16.867,51.18865,0.549
16.869,51.18865,0.558
16.871,51.18865,0.569
16.873,51.18865,0.559
16.875,51.18865,0.569
16.877,51.18865,0.552
16.879,51.18865,0.593
16.881,51.18865,0.576
16.883,51.18865,0.536
16.885,51.18865,0.561
16.887,51.18865,0.529
16.889,51.18865,0.552
16.891,51.18865,0.568
16.893,51.18865,0.564
16.895,51.18865,0.54
16.897,51.18865,0.535
16.899,51.18865,0.51
16.901,51.18865,0.503
16.903,51.18865,0.467
16.905,51.18865,0.488
16.907,51.18865,0.469
16.909,51.18865,0.44
16.911,51.18865,0.454
16.913,51.18865,0.442
16.915,51.18865,0.442
16.917,51.18865,0.465
16.919,51.18865,0.466
16.921,51.18865,0.436
16.923,51.18865,0.419
16.925,51.18865,0.436
16.927,51.18865,0.44
16.929,51.18865,0.428
16.931,51.18865,0.451
16.933,51.18865,0.496
16.935,51.18865,0.445
16.937,51.18865,0.471
16.939,51.18865,0.457
16.941,51.18865,0.471
16.943,51.18865,0.455
16.945,51.18865,0.476
16.947,51.18865,0.503
16.949,51.18865,0.521
16.951,51.18865,0.565
16.953,51.18865,0.521
16.955,51.18865,0.544
16.957,51.18865,0.535
16.959,51.18865,0.56
16.961,51.18865,0.553
16.963,51.18865,0.513
16.965,51.18865,0.499
16.967,51.18865,0.499
16.969,51.18865,0.493
16.971,51.18865,0.465
16.973,51.18865,0.512
16.975,51.18865,0.479
16.977,51.18865,0.444
16.979,51.18865,0.482
16.981,51.18865,0.458
16.983,51.18865,0.479
16.985,51.18865,0.486
16.987,51.18865,0.514
16.989,51.18865,0.504
16.991,51.18865,0.514
16.993,51.18865,0.509
16.995,51.18865,0.535
16.997,51.18865,0.509
16.999,51.18865,0.527
17.001,51.18865,0.532
17.003,51.18865,0.508
17.005,51.18865,0.544
17.007,51.18865,0.521
17.009,51.18865,0.557
17.011,51.18865,0.553
17.013,51.18865,0.548
17.015,51.18865,0.551
17.017,51.18865,0.568
17.019,51.18865,0.58
17.021,51.18865,0.574
17.023,51.18865,0.545
17.025,51.18865,0.555
17.027,51.18865,0.59
17.029,51.18865,0.589
17.031,51.18865,0.622
17.033,51.18865,0.598
17.035,51.18865,0.597
17.037,51.18865,0.58
17.039,51.18865,0.591
17.041,51.18865,0.584
17.043,51.18865,0.613
17.045,51.18865,0.595
17.047,51.18865,0.558
17.049,51.18865,0.565
17.051,51.18865,0.571
17.053,51.18865,0.534
17.055,51.18865,0.558
17.057,51.18865,0.519
17.059,51.18865,0.5
17.061,51.18865,0.511
17.063,51.18865,0.506
17.065,51.18865,0.546
17.067,51.18865,0.534
17.069,51.18865,0.529
17.071,51.18865,0.504
17.073,51.18865,0.574
17.075,51.18865,0.575
17.077,51.18865,0.584
17.079,51.18865,0.611
17.081,51.18865,0.568
17.083,51.18865,0.614
17.085,51.18865,0.59
17.087,51.18865,0.589
17.089,51.18865,0.605
17.091,51.18865,0.578
17.093,51.18865,0.559
17.095,51.18865,0.585
17.097,51.18865,0.586
17.099,51.18865,0.582
17.101,51.18865,0.611
17.103,51.18865,0.558
17.105,51.18865,0.562
17.107,51.18865,0.587
17.109,51.18865,0.586
17.111,51.18865,0.556
17.113,51.18865,0.558
17.115,51.18865,0.559
17.117,51.18865,0.567
17.119,51.18865,0.541
17.121,51.18865,0.527
17.123,51.18865,0.508
17.125,51.18865,0.514
17.127,51.18865,0.526
17.129,51.18865,0.514
17.131,51.18865,0.534
17.133,51.18865,0.52
17.135,51.18865,0.478
17.137,51.18865,0.483
17.139,51.18865,0.514
17.141,51.18865,0.507
17.143,51.18865,0.524
17.145,51.18865,0.501
17.147,51.18865,0.487
17.149,51.18865,0.497
17.151,51.18865,0.485
17.153,51.18865,0.502
17.155,51.18865,0.488
17.157,51.18865,0.46
17.159,51.18865,0.468
17.161,51.18865,0.498
17.163,51.18865,0.059
17.165,51.18865,0.051
17.167,51.18865,0.003
17.169,51.18865,0.033
17.171,51.18865,0.063
17.173,51.18865,0.035
17.175,51.18865,0.003
17.177,51.18865,0.013
17.179,51.18865,0.034
17.181,51.18865,0.062
17.183,51.18865,0.043
17.185,51.18865,0.575
17.187,51.18865,0.587
17.189,51.18865,0.618
17.191,51.18865,0.613
17.193,51.18865,0.592
17.195,51.18865,0.581
17.197,51.18865,0.583
17.199,51.18865,0.561
17.201,51.18865,0.566
17.203,51.18865,0.556
17.205,51.18865,0.532
17.207,51.18865,0.518
17.209,51.18865,0.502
17.211,51.18865,0.533
17.213,51.18865,0.532
17.215,51.18865,0.497
17.217,51.18865,0.492
17.219,51.18865,0.525
17.221,51.18865,0.519
17.223,51.18865,0.544
17.225,51.18865,0.515
17.227,51.18865,0.564
17.229,51.18865,0.498
17.231,51.18865,0.523
17.233,51.18865,0.535
17.235,51.18865,0.578
17.237,51.18865,0.6
17.239,51.18865,0.57
17.241,51.18865,0.591
17.243,51.18865,0.57
17.245,51.18865,0.569
17.247,51.18865,0.576
17.249,51.18865,0.627
16.851,51.18735,0.474
16.853,51.18735,0.5
16.855,51.18735,0.534
16.857,51.18735,0.475
16.859,51.18735,0.529
16.861,51.18735,0.521
16.863,51.18735,0.494
16.865,51.18735,0.526
16.867,51.18735,0.576
16.869,51.18735,0.545
16.871,51.18735,0.558
16.873,51.18735,0.546
16.875,51.18735,0.606
16.877,51.18735,0.596
16.879,51.18735,0.576
16.881,51.18735,0.603
16.883,51.18735,0.567
16.885,51.18735,0.578
16.887,51.18735,0.552
16.889,51.18735,0.555
16.891,51.18735,0.54
16.893,51.18735,0.522
16.895,51.18735,0.506
16.897,51.18735,0.509
16.899,51.18735,0.506
16.901,51.18735,0.504
16.903,51.18735,0.466
16.905,51.18735,0.486
16.907,51.18735,0.459
16.909,51.18735,0.464
16.911,51.18735,0.462
16.913,51.18735,0.46
16.915,51.18735,0.46
16.917,51.18735,0.438
16.919,51.18735,0.439
16.921,51.18735,0.403
16.923,51.18735,0.492
16.925,51.18735,0.426
16.927,51.18735,0.407
16.929,51.18735,0.454
16.931,51.18735,0.44
16.933,51.18735,0.442
16.935,51.18735,0.491
16.937,51.18735,0.479
16.939,51.18735,0.454
16.941,51.18735,0.46
16.943,51.18735,0.49
16.945,51.18735,0.484
16.947,51.18735,0.527
16.949,51.18735,0.528
16.951,51.18735,0.52
16.953,51.18735,0.514
16.955,51.18735,0.522
16.957,51.18735,0.512
16.959,51.18735,0.522
16.961,51.18735,0.548
16.963,51.18735,0.517
16.965,51.18735,0.477
16.967,51.18735,0.515
16.969,51.18735,0.482
16.971,51.18735,0.483
16.973,51.18735,0.511
16.975,51.18735,0.495
16.977,51.18735,0.47
16.979,51.18735,0.476
16.981,51.18735,0.46
16.983,51.18735,0.48
16.985,51.18735,0.459
16.987,51.18735,0.457
16.989,51.18735,0.49
16.991,51.18735,0.523
16.993,51.18735,0.504
16.995,51.18735,0.534
16.997,51.18735,0.489
16.999,51.18735,0.548
17.001,51.18735,0.552
17.003,51.18735,0.552
17.005,51.18735,0.565
17.007,51.18735,0.567
17.009,51.18735,0.545
17.011,51.18735,0.577
17.013,51.18735,0.539
17.015,51.18735,0.549
17.017,51.18735,0.592
17.019,51.18735,0.597
17.021,51.18735,0.569
17.023,51.18735,0.598
17.025,51.18735,0.581
17.027,51.18735,0.597
17.029,51.18735,0.597
17.031,51.18735,0.618
17.033,51.18735,0.622
17.035,51.18735,0.645
17.037,51.18735,0.603
17.039,51.18735,0.632
17.041,51.18735,0.568
17.043,51.18735,0.611
17.045,51.18735,0.594
17.047,51.18735,0.557
17.049,51.18735,0.538
17.051,51.18735,0.547
17.053,51.18735,0.524
17.055,51.18735,0.552
17.057,51.18735,0.547
17.059,51.18735,0.491
17.061,51.18735,0.503
17.063,51.18735,0.516
17.065,51.18735,0.508
17.067,51.18735,0.519
17.069,51.18735,0.536
17.071,51.18735,0.522
17.073,51.18735,0.547
17.075,51.18735,0.545
17.077,51.18735,0.598
17.079,51.18735,0.568
17.081,51.18735,0.593
17.083,51.18735,0.597
17.085,51.18735,0.611
17.087,51.18735,0.593
17.089,51.18735,0.594
17.091,51.18735,0.566
17.093,51.18735,0.599
17.095,51.18735,0.594
17.097,51.18735,0.623
17.099,51.18735,0.588
17.101,51.18735,0.569
17.103,51.18735,0.597
17.105,51.18735,0.584
17.107,51.18735,0.592
17.109,51.18735,0.514
17.111,51.18735,0.582
17.113,51.18735,0.611
17.115,51.18735,0.554
17.117,51.18735,0.532
17.119,51.18735,0.56
17.121,51.18735,0.563
17.123,51.18735,0.561
17.125,51.18735,0.545
17.127,51.18735,0.516
17.129,51.18735,0.532
17.131,51.18735,0.505
17.133,51.18735,0.497
17.135,51.18735,0.457
17.137,51.18735,0.456
17.139,51.18735,0.506
17.141,51.18735,0.432
17.143,51.18735,0.496
17.145,51.18735,0.497
17.147,51.18735,0.484
17.149,51.18735,0.47
17.151,51.18735,0.47
17.153,51.18735,0.47
17.155,51.18735,0.479
17.157,51.18735,0.489
17.159,51.18735,0.461
17.161,51.18735,0.031
17.163,51.18735,0.06
17.165,51.18735,0.02
17.167,51.18735,0.049
17.169,51.18735,0.018
17.171,51.18735,0.005
17.173,51.18735,0.052
17.175,51.18735,0.021
17.177,51.18735,-0.002
17.179,51.18735,0.039
17.181,51.18735,0.02
17.183,51.18735,0.566
17.185,51.18735,0.581
17.187,51.18735,0.58
17.189,51.18735,0.543
17.191,51.18735,0.577
17.193,51.18735,0.55
17.195,51.18735,0.558
17.197,51.18735,0.564
17.199,51.18735,0.556
17.201,51.18735,0.554
17.203,51.18735,0.511
17.205,51.18735,0.531
17.207,51.18735,0.511
17.209,51.18735,0.515
17.211,51.18735,0.525
17.213,51.18735,0.536
17.215,51.18735,0.532
17.217,51.18735,0.495
17.219,51.18735,0.496
17.221,51.18735,0.526
17.223,51.18735,0.507
17.225,51.18735,0.498
17.227,51.18735,0.508
17.229,51.18735,0.573
17.231,51.18735,0.572
17.233,51.18735,0.574
17.235,51.18735,0.565
17.237,51.18735,0.603
17.239,51.18735,0.555
17.241,51.18735,0.612
17.243,51.18735,0.552
17.245,51.18735,0.598
17.247,51.18735,0.588
17.249,51.18735,0.591
16.851,51.18605,0.485
16.853,51.18605,0.489
16.855,51.18605,0.465
16.857,51.18605,0.498
16.859,51.18605,0.518
16.861,51.18605,0.514
16.863,51.18605,0.49
16.865,51.18605,0.517
16.867,51.18605,0.563
16.869,51.18605,0.538
16.871,51.18605,0.548
16.873,51.18605,0.59
16.875,51.18605,0.555
16.877,51.18605,0.55
16.879,51.18605,0.608
16.881,51.18605,0.619
16.883,51.18605,0.583
16.885,51.18605,0.596
16.887,51.18605,0.553
16.889,51.18605,0.546
16.891,51.18605,0.51
16.893,51.18605,0.547
16.895,51.18605,0.532
16.897,51.18605,0.481
16.899,51.18605,0.484
16.901,51.18605,0.482
16.903,51.18605,0.448
16.905,51.18605,0.478
16.907,51.18605,0.459
16.909,51.18605,0.412
16.911,51.18605,0.402
16.913,51.18605,0.445
16.915,51.18605,0.453
16.917,51.18605,0.479
16.919,51.18605,0.415
16.921,51.18605,0.428
16.923,51.18605,0.444
16.925,51.18605,0.446
16.927,51.18605,0.406
16.929,51.18605,0.439
16.931,51.18605,0.44
16.933,51.18605,0.422
16.935,51.18605,0.483
16.937,51.18605,0.437
16.939,51.18605,0.505
16.941,51.18605,0.468
16.943,51.18605,0.489
16.945,51.18605,0.5
16.947,51.18605,0.486
16.949,51.18605,0.566
16.951,51.18605,0.507
16.953,51.18605,0.546
16.955,51.18605,0.564
16.957,51.18605,0.576
16.959,51.18605,0.548
16.961,51.18605,0.566
16.963,51.18605,0.511
16.965,51.18605,0.551
16.967,51.18605,0.54
16.969,51.18605,0.531
16.971,51.18605,0.51
16.973,51.18605,0.535
16.975,51.18605,0.5
16.977,51.18605,0.454
16.979,51.18605,0.472
16.981,51.18605,0.483
16.983,51.18605,0.482
16.985,51.18605,0.49
16.987,51.18605,0.5
16.989,51.18605,0.521
16.991,51.18605,0.513
16.993,51.18605,0.504
16.995,51.18605,0.488
16.997,51.18605,0.512
16.999,51.18605,0.5
17.001,51.18605,0.557
17.003,51.18605,0.567
17.005,51.18605,0.547
17.007,51.18605,0.547
17.009,51.18605,0.553
17.011,51.18605,0.568
17.013,51.18605,0.555
17.015,51.18605,0.533
17.017,51.18605,0.562
17.019,51.18605,0.59
17.021,51.18605,0.597
17.023,51.18605,0.594
17.025,51.18605,0.616
17.027,51.18605,0.582
17.029,51.18605,0.628
17.031,51.18605,0.614
17.033,51.18605,0.602
17.035,51.18605,0.655
17.037,51.18605,0.633
17.039,51.18605,0.637
17.041,51.18605,0.605
17.043,51.18605,0.57
17.045,51.18605,0.555
17.047,51.18605,0.589
17.049,51.18605,0.544
17.051,51.18605,0.533
17.053,51.18605,0.526
17.055,51.18605,0.486
17.057,51.18605,0.523
17.059,51.18605,0.487
17.061,51.18605,0.539
17.063,51.18605,0.497
17.065,51.18605,0.479
17.067,51.18605,0.521
17.069,51.18605,0.522
17.071,51.18605,0.506
17.073,51.18605,0.548
17.075,51.18605,0.536
17.077,51.18605,0.564
17.079,51.18605,0.587
17.081,51.18605,0.583
17.083,51.18605,0.58
17.085,51.18605,0.583
17.087,51.18605,0.588
17.089,51.18605,0.594
17.091,51.18605,0.638
17.093,51.18605,0.604
17.095,51.18605,0.593
17.097,51.18605,0.579
17.099,51.18605,0.578
17.101,51.18605,0.603
17.103,51.18605,0.583
17.105,51.18605,0.554
17.107,51.18605,0.564
17.109,51.18605,0.557
17.111,51.18605,0.535
17.113,51.18605,0.571
17.115,51.18605,0.58
17.117,51.18605,0.539
17.119,51.18605,0.562
17.121,51.18605,0.556
17.123,51.18605,0.543
17.125,51.18605,0.563
17.127,51.18605,0.538
17.129,51.18605,0.561
17.131,51.18605,0.475
17.133,51.18605,0.491
17.135,51.18605,0.443
17.137,51.18605,0.478
17.139,51.18605,0.462
17.141,51.18605,0.481
17.143,51.18605,0.469
17.145,51.18605,0.453
17.147,51.18605,0.471
17.149,51.18605,0.463
17.151,51.18605,0.447
17.153,51.18605,0.464
17.155,51.18605,0.495
17.157,51.18605,0.52
17.159,51.18605,0.021
17.161,51.18605,0.031
17.163,51.18605,0.01
17.165,51.18605,0.025
17.167,51.18605,0.026
17.169,51.18605,0.031
17.171,51.18605,0.008
17.173,51.18605,0.003
17.175,51.18605,0.065
17.177,51.18605,-0.006
17.179,51.18605,0.039
17.181,51.18605,0.577
17.183,51.18605,0.562
17.185,51.18605,0.582
17.187,51.18605,0.53
17.189,51.18605,0.571
17.191,51.18605,0.539
17.193,51.18605,0.539
17.195,51.18605,0.562
17.197,51.18605,0.557
17.199,51.18605,0.585
17.201,51.18605,0.569
17.203,51.18605,0.516
17.205,51.18605,0.541
17.207,51.18605,0.546
17.209,51.18605,0.524
17.211,51.18605,0.521
17.213,51.18605,0.56
17.215,51.18605,0.529
17.217,51.18605,0.511
17.219,51.18605,0.489
17.221,51.18605,0.563
17.223,51.18605,0.521
17.225,51.18605,0.522
17.227,51.18605,0.524
17.229,51.18605,0.556
17.231,51.18605,0.512
17.233,51.18605,0.561
17.235,51.18605,0.559
17.237,51.18605,0.563
17.239,51.18605,0.574
17.241,51.18605,0.558
17.243,51.18605,0.567
17.245,51.18605,0.578
17.247,51.18605,0.568
17.249,51.18605,0.589
16.851,51.18475,0.498
16.853,51.18475,0.509
16.855,51.18475,0.5
16.857,51.18475,0.516
16.859,51.18475,0.501
16.861,51.18475,0.54
16.863,51.18475,0.525
16.865,51.18475,0.549
16.867,51.18475,0.573
16.869,51.18475,0.535
16.871,51.18475,0.533
16.873,51.18475,0.598
16.875,51.18475,0.548
16.877,51.18475,0.601
16.879,51.18475,0.619
16.881,51.18475,0.587
16.883,51.18475,0.594
16.885,51.18475,0.556
16.887,51.18475,0.563
16.889,51.18475,0.58
16.891,51.18475,0.54
16.893,51.18475,0.529
16.895,51.18475,0.523
16.897,51.18475,0.511
16.899,51.18475,0.491
16.901,51.18475,0.467
16.903,51.18475,0.458
16.905,51.18475,0.462
16.907,51.18475,0.432
16.909,51.18475,0.436
16.911,51.18475,0.448
16.913,51.18475,0.467
16.915,51.18475,0.396
16.917,51.18475,0.425
16.919,51.18475,0.394
16.921,51.18475,0.442
16.923,51.18475,0.42
16.925,51.18475,0.455
16.927,51.18475,0.44
16.929,51.18475,0.449
16.931,51.18475,0.488
16.933,51.18475,0.482
16.935,51.18475,0.454
16.937,51.18475,0.469
16.939,51.18475,0.44
16.941,51.18475,0.528
16.943,51.18475,0.5
16.945,51.18475,0.506
16.947,51.18475,0.487
16.949,51.18475,0.517
16.951,51.18475,0.497
16.953,51.18475,0.544
16.955,51.18475,0.534
16.957,51.18475,0.57
16.959,51.18475,0.552
16.961,51.18475,0.547
16.963,51.18475,0.57
16.965,51.18475,0.55
16.967,51.18475,0.559
16.969,51.18475,0.533
16.971,51.18475,0.486
16.973,51.18475,0.525
16.975,51.18475,0.484
16.977,51.18475,0.49
16.979,51.18475,0.508
16.981,51.18475,0.489
16.983,51.18475,0.475
16.985,51.18475,0.473
16.987,51.18475,0.499
16.989,51.18475,0.483
16.991,51.18475,0.507
16.993,51.18475,0.523
16.995,51.18475,0.5
16.997,51.18475,0.483
16.999,51.18475,0.528
17.001,51.18475,0.532
17.003,51.18475,0.482
17.005,51.18475,0.534
17.007,51.18475,0.562
17.009,51.18475,0.557
17.011,51.18475,0.562
17.013,51.18475,0.572
17.015,51.18475,0.548
17.017,51.18475,0.567
17.019,51.18475,0.582
17.021,51.18475,0.588
17.023,51.18475,0.561
17.025,51.18475,0.602
17.027,51.18475,0.653
17.029,51.18475,0.619
17.031,51.18475,0.613
17.033,51.18475,0.632
17.035,51.18475,0.672
17.037,51.18475,0.621
17.039,51.18475,0.634
17.041,51.18475,0.61
17.043,51.18475,0.602
17.045,51.18475,0.589
17.047,51.18475,0.592
17.049,51.18475,0.57
17.051,51.18475,0.528
17.053,51.18475,0.53
17.055,51.18475,0.51
17.057,51.18475,0.508
17.059,51.18475,0.494
17.061,51.18475,0.489
17.063,51.18475,0.464
17.065,51.18475,0.503
17.067,51.18475,0.493
17.069,51.18475,0.5
17.071,51.18475,0.531
17.073,51.18475,0.565
17.075,51.18475,0.552
17.077,51.18475,0.543
17.079,51.18475,0.549
17.081,51.18475,0.543
17.083,51.18475,0.612
17.085,51.18475,0.577
17.087,51.18475,0.6
17.089,51.18475,0.54
17.091,51.18475,0.584
17.093,51.18475,0.597
17.095,51.18475,0.569
17.097,51.18475,0.543
17.099,51.18475,0.572
17.101,51.18475,0.577
17.103,51.18475,0.587
17.105,51.18475,0.576
17.107,51.18475,0.579
17.109,51.18475,0.551
17.111,51.18475,0.573
17.113,51.18475,0.572
17.115,51.18475,0.547
17.117,51.18475,0.582
17.119,51.18475,0.556
17.121,51.18475,0.567
17.123,51.18475,0.532
17.125,51.18475,0.548
17.127,51.18475,0.536
17.129,51.18475,0.54
17.131,51.18475,0.531
17.133,51.18475,0.523
17.135,51.18475,0.513
17.137,51.18475,0.447
17.139,51.18475,0.457
17.141,51.18475,0.5
17.143,51.18475,0.456
17.145,51.18475,0.462
17.147,51.18475,0.445
17.149,51.18475,0.445
17.151,51.18475,0.466
17.153,51.18475,0.447
17.155,51.18475,0.453
17.157,51.18475,0.05
17.159,51.18475,0.013
17.161,51.18475,0.01
17.163,51.18475,0.038
17.165,51.18475,-0.009
17.167,51.18475,0.023
17.169,51.18475,0.042
17.171,51.18475,0.001
17.173,51.18475,0.034
17.175,51.18475,-0.02
17.177,51.18475,0.525
17.179,51.18475,0.572
17.181,51.18475,0.591
17.183,51.18475,0.507
17.185,51.18475,0.556
17.187,51.18475,0.581
17.189,51.18475,0.529
17.191,51.18475,0.528
17.193,51.18475,0.527
17.195,51.18475,0.535
17.197,51.18475,0.557
17.199,51.18475,0.568
17.201,51.18475,0.54
17.203,51.18475,0.526
17.205,51.18475,0.518
17.207,51.18475,0.518
17.209,51.18475,0.5
17.211,51.18475,0.521
17.213,51.18475,0.513
17.215,51.18475,0.516
17.217,51.18475,0.512
17.219,51.18475,0.517
17.221,51.18475,0.543
17.223,51.18475,0.481
17.225,51.18475,0.522
17.227,51.18475,0.557
17.229,51.18475,0.518
17.231,51.18475,0.542
17.233,51.18475,0.547
17.235,51.18475,0.548
17.237,51.18475,0.561
17.239,51.18475,0.584
17.241,51.18475,0.594
17.243,51.18475,0.556
17.245,51.18475,0.573
17.247,51.18475,0.617
17.249,51.18475,0.619
16.851,51.18345,0.474
16.853,51.18345,0.496
16.855,51.18345,0.477
16.857,51.18345,0.495
16.859,51.18345,0.482
16.861,51.18345,0.557
16.863,51.18345,0.544
16.865,51.18345,0.522
16.867,51.18345,0.558
16.869,51.18345,0.571
16.871,51.18345,0.577
16.873,51.18345,0.603
16.875,51.18345,0.574
16.877,51.18345,0.609
16.879,51.18345,0.597
16.881,51.18345,0.59
16.883,51.18345,0.59
16.885,51.18345,0.566
16.887,51.18345,0.525
16.889,51.18345,0.578
16.891,51.18345,0.542
16.893,51.18345,0.544
16.895,51.18345,0.502
16.897,51.18345,0.479
16.899,51.18345,0.478
16.901,51.18345,0.451
16.903,51.18345,0.488
16.905,51.18345,0.442
16.907,51.18345,0.47
16.909,51.18345,0.444
16.911,51.18345,0.436
16.913,51.18345,0.42
16.915,51.18345,0.45
16.917,51.18345,0.43
16.919,51.18345,0.412
16.921,51.18345,0.436
16.923,51.18345,0.42
16.925,51.18345,0.416
16.927,51.18345,0.448
16.929,51.18345,0.458
16.931,51.18345,0.438
16.933,51.18345,0.494
16.935,51.18345,0.51
16.937,51.18345,0.495
16.939,51.18345,0.499
16.941,51.18345,0.504
16.943,51.18345,0.476
16.945,51.18345,0.517
16.947,51.18345,0.542
16.949,51.18345,0.528
16.951,51.18345,0.552
16.953,51.18345,0.548
16.955,51.18345,0.577
16.957,51.18345,0.578
16.959,51.18345,0.56
16.961,51.18345,0.593
16.963,51.18345,0.579
16.965,51.18345,0.545
16.967,51.18345,0.562
16.969,51.18345,0.528
16.971,51.18345,0.537
16.973,51.18345,0.497
16.975,51.18345,0.482
16.977,51.18345,0.504
16.979,51.18345,0.492
16.981,51.18345,0.438
16.983,51.18345,0.453
16.985,51.18345,0.538
16.987,51.18345,0.471
16.989,51.18345,0.498
16.991,51.18345,0.496
16.993,51.18345,0.488
16.995,51.18345,0.464
16.997,51.18345,0.521
16.999,51.18345,0.524
17.001,51.18345,0.548
17.003,51.18345,0.511
17.005,51.18345,0.527
17.007,51.18345,0.52
17.009,51.18345,0.537
17.011,51.18345,0.53
17.013,51.18345,0.586
17.015,51.18345,0.534
17.017,51.18345,0.597
17.019,51.18345,0.597
17.021,51.18345,0.592
17.023,51.18345,0.599
17.025,51.18345,0.637
17.027,51.18345,0.64
17.029,51.18345,0.625
17.031,51.18345,0.588
17.033,51.18345,0.618
17.035,51.18345,0.658
17.037,51.18345,0.608
17.039,51.18345,0.656
17.041,51.18345,0.603
17.043,51.18345,0.589
17.045,51.18345,0.584
17.047,51.18345,0.561
17.049,51.18345,0.554
17.051,51.18345,0.53
17.053,51.18345,0.468
17.055,51.18345,0.49
17.057,51.18345,0.509
17.059,51.18345,0.444
17.061,51.18345,0.499
17.063,51.18345,0.499
17.065,51.18345,0.481
17.067,51.18345,0.456
17.069,51.18345,0.478
17.071,51.18345,0.521
17.073,51.18345,0.521
17.075,51.18345,0.546
17.077,51.18345,0.572
17.079,51.18345,0.564
17.081,51.18345,0.579
17.083,51.18345,0.573
17.085,51.18345,0.588
17.087,51.18345,0.578
17.089,51.18345,0.591
17.091,51.18345,0.585
17.093,51.18345,0.629
17.095,51.18345,0.6
17.097,51.18345,0.521
17.099,51.18345,0.589
17.101,51.18345,0.552
17.103,51.18345,0.542
17.105,51.18345,0.558
17.107,51.18345,0.557
17.109,51.18345,0.569
17.111,51.18345,0.551
17.113,51.18345,0.585
17.115,51.18345,0.603
17.117,51.18345,0.577
17.119,51.18345,0.515
17.121,51.18345,0.551
17.123,51.18345,0.579
17.125,51.18345,0.492
17.127,51.18345,0.514
17.129,51.18345,0.532
17.131,51.18345,0.512
17.133,51.18345,0.481
17.135,51.18345,0.509
17.137,51.18345,0.476
17.139,51.18345,0.469
17.141,51.18345,0.486
17.143,51.18345,0.43
17.145,51.18345,0.484
17.147,51.18345,0.459
17.149,51.18345,0.469
17.151,51.18345,0.443
17.153,51.18345,0.052
17.155,51.18345,0.061
17.157,51.18345,0.028
17.159,51.18345,0.013
17.161,51.18345,-0.009
17.163,51.18345,0.072
17.165,51.18345,0.083
17.167,51.18345,-0.034
17.169,51.18345,-0.009
17.171,51.18345,0.027
17.173,51.18345,0.058
17.175,51.18345,0.525
17.177,51.18345,0.554
17.179,51.18345,0.53
17.181,51.18345,0.536
17.183,51.18345,0.539
17.185,51.18345,0.565
17.187,51.18345,0.539
17.189,51.18345,0.568
17.191,51.18345,0.57
17.193,51.18345,0.558
17.195,51.18345,0.521
17.197,51.18345,0.496
17.199,51.18345,0.546
17.201,51.18345,0.566
17.203,51.18345,0.516
17.205,51.18345,0.529
17.207,51.18345,0.539
17.209,51.18345,0.493
17.211,51.18345,0.521
17.213,51.18345,0.503
17.215,51.18345,0.519
17.217,51.18345,0.539
17.219,51.18345,0.473
17.221,51.18345,0.534
17.223,51.18345,0.51
17.225,51.18345,0.499
17.227,51.18345,0.533
17.229,51.18345,0.58
17.231,51.18345,0.567
17.233,51.18345,0.527
17.235,51.18345,0.585
17.237,51.18345,0.545
17.239,51.18345,0.568
17.241,51.18345,0.615
17.243,51.18345,0.581
17.245,51.18345,0.556
17.247,51.18345,0.578
17.249,51.18345,0.599
16.851,51.18215,0.44
16.853,51.18215,0.495
16.855,51.18215,0.513
16.857,51.18215,0.537
16.859,51.18215,0.489
16.861,51.18215,0.494
16.863,51.18215,0.531
16.865,51.18215,0.563
16.867,51.18215,0.567
16.869,51.18215,0.572
16.871,51.18215,0.534
16.873,51.18215,0.623
16.875,51.18215,0.603
16.877,51.18215,0.585
16.879,51.18215,0.59
16.881,51.18215,0.604
16.883,51.18215,0.585
16.885,51.18215,0.594
16.887,51.18215,0.542
16.889,51.18215,0.517
16.891,51.18215,0.527
16.893,51.18215,0.549
16.895,51.18215,0.54
16.897,51.18215,0.518
16.899,51.18215,0.494
16.901,51.18215,0.449
16.903,51.18215,0.472
16.905,51.18215,0.438
16.907,51.18215,0.42
16.909,51.18215,0.411
16.911,51.18215,0.451
16.913,51.18215,0.43
16.915,51.18215,0.391
16.917,51.18215,0.45
16.919,51.18215,0.422
16.921,51.18215,0.425
16.923,51.18215,0.414
16.925,51.18215,0.443
16.927,51.18215,0.431
16.929,51.18215,0.463
16.931,51.18215,0.44
16.933,51.18215,0.493
16.935,51.18215,0.473
16.937,51.18215,0.542
16.939,51.18215,0.484
16.941,51.18215,0.518
16.943,51.18215,0.532
16.945,51.18215,0.557
16.947,51.18215,0.529
16.949,51.18215,0.551
16.951,51.18215,0.561
16.953,51.18215,0.554
16.955,51.18215,0.556
16.957,51.18215,0.59
16.959,51.18215,0.561
16.961,51.18215,0.563
16.963,51.18215,0.545
16.965,51.18215,0.567
16.967,51.18215,0.51
16.969,51.18215,0.535
16.971,51.18215,0.529
16.973,51.18215,0.529
16.975,51.18215,0.5
16.977,51.18215,0.511
16.979,51.18215,0.472
16.981,51.18215,0.535
16.983,51.18215,0.523
16.985,51.18215,0.488
16.987,51.18215,0.488
16.989,51.18215,0.495
16.991,51.18215,0.523
16.993,51.18215,0.469
16.995,51.18215,0.507
16.997,51.18215,0.514
16.999,51.18215,0.503
17.001,51.18215,0.539
17.003,51.18215,0.514
17.005,51.18215,0.522
17.007,51.18215,0.489
17.009,51.18215,0.538
17.011,51.18215,0.572
17.013,51.18215,0.563
17.015,51.18215,0.565
17.017,51.18215,0.593
17.019,51.18215,0.588
17.021,51.18215,0.585
17.023,51.18215,0.593
17.025,51.18215,0.604
17.027,51.18215,0.64
17.029,51.18215,0.621
17.031,51.18215,0.616
17.033,51.18215,0.631
17.035,51.18215,0.652
17.037,51.18215,0.64
17.039,51.18215,0.636
17.041,51.18215,0.636
17.043,51.18215,0.566
17.045,51.18215,0.546
17.047,51.18215,0.547
17.049,51.18215,0.541
17.051,51.18215,0.545
17.053,51.18215,0.496
17.055,51.18215,0.497
17.057,51.18215,0.481
17.059,51.18215,0.466
17.061,51.18215,0.462
17.063,51.18215,0.465
17.065,51.18215,0.477
17.067,51.18215,0.471
17.069,51.18215,0.486
17.071,51.18215,0.51
17.073,51.18215,0.525
17.075,51.18215,0.53
17.077,51.18215,0.545
17.079,51.18215,0.56
17.081,51.18215,0.551
17.083,51.18215,0.6
17.085,51.18215,0.555
17.087,51.18215,0.559
17.089,51.18215,0.579
17.091,51.18215,0.583
17.093,51.18215,0.546
17.095,51.18215,0.584
17.097,51.18215,0.552
17.099,51.18215,0.62
17.101,51.18215,0.582
17.103,51.18215,0.548
17.105,51.18215,0.542
17.107,51.18215,0.591
17.109,51.18215,0.542
17.111,51.18215,0.595
17.113,51.18215,0.567
17.115,51.18215,0.565
17.117,51.18215,0.575
17.119,51.18215,0.585
17.121,51.18215,0.554
17.123,51.18215,0.53
17.125,51.18215,0.529
17.127,51.18215,0.527
17.129,51.18215,0.498
17.131,51.18215,0.505
17.133,51.18215,0.5
17.135,51.18215,0.511
17.137,51.18215,0.45
17.139,51.18215,0.429
17.141,51.18215,0.455
17.143,51.18215,0.427
17.145,51.18215,0.46
17.147,51.18215,0.444
17.149,51.18215,0.458
17.151,51.18215,0.031
17.153,51.18215,0.039
17.155,51.18215,0.023
17.157,51.18215,0.051
17.159,51.18215,0.032
17.161,51.18215,-0.028
17.163,51.18215,0.025
17.165,51.18215,0.042
17.167,51.18215,0.022
17.169,51.18215,0.062
17.171,51.18215,0.02
17.173,51.18215,0.504
17.175,51.18215,0.503
17.177,51.18215,0.517
17.179,51.18215,0.502
17.181,51.18215,0.523
17.183,51.18215,0.529
17.185,51.18215,0.542
17.187,51.18215,0.54
17.189,51.18215,0.566
17.191,51.18215,0.534
17.193,51.18215,0.506
17.195,51.18215,0.514
17.197,51.18215,0.521
17.199,51.18215,0.564
17.201,51.18215,0.528
17.203,51.18215,0.553
17.205,51.18215,0.546
17.207,51.18215,0.533
17.209,51.18215,0.552
17.211,51.18215,0.528
17.213,51.18215,0.514
17.215,51.18215,0.543
17.217,51.18215,0.504
17.219,51.18215,0.508
17.221,51.18215,0.492
17.223,51.18215,0.483
17.225,51.18215,0.52
17.227,51.18215,0.538
17.229,51.18215,0.532
17.231,51.18215,0.568
17.233,51.18215,0.547
17.235,51.18215,0.535
17.237,51.18215,0.562
17.239,51.18215,0.576
17.241,51.18215,0.565
17.243,51.18215,0.574
17.245,51.18215,0.561
17.247,51.18215,0.57
17.249,51.18215,0.571
16.851,51.18085,0.511
16.853,51.18085,0.499
16.855,51.18085,0.495
16.857,51.18085,0.515
16.859,51.18085,0.472
16.861,51.18085,0.532
16.863,51.18085,0.521
16.865,51.18085,0.533
16.867,51.18085,0.574
16.869,51.18085,0.546
16.871,51.18085,0.582
16.873,51.18085,0.539
16.875,51.18085,0.592
16.877,51.18085,0.575
16.879,51.18085,0.591
16.881,51.18085,0.593
16.883,51.18085,0.591
16.885,51.18085,0.594
16.887,51.18085,0.553
16.889,51.18085,0.56
16.891,51.18085,0.533
16.893,51.18085,0.522
16.895,51.18085,0.524
16.897,51.18085,0.505
16.899,51.18085,0.511
16.901,51.18085,0.447
16.903,51.18085,0.44
16.905,51.18085,0.431
16.907,51.18085,0.416
16.909,51.18085,0.431
16.911,51.18085,0.433
16.913,51.18085,0.436
16.915,51.18085,0.459
16.917,51.18085,0.429
16.919,51.18085,0.435
16.921,51.18085,0.446
16.923,51.18085,0.428
16.925,51.18085,0.437
16.927,51.18085,0.449
16.929,51.18085,0.452
16.931,51.18085,0.488
16.933,51.18085,0.488
16.935,51.18085,0.49
16.937,51.18085,0.488
16.939,51.18085,0.5
16.941,51.18085,0.535
16.943,51.18085,0.534
16.945,51.18085,0.527
16.947,51.18085,0.575
16.949,51.18085,0.593
16.951,51.18085,0.559
16.953,51.18085,0.586
16.955,51.18085,0.542
16.957,51.18085,0.545
16.959,51.18085,0.574
16.961,51.18085,0.557
16.963,51.18085,0.572
16.965,51.18085,0.533
16.967,51.18085,0.517
16.969,51.18085,0.559
16.971,51.18085,0.535
16.973,51.18085,0.533
16.975,51.18085,0.488
16.977,51.18085,0.52
16.979,51.18085,0.499
16.981,51.18085,0.478
16.983,51.18085,0.523
16.985,51.18085,0.515
16.987,51.18085,0.472
16.989,51.18085,0.501
16.991,51.18085,0.469
16.993,51.18085,0.486
16.995,51.18085,0.537
16.997,51.18085,0.502
16.999,51.18085,0.495
17.001,51.18085,0.525
17.003,51.18085,0.507
17.005,51.18085,0.52
17.007,51.18085,0.518
17.009,51.18085,0.544
17.011,51.18085,0.566
17.013,51.18085,0.561
17.015,51.18085,0.605
17.017,51.18085,0.58
17.019,51.18085,0.562
17.021,51.18085,0.567
17.023,51.18085,0.617
17.025,51.18085,0.611
17.027,51.18085,0.621
17.029,51.18085,0.618
17.031,51.18085,0.644
17.033,51.18085,0.622
17.035,51.18085,0.624
17.037,51.18085,0.63
17.039,51.18085,0.672
17.041,51.18085,0.648
17.043,51.18085,0.604
17.045,51.18085,0.555
17.047,51.18085,0.521
17.049,51.18085,0.508
17.051,51.18085,0.554
17.053,51.18085,0.481
17.055,51.18085,0.501
17.057,51.18085,0.44
17.059,51.18085,0.475
17.061,51.18085,0.449
17.063,51.18085,0.448
17.065,51.18085,0.457
17.067,51.18085,0.489
17.069,51.18085,0.47
17.071,51.18085,0.467
17.073,51.18085,0.495
17.075,51.18085,0.539
17.077,51.18085,0.518
17.079,51.18085,0.574
17.081,51.18085,0.552
17.083,51.18085,0.576
17.085,51.18085,0.573
17.087,51.18085,0.56
17.089,51.18085,0.516
17.091,51.18085,0.558
17.093,51.18085,0.577
17.095,51.18085,0.543
17.097,51.18085,0.548
17.099,51.18085,0.519
17.101,51.18085,0.585
17.103,51.18085,0.538
17.105,51.18085,0.547
17.107,51.18085,0.539
17.109,51.18085,0.525
17.111,51.18085,0.6
17.113,51.18085,0.54
17.115,51.18085,0.56
17.117,51.18085,0.573
17.119,51.18085,0.533
17.121,51.18085,0.552
17.123,51.18085,0.534
17.125,51.18085,0.547
17.127,51.18085,0.502
17.129,51.18085,0.476
17.131,51.18085,0.488
17.133,51.18085,0.505
17.135,51.18085,0.486
17.137,51.18085,0.476
17.139,51.18085,0.463
17.141,51.18085,0.448
17.143,51.18085,0.466
17.145,51.18085,0.455
17.147,51.18085,0.412
17.149,51.18085,0.004
17.151,51.18085,-0.02
17.153,51.18085,0.04
17.155,51.18085,0.076
17.157,51.18085,0.066
17.159,51.18085,0.06
17.161,51.18085,0.024
17.163,51.18085,0.019
17.165,51.18085,0.034
17.167,51.18085,-0.006
17.169,51.18085,-0.011
17.171,51.18085,0.466
17.173,51.18085,0.508
17.175,51.18085,0.54
17.177,51.18085,0.5
17.179,51.18085,0.5
17.181,51.18085,0.489
17.183,51.18085,0.536
17.185,51.18085,0.512
17.187,51.18085,0.5
17.189,51.18085,0.52
17.191,51.18085,0.516
17.193,51.18085,0.546
17.195,51.18085,0.486
17.197,51.18085,0.562
17.199,51.18085,0.529
17.201,51.18085,0.534
17.203,51.18085,0.531
17.205,51.18085,0.506
17.207,51.18085,0.525
17.209,51.18085,0.54
17.211,51.18085,0.513
17.213,51.18085,0.501
17.215,51.18085,0.535
17.217,51.18085,0.479
17.219,51.18085,0.523
17.221,51.18085,0.512
17.223,51.18085,0.548
17.225,51.18085,0.566
17.227,51.18085,0.548
17.229,51.18085,0.54
17.231,51.18085,0.567
17.233,51.18085,0.559
17.235,51.18085,0.551
17.237,51.18085,0.563
17.239,51.18085,0.58
17.241,51.18085,0.606
17.243,51.18085,0.587
17.245,51.18085,0.564
17.247,51.18085,0.551
17.249,51.18085,0.523
16.851,51.17955,0.467
16.853,51.17955,0.535
16.855,51.17955,0.522
16.857,51.17955,0.492
16.859,51.17955,0.535
16.861,51.17955,0.546
16.863,51.17955,0.568
16.865,51.17955,0.546
16.867,51.17955,0.565
16.869,51.17955,0.563
16.871,51.17955,0.586
16.873,51.17955,0.6
16.875,51.17955,0.576
16.877,51.17955,0.586
16.879,51.17955,0.602
16.881,51.17955,0.577
16.883,51.17955,0.607
16.885,51.17955,0.564
16.887,51.17955,0.557
16.889,51.17955,0.545
16.891,51.17955,0.571
16.893,51.17955,0.492
16.895,51.17955,0.53
16.897,51.17955,0.499
16.899,51.17955,0.504
16.901,51.17955,0.461
16.903,51.17955,0.471
16.905,51.17955,0.418
16.907,51.17955,0.45
16.909,51.17955,0.422
16.911,51.17955,0.427
16.913,51.17955,0.405
16.915,51.17955,0.416
16.917,51.17955,0.431
16.919,51.17955,0.444
16.921,51.17955,0.413
16.923,51.17955,0.438
16.925,51.17955,0.442
16.927,51.17955,0.464
16.929,51.17955,0.47
16.931,51.17955,0.439
16.933,51.17955,0.527
16.935,51.17955,0.512
16.937,51.17955,0.521
16.939,51.17955,0.568
16.941,51.17955,0.54
16.943,51.17955,0.549
16.945,51.17955,0.518
16.947,51.17955,0.559
16.949,51.17955,0.589
16.951,51.17955,0.588
16.953,51.17955,0.586
16.955,51.17955,0.56
16.957,51.17955,0.58
16.959,51.17955,0.586
16.961,51.17955,0.555
16.963,51.17955,0.569
16.965,51.17955,0.578
16.967,51.17955,0.519
16.969,51.17955,0.533
16.971,51.17955,0.559
16.973,51.17955,0.504
16.975,51.17955,0.499
16.977,51.17955,0.548
16.979,51.17955,0.517
16.981,51.17955,0.495
16.983,51.17955,0.469
16.985,51.17955,0.5
16.987,51.17955,0.505
16.989,51.17955,0.539
16.991,51.17955,0.457
16.993,51.17955,0.505
16.995,51.17955,0.499
16.997,51.17955,0.501
16.999,51.17955,0.521
17.001,51.17955,0.509
17.003,51.17955,0.556
17.005,51.17955,0.539
17.007,51.17955,0.575
17.009,51.17955,0.536
17.011,51.17955,0.551
17.013,51.17955,0.555
17.015,51.17955,0.572
17.017,51.17955,0.568
17.019,51.17955,0.551
17.021,51.17955,0.574
17.023,51.17955,0.589
17.025,51.17955,0.579
17.027,51.17955,0.592
17.029,51.17955,0.606
17.031,51.17955,0.572
17.033,51.17955,0.62
17.035,51.17955,0.586
17.037,51.17955,0.623
17.039,51.17955,0.578
17.041,51.17955,0.551
17.043,51.17955,0.562
17.045,51.17955,0.574
17.047,51.17955,0.541
17.049,51.17955,0.504
17.051,51.17955,0.46
17.053,51.17955,0.511
17.055,51.17955,0.44
17.057,51.17955,0.439
17.059,51.17955,0.459
17.061,51.17955,0.44
17.063,51.17955,0.449
17.065,51.17955,0.444
17.067,51.17955,0.44
17.069,51.17955,0.421
17.071,51.17955,0.492
17.073,51.17955,0.487
17.075,51.17955,0.539
17.077,51.17955,0.527
17.079,51.17955,0.559
17.081,51.17955,0.54
17.083,51.17955,0.574
17.085,51.17955,0.597
17.087,51.17955,0.567
17.089,51.17955,0.544
17.091,51.17955,0.563
17.093,51.17955,0.549
17.095,51.17955,0.569
17.097,51.17955,0.534
17.099,51.17955,0.574
17.101,51.17955,0.532
17.103,51.17955,0.515
17.105,51.17955,0.544
17.107,51.17955,0.545
17.109,51.17955,0.57
17.111,51.17955,0.561
17.113,51.17955,0.569
17.115,51.17955,0.552
17.117,51.17955,0.571
17.119,51.17955,0.537
17.121,51.17955,0.547
17.123,51.17955,0.575
17.125,51.17955,0.582
17.127,51.17955,0.518
17.129,51.17955,0.514
17.131,51.17955,0.493
17.133,51.17955,0.477
17.135,51.17955,0.509
17.137,51.17955,0.455
17.139,51.17955,0.448
17.141,51.17955,0.48
17.143,51.17955,0.447
17.145,51.17955,0.489
17.147,51.17955,0.005
17.149,51.17955,0.038
17.151,51.17955,0.044
17.153,51.17955,0.004
17.155,51.17955,0.06
17.157,51.17955,0.054
17.159,51.17955,0.05
17.161,51.17955,0.029
17.163,51.17955,0.001
17.165,51.17955,0.048
17.167,51.17955,0.016
17.169,51.17955,0.511
17.171,51.17955,0.476
17.173,51.17955,0.522
17.175,51.17955,0.5
17.177,51.17955,0.519
17.179,51.17955,0.468
17.181,51.17955,0.514
17.183,51.17955,0.52
17.185,51.17955,0.503
17.187,51.17955,0.493
17.189,51.17955,0.525
17.191,51.17955,0.49
17.193,51.17955,0.543
17.195,51.17955,0.559
17.197,51.17955,0.547
17.199,51.17955,0.53
17.201,51.17955,0.539
17.203,51.17955,0.553
17.205,51.17955,0.56
17.207,51.17955,0.56
17.209,51.17955,0.532
17.211,51.17955,0.556
17.213,51.17955,0.524
17.215,51.17955,0.52
17.217,51.17955,0.555
17.219,51.17955,0.544
17.221,51.17955,0.565
17.223,51.17955,0.526
17.225,51.17955,0.494
17.227,51.17955,0.554
17.229,51.17955,0.541
17.231,51.17955,0.546
17.233,51.17955,0.573
17.235,51.17955,0.558
17.237,51.17955,0.553
17.239,51.17955,0.55
17.241,51.17955,0.565
17.243,51.17955,0.524
17.245,51.17955,0.503
17.247,51.17955,0.54
17.249,51.17955,0.552
16.851,51.17825,0.541
16.853,51.17825,0.495
16.855,51.17825,0.529
16.857,51.17825,0.527
16.859,51.17825,0.552
16.861,51.17825,0.53
16.863,51.17825,0.558
16.865,51.17825,0.567
16.867,51.17825,0.554
16.869,51.17825,0.581
16.871,51.17825,0.583
16.873,51.17825,0.613
16.875,51.17825,0.579
16.877,51.17825,0.574
16.879,51.17825,0.58
16.881,51.17825,0.577
16.883,51.17825,0.569
16.885,51.17825,0.586
16.887,51.17825,0.531
16.889,51.17825,0.543
16.891,51.17825,0.542
16.893,51.17825,0.541
16.895,51.17825,0.482
16.897,51.17825,0.52
16.899,51.17825,0.49
16.901,51.17825,0.479
16.903,51.17825,0.424
16.905,51.17825,0.46
16.907,51.17825,0.44
16.909,51.17825,0.426
16.911,51.17825,0.441
16.913,51.17825,0.414
16.915,51.17825,0.396
16.917,51.17825,0.44
16.919,51.17825,0.404
16.921,51.17825,0.448
16.923,51.17825,0.416
16.925,51.17825,0.434
16.927,51.17825,0.465
16.929,51.17825,0.454
16.931,51.17825,0.473
16.933,51.17825,0.512
16.935,51.17825,0.529
16.937,51.17825,0.515
16.939,51.17825,0.522
16.941,51.17825,0.553
16.943,51.17825,0.56
16.945,51.17825,0.587
16.947,51.17825,0.539
16.949,51.17825,0.553
16.951,51.17825,0.582
16.953,51.17825,0.572
16.955,51.17825,0.553
16.957,51.17825,0.588
16.959,51.17825,0.592
16.961,51.17825,0.602
16.963,51.17825,0.563
16.965,51.17825,0.566
16.967,51.17825,0.504
16.969,51.17825,0.535
16.971,51.17825,0.563
16.973,51.17825,0.514
16.975,51.17825,0.542
16.977,51.17825,0.521
16.979,51.17825,0.502
16.981,51.17825,0.473
16.983,51.17825,0.483
16.985,51.17825,0.497
16.987,51.17825,0.486
16.989,51.17825,0.473
16.991,51.17825,0.516
16.993,51.17825,0.499
16.995,51.17825,0.51
16.997,51.17825,0.51
16.999,51.17825,0.503
17.001,51.17825,0.511
17.003,51.17825,0.55
17.005,51.17825,0.527
17.007,51.17825,0.539
17.009,51.17825,0.561
17.011,51.17825,0.549
17.013,51.17825,0.547
17.015,51.17825,0.559
17.017,51.17825,0.545
17.019,51.17825,0.574
17.021,51.17825,0.583
17.023,51.17825,0.57
17.025,51.17825,0.528
17.027,51.17825,0.571
17.029,51.17825,0.592
17.031,51.17825,0.614
17.033,51.17825,0.579
17.035,51.17825,0.58
17.037,51.17825,0.644
17.039,51.17825,0.597
17.041,51.17825,0.583
17.043,51.17825,0.568
17.045,51.17825,0.533
17.047,51.17825,0.499
17.049,51.17825,0.535
17.051,51.17825,0.491
17.053,51.17825,0.465
17.055,51.17825,0.458
17.057,51.17825,0.405
17.059,51.17825,0.416
17.061,51.17825,0.426
17.063,51.17825,0.42
17.065,51.17825,0.438
17.067,51.17825,0.425
17.069,51.17825,0.41
17.071,51.17825,0.444
17.073,51.17825,0.5
17.075,51.17825,0.475
17.077,51.17825,0.537
17.079,51.17825,0.521
17.081,51.17825,0.527
17.083,51.17825,0.522
17.085,51.17825,0.521
17.087,51.17825,0.546
17.089,51.17825,0.553
17.091,51.17825,0.521
17.093,51.17825,0.52
17.095,51.17825,0.539
17.097,51.17825,0.525
17.099,51.17825,0.525
17.101,51.17825,0.531
17.103,51.17825,0.527
17.105,51.17825,0.523
17.107,51.17825,0.533
17.109,51.17825,0.573
17.111,51.17825,0.551
17.113,51.17825,0.575
17.115,51.17825,0.61
17.117,51.17825,0.529
17.119,51.17825,0.576
17.121,51.17825,0.592
17.123,51.17825,0.553
17.125,51.17825,0.517
17.127,51.17825,0.543
17.129,51.17825,0.516
17.131,51.17825,0.494
17.133,51.17825,0.488
17.135,51.17825,0.451
17.137,51.17825,0.453
17.139,51.17825,0.455
17.141,51.17825,0.479
17.143,51.17825,0.453
17.145,51.17825,0.02
17.147,51.17825,-0.02
17.149,51.17825,0.026
17.151,51.17825,-0.005
17.153,51.17825,0.015
17.155,51.17825,0.004
17.157,51.17825,0.022
17.159,51.17825,0.008
17.161,51.17825,0.028
17.163,51.17825,0.021
17.165,51.17825,0.014
17.167,51.17825,0.543
17.169,51.17825,0.517
17.171,51.17825,0.509
17.173,51.17825,0.479
17.175,51.17825,0.535
17.177,51.17825,0.525
17.179,51.17825,0.527
17.181,51.17825,0.519
17.183,51.17825,0.507
17.185,51.17825,0.517
17.187,51.17825,0.521
17.189,51.17825,0.502
17.191,51.17825,0.546
17.193,51.17825,0.545
17.195,51.17825,0.529
17.197,51.17825,0.544
17.199,51.17825,0.548
17.201,51.17825,0.568
17.203,51.17825,0.537
17.205,51.17825,0.556
17.207,51.17825,0.56
17.209,51.17825,0.557
17.211,51.17825,0.567
17.213,51.17825,0.555
17.215,51.17825,0.529
17.217,51.17825,0.606
17.219,51.17825,0.596
17.221,51.17825,0.577
17.223,51.17825,0.546
17.225,51.17825,0.52
17.227,51.17825,0.571
17.229,51.17825,0.582
17.231,51.17825,0.545
17.233,51.17825,0.514
17.235,51.17825,0.562
17.237,51.17825,0.563
17.239,51.17825,0.549
17.241,51.17825,0.578
17.243,51.17825,0.548
17.245,51.17825,0.555
17.247,51.17825,0.559
17.249,51.17825,0.55
16.851,51.17695,0.532
16.853,51.17695,0.535
16.855,51.17695,0.548
16.857,51.17695,0.562
16.859,51.17695,0.5
16.861,51.17695,0.565
16.863,51.17695,0.571
16.865,51.17695,0.566
16.867,51.17695,0.564
16.869,51.17695,0.575
16.871,51.17695,0.568
16.873,51.17695,0.622
16.875,51.17695,0.608
16.877,51.17695,0.57
16.879,51.17695,0.607
16.881,51.17695,0.637
16.883,51.17695,0.588
16.885,51.17695,0.535
16.887,51.17695,0.576
16.889,51.17695,0.556
16.891,51.17695,0.508
16.893,51.17695,0.547
16.895,51.17695,0.517
16.897,51.17695,0.473
16.899,51.17695,0.428
16.901,51.17695,0.489
16.903,51.17695,0.464
16.905,51.17695,0.485
16.907,51.17695,0.456
16.909,51.17695,0.37
16.911,51.17695,0.436
16.913,51.17695,0.424
16.915,51.17695,0.42
16.917,51.17695,0.428
16.919,51.17695,0.443
16.921,51.17695,0.462
16.923,51.17695,0.428
16.925,51.17695,0.464
16.927,51.17695,0.473
16.929,51.17695,0.489
16.931,51.17695,0.489
16.933,51.17695,0.534
16.935,51.17695,0.528
16.937,51.17695,0.541
16.939,51.17695,0.547
16.941,51.17695,0.57
16.943,51.17695,0.558
16.945,51.17695,0.611
16.947,51.17695,0.574
16.949,51.17695,0.589
16.951,51.17695,0.582
16.953,51.17695,0.584
16.955,51.17695,0.557
16.957,51.17695,0.55
16.959,51.17695,0.559
16.961,51.17695,0.554
16.963,51.17695,0.58
16.965,51.17695,0.546
16.967,51.17695,0.508
16.969,51.17695,0.53
16.971,51.17695,0.51
16.973,51.17695,0.493
16.975,51.17695,0.509
16.977,51.17695,0.513
16.979,51.17695,0.472
16.981,51.17695,0.486
16.983,51.17695,0.455
16.985,51.17695,0.476
16.987,51.17695,0.492
16.989,51.17695,0.495
16.991,51.17695,0.506
16.993,51.17695,0.502
16.995,51.17695,0.488
16.997,51.17695,0.483
16.999,51.17695,0.536
17.001,51.17695,0.499
17.003,51.17695,0.521
17.005,51.17695,0.505
17.007,51.17695,0.532
17.009,51.17695,0.534
17.011,51.17695,0.539
17.013,51.17695,0.563
17.015,51.17695,0.579
17.017,51.17695,0.547
17.019,51.17695,0.582
17.021,51.17695,0.538
17.023,51.17695,0.548
17.025,51.17695,0.542
17.027,51.17695,0.574
17.029,51.17695,0.576
17.031,51.17695,0.567
17.033,51.17695,0.594
17.035,51.17695,0.568
17.037,51.17695,0.549
17.039,51.17695,0.582
17.041,51.17695,0.564
17.043,51.17695,0.515
17.045,51.17695,0.526
17.047,51.17695,0.548
17.049,51.17695,0.486
17.051,51.17695,0.476
17.053,51.17695,0.451
17.055,51.17695,0.42
17.057,51.17695,0.402
17.059,51.17695,0.427
17.061,51.17695,0.413
17.063,51.17695,0.424
17.065,51.17695,0.452
17.067,51.17695,0.402
17.069,51.17695,0.44
17.071,51.17695,0.461
17.073,51.17695,0.519
17.075,51.17695,0.476
17.077,51.17695,0.504
17.079,51.17695,0.522
17.081,51.17695,0.532
17.083,51.17695,0.528
17.085,51.17695,0.544
17.087,51.17695,0.518
17.089,51.17695,0.576
17.091,51.17695,0.554
17.093,51.17695,0.517
17.095,51.17695,0.542
17.097,51.17695,0.524
17.099,51.17695,0.526
17.101,51.17695,0.521
17.103,51.17695,0.508
17.105,51.17695,0.556
17.107,51.17695,0.571
17.109,51.17695,0.544
17.111,51.17695,0.539
17.113,51.17695,0.555
17.115,51.17695,0.56
17.117,51.17695,0.568
17.119,51.17695,0.523
17.121,51.17695,0.533
17.123,51.17695,0.561
17.125,51.17695,0.537
17.127,51.17695,0.557
17.129,51.17695,0.479
17.131,51.17695,0.485
17.133,51.17695,0.512
17.135,51.17695,0.479
17.137,51.17695,0.498
17.139,51.17695,0.424
17.141,51.17695,0.009
17.143,51.17695,0.011
17.145,51.17695,0.047
17.147,51.17695,0.029
17.149,51.17695,0.023
17.151,51.17695,0.002
17.153,51.17695,0.074
17.155,51.17695,-0.001
17.157,51.17695,0.016
17.159,51.17695,0.054
17.161,51.17695,0.033
17.163,51.17695,0.464
17.165,51.17695,0.482
17.167,51.17695,0.489
17.169,51.17695,0.492
17.171,51.17695,0.485
17.173,51.17695,0.493
17.175,51.17695,0.486
17.177,51.17695,0.497
17.179,51.17695,0.512
17.181,51.17695,0.473
17.183,51.17695,0.523
17.185,51.17695,0.548
17.187,51.17695,0.574
17.189,51.17695,0.512
17.191,51.17695,0.484
17.193,51.17695,0.552
17.195,51.17695,0.541
17.197,51.17695,0.548
17.199,51.17695,0.559
17.201,51.17695,0.587
17.203,51.17695,0.564
17.205,51.17695,0.523
17.207,51.17695,0.585
17.209,51.17695,0.565
17.211,51.17695,0.589
17.213,51.17695,0.576
17.215,51.17695,0.58
17.217,51.17695,0.585
17.219,51.17695,0.585
17.221,51.17695,0.553
17.223,51.17695,0.583
17.225,51.17695,0.556
17.227,51.17695,0.568
17.229,51.17695,0.581
17.231,51.17695,0.531
17.233,51.17695,0.527
17.235,51.17695,0.57
17.237,51.17695,0.538
17.239,51.17695,0.561
17.241,51.17695,0.514
17.243,51.17695,0.564
17.245,51.17695,0.58
17.247,51.17695,0.567
17.249,51.17695,0.549
16.851,51.17565,0.535
16.853,51.17565,0.546
16.855,51.17565,0.534
16.857,51.17565,0.566
16.859,51.17565,0.553
16.861,51.17565,0.58
16.863,51.17565,0.593
16.865,51.17565,0.575
16.867,51.17565,0.594
16.869,51.17565,0.521
16.871,51.17565,0.566
16.873,51.17565,0.599
16.875,51.17565,0.591
16.877,51.17565,0.582
16.879,51.17565,0.591
16.881,51.17565,0.569
16.883,51.17565,0.552
16.885,51.17565,0.561
16.887,51.17565,0.571
16.889,51.17565,0.564
16.891,51.17565,0.536
16.893,51.17565,0.499
16.895,51.17565,0.483
16.897,51.17565,0.485
16.899,51.17565,0.493
16.901,51.17565,0.464
16.903,51.17565,0.514
16.905,51.17565,0.454
16.907,51.17565,0.42
16.909,51.17565,0.438
16.911,51.17565,0.432
16.913,51.17565,0.443
16.915,51.17565,0.383
16.917,51.17565,0.437
16.919,51.17565,0.425
16.921,51.17565,0.442
16.923,51.17565,0.434
16.925,51.17565,0.473
16.927,51.17565,0.441
16.929,51.17565,0.466
16.931,51.17565,0.532
16.933,51.17565,0.539
16.935,51.17565,0.508
16.937,51.17565,0.557
16.939,51.17565,0.537
16.941,51.17565,0.562
16.943,51.17565,0.546
16.945,51.17565,0.592
16.947,51.17565,0.565
16.949,51.17565,0.583
16.951,51.17565,0.584
16.953,51.17565,0.595
16.955,51.17565,0.578
16.957,51.17565,0.608
16.959,51.17565,0.623
16.961,51.17565,0.569
16.963,51.17565,0.551
16.965,51.17565,0.556
16.967,51.17565,0.555
16.969,51.17565,0.53
16.971,51.17565,0.501
16.973,51.17565,0.552
16.975,51.17565,0.493
16.977,51.17565,0.485
16.979,51.17565,0.451
16.981,51.17565,0.471
16.983,51.17565,0.445
16.985,51.17565,0.499
16.987,51.17565,0.522
16.989,51.17565,0.472
16.991,51.17565,0.509
16.993,51.17565,0.496
16.995,51.17565,0.512
16.997,51.17565,0.484
16.999,51.17565,0.52
17.001,51.17565,0.492
17.003,51.17565,0.502
17.005,51.17565,0.458
17.007,51.17565,0.552
17.009,51.17565,0.549
17.011,51.17565,0.542
17.013,51.17565,0.529
17.015,51.17565,0.518
17.017,51.17565,0.485
17.019,51.17565,0.51
17.021,51.17565,0.535
17.023,51.17565,0.567
17.025,51.17565,0.513
17.027,51.17565,0.55
17.029,51.17565,0.563
17.031,51.17565,0.588
17.033,51.17565,0.536
17.035,51.17565,0.569
17.037,51.17565,0.546
17.039,51.17565,0.564
17.041,51.17565,0.497
17.043,51.17565,0.509
17.045,51.17565,0.515
17.047,51.17565,0.5
17.049,51.17565,0.446
17.051,51.17565,0.427
17.053,51.17565,0.428
17.055,51.17565,0.416
17.057,51.17565,0.431
17.059,51.17565,0.372
17.061,51.17565,0.387
17.063,51.17565,0.391
17.065,51.17565,0.387
17.067,51.17565,0.427
17.069,51.17565,0.438
17.071,51.17565,0.43
17.073,51.17565,0.442
17.075,51.17565,0.483
17.077,51.17565,0.503
17.079,51.17565,0.492
17.081,51.17565,0.472
17.083,51.17565,0.512
17.085,51.17565,0.539
17.087,51.17565,0.503
17.089,51.17565,0.497
17.091,51.17565,0.496
17.093,51.17565,0.512
17.095,51.17565,0.518
17.097,51.17565,0.538
17.099,51.17565,0.516
17.101,51.17565,0.488
17.103,51.17565,0.536
17.105,51.17565,0.504
17.107,51.17565,0.543
17.109,51.17565,0.545
17.111,51.17565,0.535
17.113,51.17565,0.552
17.115,51.17565,0.574
17.117,51.17565,0.602
17.119,51.17565,0.544
17.121,51.17565,0.583
17.123,51.17565,0.545
17.125,51.17565,0.573
17.127,51.17565,0.506
17.129,51.17565,0.497
17.131,51.17565,0.499
17.133,51.17565,0.502
17.135,51.17565,0.506
17.137,51.17565,0.461
17.139,51.17565,0.063
17.141,51.17565,0.018
17.143,51.17565,0.04
17.145,51.17565,0.007
17.147,51.17565,0.042
17.149,51.17565,0.035
17.151,51.17565,0.004
17.153,51.17565,0.059
17.155,51.17565,-0.019
17.157,51.17565,0.057
17.159,51.17565,-0.012
17.161,51.17565,0.525
17.163,51.17565,0.505
17.165,51.17565,0.493
17.167,51.17565,0.507
17.169,51.17565,0.496
17.171,51.17565,0.505
17.173,51.17565,0.486
17.175,51.17565,0.506
17.177,51.17565,0.529
17.179,51.17565,0.477
17.181,51.17565,0.471
17.183,51.17565,0.564
17.185,51.17565,0.531
17.187,51.17565,0.52
17.189,51.17565,0.526
17.191,51.17565,0.522
17.193,51.17565,0.562
17.195,51.17565,0.516
17.197,51.17565,0.553
17.199,51.17565,0.601
17.201,51.17565,0.573
17.203,51.17565,0.584
17.205,51.17565,0.544
17.207,51.17565,0.612
17.209,51.17565,0.602
17.211,51.17565,0.564
17.213,51.17565,0.62
17.215,51.17565,0.549
17.217,51.17565,0.559
17.219,51.17565,0.606
17.221,51.17565,0.572
17.223,51.17565,0.57
17.225,51.17565,0.619
17.227,51.17565,0.548
17.229,51.17565,0.597
17.231,51.17565,0.549
17.233,51.17565,0.547
17.235,51.17565,0.502
17.237,51.17565,0.577
17.239,51.17565,0.547
17.241,51.17565,0.523
17.243,51.17565,0.552
17.245,51.17565,0.548
17.247,51.17565,0.531
17.249,51.17565,0.514
16.851,51.17435,0.572
16.853,51.17435,0.567
16.855,51.17435,0.554
16.857,51.17435,0.606
16.859,51.17435,0.549
16.861,51.17435,0.553
16.863,51.17435,0.579
16.865,51.17435,0.592
16.867,51.17435,0.583
16.869,51.17435,0.607
16.871,51.17435,0.554
16.873,51.17435,0.584
16.875,51.17435,0.574
16.877,51.17435,0.58
16.879,51.17435,0.588
16.881,51.17435,0.574
16.883,51.17435,0.569
16.885,51.17435,0.557
16.887,51.17435,0.526
16.889,51.17435,0.534
16.891,51.17435,0.51
16.893,51.17435,0.528
16.895,51.17435,0.48
16.897,51.17435,0.504
16.899,51.17435,0.508
16.901,51.17435,0.451
16.903,51.17435,0.465
16.905,51.17435,0.49
16.907,51.17435,0.455
16.909,51.17435,0.443
16.911,51.17435,0.45
16.913,51.17435,0.457
16.915,51.17435,0.436
16.917,51.17435,0.45
16.919,51.17435,0.457
16.921,51.17435,0.417
16.923,51.17435,0.485
16.925,51.17435,0.469
16.927,51.17435,0.491
16.929,51.17435,0.464
16.931,51.17435,0.506
16.933,51.17435,0.503
16.935,51.17435,0.525
16.937,51.17435,0.538
16.939,51.17435,0.515
16.941,51.17435,0.575
16.943,51.17435,0.536
16.945,51.17435,0.587
16.947,51.17435,0.577
16.949,51.17435,0.589
16.951,51.17435,0.59
16.953,51.17435,0.58
16.955,51.17435,0.607
16.957,51.17435,0.578
16.959,51.17435,0.576
16.961,51.17435,0.584
16.963,51.17435,0.564
16.965,51.17435,0.552
16.967,51.17435,0.526
16.969,51.17435,0.524
16.971,51.17435,0.505
16.973,51.17435,0.495
16.975,51.17435,0.475
16.977,51.17435,0.514
16.979,51.17435,0.489
16.981,51.17435,0.474
16.983,51.17435,0.477
16.985,51.17435,0.492
16.987,51.17435,0.462
16.989,51.17435,0.489
16.991,51.17435,0.518
16.993,51.17435,0.512
16.995,51.17435,0.502
16.997,51.17435,0.506
16.999,51.17435,0.52
17.001,51.17435,0.512
17.003,51.17435,0.535
17.005,51.17435,0.518
17.007,51.17435,0.511
17.009,51.17435,0.537
17.011,51.17435,0.536
17.013,51.17435,0.535
17.015,51.17435,0.536
17.017,51.17435,0.505
17.019,51.17435,0.516
17.021,51.17435,0.535
17.023,51.17435,0.506
17.025,51.17435,0.488
17.027,51.17435,0.513
17.029,51.17435,0.528
17.031,51.17435,0.503
17.033,51.17435,0.539
17.035,51.17435,0.52
17.037,51.17435,0.503
17.039,51.17435,0.523
17.041,51.17435,0.514
17.043,51.17435,0.479
17.045,51.17435,0.468
17.047,51.17435,0.472
17.049,51.17435,0.457
17.051,51.17435,0.445
17.053,51.17435,0.426
17.055,51.17435,0.416
17.057,51.17435,0.409
17.059,51.17435,0.339
17.061,51.17435,0.388
17.063,51.17435,0.362
17.065,51.17435,0.393
17.067,51.17435,0.446
17.069,51.17435,0.434
17.071,51.17435,0.423
17.073,51.17435,0.443
17.075,51.17435,0.478
17.077,51.17435,0.46
17.079,51.17435,0.486
17.081,51.17435,0.502
17.083,51.17435,0.492
17.085,51.17435,0.484
17.087,51.17435,0.497
17.089,51.17435,0.482
17.091,51.17435,0.514
17.093,51.17435,0.471
17.095,51.17435,0.524
17.097,51.17435,0.525
17.099,51.17435,0.529
17.101,51.17435,0.536
17.103,51.17435,0.529
17.105,51.17435,0.555
17.107,51.17435,0.531
17.109,51.17435,0.573
17.111,51.17435,0.565
17.113,51.17435,0.571
17.115,51.17435,0.566
17.117,51.17435,0.554
17.119,51.17435,0.618
17.121,51.17435,0.547
17.123,51.17435,0.541
17.125,51.17435,0.591
17.127,51.17435,0.544
17.129,51.17435,0.531
17.131,51.17435,0.508
17.133,51.17435,0.507
17.135,51.17435,0.496
17.137,51.17435,-0.037
17.139,51.17435,0.052
17.141,51.17435,0
17.143,51.17435,0.067
17.145,51.17435,0.037
17.147,51.17435,-0.018
17.149,51.17435,-0.023
17.151,51.17435,0.064
17.153,51.17435,0.007
17.155,51.17435,0.016
17.157,51.17435,0.034
17.159,51.17435,0.486
17.161,51.17435,0.469
17.163,51.17435,0.487
17.165,51.17435,0.524
17.167,51.17435,0.471
17.169,51.17435,0.467
17.171,51.17435,0.503
17.173,51.17435,0.472
17.175,51.17435,0.521
17.177,51.17435,0.482
17.179,51.17435,0.481
17.181,51.17435,0.464
17.183,51.17435,0.497
17.185,51.17435,0.529
17.187,51.17435,0.536
17.189,51.17435,0.5
17.191,51.17435,0.554
17.193,51.17435,0.545
17.195,51.17435,0.565
17.197,51.17435,0.608
17.199,51.17435,0.57
17.201,51.17435,0.595
17.203,51.17435,0.553
17.205,51.17435,0.573
17.207,51.17435,0.622
17.209,51.17435,0.625
17.211,51.17435,0.606
17.213,51.17435,0.633
17.215,51.17435,0.635
17.217,51.17435,0.616
17.219,51.17435,0.622
17.221,51.17435,0.627
17.223,51.17435,0.62
17.225,51.17435,0.619
17.227,51.17435,0.6
17.229,51.17435,0.556
17.231,51.17435,0.561
17.233,51.17435,0.568
17.235,51.17435,0.533
17.237,51.17435,0.57
17.239,51.17435,0.55
17.241,51.17435,0.526
17.243,51.17435,0.535
17.245,51.17435,0.539
17.247,51.17435,0.53
17.249,51.17435,0.511
16.851,51.17305,0.564
16.853,51.17305,0.611
16.855,51.17305,0.573
16.857,51.17305,0.545
16.859,51.17305,0.604
16.861,51.17305,0.597
16.863,51.17305,0.566
16.865,51.17305,0.604
16.867,51.17305,0.608
16.869,51.17305,0.637
16.871,51.17305,0.591
16.873,51.17305,0.608
16.875,51.17305,0.576
16.877,51.17305,0.596
16.879,51.17305,0.597
16.881,51.17305,0.537
16.883,51.17305,0.574
16.885,51.17305,0.548
16.887,51.17305,0.572
16.889,51.17305,0.539
16.891,51.17305,0.539
16.893,51.17305,0.499
16.895,51.17305,0.526
16.897,51.17305,0.526
16.899,51.17305,0.514
16.901,51.17305,0.461
16.903,51.17305,0.505
16.905,51.17305,0.452
16.907,51.17305,0.443
16.909,51.17305,0.475
16.911,51.17305,0.438
16.913,51.17305,0.436
16.915,51.17305,0.426
16.917,51.17305,0.442
16.919,51.17305,0.445
16.921,51.17305,0.436
16.923,51.17305,0.446
16.925,51.17305,0.481
16.927,51.17305,0.454
16.929,51.17305,0.484
16.931,51.17305,0.501
16.933,51.17305,0.541
16.935,51.17305,0.526
16.937,51.17305,0.54
16.939,51.17305,0.59
16.941,51.17305,0.574
16.943,51.17305,0.579
16.945,51.17305,0.624
16.947,51.17305,0.567
16.949,51.17305,0.588
16.951,51.17305,0.57
16.953,51.17305,0.574
16.955,51.17305,0.587
16.957,51.17305,0.607
16.959,51.17305,0.592
16.961,51.17305,0.564
16.963,51.17305,0.565
16.965,51.17305,0.582
16.967,51.17305,0.502
16.969,51.17305,0.523
16.971,51.17305,0.522
16.973,51.17305,0.463
16.975,51.17305,0.46
16.977,51.17305,0.469
16.979,51.17305,0.469
16.981,51.17305,0.451
16.983,51.17305,0.482
16.985,51.17305,0.492
16.987,51.17305,0.502
16.989,51.17305,0.462
16.991,51.17305,0.475
16.993,51.17305,0.492
16.995,51.17305,0.493
16.997,51.17305,0.543
16.999,51.17305,0.495
17.001,51.17305,0.534
17.003,51.17305,0.532
17.005,51.17305,0.552
17.007,51.17305,0.518
17.009,51.17305,0.534
17.011,51.17305,0.489
17.013,51.17305,0.542
17.015,51.17305,0.515
17.017,51.17305,0.513
17.019,51.17305,0.486
17.021,51.17305,0.527
17.023,51.17305,0.509
17.025,51.17305,0.54
17.027,51.17305,0.517
17.029,51.17305,0.486
17.031,51.17305,0.469
17.033,51.17305,0.501
17.035,51.17305,0.475
17.037,51.17305,0.513
17.039,51.17305,0.515
17.041,51.17305,0.469
17.043,51.17305,0.473
17.045,51.17305,0.491
17.047,51.17305,0.459
17.049,51.17305,0.43
17.051,51.17305,0.41
17.053,51.17305,0.416
17.055,51.17305,0.41
17.057,51.17305,0.403
17.059,51.17305,0.371
17.061,51.17305,0.364
17.063,51.17305,0.386
17.065,51.17305,0.387
17.067,51.17305,0.413
17.069,51.17305,0.397
17.071,51.17305,0.446
17.073,51.17305,0.433
17.075,51.17305,0.468
17.077,51.17305,0.434
17.079,51.17305,0.484
17.081,51.17305,0.472
17.083,51.17305,0.503
17.085,51.17305,0.509
17.087,51.17305,0.512
17.089,51.17305,0.502
17.091,51.17305,0.488
17.093,51.17305,0.517
17.095,51.17305,0.534
17.097,51.17305,0.506
17.099,51.17305,0.519
17.101,51.17305,0.513
17.103,51.17305,0.518
17.105,51.17305,0.538
17.107,51.17305,0.53
17.109,51.17305,0.575
17.111,51.17305,0.525
17.113,51.17305,0.552
17.115,51.17305,0.58
17.117,51.17305,0.588
17.119,51.17305,0.553
17.121,51.17305,0.567
17.123,51.17305,0.55
17.125,51.17305,0.538
17.127,51.17305,0.54
17.129,51.17305,0.543
17.131,51.17305,0.509
17.133,51.17305,0.49
17.135,51.17305,-0.003
17.137,51.17305,0.016
17.139,51.17305,0.025
17.141,51.17305,0.056
17.143,51.17305,0.074
17.145,51.17305,0.033
17.147,51.17305,0.011
17.149,51.17305,0.03
17.151,51.17305,0.016
17.153,51.17305,0.081
17.155,51.17305,0.078
17.157,51.17305,0.529
17.159,51.17305,0.517
17.161,51.17305,0.501
17.163,51.17305,0.522
17.165,51.17305,0.497
17.167,51.17305,0.515
17.169,51.17305,0.495
17.171,51.17305,0.509
17.173,51.17305,0.487
17.175,51.17305,0.494
17.177,51.17305,0.482
17.179,51.17305,0.514
17.181,51.17305,0.508
17.183,51.17305,0.477
17.185,51.17305,0.51
17.187,51.17305,0.52
17.189,51.17305,0.542
17.191,51.17305,0.57
17.193,51.17305,0.538
17.195,51.17305,0.57
17.197,51.17305,0.578
17.199,51.17305,0.588
17.201,51.17305,0.602
17.203,51.17305,0.607
17.205,51.17305,0.622
17.207,51.17305,0.635
17.209,51.17305,0.615
17.211,51.17305,0.628
17.213,51.17305,0.625
17.215,51.17305,0.695
17.217,51.17305,0.642
17.219,51.17305,0.649
17.221,51.17305,0.638
17.223,51.17305,0.641
17.225,51.17305,0.571
17.227,51.17305,0.574
17.229,51.17305,0.554
17.231,51.17305,0.622
17.233,51.17305,0.571
17.235,51.17305,0.516
17.237,51.17305,0.511
17.239,51.17305,0.533
17.241,51.17305,0.53
17.243,51.17305,0.48
17.245,51.17305,0.545
17.247,51.17305,0.499
17.249,51.17305,0.507
16.851,51.17175,0.587
16.853,51.17175,0.576
16.855,51.17175,0.591
16.857,51.17175,0.63
16.859,51.17175,0.596
16.861,51.17175,0.612
16.863,51.17175,0.609
16.865,51.17175,0.596
16.867,51.17175,0.594
16.869,51.17175,0.607
16.871,51.17175,0.575
16.873,51.17175,0.598
16.875,51.17175,0.611
16.877,51.17175,0.614
16.879,51.17175,0.573
16.881,51.17175,0.556
16.883,51.17175,0.551
16.885,51.17175,0.54
16.887,51.17175,0.545
16.889,51.17175,0.506
16.891,51.17175,0.541
16.893,51.17175,0.521
16.895,51.17175,0.511
16.897,51.17175,0.483
16.899,51.17175,0.472
16.901,51.17175,0.514
16.903,51.17175,0.48
16.905,51.17175,0.462
16.907,51.17175,0.484
16.909,51.17175,0.475
16.911,51.17175,0.47
16.913,51.17175,0.455
16.915,51.17175,0.443
16.917,51.17175,0.452
16.919,51.17175,0.435
16.921,51.17175,0.46
16.923,51.17175,0.449
16.925,51.17175,0.505
16.927,51.17175,0.505
16.929,51.17175,0.509
16.931,51.17175,0.502
16.933,51.17175,0.509
16.935,51.17175,0.553
16.937,51.17175,0.545
16.939,51.17175,0.55
16.941,51.17175,0.581
16.943,51.17175,0.582
16.945,51.17175,0.573
16.947,51.17175,0.572
16.949,51.17175,0.587
16.951,51.17175,0.615
16.953,51.17175,0.581
16.955,51.17175,0.605
16.957,51.17175,0.586
16.959,51.17175,0.559
16.961,51.17175,0.571
16.963,51.17175,0.507
16.965,51.17175,0.527
16.967,51.17175,0.534
16.969,51.17175,0.506
16.971,51.17175,0.511
16.973,51.17175,0.504
16.975,51.17175,0.453
16.977,51.17175,0.464
16.979,51.17175,0.462
16.981,51.17175,0.412
16.983,51.17175,0.433
16.985,51.17175,0.484
16.987,51.17175,0.508
16.989,51.17175,0.457
16.991,51.17175,0.511
16.993,51.17175,0.455
16.995,51.17175,0.493
16.997,51.17175,0.518
16.999,51.17175,0.531
17.001,51.17175,0.521
17.003,51.17175,0.577
17.005,51.17175,0.52
17.007,51.17175,0.541
17.009,51.17175,0.529
17.011,51.17175,0.523
17.013,51.17175,0.5
17.015,51.17175,0.497
17.017,51.17175,0.514
17.019,51.17175,0.481
17.021,51.17175,0.471
17.023,51.17175,0.469
17.025,51.17175,0.488
17.027,51.17175,0.489
17.029,51.17175,0.472
17.031,51.17175,0.529
17.033,51.17175,0.472
17.035,51.17175,0.513
17.037,51.17175,0.49
17.039,51.17175,0.458
17.041,51.17175,0.415
17.043,51.17175,0.468
17.045,51.17175,0.452
17.047,51.17175,0.451
17.049,51.17175,0.432
17.051,51.17175,0.407
17.053,51.17175,0.406
17.055,51.17175,0.386
17.057,51.17175,0.418
17.059,51.17175,0.38
17.061,51.17175,0.397
17.063,51.17175,0.353
17.065,51.17175,0.389
17.067,51.17175,0.4
17.069,51.17175,0.398
17.071,51.17175,0.428
17.073,51.17175,0.434
17.075,51.17175,0.451
17.077,51.17175,0.443
17.079,51.17175,0.482
17.081,51.17175,0.464
17.083,51.17175,0.489
17.085,51.17175,0.504
17.087,51.17175,0.49
17.089,51.17175,0.512
17.091,51.17175,0.464
17.093,51.17175,0.505
17.095,51.17175,0.501
17.097,51.17175,0.488
17.099,51.17175,0.512
17.101,51.17175,0.549
17.103,51.17175,0.538
17.105,51.17175,0.573
17.107,51.17175,0.518
17.109,51.17175,0.549
17.111,51.17175,0.528
17.113,51.17175,0.583
17.115,51.17175,0.563
17.117,51.17175,0.559
17.119,51.17175,0.579
17.121,51.17175,0.515
17.123,51.17175,0.544
17.125,51.17175,0.541
17.127,51.17175,0.542
17.129,51.17175,0.535
17.131,51.17175,0.514
17.133,51.17175,0.007
17.135,51.17175,0.009
17.137,51.17175,0.027
17.139,51.17175,0.004
17.141,51.17175,0.021
17.143,51.17175,0.038
17.145,51.17175,-0.012
17.147,51.17175,0.039
17.149,51.17175,0.013
17.151,51.17175,0.003
17.153,51.17175,0.023
17.155,51.17175,0.523
17.157,51.17175,0.512
17.159,51.17175,0.5
17.161,51.17175,0.504
17.163,51.17175,0.542
17.165,51.17175,0.481
17.167,51.17175,0.494
17.169,51.17175,0.485
17.171,51.17175,0.496
17.173,51.17175,0.5
17.175,51.17175,0.487
17.177,51.17175,0.505
17.179,51.17175,0.519
17.181,51.17175,0.502
17.183,51.17175,0.501
17.185,51.17175,0.528
17.187,51.17175,0.557
17.189,51.17175,0.541
17.191,51.17175,0.566
17.193,51.17175,0.588
17.195,51.17175,0.531
17.197,51.17175,0.587
17.199,51.17175,0.58
17.201,51.17175,0.592
17.203,51.17175,0.603
17.205,51.17175,0.621
17.207,51.17175,0.624
17.209,51.17175,0.649
17.211,51.17175,0.664
17.213,51.17175,0.596
17.215,51.17175,0.65
17.217,51.17175,0.662
17.219,51.17175,0.657
17.221,51.17175,0.633
17.223,51.17175,0.604
17.225,51.17175,0.62
17.227,51.17175,0.606
17.229,51.17175,0.591
17.231,51.17175,0.585
17.233,51.17175,0.577
17.235,51.17175,0.572
17.237,51.17175,0.572
17.239,51.17175,0.529
17.241,51.17175,0.523
17.243,51.17175,0.486
17.245,51.17175,0.496
17.247,51.17175,0.527
17.249,51.17175,0.521
16.851,51.17045,0.621
16.853,51.17045,0.666
16.855,51.17045,0.639
16.857,51.17045,0.637
16.859,51.17045,0.603
16.861,51.17045,0.603
16.863,51.17045,0.642
16.865,51.17045,0.616
16.867,51.17045,0.624
16.869,51.17045,0.605
16.871,51.17045,0.614
16.873,51.17045,0.584
16.875,51.17045,0.554
16.877,51.17045,0.622
16.879,51.17045,0.559
16.881,51.17045,0.573
16.883,51.17045,0.566
16.885,51.17045,0.565
16.887,51.17045,0.54
16.889,51.17045,0.517
16.891,51.17045,0.511
16.893,51.17045,0.514
16.895,51.17045,0.51
16.897,51.17045,0.501
16.899,51.17045,0.47
16.901,51.17045,0.514
16.903,51.17045,0.505
16.905,51.17045,0.453
16.907,51.17045,0.496
16.909,51.17045,0.464
16.911,51.17045,0.453
16.913,51.17045,0.488
16.915,51.17045,0.442
16.917,51.17045,0.47
16.919,51.17045,0.477
16.921,51.17045,0.415
16.923,51.17045,0.48
16.925,51.17045,0.441
16.927,51.17045,0.464
16.929,51.17045,0.513
16.931,51.17045,0.501
16.933,51.17045,0.517
16.935,51.17045,0.551
16.937,51.17045,0.527
16.939,51.17045,0.553
16.941,51.17045,0.584
16.943,51.17045,0.57
16.945,51.17045,0.586
16.947,51.17045,0.56
16.949,51.17045,0.593
16.951,51.17045,0.581
16.953,51.17045,0.601
16.955,51.17045,0.604
16.957,51.17045,0.577
16.959,51.17045,0.613
16.961,51.17045,0.535
16.963,51.17045,0.529
16.965,51.17045,0.56
16.967,51.17045,0.501
16.969,51.17045,0.548
16.971,51.17045,0.464
16.973,51.17045,0.469
16.975,51.17045,0.459
16.977,51.17045,0.433
16.979,51.17045,0.455
16.981,51.17045,0.437
16.983,51.17045,0.422
16.985,51.17045,0.455
16.987,51.17045,0.457
16.989,51.17045,0.501
16.991,51.17045,0.493
16.993,51.17045,0.497
16.995,51.17045,0.498
16.997,51.17045,0.545
16.999,51.17045,0.513
17.001,51.17045,0.485
17.003,51.17045,0.489
17.005,51.17045,0.479
17.007,51.17045,0.519
17.009,51.17045,0.533
17.011,51.17045,0.488
17.013,51.17045,0.485
17.015,51.17045,0.484
17.017,51.17045,0.464
17.019,51.17045,0.437
17.021,51.17045,0.477
17.023,51.17045,0.481
17.025,51.17045,0.47
17.027,51.17045,0.464
17.029,51.17045,0.474
17.031,51.17045,0.448
17.033,51.17045,0.459
17.035,51.17045,0.457
17.037,51.17045,0.479
17.039,51.17045,0.42
17.041,51.17045,0.425
17.043,51.17045,0.443
17.045,51.17045,0.453
17.047,51.17045,0.396
17.049,51.17045,0.38
17.051,51.17045,0.407
17.053,51.17045,0.37
17.055,51.17045,0.383
17.057,51.17045,0.386
17.059,51.17045,0.4
17.061,51.17045,0.392
17.063,51.17045,0.38
17.065,51.17045,0.374
17.067,51.17045,0.378
17.069,51.17045,0.398
17.071,51.17045,0.391
17.073,51.17045,0.416
17.075,51.17045,0.43
17.077,51.17045,0.476
17.079,51.17045,0.427
17.081,51.17045,0.44
17.083,51.17045,0.484
17.085,51.17045,0.464
17.087,51.17045,0.481
17.089,51.17045,0.514
17.091,51.17045,0.495
17.093,51.17045,0.499
17.095,51.17045,0.486
17.097,51.17045,0.504
17.099,51.17045,0.504
17.101,51.17045,0.53
17.103,51.17045,0.508
17.105,51.17045,0.522
17.107,51.17045,0.552
17.109,51.17045,0.509
17.111,51.17045,0.51
17.113,51.17045,0.546
17.115,51.17045,0.608
17.117,51.17045,0.574
17.119,51.17045,0.561
17.121,51.17045,0.58
17.123,51.17045,0.51
17.125,51.17045,0.58
17.127,51.17045,0.552
17.129,51.17045,0.511
17.131,51.17045,0.098
17.133,51.17045,0.016
17.135,51.17045,0.074
17.137,51.17045,0.046
17.139,51.17045,0.032
17.141,51.17045,0.071
17.143,51.17045,0.02
17.145,51.17045,0.042
17.147,51.17045,0.056
17.149,51.17045,-0.003
17.151,51.17045,0.5
17.153,51.17045,0.503
17.155,51.17045,0.513
17.157,51.17045,0.526
17.159,51.17045,0.463
17.161,51.17045,0.52
17.163,51.17045,0.512
17.165,51.17045,0.462
17.167,51.17045,0.513
17.169,51.17045,0.51
17.171,51.17045,0.524
17.173,51.17045,0.499
17.175,51.17045,0.479
17.177,51.17045,0.471
17.179,51.17045,0.479
17.181,51.17045,0.525
17.183,51.17045,0.552
17.185,51.17045,0.512
17.187,51.17045,0.552
17.189,51.17045,0.543
17.191,51.17045,0.51
17.193,51.17045,0.587
17.195,51.17045,0.589
17.197,51.17045,0.6
17.199,51.17045,0.601
17.201,51.17045,0.63
17.203,51.17045,0.653
17.205,51.17045,0.658
17.207,51.17045,0.641
17.209,51.17045,0.686
17.211,51.17045,0.663
17.213,51.17045,0.685
17.215,51.17045,0.67
17.217,51.17045,0.656
17.219,51.17045,0.642
17.221,51.17045,0.678
17.223,51.17045,0.638
17.225,51.17045,0.665
17.227,51.17045,0.623
17.229,51.17045,0.596
17.231,51.17045,0.609
17.233,51.17045,0.572
17.235,51.17045,0.577
17.237,51.17045,0.541
17.239,51.17045,0.568
17.241,51.17045,0.552
17.243,51.17045,0.526
17.245,51.17045,0.48
17.247,51.17045,0.484
17.249,51.17045,0.495
16.851,51.16915,0.649
16.853,51.16915,0.648
16.855,51.16915,0.681
16.857,51.16915,0.628
16.859,51.16915,0.649
16.861,51.16915,0.621
16.863,51.16915,0.605
16.865,51.16915,0.603
16.867,51.16915,0.595
16.869,51.16915,0.627
16.871,51.16915,0.603
16.873,51.16915,0.601
16.875,51.16915,0.613
16.877,51.16915,0.588
16.879,51.16915,0.557
16.881,51.16915,0.59
16.883,51.16915,0.584
16.885,51.16915,0.559
16.887,51.16915,0.545
16.889,51.16915,0.547
16.891,51.16915,0.541
16.893,51.16915,0.567
16.895,51.16915,0.482
16.897,51.16915,0.532
16.899,51.16915,0.437
16.901,51.16915,0.493
16.903,51.16915,0.499
16.905,51.16915,0.474
16.907,51.16915,0.443
16.909,51.16915,0.527
16.911,51.16915,0.485
16.913,51.16915,0.465
16.915,51.16915,0.499
16.917,51.16915,0.492
16.919,51.16915,0.454
16.921,51.16915,0.471
16.923,51.16915,0.477
16.925,51.16915,0.522
16.927,51.16915,0.516
16.929,51.16915,0.499
16.931,51.16915,0.494
16.933,51.16915,0.535
16.935,51.16915,0.572
16.937,51.16915,0.544
16.939,51.16915,0.548
16.941,51.16915,0.566
16.943,51.16915,0.572
16.945,51.16915,0.576
16.947,51.16915,0.582
16.949,51.16915,0.535
16.951,51.16915,0.573
16.953,51.16915,0.571
16.955,51.16915,0.557
16.957,51.16915,0.577
16.959,51.16915,0.597
16.961,51.16915,0.577
16.963,51.16915,0.542
16.965,51.16915,0.515
16.967,51.16915,0.519
16.969,51.16915,0.523
16.971,51.16915,0.495
16.973,51.16915,0.445
16.975,51.16915,0.444
16.977,51.16915,0.468
16.979,51.16915,0.463
16.981,51.16915,0.448
16.983,51.16915,0.43
16.985,51.16915,0.461
16.987,51.16915,0.475
16.989,51.16915,0.441
16.991,51.16915,0.483
16.993,51.16915,0.507
16.995,51.16915,0.534
16.997,51.16915,0.506
16.999,51.16915,0.548
17.001,51.16915,0.517
17.003,51.16915,0.515
17.005,51.16915,0.522
17.007,51.16915,0.52
17.009,51.16915,0.518
17.011,51.16915,0.496
17.013,51.16915,0.482
17.015,51.16915,0.5
17.017,51.16915,0.501
17.019,51.16915,0.471
17.021,51.16915,0.416
17.023,51.16915,0.472
17.025,51.16915,0.452
17.027,51.16915,0.456
17.029,51.16915,0.435
17.031,51.16915,0.437
17.033,51.16915,0.461
17.035,51.16915,0.405
17.037,51.16915,0.426
17.039,51.16915,0.426
17.041,51.16915,0.453
17.043,51.16915,0.447
17.045,51.16915,0.399
17.047,51.16915,0.421
17.049,51.16915,0.405
17.051,51.16915,0.415
17.053,51.16915,0.373
17.055,51.16915,0.402
17.057,51.16915,0.384
17.059,51.16915,0.378
17.061,51.16915,0.345
17.063,51.16915,0.376
17.065,51.16915,0.371
17.067,51.16915,0.417
17.069,51.16915,0.382
17.071,51.16915,0.397
17.073,51.16915,0.425
17.075,51.16915,0.465
17.077,51.16915,0.41
17.079,51.16915,0.447
17.081,51.16915,0.468
17.083,51.16915,0.479
17.085,51.16915,0.458
17.087,51.16915,0.491
17.089,51.16915,0.47
17.091,51.16915,0.483
17.093,51.16915,0.499
17.095,51.16915,0.464
17.097,51.16915,0.497
17.099,51.16915,0.482
17.101,51.16915,0.495
17.103,51.16915,0.524
17.105,51.16915,0.528
17.107,51.16915,0.583
17.109,51.16915,0.557
17.111,51.16915,0.534
17.113,51.16915,0.481
17.115,51.16915,0.52
17.117,51.16915,0.543
17.119,51.16915,0.541
17.121,51.16915,0.545
17.123,51.16915,0.552
17.125,51.16915,0.541
17.127,51.16915,0.044
17.129,51.16915,0.061
17.131,51.16915,-0.015
17.133,51.16915,0.049
17.135,51.16915,0.026
17.137,51.16915,0.041
17.139,51.16915,0.061
17.141,51.16915,0.035
17.143,51.16915,0.108
17.145,51.16915,-0.005
17.147,51.16915,0.025
17.149,51.16915,0.498
17.151,51.16915,0.508
17.153,51.16915,0.532
17.155,51.16915,0.513
17.157,51.16915,0.483
17.159,51.16915,0.537
17.161,51.16915,0.519
17.163,51.16915,0.509
17.165,51.16915,0.506
17.167,51.16915,0.507
17.169,51.16915,0.551
17.171,51.16915,0.516
17.173,51.16915,0.549
17.175,51.16915,0.535
17.177,51.16915,0.523
17.179,51.16915,0.513
17.181,51.16915,0.517
17.183,51.16915,0.479
17.185,51.16915,0.56
17.187,51.16915,0.556
17.189,51.16915,0.563
17.191,51.16915,0.58
17.193,51.16915,0.602
17.195,51.16915,0.598
17.197,51.16915,0.614
17.199,51.16915,0.592
17.201,51.16915,0.643
17.203,51.16915,0.645
17.205,51.16915,0.649
17.207,51.16915,0.671
17.209,51.16915,0.685
17.211,51.16915,0.686
17.213,51.16915,0.66
17.215,51.16915,0.686
17.217,51.16915,0.65
17.219,51.16915,0.663
17.221,51.16915,0.665
17.223,51.16915,0.688
17.225,51.16915,0.663
17.227,51.16915,0.611
17.229,51.16915,0.643
17.231,51.16915,0.557
17.233,51.16915,0.554
17.235,51.16915,0.539
17.237,51.16915,0.51
17.239,51.16915,0.55
17.241,51.16915,0.501
17.243,51.16915,0.505
17.245,51.16915,0.48
17.247,51.16915,0.499
17.249,51.16915,0.513
16.851,51.16785,0.684
16.853,51.16785,0.666
16.855,51.16785,0.636
16.857,51.16785,0.669
16.859,51.16785,0.651
16.861,51.16785,0.652
16.863,51.16785,0.652
16.865,51.16785,0.661
16.867,51.16785,0.643
16.869,51.16785,0.634
16.871,51.16785,0.623
16.873,51.16785,0.617
16.875,51.16785,0.619
16.877,51.16785,0.583
16.879,51.16785,0.62
16.881,51.16785,0.608
16.883,51.16785,0.609
16.885,51.16785,0.558
16.887,51.16785,0.551
16.889,51.16785,0.517
16.891,51.16785,0.555
16.893,51.16785,0.535
16.895,51.16785,0.531
16.897,51.16785,0.533
16.899,51.16785,0.486
16.901,51.16785,0.49
16.903,51.16785,0.495
16.905,51.16785,0.477
16.907,51.16785,0.517
16.909,51.16785,0.512
16.911,51.16785,0.511
16.913,51.16785,0.505
16.915,51.16785,0.491
16.917,51.16785,0.497
16.919,51.16785,0.469
16.921,51.16785,0.525
16.923,51.16785,0.537
16.925,51.16785,0.495
16.927,51.16785,0.493
16.929,51.16785,0.513
16.931,51.16785,0.517
16.933,51.16785,0.506
16.935,51.16785,0.535
16.937,51.16785,0.576
16.939,51.16785,0.559
16.941,51.16785,0.582
16.943,51.16785,0.548
16.945,51.16785,0.57
16.947,51.16785,0.59
16.949,51.16785,0.558
16.951,51.16785,0.587
16.953,51.16785,0.629
16.955,51.16785,0.565
16.957,51.16785,0.549
16.959,51.16785,0.572
16.961,51.16785,0.554
16.963,51.16785,0.558
16.965,51.16785,0.515
16.967,51.16785,0.496
16.969,51.16785,0.464
16.971,51.16785,0.466
16.973,51.16785,0.465
16.975,51.16785,0.474
16.977,51.16785,0.426
16.979,51.16785,0.465
16.981,51.16785,0.465
16.983,51.16785,0.434
16.985,51.16785,0.47
16.987,51.16785,0.466
16.989,51.16785,0.432
16.991,51.16785,0.497
16.993,51.16785,0.504
16.995,51.16785,0.509
16.997,51.16785,0.534
16.999,51.16785,0.528
17.001,51.16785,0.523
17.003,51.16785,0.534
17.005,51.16785,0.527
17.007,51.16785,0.49
17.009,51.16785,0.512
17.011,51.16785,0.494
17.013,51.16785,0.456
17.015,51.16785,0.454
17.017,51.16785,0.463
17.019,51.16785,0.484
17.021,51.16785,0.458
17.023,51.16785,0.455
17.025,51.16785,0.432
17.027,51.16785,0.448
17.029,51.16785,0.466
17.031,51.16785,0.458
17.033,51.16785,0.444
17.035,51.16785,0.441
17.037,51.16785,0.383
17.039,51.16785,0.441
17.041,51.16785,0.399
17.043,51.16785,0.433
17.045,51.16785,0.416
17.047,51.16785,0.376
17.049,51.16785,0.429
17.051,51.16785,0.399
17.053,51.16785,0.368
17.055,51.16785,0.394
17.057,51.16785,0.383
17.059,51.16785,0.406
17.061,51.16785,0.416
17.063,51.16785,0.412
17.065,51.16785,0.368
17.067,51.16785,0.419
17.069,51.16785,0.426
17.071,51.16785,0.41
17.073,51.16785,0.45
17.075,51.16785,0.413
17.077,51.16785,0.471
17.079,51.16785,0.508
17.081,51.16785,0.497
17.083,51.16785,0.497
17.085,51.16785,0.478
17.087,51.16785,0.49
17.089,51.16785,0.51
17.091,51.16785,0.524
17.093,51.16785,0.529
17.095,51.16785,0.489
17.097,51.16785,0.478
17.099,51.16785,0.505
17.101,51.16785,0.53
17.103,51.16785,0.558
17.105,51.16785,0.532
17.107,51.16785,0.546
17.109,51.16785,0.521
17.111,51.16785,0.539
17.113,51.16785,0.528
17.115,51.16785,0.551
17.117,51.16785,0.555
17.119,51.16785,0.542
17.121,51.16785,0.565
17.123,51.16785,0.539
17.125,51.16785,0.011
17.127,51.16785,0.048
17.129,51.16785,0.084
17.131,51.16785,0.122
17.133,51.16785,0.037
17.135,51.16785,0.007
17.137,51.16785,0.067
17.139,51.16785,0.013
17.141,51.16785,-0.018
17.143,51.16785,0.018
17.145,51.16785,0.005
17.147,51.16785,0.467
17.149,51.16785,0.487
17.151,51.16785,0.506
17.153,51.16785,0.543
17.155,51.16785,0.507
17.157,51.16785,0.541
17.159,51.16785,0.543
17.161,51.16785,0.486
17.163,51.16785,0.474
17.165,51.16785,0.53
17.167,51.16785,0.545
17.169,51.16785,0.523
17.171,51.16785,0.531
17.173,51.16785,0.502
17.175,51.16785,0.561
17.177,51.16785,0.508
17.179,51.16785,0.528
17.181,51.16785,0.548
17.183,51.16785,0.547
17.185,51.16785,0.537
17.187,51.16785,0.553
17.189,51.16785,0.568
17.191,51.16785,0.583
17.193,51.16785,0.593
17.195,51.16785,0.587
17.197,51.16785,0.585
17.199,51.16785,0.636
17.201,51.16785,0.662
17.203,51.16785,0.661
17.205,51.16785,0.653
17.207,51.16785,0.675
17.209,51.16785,0.683
17.211,51.16785,0.679
17.213,51.16785,0.664
17.215,51.16785,0.724
17.217,51.16785,0.64
17.219,51.16785,0.7
17.221,51.16785,0.625
17.223,51.16785,0.667
17.225,51.16785,0.663
17.227,51.16785,0.649
17.229,51.16785,0.606
17.231,51.16785,0.624
17.233,51.16785,0.579
17.235,51.16785,0.564
17.237,51.16785,0.559
17.239,51.16785,0.553
17.241,51.16785,0.519
17.243,51.16785,0.519
17.245,51.16785,0.541
17.247,51.16785,0.459
17.249,51.16785,0.478
16.851,51.16655,0.679
16.853,51.16655,0.677
16.855,51.16655,0.653
16.857,51.16655,0.657
16.859,51.16655,0.665
16.861,51.16655,0.654
16.863,51.16655,0.657
16.865,51.16655,0.646
16.867,51.16655,0.659
16.869,51.16655,0.642
16.871,51.16655,0.668
16.873,51.16655,0.625
16.875,51.16655,0.59
16.877,51.16655,0.588
16.879,51.16655,0.582
16.881,51.16655,0.576
16.883,51.16655,0.592
16.885,51.16655,0.584
16.887,51.16655,0.556
16.889,51.16655,0.565
16.891,51.16655,0.596
16.893,51.16655,0.583
16.895,51.16655,0.543
16.897,51.16655,0.524
16.899,51.16655,0.55
16.901,51.16655,0.526
16.903,51.16655,0.497
16.905,51.16655,0.501
16.907,51.16655,0.484
16.909,51.16655,0.53
16.911,51.16655,0.489
16.913,51.16655,0.533
16.915,51.16655,0.498
16.917,51.16655,0.478
16.919,51.16655,0.462
16.921,51.16655,0.478
16.923,51.16655,0.475
16.925,51.16655,0.467
16.927,51.16655,0.517
16.929,51.16655,0.498
16.931,51.16655,0.518
16.933,51.16655,0.525
16.935,51.16655,0.559
16.937,51.16655,0.523
16.939,51.16655,0.563
16.941,51.16655,0.54
16.943,51.16655,0.555
16.945,51.16655,0.538
16.947,51.16655,0.583
16.949,51.16655,0.599
16.951,51.16655,0.577
16.953,51.16655,0.578
16.955,51.16655,0.604
16.957,51.16655,0.583
16.959,51.16655,0.526
16.961,51.16655,0.518
16.963,51.16655,0.513
16.965,51.16655,0.523
16.967,51.16655,0.538
16.969,51.16655,0.486
16.971,51.16655,0.5
16.973,51.16655,0.491
16.975,51.16655,0.45
16.977,51.16655,0.457
16.979,51.16655,0.405
16.981,51.16655,0.43
16.983,51.16655,0.379
16.985,51.16655,0.469
16.987,51.16655,0.492
16.989,51.16655,0.45
16.991,51.16655,0.506
16.993,51.16655,0.462
16.995,51.16655,0.503
16.997,51.16655,0.549
16.999,51.16655,0.515
17.001,51.16655,0.53
17.003,51.16655,0.518
17.005,51.16655,0.528
17.007,51.16655,0.5
17.009,51.16655,0.498
17.011,51.16655,0.499
17.013,51.16655,0.476
17.015,51.16655,0.471
17.017,51.16655,0.488
17.019,51.16655,0.442
17.021,51.16655,0.433
17.023,51.16655,0.437
17.025,51.16655,0.456
17.027,51.16655,0.454
17.029,51.16655,0.462
17.031,51.16655,0.455
17.033,51.16655,0.435
17.035,51.16655,0.451
17.037,51.16655,0.456
17.039,51.16655,0.447
17.041,51.16655,0.423
17.043,51.16655,0.403
17.045,51.16655,0.431
17.047,51.16655,0.42
17.049,51.16655,0.393
17.051,51.16655,0.397
17.053,51.16655,0.35
17.055,51.16655,0.376
17.057,51.16655,0.39
17.059,51.16655,0.391
17.061,51.16655,0.377
17.063,51.16655,0.397
17.065,51.16655,0.376
17.067,51.16655,0.423
17.069,51.16655,0.435
17.071,51.16655,0.446
17.073,51.16655,0.449
17.075,51.16655,0.469
17.077,51.16655,0.45
17.079,51.16655,0.493
17.081,51.16655,0.461
17.083,51.16655,0.487
17.085,51.16655,0.48
17.087,51.16655,0.476
17.089,51.16655,0.511
17.091,51.16655,0.508
17.093,51.16655,0.526
17.095,51.16655,0.485
17.097,51.16655,0.552
17.099,51.16655,0.521
17.101,51.16655,0.526
17.103,51.16655,0.547
17.105,51.16655,0.515
17.107,51.16655,0.515
17.109,51.16655,0.547
17.111,51.16655,0.568
17.113,51.16655,0.539
17.115,51.16655,0.524
17.117,51.16655,0.562
17.119,51.16655,0.569
17.121,51.16655,0.507
17.123,51.16655,0.016
17.125,51.16655,-0.033
17.127,51.16655,0
17.129,51.16655,0.04
17.131,51.16655,-0.003
17.133,51.16655,0
17.135,51.16655,0
17.137,51.16655,0.047
17.139,51.16655,0.065
17.141,51.16655,0.033
17.143,51.16655,0.057
17.145,51.16655,0.497
17.147,51.16655,0.501
17.149,51.16655,0.481
17.151,51.16655,0.501
17.153,51.16655,0.509
17.155,51.16655,0.518
17.157,51.16655,0.519
17.159,51.16655,0.511
17.161,51.16655,0.539
17.163,51.16655,0.523
17.165,51.16655,0.519
17.167,51.16655,0.508
17.169,51.16655,0.481
17.171,51.16655,0.511
17.173,51.16655,0.518
17.175,51.16655,0.526
17.177,51.16655,0.517
17.179,51.16655,0.529
17.181,51.16655,0.544
17.183,51.16655,0.573
17.185,51.16655,0.478
17.187,51.16655,0.539
17.189,51.16655,0.564
17.191,51.16655,0.559
17.193,51.16655,0.586
17.195,51.16655,0.624
17.197,51.16655,0.629
17.199,51.16655,0.614
17.201,51.16655,0.672
17.203,51.16655,0.656
17.205,51.16655,0.656
17.207,51.16655,0.68
17.209,51.16655,0.653
17.211,51.16655,0.687
17.213,51.16655,0.651
17.215,51.16655,0.674
17.217,51.16655,0.71
17.219,51.16655,0.692
17.221,51.16655,0.679
17.223,51.16655,0.62
17.225,51.16655,0.626
17.227,51.16655,0.587
17.229,51.16655,0.633
17.231,51.16655,0.619
17.233,51.16655,0.563
17.235,51.16655,0.576
17.237,51.16655,0.581
17.239,51.16655,0.528
17.241,51.16655,0.521
17.243,51.16655,0.522
17.245,51.16655,0.489
17.247,51.16655,0.52
17.249,51.16655,0.502
16.851,51.16525,0.699
16.853,51.16525,0.696
16.855,51.16525,0.712
16.857,51.16525,0.748
16.859,51.16525,0.696
16.861,51.16525,0.665
16.863,51.16525,0.694
16.865,51.16525,0.673
16.867,51.16525,0.633
16.869,51.16525,0.656
16.871,51.16525,0.657
16.873,51.16525,0.669
16.875,51.16525,0.615
16.877,51.16525,0.641
16.879,51.16525,0.612
16.881,51.16525,0.627
16.883,51.16525,0.6
16.885,51.16525,0.547
16.887,51.16525,0.59
16.889,51.16525,0.61
16.891,51.16525,0.548
16.893,51.16525,0.58
16.895,51.16525,0.533
16.897,51.16525,0.569
16.899,51.16525,0.554
16.901,51.16525,0.524
16.903,51.16525,0.513
16.905,51.16525,0.512
16.907,51.16525,0.544
16.909,51.16525,0.514
16.911,51.16525,0.482
16.913,51.16525,0.503
16.915,51.16525,0.533
16.917,51.16525,0.48
16.919,51.16525,0.504
16.921,51.16525,0.501
16.923,51.16525,0.542
16.925,51.16525,0.5
16.927,51.16525,0.54
16.929,51.16525,0.503
16.931,51.16525,0.508
16.933,51.16525,0.531
16.935,51.16525,0.524
16.937,51.16525,0.531
16.939,51.16525,0.548
16.941,51.16525,0.509
16.943,51.16525,0.519
16.945,51.16525,0.551
16.947,51.16525,0.53
16.949,51.16525,0.568
16.951,51.16525,0.546
16.953,51.16525,0.515
16.955,51.16525,0.544
16.957,51.16525,0.555
16.959,51.16525,0.539
16.961,51.16525,0.504
16.963,51.16525,0.576
16.965,51.16525,0.503
16.967,51.16525,0.516
16.969,51.16525,0.489
16.971,51.16525,0.485
16.973,51.16525,0.454
16.975,51.16525,0.436
16.977,51.16525,0.452
16.979,51.16525,0.416
16.981,51.16525,0.476
16.983,51.16525,0.446
16.985,51.16525,0.445
16.987,51.16525,0.479
16.989,51.16525,0.442
16.991,51.16525,0.481
16.993,51.16525,0.523
16.995,51.16525,0.52
16.997,51.16525,0.496
16.999,51.16525,0.535
17.001,51.16525,0.513
17.003,51.16525,0.508
17.005,51.16525,0.505
17.007,51.16525,0.495
17.009,51.16525,0.511
17.011,51.16525,0.488
17.013,51.16525,0.444
17.015,51.16525,0.47
17.017,51.16525,0.471
17.019,51.16525,0.461
17.021,51.16525,0.471
17.023,51.16525,0.421
17.025,51.16525,0.449
17.027,51.16525,0.445
17.029,51.16525,0.442
17.031,51.16525,0.412
17.033,51.16525,0.444
17.035,51.16525,0.442
17.037,51.16525,0.424
17.039,51.16525,0.406
17.041,51.16525,0.424
17.043,51.16525,0.393
17.045,51.16525,0.424
17.047,51.16525,0.397
17.049,51.16525,0.412
17.051,51.16525,0.446
17.053,51.16525,0.365
17.055,51.16525,0.404
17.057,51.16525,0.425
17.059,51.16525,0.393
17.061,51.16525,0.391
17.063,51.16525,0.422
17.065,51.16525,0.432
17.067,51.16525,0.442
17.069,51.16525,0.42
17.071,51.16525,0.475
17.073,51.16525,0.439
17.075,51.16525,0.464
17.077,51.16525,0.485
17.079,51.16525,0.47
17.081,51.16525,0.498
17.083,51.16525,0.538
17.085,51.16525,0.516
17.087,51.16525,0.501
17.089,51.16525,0.534
17.091,51.16525,0.514
17.093,51.16525,0.516
17.095,51.16525,0.533
17.097,51.16525,0.509
17.099,51.16525,0.548
17.101,51.16525,0.52
17.103,51.16525,0.537
17.105,51.16525,0.512
17.107,51.16525,0.555
17.109,51.16525,0.525
17.111,51.16525,0.516
17.113,51.16525,0.524
17.115,51.16525,0.565
17.117,51.16525,0.567
17.119,51.16525,0.55
17.121,51.16525,0.1
17.123,51.16525,0.016
17.125,51.16525,0.059
17.127,51.16525,0.116
17.129,51.16525,0.045
17.131,51.16525,0.045
17.133,51.16525,0.058
17.135,51.16525,-0.019
17.137,51.16525,0.025
17.139,51.16525,0.029
17.141,51.16525,0.018
17.143,51.16525,0.535
17.145,51.16525,0.507
17.147,51.16525,0.504
17.149,51.16525,0.486
17.151,51.16525,0.518
17.153,51.16525,0.501
17.155,51.16525,0.518
17.157,51.16525,0.496
17.159,51.16525,0.521
17.161,51.16525,0.512
17.163,51.16525,0.475
17.165,51.16525,0.483
17.167,51.16525,0.504
17.169,51.16525,0.529
17.171,51.16525,0.497
17.173,51.16525,0.462
17.175,51.16525,0.496
17.177,51.16525,0.502
17.179,51.16525,0.532
17.181,51.16525,0.509
17.183,51.16525,0.547
17.185,51.16525,0.527
17.187,51.16525,0.51
17.189,51.16525,0.51
17.191,51.16525,0.59
17.193,51.16525,0.552
17.195,51.16525,0.609
17.197,51.16525,0.648
17.199,51.16525,0.617
17.201,51.16525,0.616
17.203,51.16525,0.657
17.205,51.16525,0.653
17.207,51.16525,0.651
17.209,51.16525,0.667
17.211,51.16525,0.695
17.213,51.16525,0.713
17.215,51.16525,0.69
17.217,51.16525,0.707
17.219,51.16525,0.719
17.221,51.16525,0.697
17.223,51.16525,0.624
17.225,51.16525,0.671
17.227,51.16525,0.648
17.229,51.16525,0.624
17.231,51.16525,0.591
17.233,51.16525,0.577
17.235,51.16525,0.57
17.237,51.16525,0.556
17.239,51.16525,0.52
17.241,51.16525,0.552
17.243,51.16525,0.524
17.245,51.16525,0.51
17.247,51.16525,0.535
17.249,51.16525,0.489
16.851,51.16395,0.702
16.853,51.16395,0.753
16.855,51.16395,0.743
16.857,51.16395,0.707
16.859,51.16395,0.716
16.861,51.16395,0.69
16.863,51.16395,0.728
16.865,51.16395,0.711
16.867,51.16395,0.641
16.869,51.16395,0.667
16.871,51.16395,0.677
16.873,51.16395,0.625
16.875,51.16395,0.658
16.877,51.16395,0.629
16.879,51.16395,0.615
16.881,51.16395,0.634
16.883,51.16395,0.596
16.885,51.16395,0.605
16.887,51.16395,0.587
16.889,51.16395,0.602
16.891,51.16395,0.526
16.893,51.16395,0.589
16.895,51.16395,0.561
16.897,51.16395,0.552
16.899,51.16395,0.53
16.901,51.16395,0.542
16.903,51.16395,0.536
16.905,51.16395,0.532
16.907,51.16395,0.529
16.909,51.16395,0.478
16.911,51.16395,0.47
16.913,51.16395,0.527
16.915,51.16395,0.505
16.917,51.16395,0.518
16.919,51.16395,0.484
16.921,51.16395,0.493
16.923,51.16395,0.513
16.925,51.16395,0.47
16.927,51.16395,0.53
16.929,51.16395,0.484
16.931,51.16395,0.519
16.933,51.16395,0.501
16.935,51.16395,0.527
16.937,51.16395,0.51
16.939,51.16395,0.521
16.941,51.16395,0.567
16.943,51.16395,0.5
16.945,51.16395,0.596
16.947,51.16395,0.534
16.949,51.16395,0.501
16.951,51.16395,0.528
16.953,51.16395,0.555
16.955,51.16395,0.516
16.957,51.16395,0.561
16.959,51.16395,0.51
16.961,51.16395,0.528
16.963,51.16395,0.538
16.965,51.16395,0.512
16.967,51.16395,0.503
16.969,51.16395,0.475
16.971,51.16395,0.467
16.973,51.16395,0.458
16.975,51.16395,0.445
16.977,51.16395,0.432
16.979,51.16395,0.428
16.981,51.16395,0.436
16.983,51.16395,0.422
16.985,51.16395,0.42
16.987,51.16395,0.476
16.989,51.16395,0.474
16.991,51.16395,0.455
16.993,51.16395,0.464
16.995,51.16395,0.473
16.997,51.16395,0.526
16.999,51.16395,0.498
17.001,51.16395,0.5
17.003,51.16395,0.502
17.005,51.16395,0.501
17.007,51.16395,0.497
17.009,51.16395,0.489
17.011,51.16395,0.492
17.013,51.16395,0.442
17.015,51.16395,0.498
17.017,51.16395,0.431
17.019,51.16395,0.479
17.021,51.16395,0.442
17.023,51.16395,0.446
17.025,51.16395,0.408
17.027,51.16395,0.46
17.029,51.16395,0.466
17.031,51.16395,0.464
17.033,51.16395,0.427
17.035,51.16395,0.413
17.037,51.16395,0.413
17.039,51.16395,0.429
17.041,51.16395,0.413
17.043,51.16395,0.429
17.045,51.16395,0.392
17.047,51.16395,0.412
17.049,51.16395,0.394
17.051,51.16395,0.395
17.053,51.16395,0.396
17.055,51.16395,0.416
17.057,51.16395,0.372
17.059,51.16395,0.388
17.061,51.16395,0.397
17.063,51.16395,0.425
17.065,51.16395,0.414
17.067,51.16395,0.436
17.069,51.16395,0.428
17.071,51.16395,0.44
17.073,51.16395,0.488
17.075,51.16395,0.485
17.077,51.16395,0.496
17.079,51.16395,0.497
17.081,51.16395,0.522
17.083,51.16395,0.477
17.085,51.16395,0.539
17.087,51.16395,0.541
17.089,51.16395,0.513
17.091,51.16395,0.506
17.093,51.16395,0.492
17.095,51.16395,0.519
17.097,51.16395,0.521
17.099,51.16395,0.529
17.101,51.16395,0.504
17.103,51.16395,0.55
17.105,51.16395,0.543
17.107,51.16395,0.531
17.109,51.16395,0.548
17.111,51.16395,0.508
17.113,51.16395,0.531
17.115,51.16395,0.555
17.117,51.16395,0.537
17.119,51.16395,-0.007
17.121,51.16395,0.057
17.123,51.16395,0.033
17.125,51.16395,-0.004
17.127,51.16395,0.049
17.129,51.16395,0.025
17.131,51.16395,0.026
17.133,51.16395,0.026
17.135,51.16395,0.044
17.137,51.16395,0.012
17.139,51.16395,0.015
17.141,51.16395,0.523
17.143,51.16395,0.518
17.145,51.16395,0.542
17.147,51.16395,0.504
17.149,51.16395,0.509
17.151,51.16395,0.513
17.153,51.16395,0.503
17.155,51.16395,0.52
17.157,51.16395,0.537
17.159,51.16395,0.508
17.161,51.16395,0.5
17.163,51.16395,0.517
17.165,51.16395,0.49
17.167,51.16395,0.518
17.169,51.16395,0.506
17.171,51.16395,0.486
17.173,51.16395,0.494
17.175,51.16395,0.503
17.177,51.16395,0.481
17.179,51.16395,0.53
17.181,51.16395,0.536
17.183,51.16395,0.474
17.185,51.16395,0.54
17.187,51.16395,0.542
17.189,51.16395,0.563
17.191,51.16395,0.526
17.193,51.16395,0.56
17.195,51.16395,0.599
17.197,51.16395,0.633
17.199,51.16395,0.632
17.201,51.16395,0.652
17.203,51.16395,0.669
17.205,51.16395,0.662
17.207,51.16395,0.68
17.209,51.16395,0.679
17.211,51.16395,0.678
17.213,51.16395,0.688
17.215,51.16395,0.677
17.217,51.16395,0.692
17.219,51.16395,0.733
17.221,51.16395,0.694
17.223,51.16395,0.664
17.225,51.16395,0.695
17.227,51.16395,0.678
17.229,51.16395,0.638
17.231,51.16395,0.608
17.233,51.16395,0.615
17.235,51.16395,0.585
17.237,51.16395,0.523
17.239,51.16395,0.54
17.241,51.16395,0.582
17.243,51.16395,0.543
17.245,51.16395,0.506
17.247,51.16395,0.542
17.249,51.16395,0.494
16.851,51.16265,0.754
16.853,51.16265,0.729
16.855,51.16265,0.69
16.857,51.16265,0.701
16.859,51.16265,0.726
16.861,51.16265,0.695
16.863,51.16265,0.696
16.865,51.16265,0.725
16.867,51.16265,0.675
16.869,51.16265,0.717
16.871,51.16265,0.658
16.873,51.16265,0.657
16.875,51.16265,0.69
16.877,51.16265,0.623
16.879,51.16265,0.654
16.881,51.16265,0.615
16.883,51.16265,0.644
16.885,51.16265,0.604
16.887,51.16265,0.656
16.889,51.16265,0.578
16.891,51.16265,0.605
16.893,51.16265,0.594
16.895,51.16265,0.553
16.897,51.16265,0.549
16.899,51.16265,0.566
16.901,51.16265,0.532
16.903,51.16265,0.536
16.905,51.16265,0.575
16.907,51.16265,0.53
16.909,51.16265,0.519
16.911,51.16265,0.53
16.913,51.16265,0.578
16.915,51.16265,0.507
16.917,51.16265,0.491
16.919,51.16265,0.523
16.921,51.16265,0.516
16.923,51.16265,0.521
16.925,51.16265,0.525
16.927,51.16265,0.49
16.929,51.16265,0.517
16.931,51.16265,0.564
16.933,51.16265,0.498
16.935,51.16265,0.498
16.937,51.16265,0.526
16.939,51.16265,0.494
16.941,51.16265,0.475
16.943,51.16265,0.517
16.945,51.16265,0.565
16.947,51.16265,0.475
16.949,51.16265,0.555
16.951,51.16265,0.533
16.953,51.16265,0.521
16.955,51.16265,0.536
16.957,51.16265,0.533
16.959,51.16265,0.506
16.961,51.16265,0.513
16.963,51.16265,0.5
16.965,51.16265,0.511
16.967,51.16265,0.497
16.969,51.16265,0.47
16.971,51.16265,0.512
16.973,51.16265,0.477
16.975,51.16265,0.469
16.977,51.16265,0.444
16.979,51.16265,0.488
16.981,51.16265,0.437
16.983,51.16265,0.426
16.985,51.16265,0.414
16.987,51.16265,0.447
16.989,51.16265,0.462
16.991,51.16265,0.459
16.993,51.16265,0.449
16.995,51.16265,0.494
16.997,51.16265,0.456
16.999,51.16265,0.492
17.001,51.16265,0.501
17.003,51.16265,0.525
17.005,51.16265,0.484
17.007,51.16265,0.484
17.009,51.16265,0.462
17.011,51.16265,0.5
17.013,51.16265,0.492
17.015,51.16265,0.443
17.017,51.16265,0.478
17.019,51.16265,0.446
17.021,51.16265,0.433
17.023,51.16265,0.413
17.025,51.16265,0.455
17.027,51.16265,0.445
17.029,51.16265,0.452
17.031,51.16265,0.47
17.033,51.16265,0.439
17.035,51.16265,0.422
17.037,51.16265,0.417
17.039,51.16265,0.428
17.041,51.16265,0.433
17.043,51.16265,0.448
17.045,51.16265,0.417
17.047,51.16265,0.398
17.049,51.16265,0.413
17.051,51.16265,0.447
17.053,51.16265,0.414
17.055,51.16265,0.424
17.057,51.16265,0.41
17.059,51.16265,0.412
17.061,51.16265,0.414
17.063,51.16265,0.406
17.065,51.16265,0.471
17.067,51.16265,0.445
17.069,51.16265,0.438
17.071,51.16265,0.453
17.073,51.16265,0.5
17.075,51.16265,0.524
17.077,51.16265,0.518
17.079,51.16265,0.517
17.081,51.16265,0.539
17.083,51.16265,0.523
17.085,51.16265,0.554
17.087,51.16265,0.545
17.089,51.16265,0.516
17.091,51.16265,0.585
17.093,51.16265,0.53
17.095,51.16265,0.519
17.097,51.16265,0.549
17.099,51.16265,0.524
17.101,51.16265,0.523
17.103,51.16265,0.547
17.105,51.16265,0.513
17.107,51.16265,0.543
17.109,51.16265,0.56
17.111,51.16265,0.534
17.113,51.16265,0.537
17.115,51.16265,0.03
17.117,51.16265,0.017
17.119,51.16265,0.022
17.121,51.16265,-0.025
17.123,51.16265,0.008
17.125,51.16265,0.035
17.127,51.16265,0.023
17.129,51.16265,0.002
17.131,51.16265,0.001
17.133,51.16265,-0.023
17.135,51.16265,0.034
17.137,51.16265,0.531
17.139,51.16265,0.532
17.141,51.16265,0.573
17.143,51.16265,0.537
17.145,51.16265,0.518
17.147,51.16265,0.553
17.149,51.16265,0.496
17.151,51.16265,0.531
17.153,51.16265,0.537
17.155,51.16265,0.538
17.157,51.16265,0.519
17.159,51.16265,0.514
17.161,51.16265,0.538
17.163,51.16265,0.488
17.165,51.16265,0.521
17.167,51.16265,0.511
17.169,51.16265,0.482
17.171,51.16265,0.503
17.173,51.16265,0.473
17.175,51.16265,0.513
17.177,51.16265,0.533
17.179,51.16265,0.505
17.181,51.16265,0.494
17.183,51.16265,0.499
17.185,51.16265,0.538
17.187,51.16265,0.551
17.189,51.16265,0.535
17.191,51.16265,0.605
17.193,51.16265,0.558
17.195,51.16265,0.583
17.197,51.16265,0.651
17.199,51.16265,0.62
17.201,51.16265,0.639
17.203,51.16265,0.654
17.205,51.16265,0.687
17.207,51.16265,0.638
17.209,51.16265,0.707
17.211,51.16265,0.663
17.213,51.16265,0.681
17.215,51.16265,0.687
17.217,51.16265,0.685
17.219,51.16265,0.659
17.221,51.16265,0.661
17.223,51.16265,0.644
17.225,51.16265,0.658
17.227,51.16265,0.64
17.229,51.16265,0.645
17.231,51.16265,0.587
17.233,51.16265,0.598
17.235,51.16265,0.548
17.237,51.16265,0.571
17.239,51.16265,0.583
17.241,51.16265,0.555
17.243,51.16265,0.531
17.245,51.16265,0.543
17.247,51.16265,0.501
17.249,51.16265,0.525
16.851,51.16135,0.71
16.853,51.16135,0.725
16.855,51.16135,0.729
16.857,51.16135,0.72
16.859,51.16135,0.722
16.861,51.16135,0.715
16.863,51.16135,0.719
16.865,51.16135,0.762
16.867,51.16135,0.685
16.869,51.16135,0.704
16.871,51.16135,0.679
16.873,51.16135,0.682
16.875,51.16135,0.654
16.877,51.16135,0.675
16.879,51.16135,0.647
16.881,51.16135,0.657
16.883,51.16135,0.614
16.885,51.16135,0.607
16.887,51.16135,0.628
16.889,51.16135,0.619
16.891,51.16135,0.587
16.893,51.16135,0.596
16.895,51.16135,0.566
16.897,51.16135,0.584
16.899,51.16135,0.532
16.901,51.16135,0.576
16.903,51.16135,0.56
16.905,51.16135,0.542
16.907,51.16135,0.545
16.909,51.16135,0.557
16.911,51.16135,0.53
16.913,51.16135,0.532
16.915,51.16135,0.522
16.917,51.16135,0.51
16.919,51.16135,0.544
16.921,51.16135,0.532
16.923,51.16135,0.505
16.925,51.16135,0.501
16.927,51.16135,0.525
16.929,51.16135,0.513
16.931,51.16135,0.518
16.933,51.16135,0.505
16.935,51.16135,0.53
16.937,51.16135,0.518
16.939,51.16135,0.5
16.941,51.16135,0.49
16.943,51.16135,0.536
16.945,51.16135,0.522
16.947,51.16135,0.489
16.949,51.16135,0.508
16.951,51.16135,0.54
16.953,51.16135,0.508
16.955,51.16135,0.515
16.957,51.16135,0.503
16.959,51.16135,0.5
16.961,51.16135,0.511
16.963,51.16135,0.521
16.965,51.16135,0.491
16.967,51.16135,0.485
16.969,51.16135,0.442
16.971,51.16135,0.467
16.973,51.16135,0.452
16.975,51.16135,0.463
16.977,51.16135,0.452
16.979,51.16135,0.439
16.981,51.16135,0.434
16.983,51.16135,0.435
16.985,51.16135,0.39
16.987,51.16135,0.452
16.989,51.16135,0.428
16.991,51.16135,0.472
16.993,51.16135,0.46
16.995,51.16135,0.487
16.997,51.16135,0.527
16.999,51.16135,0.517
17.001,51.16135,0.485
17.003,51.16135,0.497
17.005,51.16135,0.497
17.007,51.16135,0.468
17.009,51.16135,0.514
17.011,51.16135,0.481
17.013,51.16135,0.47
17.015,51.16135,0.441
17.017,51.16135,0.456
17.019,51.16135,0.46
17.021,51.16135,0.451
17.023,51.16135,0.463
17.025,51.16135,0.417
17.027,51.16135,0.461
17.029,51.16135,0.431
17.031,51.16135,0.46
17.033,51.16135,0.434
17.035,51.16135,0.441
17.037,51.16135,0.417
17.039,51.16135,0.44
17.041,51.16135,0.423
17.043,51.16135,0.41
17.045,51.16135,0.441
17.047,51.16135,0.458
17.049,51.16135,0.423
17.051,51.16135,0.42
17.053,51.16135,0.446
17.055,51.16135,0.391
17.057,51.16135,0.402
17.059,51.16135,0.422
17.061,51.16135,0.406
17.063,51.16135,0.43
17.065,51.16135,0.425
17.067,51.16135,0.479
17.069,51.16135,0.473
17.071,51.16135,0.48
17.073,51.16135,0.545
17.075,51.16135,0.542
17.077,51.16135,0.536
17.079,51.16135,0.526
17.081,51.16135,0.539
17.083,51.16135,0.536
17.085,51.16135,0.559
17.087,51.16135,0.556
17.089,51.16135,0.582
17.091,51.16135,0.545
17.093,51.16135,0.578
17.095,51.16135,0.521
17.097,51.16135,0.582
17.099,51.16135,0.556
17.101,51.16135,0.582
17.103,51.16135,0.545
17.105,51.16135,0.565
17.107,51.16135,0.539
17.109,51.16135,0.548
17.111,51.16135,0.589
17.113,51.16135,0.01
17.115,51.16135,0.048
17.117,51.16135,0.061
17.119,51.16135,0.035
17.121,51.16135,0.041
17.123,51.16135,0.02
17.125,51.16135,0.05
17.127,51.16135,0.028
17.129,51.16135,-0.01
17.131,51.16135,0.038
17.133,51.16135,0.004
17.135,51.16135,0.55
17.137,51.16135,0.527
17.139,51.16135,0.569
17.141,51.16135,0.581
17.143,51.16135,0.51
17.145,51.16135,0.529
17.147,51.16135,0.578
17.149,51.16135,0.533
17.151,51.16135,0.497
17.153,51.16135,0.522
17.155,51.16135,0.502
17.157,51.16135,0.472
17.159,51.16135,0.522
17.161,51.16135,0.508
17.163,51.16135,0.509
17.165,51.16135,0.517
17.167,51.16135,0.472
17.169,51.16135,0.53
17.171,51.16135,0.523
17.173,51.16135,0.514
17.175,51.16135,0.51
17.177,51.16135,0.508
17.179,51.16135,0.508
17.181,51.16135,0.504
17.183,51.16135,0.537
17.185,51.16135,0.49
17.187,51.16135,0.52
17.189,51.16135,0.578
17.191,51.16135,0.578
17.193,51.16135,0.558
17.195,51.16135,0.586
17.197,51.16135,0.621
17.199,51.16135,0.638
17.201,51.16135,0.634
17.203,51.16135,0.632
17.205,51.16135,0.671
17.207,51.16135,0.642
17.209,51.16135,0.646
17.211,51.16135,0.679
17.213,51.16135,0.714
17.215,51.16135,0.696
17.217,51.16135,0.656
17.219,51.16135,0.69
17.221,51.16135,0.686
17.223,51.16135,0.667
17.225,51.16135,0.672
17.227,51.16135,0.633
17.229,51.16135,0.6
17.231,51.16135,0.569
17.233,51.16135,0.62
17.235,51.16135,0.619
17.237,51.16135,0.562
17.239,51.16135,0.555
17.241,51.16135,0.552
17.243,51.16135,0.525
17.245,51.16135,0.517
17.247,51.16135,0.53
17.249,51.16135,0.507
16.851,51.16005,0.744
16.853,51.16005,0.757
16.855,51.16005,0.71
16.857,51.16005,0.736
16.859,51.16005,0.739
16.861,51.16005,0.74
16.863,51.16005,0.723
16.865,51.16005,0.714
16.867,51.16005,0.729
16.869,51.16005,0.724
16.871,51.16005,0.733
16.873,51.16005,0.69
16.875,51.16005,0.677
16.877,51.16005,0.675
16.879,51.16005,0.678
16.881,51.16005,0.642
16.883,51.16005,0.641
16.885,51.16005,0.625
16.887,51.16005,0.588
16.889,51.16005,0.573
16.891,51.16005,0.615
16.893,51.16005,0.571
16.895,51.16005,0.575
16.897,51.16005,0.602
16.899,51.16005,0.558
16.901,51.16005,0.562
16.903,51.16005,0.562
16.905,51.16005,0.606
16.907,51.16005,0.511
16.909,51.16005,0.571
16.911,51.16005,0.544
16.913,51.16005,0.528
16.915,51.16005,0.518
16.917,51.16005,0.525
16.919,51.16005,0.544
16.921,51.16005,0.523
16.923,51.16005,0.487
16.925,51.16005,0.525
16.927,51.16005,0.528
16.929,51.16005,0.532
16.931,51.16005,0.483
16.933,51.16005,0.473
16.935,51.16005,0.489
16.937,51.16005,0.515
16.939,51.16005,0.495
16.941,51.16005,0.502
16.943,51.16005,0.51
16.945,51.16005,0.478
16.947,51.16005,0.5
16.949,51.16005,0.503
16.951,51.16005,0.493
16.953,51.16005,0.538
16.955,51.16005,0.544
16.957,51.16005,0.516
16.959,51.16005,0.504
16.961,51.16005,0.516
16.963,51.16005,0.504
16.965,51.16005,0.464
16.967,51.16005,0.487
16.969,51.16005,0.458
16.971,51.16005,0.431
16.973,51.16005,0.437
16.975,51.16005,0.507
16.977,51.16005,0.442
16.979,51.16005,0.435
16.981,51.16005,0.428
16.983,51.16005,0.437
16.985,51.16005,0.448
16.987,51.16005,0.421
16.989,51.16005,0.428
16.991,51.16005,0.471
16.993,51.16005,0.462
16.995,51.16005,0.44
16.997,51.16005,0.463
16.999,51.16005,0.461
17.001,51.16005,0.491
17.003,51.16005,0.51
17.005,51.16005,0.483
17.007,51.16005,0.466
17.009,51.16005,0.504
17.011,51.16005,0.452
17.013,51.16005,0.439
17.015,51.16005,0.468
17.017,51.16005,0.432
17.019,51.16005,0.486
17.021,51.16005,0.471
17.023,51.16005,0.428
17.025,51.16005,0.462
17.027,51.16005,0.417
17.029,51.16005,0.446
17.031,51.16005,0.439
17.033,51.16005,0.445
17.035,51.16005,0.448
17.037,51.16005,0.437
17.039,51.16005,0.438
17.041,51.16005,0.426
17.043,51.16005,0.422
17.045,51.16005,0.428
17.047,51.16005,0.385
17.049,51.16005,0.394
17.051,51.16005,0.413
17.053,51.16005,0.406
17.055,51.16005,0.404
17.057,51.16005,0.399
17.059,51.16005,0.426
17.061,51.16005,0.421
17.063,51.16005,0.44
17.065,51.16005,0.49
17.067,51.16005,0.503
17.069,51.16005,0.482
17.071,51.16005,0.506
17.073,51.16005,0.536
17.075,51.16005,0.508
17.077,51.16005,0.512
17.079,51.16005,0.565
17.081,51.16005,0.547
17.083,51.16005,0.544
17.085,51.16005,0.583
17.087,51.16005,0.557
17.089,51.16005,0.549
17.091,51.16005,0.579
17.093,51.16005,0.564
17.095,51.16005,0.544
17.097,51.16005,0.582
17.099,51.16005,0.568
17.101,51.16005,0.551
17.103,51.16005,0.548
17.105,51.16005,0.544
17.107,51.16005,0.562
17.109,51.16005,0.533
17.111,51.16005,-0.02
17.113,51.16005,-0.015
17.115,51.16005,0.03
17.117,51.16005,0.03
17.119,51.16005,0.056
17.121,51.16005,0
17.123,51.16005,0.044
17.125,51.16005,0.049
17.127,51.16005,0.014
17.129,51.16005,0.036
17.131,51.16005,0.061
17.133,51.16005,0.55
17.135,51.16005,0.547
17.137,51.16005,0.603
17.139,51.16005,0.54
17.141,51.16005,0.547
17.143,51.16005,0.515
17.145,51.16005,0.56
17.147,51.16005,0.522
17.149,51.16005,0.546
17.151,51.16005,0.528
17.153,51.16005,0.503
17.155,51.16005,0.539
17.157,51.16005,0.568
17.159,51.16005,0.511
17.161,51.16005,0.525
17.163,51.16005,0.548
17.165,51.16005,0.491
17.167,51.16005,0.457
17.169,51.16005,0.503
17.171,51.16005,0.478
17.173,51.16005,0.476
17.175,51.16005,0.484
17.177,51.16005,0.502
17.179,51.16005,0.503
17.181,51.16005,0.478
17.183,51.16005,0.475
17.185,51.16005,0.502
17.187,51.16005,0.527
17.189,51.16005,0.55
17.191,51.16005,0.555
17.193,51.16005,0.549
17.195,51.16005,0.611
17.197,51.16005,0.6
17.199,51.16005,0.604
17.201,51.16005,0.651
17.203,51.16005,0.639
17.205,51.16005,0.626
17.207,51.16005,0.653
17.209,51.16005,0.659
17.211,51.16005,0.688
17.213,51.16005,0.683
17.215,51.16005,0.743
17.217,51.16005,0.677
17.219,51.16005,0.643
17.221,51.16005,0.651
17.223,51.16005,0.673
17.225,51.16005,0.615
17.227,51.16005,0.675
17.229,51.16005,0.575
17.231,51.16005,0.616
17.233,51.16005,0.588
17.235,51.16005,0.619
17.237,51.16005,0.584
17.239,51.16005,0.574
17.241,51.16005,0.529
17.243,51.16005,0.558
17.245,51.16005,0.558
17.247,51.16005,0.544
17.249,51.16005,0.533
16.851,51.15875,0.687
16.853,51.15875,0.723
16.855,51.15875,0.737
16.857,51.15875,0.74
16.859,51.15875,0.721
16.861,51.15875,0.7
16.863,51.15875,0.734
16.865,51.15875,0.718
16.867,51.15875,0.711
16.869,51.15875,0.699
16.871,51.15875,0.735
16.873,51.15875,0.715
16.875,51.15875,0.699
16.877,51.15875,0.687
16.879,51.15875,0.668
16.881,51.15875,0.698
16.883,51.15875,0.645
16.885,51.15875,0.663
16.887,51.15875,0.604
16.889,51.15875,0.637
16.891,51.15875,0.592
16.893,51.15875,0.611
16.895,51.15875,0.587
16.897,51.15875,0.627
16.899,51.15875,0.58
16.901,51.15875,0.586
16.903,51.15875,0.544
16.905,51.15875,0.584
16.907,51.15875,0.579
16.909,51.15875,0.579
16.911,51.15875,0.571
16.913,51.15875,0.554
16.915,51.15875,0.556
16.917,51.15875,0.527
16.919,51.15875,0.537
16.921,51.15875,0.523
16.923,51.15875,0.518
16.925,51.15875,0.49
16.927,51.15875,0.536
16.929,51.15875,0.525
16.931,51.15875,0.507
16.933,51.15875,0.518
16.935,51.15875,0.465
16.937,51.15875,0.471
16.939,51.15875,0.464
16.941,51.15875,0.486
16.943,51.15875,0.473
16.945,51.15875,0.535
16.947,51.15875,0.49
16.949,51.15875,0.464
16.951,51.15875,0.541
16.953,51.15875,0.462
16.955,51.15875,0.508
16.957,51.15875,0.483
16.959,51.15875,0.544
16.961,51.15875,0.486
16.963,51.15875,0.5
16.965,51.15875,0.499
16.967,51.15875,0.48
16.969,51.15875,0.493
16.971,51.15875,0.434
16.973,51.15875,0.485
16.975,51.15875,0.45
16.977,51.15875,0.453
16.979,51.15875,0.435
16.981,51.15875,0.437
16.983,51.15875,0.46
16.985,51.15875,0.482
16.987,51.15875,0.415
16.989,51.15875,0.433
16.991,51.15875,0.482
16.993,51.15875,0.433
16.995,51.15875,0.461
16.997,51.15875,0.489
16.999,51.15875,0.474
17.001,51.15875,0.481
17.003,51.15875,0.43
17.005,51.15875,0.474
17.007,51.15875,0.458
17.009,51.15875,0.481
17.011,51.15875,0.487
17.013,51.15875,0.48
17.015,51.15875,0.458
17.017,51.15875,0.463
17.019,51.15875,0.46
17.021,51.15875,0.467
17.023,51.15875,0.464
17.025,51.15875,0.482
17.027,51.15875,0.443
17.029,51.15875,0.426
17.031,51.15875,0.443
17.033,51.15875,0.432
17.035,51.15875,0.432
17.037,51.15875,0.451
17.039,51.15875,0.41
17.041,51.15875,0.409
17.043,51.15875,0.466
17.045,51.15875,0.461
17.047,51.15875,0.42
17.049,51.15875,0.422
17.051,51.15875,0.439
17.053,51.15875,0.45
17.055,51.15875,0.391
17.057,51.15875,0.445
17.059,51.15875,0.413
17.061,51.15875,0.467
17.063,51.15875,0.432
17.065,51.15875,0.464
17.067,51.15875,0.498
17.069,51.15875,0.497
17.071,51.15875,0.482
17.073,51.15875,0.52
17.075,51.15875,0.557
17.077,51.15875,0.549
17.079,51.15875,0.585
17.081,51.15875,0.586
17.083,51.15875,0.542
17.085,51.15875,0.594
17.087,51.15875,0.597
17.089,51.15875,0.573
17.091,51.15875,0.589
17.093,51.15875,0.591
17.095,51.15875,0.581
17.097,51.15875,0.547
17.099,51.15875,0.581
17.101,51.15875,0.518
17.103,51.15875,0.562
17.105,51.15875,0.55
17.107,51.15875,0.55
17.109,51.15875,0.023
17.111,51.15875,-0.002
17.113,51.15875,0.016
17.115,51.15875,0.086
17.117,51.15875,0.07
17.119,51.15875,0.064
17.121,51.15875,0.074
17.123,51.15875,-0.011
17.125,51.15875,0.011
17.127,51.15875,0.024
17.129,51.15875,-0.001
17.131,51.15875,0.545
17.133,51.15875,0.57
17.135,51.15875,0.555
17.137,51.15875,0.552
17.139,51.15875,0.559
17.141,51.15875,0.542
17.143,51.15875,0.525
17.145,51.15875,0.541
17.147,51.15875,0.546
17.149,51.15875,0.538
17.151,51.15875,0.572
17.153,51.15875,0.555
17.155,51.15875,0.546
17.157,51.15875,0.504
17.159,51.15875,0.521
17.161,51.15875,0.527
17.163,51.15875,0.524
17.165,51.15875,0.529
17.167,51.15875,0.516
17.169,51.15875,0.528
17.171,51.15875,0.465
17.173,51.15875,0.502
17.175,51.15875,0.511
17.177,51.15875,0.463
17.179,51.15875,0.508
17.181,51.15875,0.458
17.183,51.15875,0.501
17.185,51.15875,0.535
17.187,51.15875,0.547
17.189,51.15875,0.507
17.191,51.15875,0.57
17.193,51.15875,0.584
17.195,51.15875,0.526
17.197,51.15875,0.615
17.199,51.15875,0.604
17.201,51.15875,0.617
17.203,51.15875,0.66
17.205,51.15875,0.611
17.207,51.15875,0.641
17.209,51.15875,0.658
17.211,51.15875,0.653
17.213,51.15875,0.66
17.215,51.15875,0.626
17.217,51.15875,0.713
17.219,51.15875,0.721
17.221,51.15875,0.651
17.223,51.15875,0.62
17.225,51.15875,0.695
17.227,51.15875,0.616
17.229,51.15875,0.596
17.231,51.15875,0.666
17.233,51.15875,0.588
17.235,51.15875,0.608
17.237,51.15875,0.571
17.239,51.15875,0.551
17.241,51.15875,0.563
17.243,51.15875,0.578
17.245,51.15875,0.562
17.247,51.15875,0.502
17.249,51.15875,0.508
16.851,51.15745,0.718
16.853,51.15745,0.728
16.855,51.15745,0.739
16.857,51.15745,0.762
16.859,51.15745,0.753
16.861,51.15745,0.749
16.863,51.15745,0.745
16.865,51.15745,0.723
16.867,51.15745,0.731
16.869,51.15745,0.707
16.871,51.15745,0.694
16.873,51.15745,0.696
16.875,51.15745,0.72
16.877,51.15745,0.691
16.879,51.15745,0.672
16.881,51.15745,0.682
16.883,51.15745,0.643
16.885,51.15745,0.687
16.887,51.15745,0.717
16.889,51.15745,0.622
16.891,51.15745,0.623
16.893,51.15745,0.605
16.895,51.15745,0.639
16.897,51.15745,0.602
16.899,51.15745,0.547
16.901,51.15745,0.601
16.903,51.15745,0.571
16.905,51.15745,0.561
16.907,51.15745,0.564
16.909,51.15745,0.538
16.911,51.15745,0.562
16.913,51.15745,0.561
16.915,51.15745,0.56
16.917,51.15745,0.566
16.919,51.15745,0.554
16.921,51.15745,0.543
16.923,51.15745,0.525
16.925,51.15745,0.477
16.927,51.15745,0.48
16.929,51.15745,0.518
16.931,51.15745,0.511
16.933,51.15745,0.495
16.935,51.15745,0.474
16.937,51.15745,0.49
16.939,51.15745,0.48
16.941,51.15745,0.45
16.943,51.15745,0.487
16.945,51.15745,0.472
16.947,51.15745,0.516
16.949,51.15745,0.497
16.951,51.15745,0.489
16.953,51.15745,0.531
16.955,51.15745,0.532
16.957,51.15745,0.489
16.959,51.15745,0.474
16.961,51.15745,0.47
16.963,51.15745,0.507
16.965,51.15745,0.509
16.967,51.15745,0.503
16.969,51.15745,0.476
16.971,51.15745,0.497
16.973,51.15745,0.456
16.975,51.15745,0.453
16.977,51.15745,0.425
16.979,51.15745,0.474
16.981,51.15745,0.412
16.983,51.15745,0.424
16.985,51.15745,0.416
16.987,51.15745,0.425
16.989,51.15745,0.446
16.991,51.15745,0.426
16.993,51.15745,0.43
16.995,51.15745,0.455
16.997,51.15745,0.474
16.999,51.15745,0.45
17.001,51.15745,0.46
17.003,51.15745,0.464
17.005,51.15745,0.462
17.007,51.15745,0.422
17.009,51.15745,0.501
17.011,51.15745,0.481
17.013,51.15745,0.449
17.015,51.15745,0.446
17.017,51.15745,0.458
17.019,51.15745,0.399
17.021,51.15745,0.442
17.023,51.15745,0.453
17.025,51.15745,0.457
17.027,51.15745,0.452
17.029,51.15745,0.461
17.031,51.15745,0.435
17.033,51.15745,0.433
17.035,51.15745,0.438
17.037,51.15745,0.457
17.039,51.15745,0.47
17.041,51.15745,0.447
17.043,51.15745,0.385
17.045,51.15745,0.443
17.047,51.15745,0.448
17.049,51.15745,0.432
17.051,51.15745,0.464
17.053,51.15745,0.399
17.055,51.15745,0.412
17.057,51.15745,0.438
17.059,51.15745,0.461
17.061,51.15745,0.477
17.063,51.15745,0.45
17.065,51.15745,0.497
17.067,51.15745,0.476
17.069,51.15745,0.492
17.071,51.15745,0.508
17.073,51.15745,0.566
17.075,51.15745,0.527
17.077,51.15745,0.601
17.079,51.15745,0.595
17.081,51.15745,0.581
17.083,51.15745,0.577
17.085,51.15745,0.59
17.087,51.15745,0.608
17.089,51.15745,0.571
17.091,51.15745,0.578
17.093,51.15745,0.553
17.095,51.15745,0.581
17.097,51.15745,0.573
17.099,51.15745,0.562
17.101,51.15745,0.541
17.103,51.15745,0.564
17.105,51.15745,0.569
17.107,51.15745,0.056
17.109,51.15745,0.033
17.111,51.15745,0.008
17.113,51.15745,0.025
17.115,51.15745,0.026
17.117,51.15745,0.069
17.119,51.15745,0.031
17.121,51.15745,0.021
17.123,51.15745,0.06
17.125,51.15745,0.041
17.127,51.15745,0.038
17.129,51.15745,0.553
17.131,51.15745,0.551
17.133,51.15745,0.567
17.135,51.15745,0.561
17.137,51.15745,0.556
17.139,51.15745,0.539
17.141,51.15745,0.567
17.143,51.15745,0.568
17.145,51.15745,0.58
17.147,51.15745,0.555
17.149,51.15745,0.545
17.151,51.15745,0.531
17.153,51.15745,0.541
17.155,51.15745,0.557
17.157,51.15745,0.547
17.159,51.15745,0.497
17.161,51.15745,0.518
17.163,51.15745,0.553
17.165,51.15745,0.52
17.167,51.15745,0.509
17.169,51.15745,0.493
17.171,51.15745,0.469
17.173,51.15745,0.478
17.175,51.15745,0.472
17.177,51.15745,0.475
17.179,51.15745,0.511
17.181,51.15745,0.471
17.183,51.15745,0.467
17.185,51.15745,0.523
17.187,51.15745,0.493
17.189,51.15745,0.539
17.191,51.15745,0.535
17.193,51.15745,0.539
17.195,51.15745,0.59
17.197,51.15745,0.595
17.199,51.15745,0.559
17.201,51.15745,0.617
17.203,51.15745,0.597
17.205,51.15745,0.655
17.207,51.15745,0.628
17.209,51.15745,0.638
17.211,51.15745,0.636
17.213,51.15745,0.655
17.215,51.15745,0.669
17.217,51.15745,0.682
17.219,51.15745,0.659
17.221,51.15745,0.674
17.223,51.15745,0.646
17.225,51.15745,0.656
17.227,51.15745,0.656
17.229,51.15745,0.67
17.231,51.15745,0.637
17.233,51.15745,0.611
17.235,51.15745,0.619
17.237,51.15745,0.58
17.239,51.15745,0.598
17.241,51.15745,0.576
17.243,51.15745,0.549
17.245,51.15745,0.59
17.247,51.15745,0.591
17.249,51.15745,0.579
16.851,51.15615,0.686
16.853,51.15615,0.727
16.855,51.15615,0.736
16.857,51.15615,0.731
16.859,51.15615,0.7
16.861,51.15615,0.748
16.863,51.15615,0.714
16.865,51.15615,0.734
16.867,51.15615,0.723
16.869,51.15615,0.721
16.871,51.15615,0.703
16.873,51.15615,0.71
16.875,51.15615,0.707
16.877,51.15615,0.682
16.879,51.15615,0.689
16.881,51.15615,0.673
16.883,51.15615,0.712
16.885,51.15615,0.7
16.887,51.15615,0.663
16.889,51.15615,0.653
16.891,51.15615,0.646
16.893,51.15615,0.64
16.895,51.15615,0.631
16.897,51.15615,0.614
16.899,51.15615,0.575
16.901,51.15615,0.613
16.903,51.15615,0.573
16.905,51.15615,0.584
16.907,51.15615,0.584
16.909,51.15615,0.582
16.911,51.15615,0.527
16.913,51.15615,0.555
16.915,51.15615,0.542
16.917,51.15615,0.569
16.919,51.15615,0.555
16.921,51.15615,0.522
16.923,51.15615,0.555
16.925,51.15615,0.503
16.927,51.15615,0.531
16.929,51.15615,0.466
16.931,51.15615,0.507
16.933,51.15615,0.483
16.935,51.15615,0.429
16.937,51.15615,0.509
16.939,51.15615,0.447
16.941,51.15615,0.499
16.943,51.15615,0.482
16.945,51.15615,0.492
16.947,51.15615,0.471
16.949,51.15615,0.475
16.951,51.15615,0.472
16.953,51.15615,0.506
16.955,51.15615,0.52
16.957,51.15615,0.487
16.959,51.15615,0.519
16.961,51.15615,0.478
16.963,51.15615,0.503
16.965,51.15615,0.465
16.967,51.15615,0.515
16.969,51.15615,0.477
16.971,51.15615,0.45
16.973,51.15615,0.458
16.975,51.15615,0.402
16.977,51.15615,0.421
16.979,51.15615,0.468
16.981,51.15615,0.412
16.983,51.15615,0.435
16.985,51.15615,0.423
16.987,51.15615,0.429
16.989,51.15615,0.469
16.991,51.15615,0.428
16.993,51.15615,0.424
16.995,51.15615,0.44
16.997,51.15615,0.433
16.999,51.15615,0.456
17.001,51.15615,0.454
17.003,51.15615,0.421
17.005,51.15615,0.445
17.007,51.15615,0.49
17.009,51.15615,0.47
17.011,51.15615,0.443
17.013,51.15615,0.455
17.015,51.15615,0.431
17.017,51.15615,0.444
17.019,51.15615,0.419
17.021,51.15615,0.504
17.023,51.15615,0.427
17.025,51.15615,0.46
17.027,51.15615,0.421
17.029,51.15615,0.442
17.031,51.15615,0.423
17.033,51.15615,0.429
17.035,51.15615,0.44
17.037,51.15615,0.453
17.039,51.15615,0.476
17.041,51.15615,0.414
17.043,51.15615,0.422
17.045,51.15615,0.437
17.047,51.15615,0.441
17.049,51.15615,0.431
17.051,51.15615,0.468
17.053,51.15615,0.426
17.055,51.15615,0.404
17.057,51.15615,0.415
17.059,51.15615,0.439
17.061,51.15615,0.443
17.063,51.15615,0.473
17.065,51.15615,0.473
17.067,51.15615,0.53
17.069,51.15615,0.519
17.071,51.15615,0.542
17.073,51.15615,0.549
17.075,51.15615,0.608
17.077,51.15615,0.564
17.079,51.15615,0.589
17.081,51.15615,0.628
17.083,51.15615,0.634
17.085,51.15615,0.596
17.087,51.15615,0.625
17.089,51.15615,0.598
17.091,51.15615,0.601
17.093,51.15615,0.608
17.095,51.15615,0.58
17.097,51.15615,0.568
17.099,51.15615,0.58
17.101,51.15615,0.564
17.103,51.15615,0.56
17.105,51.15615,0.035
17.107,51.15615,0.024
17.109,51.15615,-0.011
17.111,51.15615,0.004
17.113,51.15615,0.026
17.115,51.15615,0.058
17.117,51.15615,0.032
17.119,51.15615,0.058
17.121,51.15615,0.035
17.123,51.15615,0.052
17.125,51.15615,0.546
17.127,51.15615,0.552
17.129,51.15615,0.552
17.131,51.15615,0.567
17.133,51.15615,0.57
17.135,51.15615,0.58
17.137,51.15615,0.513
17.139,51.15615,0.553
17.141,51.15615,0.528
17.143,51.15615,0.57
17.145,51.15615,0.591
17.147,51.15615,0.58
17.149,51.15615,0.507
17.151,51.15615,0.565
17.153,51.15615,0.546
17.155,51.15615,0.55
17.157,51.15615,0.549
17.159,51.15615,0.533
17.161,51.15615,0.546
17.163,51.15615,0.536
17.165,51.15615,0.532
17.167,51.15615,0.518
17.169,51.15615,0.528
17.171,51.15615,0.484
17.173,51.15615,0.487
17.175,51.15615,0.47
17.177,51.15615,0.518
17.179,51.15615,0.469
17.181,51.15615,0.5
17.183,51.15615,0.494
17.185,51.15615,0.51
17.187,51.15615,0.503
17.189,51.15615,0.501
17.191,51.15615,0.551
17.193,51.15615,0.557
17.195,51.15615,0.588
17.197,51.15615,0.538
17.199,51.15615,0.551
17.201,51.15615,0.58
17.203,51.15615,0.642
17.205,51.15615,0.615
17.207,51.15615,0.636
17.209,51.15615,0.653
17.211,51.15615,0.647
17.213,51.15615,0.667
17.215,51.15615,0.668
17.217,51.15615,0.638
17.219,51.15615,0.659
17.221,51.15615,0.653
17.223,51.15615,0.651
17.225,51.15615,0.605
17.227,51.15615,0.673
17.229,51.15615,0.651
17.231,51.15615,0.62
17.233,51.15615,0.633
17.235,51.15615,0.602
17.237,51.15615,0.57
17.239,51.15615,0.553
17.241,51.15615,0.565
17.243,51.15615,0.59
17.245,51.15615,0.628
17.247,51.15615,0.576
17.249,51.15615,0.544
16.851,51.15485,0.715
16.853,51.15485,0.739
16.855,51.15485,0.75
16.857,51.15485,0.76
16.859,51.15485,0.722
16.861,51.15485,0.715
16.863,51.15485,0.707
16.865,51.15485,0.73
16.867,51.15485,0.687
16.869,51.15485,0.716
16.871,51.15485,0.712
16.873,51.15485,0.729
16.875,51.15485,0.687
16.877,51.15485,0.681
16.879,51.15485,0.706
16.881,51.15485,0.67
16.883,51.15485,0.671
16.885,51.15485,0.66
16.887,51.15485,0.663
16.889,51.15485,0.659
16.891,51.15485,0.656
16.893,51.15485,0.667
16.895,51.15485,0.616
16.897,51.15485,0.588
16.899,51.15485,0.59
16.901,51.15485,0.563
16.903,51.15485,0.592
16.905,51.15485,0.556
16.907,51.15485,0.595
16.909,51.15485,0.594
16.911,51.15485,0.598
16.913,51.15485,0.567
16.915,51.15485,0.524
16.917,51.15485,0.566
16.919,51.15485,0.539
16.921,51.15485,0.528
16.923,51.15485,0.521
16.925,51.15485,0.522
16.927,51.15485,0.518
16.929,51.15485,0.493
16.931,51.15485,0.485
16.933,51.15485,0.472
16.935,51.15485,0.483
16.937,51.15485,0.435
16.939,51.15485,0.465
16.941,51.15485,0.455
16.943,51.15485,0.482
16.945,51.15485,0.477
16.947,51.15485,0.461
16.949,51.15485,0.491
16.951,51.15485,0.514
16.953,51.15485,0.486
16.955,51.15485,0.538
16.957,51.15485,0.474
16.959,51.15485,0.454
16.961,51.15485,0.494
16.963,51.15485,0.447
16.965,51.15485,0.466
16.967,51.15485,0.499
16.969,51.15485,0.498
16.971,51.15485,0.48
16.973,51.15485,0.445
16.975,51.15485,0.438
16.977,51.15485,0.419
16.979,51.15485,0.412
16.981,51.15485,0.462
16.983,51.15485,0.424
16.985,51.15485,0.395
16.987,51.15485,0.414
16.989,51.15485,0.436
16.991,51.15485,0.431
16.993,51.15485,0.433
16.995,51.15485,0.431
16.997,51.15485,0.396
16.999,51.15485,0.464
17.001,51.15485,0.455
17.003,51.15485,0.447
17.005,51.15485,0.434
17.007,51.15485,0.463
17.009,51.15485,0.489
17.011,51.15485,0.479
17.013,51.15485,0.429
17.015,51.15485,0.459
17.017,51.15485,0.465
17.019,51.15485,0.436
17.021,51.15485,0.433
17.023,51.15485,0.442
17.025,51.15485,0.441
17.027,51.15485,0.428
17.029,51.15485,0.428
17.031,51.15485,0.472
17.033,51.15485,0.461
17.035,51.15485,0.443
17.037,51.15485,0.428
17.039,51.15485,0.442
17.041,51.15485,0.403
17.043,51.15485,0.424
17.045,51.15485,0.441
17.047,51.15485,0.41
17.049,51.15485,0.43
17.051,51.15485,0.414
17.053,51.15485,0.425
17.055,51.15485,0.404
17.057,51.15485,0.433
17.059,51.15485,0.456
17.061,51.15485,0.43
17.063,51.15485,0.484
17.065,51.15485,0.487
17.067,51.15485,0.483
17.069,51.15485,0.551
17.071,51.15485,0.542
17.073,51.15485,0.52
17.075,51.15485,0.545
17.077,51.15485,0.588
17.079,51.15485,0.605
17.081,51.15485,0.591
17.083,51.15485,0.638
17.085,51.15485,0.611
17.087,51.15485,0.598
17.089,51.15485,0.602
17.091,51.15485,0.559
17.093,51.15485,0.614
17.095,51.15485,0.626
17.097,51.15485,0.589
17.099,51.15485,0.554
17.101,51.15485,0.024
17.103,51.15485,0.043
17.105,51.15485,0.046
17.107,51.15485,0.046
17.109,51.15485,0.082
17.111,51.15485,0.02
17.113,51.15485,0.018
17.115,51.15485,0.01
17.117,51.15485,0.042
17.119,51.15485,0.047
17.121,51.15485,0.053
17.123,51.15485,0.522
17.125,51.15485,0.532
17.127,51.15485,0.563
17.129,51.15485,0.522
17.131,51.15485,0.58
17.133,51.15485,0.571
17.135,51.15485,0.582
17.137,51.15485,0.58
17.139,51.15485,0.546
17.141,51.15485,0.622
17.143,51.15485,0.551
17.145,51.15485,0.553
17.147,51.15485,0.602
17.149,51.15485,0.513
17.151,51.15485,0.581
17.153,51.15485,0.555
17.155,51.15485,0.565
17.157,51.15485,0.551
17.159,51.15485,0.529
17.161,51.15485,0.54
17.163,51.15485,0.537
17.165,51.15485,0.528
17.167,51.15485,0.527
17.169,51.15485,0.501
17.171,51.15485,0.513
17.173,51.15485,0.485
17.175,51.15485,0.477
17.177,51.15485,0.499
17.179,51.15485,0.467
17.181,51.15485,0.484
17.183,51.15485,0.48
17.185,51.15485,0.504
17.187,51.15485,0.504
17.189,51.15485,0.501
17.191,51.15485,0.542
17.193,51.15485,0.537
17.195,51.15485,0.585
17.197,51.15485,0.544
17.199,51.15485,0.56
17.201,51.15485,0.571
17.203,51.15485,0.591
17.205,51.15485,0.593
17.207,51.15485,0.617
17.209,51.15485,0.629
17.211,51.15485,0.639
17.213,51.15485,0.636
17.215,51.15485,0.622
17.217,51.15485,0.614
17.219,51.15485,0.644
17.221,51.15485,0.605
17.223,51.15485,0.62
17.225,51.15485,0.629
17.227,51.15485,0.604
17.229,51.15485,0.596
17.231,51.15485,0.641
17.233,51.15485,0.616
17.235,51.15485,0.599
17.237,51.15485,0.613
17.239,51.15485,0.598
17.241,51.15485,0.599
17.243,51.15485,0.584
17.245,51.15485,0.575
17.247,51.15485,0.545
17.249,51.15485,0.562
16.851,51.15355,0.66
16.853,51.15355,0.704
16.855,51.15355,0.714
16.857,51.15355,0.714
16.859,51.15355,0.708
16.861,51.15355,0.734
16.863,51.15355,0.762
16.865,51.15355,0.697
16.867,51.15355,0.702
16.869,51.15355,0.686
16.871,51.15355,0.725
16.873,51.15355,0.732
16.875,51.15355,0.726
16.877,51.15355,0.697
16.879,51.15355,0.709
16.881,51.15355,0.713
16.883,51.15355,0.721
16.885,51.15355,0.638
16.887,51.15355,0.66
16.889,51.15355,0.688
16.891,51.15355,0.609
16.893,51.15355,0.617
16.895,51.15355,0.635
16.897,51.15355,0.603
16.899,51.15355,0.603
16.901,51.15355,0.605
16.903,51.15355,0.561
16.905,51.15355,0.627
16.907,51.15355,0.587
16.909,51.15355,0.58
16.911,51.15355,0.608
16.913,51.15355,0.563
16.915,51.15355,0.551
16.917,51.15355,0.504
16.919,51.15355,0.57
16.921,51.15355,0.538
16.923,51.15355,0.518
16.925,51.15355,0.503
16.927,51.15355,0.515
16.929,51.15355,0.539
16.931,51.15355,0.485
16.933,51.15355,0.49
16.935,51.15355,0.49
16.937,51.15355,0.456
16.939,51.15355,0.48
16.941,51.15355,0.434
16.943,51.15355,0.452
16.945,51.15355,0.487
16.947,51.15355,0.455
16.949,51.15355,0.474
16.951,51.15355,0.477
16.953,51.15355,0.48
16.955,51.15355,0.494
16.957,51.15355,0.464
16.959,51.15355,0.507
16.961,51.15355,0.449
16.963,51.15355,0.453
16.965,51.15355,0.441
16.967,51.15355,0.49
16.969,51.15355,0.474
16.971,51.15355,0.424
16.973,51.15355,0.495
16.975,51.15355,0.436
16.977,51.15355,0.43
16.979,51.15355,0.413
16.981,51.15355,0.4
16.983,51.15355,0.465
16.985,51.15355,0.458
16.987,51.15355,0.461
16.989,51.15355,0.387
16.991,51.15355,0.456
16.993,51.15355,0.417
16.995,51.15355,0.431
16.997,51.15355,0.41
16.999,51.15355,0.398
17.001,51.15355,0.462
17.003,51.15355,0.415
17.005,51.15355,0.462
17.007,51.15355,0.455
17.009,51.15355,0.46
17.011,51.15355,0.405
17.013,51.15355,0.43
17.015,51.15355,0.431
17.017,51.15355,0.422
17.019,51.15355,0.426
17.021,51.15355,0.427
17.023,51.15355,0.45
17.025,51.15355,0.447
17.027,51.15355,0.472
17.029,51.15355,0.421
17.031,51.15355,0.445
17.033,51.15355,0.434
17.035,51.15355,0.417
17.037,51.15355,0.39
17.039,51.15355,0.433
17.041,51.15355,0.441
17.043,51.15355,0.441
17.045,51.15355,0.435
17.047,51.15355,0.444
17.049,51.15355,0.397
17.051,51.15355,0.415
17.053,51.15355,0.45
17.055,51.15355,0.448
17.057,51.15355,0.416
17.059,51.15355,0.452
17.061,51.15355,0.486
17.063,51.15355,0.511
17.065,51.15355,0.421
17.067,51.15355,0.492
17.069,51.15355,0.507
17.071,51.15355,0.516
17.073,51.15355,0.553
17.075,51.15355,0.564
17.077,51.15355,0.543
17.079,51.15355,0.576
17.081,51.15355,0.578
17.083,51.15355,0.617
17.085,51.15355,0.61
17.087,51.15355,0.639
17.089,51.15355,0.626
17.091,51.15355,0.604
17.093,51.15355,0.58
17.095,51.15355,0.576
17.097,51.15355,0.573
17.099,51.15355,0.044
17.101,51.15355,0.108
17.103,51.15355,0.017
17.105,51.15355,0.061
17.107,51.15355,0.018
17.109,51.15355,0.039
17.111,51.15355,0.022
17.113,51.15355,0.035
17.115,51.15355,0.02
17.117,51.15355,0.057
17.119,51.15355,0.06
17.121,51.15355,0.533
17.123,51.15355,0.541
17.125,51.15355,0.575
17.127,51.15355,0.56
17.129,51.15355,0.563
17.131,51.15355,0.554
17.133,51.15355,0.562
17.135,51.15355,0.583
17.137,51.15355,0.557
17.139,51.15355,0.572
17.141,51.15355,0.535
17.143,51.15355,0.538
17.145,51.15355,0.565
17.147,51.15355,0.561
17.149,51.15355,0.561
17.151,51.15355,0.547
17.153,51.15355,0.575
17.155,51.15355,0.563
17.157,51.15355,0.526
17.159,51.15355,0.55
17.161,51.15355,0.526
17.163,51.15355,0.525
17.165,51.15355,0.53
17.167,51.15355,0.514
17.169,51.15355,0.518
17.171,51.15355,0.51
17.173,51.15355,0.523
17.175,51.15355,0.463
17.177,51.15355,0.477
17.179,51.15355,0.513
17.181,51.15355,0.485
17.183,51.15355,0.453
17.185,51.15355,0.464
17.187,51.15355,0.492
17.189,51.15355,0.513
17.191,51.15355,0.535
17.193,51.15355,0.544
17.195,51.15355,0.523
17.197,51.15355,0.531
17.199,51.15355,0.575
17.201,51.15355,0.564
17.203,51.15355,0.604
17.205,51.15355,0.602
17.207,51.15355,0.633
17.209,51.15355,0.585
17.211,51.15355,0.622
17.213,51.15355,0.628
17.215,51.15355,0.639
17.217,51.15355,0.641
17.219,51.15355,0.608
17.221,51.15355,0.659
17.223,51.15355,0.621
17.225,51.15355,0.639
17.227,51.15355,0.615
17.229,51.15355,0.634
17.231,51.15355,0.609
17.233,51.15355,0.59
17.235,51.15355,0.597
17.237,51.15355,0.602
17.239,51.15355,0.601
17.241,51.15355,0.568
17.243,51.15355,0.587
17.245,51.15355,0.597
17.247,51.15355,0.588
17.249,51.15355,0.571
16.851,51.15225,0.696
16.853,51.15225,0.711
16.855,51.15225,0.727
16.857,51.15225,0.708
16.859,51.15225,0.743
16.861,51.15225,0.704
16.863,51.15225,0.705
16.865,51.15225,0.722
16.867,51.15225,0.716
16.869,51.15225,0.684
16.871,51.15225,0.744
16.873,51.15225,0.692
16.875,51.15225,0.681
16.877,51.15225,0.693
16.879,51.15225,0.712
16.881,51.15225,0.663
16.883,51.15225,0.679
16.885,51.15225,0.67
16.887,51.15225,0.665
16.889,51.15225,0.669
16.891,51.15225,0.64
16.893,51.15225,0.616
16.895,51.15225,0.653
16.897,51.15225,0.631
16.899,51.15225,0.612
16.901,51.15225,0.601
16.903,51.15225,0.542
16.905,51.15225,0.584
16.907,51.15225,0.586
16.909,51.15225,0.584
16.911,51.15225,0.566
16.913,51.15225,0.552
16.915,51.15225,0.575
16.917,51.15225,0.55
16.919,51.15225,0.596
16.921,51.15225,0.542
16.923,51.15225,0.512
16.925,51.15225,0.523
16.927,51.15225,0.491
16.929,51.15225,0.486
16.931,51.15225,0.473
16.933,51.15225,0.484
16.935,51.15225,0.497
16.937,51.15225,0.469
16.939,51.15225,0.489
16.941,51.15225,0.477
16.943,51.15225,0.417
16.945,51.15225,0.487
16.947,51.15225,0.497
16.949,51.15225,0.485
16.951,51.15225,0.467
16.953,51.15225,0.445
16.955,51.15225,0.469
16.957,51.15225,0.485
16.959,51.15225,0.413
16.961,51.15225,0.451
16.963,51.15225,0.466
16.965,51.15225,0.475
16.967,51.15225,0.412
16.969,51.15225,0.427
16.971,51.15225,0.443
16.973,51.15225,0.4
16.975,51.15225,0.458
16.977,51.15225,0.419
16.979,51.15225,0.413
16.981,51.15225,0.431
16.983,51.15225,0.423
16.985,51.15225,0.423
16.987,51.15225,0.441
16.989,51.15225,0.428
16.991,51.15225,0.443
16.993,51.15225,0.422
16.995,51.15225,0.4
16.997,51.15225,0.425
16.999,51.15225,0.457
17.001,51.15225,0.408
17.003,51.15225,0.458
17.005,51.15225,0.424
17.007,51.15225,0.427
17.009,51.15225,0.45
17.011,51.15225,0.433
17.013,51.15225,0.41
17.015,51.15225,0.443
17.017,51.15225,0.415
17.019,51.15225,0.419
17.021,51.15225,0.378
17.023,51.15225,0.465
17.025,51.15225,0.456
17.027,51.15225,0.452
17.029,51.15225,0.434
17.031,51.15225,0.432
17.033,51.15225,0.411
17.035,51.15225,0.45
17.037,51.15225,0.407
17.039,51.15225,0.402
17.041,51.15225,0.401
17.043,51.15225,0.392
17.045,51.15225,0.381
17.047,51.15225,0.393
17.049,51.15225,0.367
17.051,51.15225,0.424
17.053,51.15225,0.409
17.055,51.15225,0.415
17.057,51.15225,0.45
17.059,51.15225,0.412
17.061,51.15225,0.452
17.063,51.15225,0.472
17.065,51.15225,0.488
17.067,51.15225,0.52
17.069,51.15225,0.491
17.071,51.15225,0.553
17.073,51.15225,0.532
17.075,51.15225,0.557
17.077,51.15225,0.575
17.079,51.15225,0.603
17.081,51.15225,0.599
17.083,51.15225,0.601
17.085,51.15225,0.594
17.087,51.15225,0.619
17.089,51.15225,0.628
17.091,51.15225,0.581
17.093,51.15225,0.608
17.095,51.15225,0.59
17.097,51.15225,0.059
17.099,51.15225,0.028
17.101,51.15225,0.003
17.103,51.15225,0.06
17.105,51.15225,0.027
17.107,51.15225,0.013
17.109,51.15225,0.021
17.111,51.15225,0.032
17.113,51.15225,0.076
17.115,51.15225,0.009
17.117,51.15225,-0.013
17.119,51.15225,0.57
17.121,51.15225,0.52
17.123,51.15225,0.548
17.125,51.15225,0.529
17.127,51.15225,0.561
17.129,51.15225,0.593
17.131,51.15225,0.564
17.133,51.15225,0.537
17.135,51.15225,0.577
17.137,51.15225,0.521
17.139,51.15225,0.546
17.141,51.15225,0.586
17.143,51.15225,0.592
17.145,51.15225,0.557
17.147,51.15225,0.588
17.149,51.15225,0.561
17.151,51.15225,0.566
17.153,51.15225,0.558
17.155,51.15225,0.539
17.157,51.15225,0.53
17.159,51.15225,0.546
17.161,51.15225,0.573
17.163,51.15225,0.571
17.165,51.15225,0.5
17.167,51.15225,0.535
17.169,51.15225,0.541
17.171,51.15225,0.551
17.173,51.15225,0.492
17.175,51.15225,0.502
17.177,51.15225,0.472
17.179,51.15225,0.458
17.181,51.15225,0.486
17.183,51.15225,0.459
17.185,51.15225,0.492
17.187,51.15225,0.498
17.189,51.15225,0.512
17.191,51.15225,0.525
17.193,51.15225,0.535
17.195,51.15225,0.519
17.197,51.15225,0.544
17.199,51.15225,0.558
17.201,51.15225,0.542
17.203,51.15225,0.551
17.205,51.15225,0.592
17.207,51.15225,0.593
17.209,51.15225,0.581
17.211,51.15225,0.584
17.213,51.15225,0.65
17.215,51.15225,0.595
17.217,51.15225,0.593
17.219,51.15225,0.66
17.221,51.15225,0.614
17.223,51.15225,0.655
17.225,51.15225,0.606
17.227,51.15225,0.6
17.229,51.15225,0.577
17.231,51.15225,0.6
17.233,51.15225,0.586
17.235,51.15225,0.577
17.237,51.15225,0.586
17.239,51.15225,0.62
17.241,51.15225,0.573
17.243,51.15225,0.595
17.245,51.15225,0.575
17.247,51.15225,0.622
17.249,51.15225,0.544
16.851,51.15095,0.682
16.853,51.15095,0.697
16.855,51.15095,0.7
16.857,51.15095,0.69
16.859,51.15095,0.676
16.861,51.15095,0.756
16.863,51.15095,0.69
16.865,51.15095,0.697
16.867,51.15095,0.708
16.869,51.15095,0.708
16.871,51.15095,0.711
16.873,51.15095,0.687
16.875,51.15095,0.671
16.877,51.15095,0.706
16.879,51.15095,0.687
16.881,51.15095,0.707
16.883,51.15095,0.654
16.885,51.15095,0.683
16.887,51.15095,0.658
16.889,51.15095,0.599
16.891,51.15095,0.622
16.893,51.15095,0.632
16.895,51.15095,0.613
16.897,51.15095,0.632
16.899,51.15095,0.588
16.901,51.15095,0.585
16.903,51.15095,0.623
16.905,51.15095,0.609
16.907,51.15095,0.609
16.909,51.15095,0.554
16.911,51.15095,0.569
16.913,51.15095,0.539
16.915,51.15095,0.541
16.917,51.15095,0.524
16.919,51.15095,0.566
16.921,51.15095,0.512
16.923,51.15095,0.497
16.925,51.15095,0.495
16.927,51.15095,0.512
16.929,51.15095,0.511
16.931,51.15095,0.488
16.933,51.15095,0.509
16.935,51.15095,0.497
16.937,51.15095,0.476
16.939,51.15095,0.481
16.941,51.15095,0.446
16.943,51.15095,0.449
16.945,51.15095,0.468
16.947,51.15095,0.471
16.949,51.15095,0.463
16.951,51.15095,0.473
16.953,51.15095,0.473
16.955,51.15095,0.449
16.957,51.15095,0.47
16.959,51.15095,0.475
16.961,51.15095,0.432
16.963,51.15095,0.484
16.965,51.15095,0.456
16.967,51.15095,0.457
16.969,51.15095,0.471
16.971,51.15095,0.435
16.973,51.15095,0.47
16.975,51.15095,0.455
16.977,51.15095,0.442
16.979,51.15095,0.432
16.981,51.15095,0.43
16.983,51.15095,0.476
16.985,51.15095,0.411
16.987,51.15095,0.423
16.989,51.15095,0.436
16.991,51.15095,0.432
16.993,51.15095,0.415
16.995,51.15095,0.446
16.997,51.15095,0.463
16.999,51.15095,0.422
17.001,51.15095,0.419
17.003,51.15095,0.409
17.005,51.15095,0.453
17.007,51.15095,0.451
17.009,51.15095,0.435
17.011,51.15095,0.423
17.013,51.15095,0.42
17.015,51.15095,0.424
17.017,51.15095,0.4
17.019,51.15095,0.425
17.021,51.15095,0.427
17.023,51.15095,0.395
17.025,51.15095,0.397
17.027,51.15095,0.415
17.029,51.15095,0.393
17.031,51.15095,0.403
17.033,51.15095,0.395
17.035,51.15095,0.411
17.037,51.15095,0.375
17.039,51.15095,0.417
17.041,51.15095,0.376
17.043,51.15095,0.366
17.045,51.15095,0.365
17.047,51.15095,0.389
17.049,51.15095,0.394
17.051,51.15095,0.394
17.053,51.15095,0.415
17.055,51.15095,0.422
17.057,51.15095,0.403
17.059,51.15095,0.406
17.061,51.15095,0.413
17.063,51.15095,0.499
17.065,51.15095,0.452
17.067,51.15095,0.493
17.069,51.15095,0.469
17.071,51.15095,0.574
17.073,51.15095,0.523
17.075,51.15095,0.558
17.077,51.15095,0.578
17.079,51.15095,0.601
17.081,51.15095,0.58
17.083,51.15095,0.617
17.085,51.15095,0.605
17.087,51.15095,0.624
17.089,51.15095,0.609
17.091,51.15095,0.584
17.093,51.15095,0.58
17.095,51.15095,0.046
17.097,51.15095,0.015
17.099,51.15095,0.045
17.101,51.15095,0.01
17.103,51.15095,0.065
17.105,51.15095,-0.003
17.107,51.15095,0.026
17.109,51.15095,0.031
17.111,51.15095,0.04
17.113,51.15095,-0.005
17.115,51.15095,0.073
17.117,51.15095,0.552
17.119,51.15095,0.552
17.121,51.15095,0.546
17.123,51.15095,0.54
17.125,51.15095,0.589
17.127,51.15095,0.56
17.129,51.15095,0.58
17.131,51.15095,0.58
17.133,51.15095,0.594
17.135,51.15095,0.562
17.137,51.15095,0.589
17.139,51.15095,0.535
17.141,51.15095,0.577
17.143,51.15095,0.564
17.145,51.15095,0.591
17.147,51.15095,0.585
17.149,51.15095,0.562
17.151,51.15095,0.594
17.153,51.15095,0.574
17.155,51.15095,0.58
17.157,51.15095,0.563
17.159,51.15095,0.565
17.161,51.15095,0.583
17.163,51.15095,0.557
17.165,51.15095,0.495
17.167,51.15095,0.539
17.169,51.15095,0.535
17.171,51.15095,0.496
17.173,51.15095,0.497
17.175,51.15095,0.511
17.177,51.15095,0.502
17.179,51.15095,0.484
17.181,51.15095,0.479
17.183,51.15095,0.482
17.185,51.15095,0.497
17.187,51.15095,0.519
17.189,51.15095,0.551
17.191,51.15095,0.508
17.193,51.15095,0.507
17.195,51.15095,0.498
17.197,51.15095,0.538
17.199,51.15095,0.531
17.201,51.15095,0.5
17.203,51.15095,0.578
17.205,51.15095,0.593
17.207,51.15095,0.581
17.209,51.15095,0.573
17.211,51.15095,0.607
17.213,51.15095,0.577
17.215,51.15095,0.577
17.217,51.15095,0.592
17.219,51.15095,0.606
17.221,51.15095,0.628
17.223,51.15095,0.599
17.225,51.15095,0.615
17.227,51.15095,0.603
17.229,51.15095,0.578
17.231,51.15095,0.605
17.233,51.15095,0.618
17.235,51.15095,0.609
17.237,51.15095,0.617
17.239,51.15095,0.593
17.241,51.15095,0.588
17.243,51.15095,0.589
17.245,51.15095,0.588
17.247,51.15095,0.587
17.249,51.15095,0.584
16.851,51.14965,0.738
16.853,51.14965,0.662
16.855,51.14965,0.716
16.857,51.14965,0.642
16.859,51.14965,0.705
16.861,51.14965,0.703
16.863,51.14965,0.673
16.865,51.14965,0.693
16.867,51.14965,0.69
16.869,51.14965,0.67
16.871,51.14965,0.697
16.873,51.14965,0.676
16.875,51.14965,0.653
16.877,51.14965,0.672
16.879,51.14965,0.633
16.881,51.14965,0.699
16.883,51.14965,0.656
16.885,51.14965,0.674
16.887,51.14965,0.666
16.889,51.14965,0.632
16.891,51.14965,0.657
16.893,51.14965,0.643
16.895,51.14965,0.62
16.897,51.14965,0.601
16.899,51.14965,0.603
16.901,51.14965,0.59
16.903,51.14965,0.594
16.905,51.14965,0.572
16.907,51.14965,0.542
16.909,51.14965,0.574
16.911,51.14965,0.577
16.913,51.14965,0.544
16.915,51.14965,0.567
16.917,51.14965,0.535
16.919,51.14965,0.524
16.921,51.14965,0.501
16.923,51.14965,0.532
16.925,51.14965,0.549
16.927,51.14965,0.528
16.929,51.14965,0.488
16.931,51.14965,0.472
16.933,51.14965,0.451
16.935,51.14965,0.473
16.937,51.14965,0.471
16.939,51.14965,0.485
16.941,51.14965,0.437
16.943,51.14965,0.449
16.945,51.14965,0.474
16.947,51.14965,0.52
16.949,51.14965,0.496
16.951,51.14965,0.487
16.953,51.14965,0.456
16.955,51.14965,0.486
16.957,51.14965,0.437
16.959,51.14965,0.486
16.961,51.14965,0.443
16.963,51.14965,0.466
16.965,51.14965,0.425
16.967,51.14965,0.463
16.969,51.14965,0.436
16.971,51.14965,0.5
16.973,51.14965,0.397
16.975,51.14965,0.411
16.977,51.14965,0.455
16.979,51.14965,0.458
16.981,51.14965,0.462
16.983,51.14965,0.426
16.985,51.14965,0.45
16.987,51.14965,0.437
16.989,51.14965,0.433
16.991,51.14965,0.417
16.993,51.14965,0.432
16.995,51.14965,0.408
16.997,51.14965,0.437
16.999,51.14965,0.414
17.001,51.14965,0.444
17.003,51.14965,0.435
17.005,51.14965,0.458
17.007,51.14965,0.421
17.009,51.14965,0.423
17.011,51.14965,0.454
17.013,51.14965,0.393
17.015,51.14965,0.415
17.017,51.14965,0.404
17.019,51.14965,0.44
17.021,51.14965,0.409
17.023,51.14965,0.39
17.025,51.14965,0.387
17.027,51.14965,0.378
17.029,51.14965,0.418
17.031,51.14965,0.365
17.033,51.14965,0.387
17.035,51.14965,0.426
17.037,51.14965,0.39
17.039,51.14965,0.393
17.041,51.14965,0.36
17.043,51.14965,0.365
17.045,51.14965,0.369
17.047,51.14965,0.342
17.049,51.14965,0.371
17.051,51.14965,0.383
17.053,51.14965,0.37
17.055,51.14965,0.408
17.057,51.14965,0.385
17.059,51.14965,0.42
17.061,51.14965,0.419
17.063,51.14965,0.477
17.065,51.14965,0.444
17.067,51.14965,0.492
17.069,51.14965,0.493
17.071,51.14965,0.522
17.073,51.14965,0.532
17.075,51.14965,0.53
17.077,51.14965,0.587
17.079,51.14965,0.564
17.081,51.14965,0.568
17.083,51.14965,0.604
17.085,51.14965,0.59
17.087,51.14965,0.579
17.089,51.14965,0.594
17.091,51.14965,0.561
17.093,51.14965,0.068
17.095,51.14965,0.042
17.097,51.14965,0.014
17.099,51.14965,-0.002
17.101,51.14965,0.03
17.103,51.14965,0.016
17.105,51.14965,0.076
17.107,51.14965,-0.026
17.109,51.14965,0.033
17.111,51.14965,0.029
17.113,51.14965,0.068
17.115,51.14965,0.596
17.117,51.14965,0.542
17.119,51.14965,0.489
17.121,51.14965,0.57
17.123,51.14965,0.559
17.125,51.14965,0.557
17.127,51.14965,0.547
17.129,51.14965,0.54
17.131,51.14965,0.552
17.133,51.14965,0.571
17.135,51.14965,0.595
17.137,51.14965,0.562
17.139,51.14965,0.617
17.141,51.14965,0.596
17.143,51.14965,0.611
17.145,51.14965,0.57
17.147,51.14965,0.621
17.149,51.14965,0.572
17.151,51.14965,0.585
17.153,51.14965,0.569
17.155,51.14965,0.564
17.157,51.14965,0.59
17.159,51.14965,0.583
17.161,51.14965,0.591
17.163,51.14965,0.578
17.165,51.14965,0.539
17.167,51.14965,0.514
17.169,51.14965,0.52
17.171,51.14965,0.516
17.173,51.14965,0.485
17.175,51.14965,0.465
17.177,51.14965,0.454
17.179,51.14965,0.528
17.181,51.14965,0.477
17.183,51.14965,0.514
17.185,51.14965,0.478
17.187,51.14965,0.473
17.189,51.14965,0.521
17.191,51.14965,0.493
17.193,51.14965,0.53
17.195,51.14965,0.502
17.197,51.14965,0.522
17.199,51.14965,0.524
17.201,51.14965,0.528
17.203,51.14965,0.557
17.205,51.14965,0.584
17.207,51.14965,0.543
17.209,51.14965,0.533
17.211,51.14965,0.601
17.213,51.14965,0.589
17.215,51.14965,0.566
17.217,51.14965,0.571
17.219,51.14965,0.577
17.221,51.14965,0.606
17.223,51.14965,0.627
17.225,51.14965,0.556
17.227,51.14965,0.61
17.229,51.14965,0.607
17.231,51.14965,0.593
17.233,51.14965,0.548
17.235,51.14965,0.614
17.237,51.14965,0.591
17.239,51.14965,0.598
17.241,51.14965,0.59
17.243,51.14965,0.604
17.245,51.14965,0.616
17.247,51.14965,0.596
17.249,51.14965,0.592
16.851,51.14835,0.677
16.853,51.14835,0.67
16.855,51.14835,0.7
16.857,51.14835,0.715
16.859,51.14835,0.653
16.861,51.14835,0.646
16.863,51.14835,0.659
16.865,51.14835,0.664
16.867,51.14835,0.64
16.869,51.14835,0.644
16.871,51.14835,0.66
16.873,51.14835,0.707
16.875,51.14835,0.642
16.877,51.14835,0.632
16.879,51.14835,0.667
16.881,51.14835,0.667
16.883,51.14835,0.632
16.885,51.14835,0.645
16.887,51.14835,0.658
16.889,51.14835,0.646
16.891,51.14835,0.627
16.893,51.14835,0.627
16.895,51.14835,0.606
16.897,51.14835,0.573
16.899,51.14835,0.612
16.901,51.14835,0.606
16.903,51.14835,0.567
16.905,51.14835,0.532
16.907,51.14835,0.588
16.909,51.14835,0.553
16.911,51.14835,0.534
16.913,51.14835,0.556
16.915,51.14835,0.541
16.917,51.14835,0.533
16.919,51.14835,0.54
16.921,51.14835,0.518
16.923,51.14835,0.51
16.925,51.14835,0.508
16.927,51.14835,0.474
16.929,51.14835,0.487
16.931,51.14835,0.499
16.933,51.14835,0.524
16.935,51.14835,0.472
16.937,51.14835,0.482
16.939,51.14835,0.502
16.941,51.14835,0.472
16.943,51.14835,0.479
16.945,51.14835,0.432
16.947,51.14835,0.491
16.949,51.14835,0.478
16.951,51.14835,0.453
16.953,51.14835,0.455
16.955,51.14835,0.456
16.957,51.14835,0.469
16.959,51.14835,0.459
16.961,51.14835,0.431
16.963,51.14835,0.462
16.965,51.14835,0.438
16.967,51.14835,0.437
16.969,51.14835,0.445
16.971,51.14835,0.428
16.973,51.14835,0.451
16.975,51.14835,0.433
16.977,51.14835,0.432
16.979,51.14835,0.443
16.981,51.14835,0.405
16.983,51.14835,0.435
16.985,51.14835,0.453
16.987,51.14835,0.416
16.989,51.14835,0.392
16.991,51.14835,0.439
16.993,51.14835,0.458
16.995,51.14835,0.448
16.997,51.14835,0.46
16.999,51.14835,0.444
17.001,51.14835,0.427
17.003,51.14835,0.412
17.005,51.14835,0.402
17.007,51.14835,0.446
17.009,51.14835,0.431
17.011,51.14835,0.391
17.013,51.14835,0.418
17.015,51.14835,0.431
17.017,51.14835,0.392
17.019,51.14835,0.386
17.021,51.14835,0.363
17.023,51.14835,0.435
17.025,51.14835,0.387
17.027,51.14835,0.377
17.029,51.14835,0.374
17.031,51.14835,0.381
17.033,51.14835,0.333
17.035,51.14835,0.338
17.037,51.14835,0.341
17.039,51.14835,0.363
17.041,51.14835,0.35
17.043,51.14835,0.322
17.045,51.14835,0.362
17.047,51.14835,0.314
17.049,51.14835,0.361
17.051,51.14835,0.341
17.053,51.14835,0.357
17.055,51.14835,0.339
17.057,51.14835,0.362
17.059,51.14835,0.42
17.061,51.14835,0.414
17.063,51.14835,0.413
17.065,51.14835,0.45
17.067,51.14835,0.477
17.069,51.14835,0.496
17.071,51.14835,0.525
17.073,51.14835,0.474
17.075,51.14835,0.491
17.077,51.14835,0.527
17.079,51.14835,0.561
17.081,51.14835,0.57
17.083,51.14835,0.566
17.085,51.14835,0.556
17.087,51.14835,0.578
17.089,51.14835,-0.049
17.091,51.14835,0.004
17.093,51.14835,0.051
17.095,51.14835,0.055
17.097,51.14835,0.016
17.099,51.14835,0.035
17.101,51.14835,0.051
17.103,51.14835,0.025
17.105,51.14835,0.051
17.107,51.14835,0.011
17.109,51.14835,0.005
17.111,51.14835,0.592
17.113,51.14835,0.537
17.115,51.14835,0.57
17.117,51.14835,0.588
17.119,51.14835,0.55
17.121,51.14835,0.565
17.123,51.14835,0.547
17.125,51.14835,0.576
17.127,51.14835,0.548
17.129,51.14835,0.533
17.131,51.14835,0.58
17.133,51.14835,0.586
17.135,51.14835,0.565
17.137,51.14835,0.601
17.139,51.14835,0.61
17.141,51.14835,0.591
17.143,51.14835,0.553
17.145,51.14835,0.599
17.147,51.14835,0.573
17.149,51.14835,0.559
17.151,51.14835,0.602
17.153,51.14835,0.59
17.155,51.14835,0.593
17.157,51.14835,0.594
17.159,51.14835,0.537
17.161,51.14835,0.565
17.163,51.14835,0.544
17.165,51.14835,0.554
17.167,51.14835,0.574
17.169,51.14835,0.543
17.171,51.14835,0.492
17.173,51.14835,0.528
17.175,51.14835,0.486
17.177,51.14835,0.501
17.179,51.14835,0.469
17.181,51.14835,0.476
17.183,51.14835,0.443
17.185,51.14835,0.469
17.187,51.14835,0.493
17.189,51.14835,0.487
17.191,51.14835,0.484
17.193,51.14835,0.482
17.195,51.14835,0.557
17.197,51.14835,0.511
17.199,51.14835,0.497
17.201,51.14835,0.505
17.203,51.14835,0.552
17.205,51.14835,0.561
17.207,51.14835,0.567
17.209,51.14835,0.562
17.211,51.14835,0.61
17.213,51.14835,0.605
17.215,51.14835,0.586
17.217,51.14835,0.6
17.219,51.14835,0.574
17.221,51.14835,0.578
17.223,51.14835,0.607
17.225,51.14835,0.63
17.227,51.14835,0.604
17.229,51.14835,0.585
17.231,51.14835,0.559
17.233,51.14835,0.586
17.235,51.14835,0.552
17.237,51.14835,0.585
17.239,51.14835,0.581
17.241,51.14835,0.59
17.243,51.14835,0.616
17.245,51.14835,0.582
17.247,51.14835,0.602
17.249,51.14835,0.62
16.851,51.14705,0.67
16.853,51.14705,0.665
16.855,51.14705,0.67
16.857,51.14705,0.672
16.859,51.14705,0.668
16.861,51.14705,0.651
16.863,51.14705,0.683
16.865,51.14705,0.676
16.867,51.14705,0.653
16.869,51.14705,0.644
16.871,51.14705,0.684
16.873,51.14705,0.648
16.875,51.14705,0.653
16.877,51.14705,0.637
16.879,51.14705,0.631
16.881,51.14705,0.645
16.883,51.14705,0.62
16.885,51.14705,0.643
16.887,51.14705,0.661
16.889,51.14705,0.614
16.891,51.14705,0.633
16.893,51.14705,0.58
16.895,51.14705,0.596
16.897,51.14705,0.577
16.899,51.14705,0.604
16.901,51.14705,0.606
16.903,51.14705,0.578
16.905,51.14705,0.566
16.907,51.14705,0.533
16.909,51.14705,0.557
16.911,51.14705,0.533
16.913,51.14705,0.526
16.915,51.14705,0.527
16.917,51.14705,0.534
16.919,51.14705,0.538
16.921,51.14705,0.541
16.923,51.14705,0.515
16.925,51.14705,0.508
16.927,51.14705,0.511
16.929,51.14705,0.505
16.931,51.14705,0.48
16.933,51.14705,0.534
16.935,51.14705,0.487
16.937,51.14705,0.471
16.939,51.14705,0.478
16.941,51.14705,0.505
16.943,51.14705,0.486
16.945,51.14705,0.448
16.947,51.14705,0.523
16.949,51.14705,0.492
16.951,51.14705,0.495
16.953,51.14705,0.474
16.955,51.14705,0.475
16.957,51.14705,0.488
16.959,51.14705,0.451
16.961,51.14705,0.453
16.963,51.14705,0.443
16.965,51.14705,0.456
16.967,51.14705,0.426
16.969,51.14705,0.434
16.971,51.14705,0.45
16.973,51.14705,0.448
16.975,51.14705,0.43
16.977,51.14705,0.445
16.979,51.14705,0.447
16.981,51.14705,0.431
16.983,51.14705,0.427
16.985,51.14705,0.406
16.987,51.14705,0.447
16.989,51.14705,0.47
16.991,51.14705,0.398
16.993,51.14705,0.417
16.995,51.14705,0.409
16.997,51.14705,0.445
16.999,51.14705,0.411
17.001,51.14705,0.4
17.003,51.14705,0.448
17.005,51.14705,0.431
17.007,51.14705,0.448
17.009,51.14705,0.406
17.011,51.14705,0.391
17.013,51.14705,0.415
17.015,51.14705,0.372
17.017,51.14705,0.401
17.019,51.14705,0.401
17.021,51.14705,0.35
17.023,51.14705,0.383
17.025,51.14705,0.351
17.027,51.14705,0.325
17.029,51.14705,0.336
17.031,51.14705,0.372
17.033,51.14705,0.337
17.035,51.14705,0.318
17.037,51.14705,0.339
17.039,51.14705,0.351
17.041,51.14705,0.353
17.043,51.14705,0.333
17.045,51.14705,0.31
17.047,51.14705,0.386
17.049,51.14705,0.331
17.051,51.14705,0.348
17.053,51.14705,0.367
17.055,51.14705,0.365
17.057,51.14705,0.36
17.059,51.14705,0.393
17.061,51.14705,0.417
17.063,51.14705,0.383
17.065,51.14705,0.439
17.067,51.14705,0.454
17.069,51.14705,0.476
17.071,51.14705,0.497
17.073,51.14705,0.516
17.075,51.14705,0.508
17.077,51.14705,0.519
17.079,51.14705,0.575
17.081,51.14705,0.546
17.083,51.14705,0.517
17.085,51.14705,0.556
17.087,51.14705,0.057
17.089,51.14705,0.005
17.091,51.14705,0.082
17.093,51.14705,0.061
17.095,51.14705,0.04
17.097,51.14705,0.024
17.099,51.14705,0.015
17.101,51.14705,0.016
17.103,51.14705,0.035
17.105,51.14705,0.054
17.107,51.14705,0.063
17.109,51.14705,0.605
17.111,51.14705,0.542
17.113,51.14705,0.555
17.115,51.14705,0.57
17.117,51.14705,0.556
17.119,51.14705,0.54
17.121,51.14705,0.525
17.123,51.14705,0.56
17.125,51.14705,0.551
17.127,51.14705,0.59
17.129,51.14705,0.579
17.131,51.14705,0.565
17.133,51.14705,0.545
17.135,51.14705,0.555
17.137,51.14705,0.569
17.139,51.14705,0.571
17.141,51.14705,0.578
17.143,51.14705,0.617
17.145,51.14705,0.597
17.147,51.14705,0.592
17.149,51.14705,0.601
17.151,51.14705,0.578
17.153,51.14705,0.606
17.155,51.14705,0.59
17.157,51.14705,0.578
17.159,51.14705,0.596
17.161,51.14705,0.575
17.163,51.14705,0.545
17.165,51.14705,0.618
17.167,51.14705,0.551
17.169,51.14705,0.589
17.171,51.14705,0.513
17.173,51.14705,0.528
17.175,51.14705,0.505
17.177,51.14705,0.489
17.179,51.14705,0.431
17.181,51.14705,0.506
17.183,51.14705,0.493
17.185,51.14705,0.476
17.187,51.14705,0.456
17.189,51.14705,0.496
17.191,51.14705,0.497
17.193,51.14705,0.519
17.195,51.14705,0.556
17.197,51.14705,0.488
17.199,51.14705,0.502
17.201,51.14705,0.489
17.203,51.14705,0.537
17.205,51.14705,0.533
17.207,51.14705,0.586
17.209,51.14705,0.568
17.211,51.14705,0.561
17.213,51.14705,0.587
17.215,51.14705,0.586
17.217,51.14705,0.571
17.219,51.14705,0.606
17.221,51.14705,0.594
17.223,51.14705,0.593
17.225,51.14705,0.59
17.227,51.14705,0.612
17.229,51.14705,0.583
17.231,51.14705,0.564
17.233,51.14705,0.612
17.235,51.14705,0.611
17.237,51.14705,0.603
17.239,51.14705,0.589
17.241,51.14705,0.614
17.243,51.14705,0.591
17.245,51.14705,0.592
17.247,51.14705,0.594
17.249,51.14705,0.614
16.851,51.14575,0.697
16.853,51.14575,0.684
16.855,51.14575,0.66
16.857,51.14575,0.618
16.859,51.14575,0.661
16.861,51.14575,0.637
16.863,51.14575,0.667
16.865,51.14575,0.656
16.867,51.14575,0.647
16.869,51.14575,0.627
16.871,51.14575,0.638
16.873,51.14575,0.624
16.875,51.14575,0.621
16.877,51.14575,0.635
16.879,51.14575,0.656
16.881,51.14575,0.627
16.883,51.14575,0.633
16.885,51.14575,0.6
16.887,51.14575,0.618
16.889,51.14575,0.659
16.891,51.14575,0.621
16.893,51.14575,0.592
16.895,51.14575,0.584
16.897,51.14575,0.613
16.899,51.14575,0.589
16.901,51.14575,0.602
16.903,51.14575,0.57
16.905,51.14575,0.576
16.907,51.14575,0.549
16.909,51.14575,0.54
16.911,51.14575,0.541
16.913,51.14575,0.529
16.915,51.14575,0.535
16.917,51.14575,0.536
16.919,51.14575,0.492
16.921,51.14575,0.523
16.923,51.14575,0.522
16.925,51.14575,0.475
16.927,51.14575,0.52
16.929,51.14575,0.562
16.931,51.14575,0.526
16.933,51.14575,0.497
16.935,51.14575,0.502
16.937,51.14575,0.506
16.939,51.14575,0.497
16.941,51.14575,0.472
16.943,51.14575,0.506
16.945,51.14575,0.506
16.947,51.14575,0.51
16.949,51.14575,0.467
16.951,51.14575,0.471
16.953,51.14575,0.439
16.955,51.14575,0.451
16.957,51.14575,0.453
16.959,51.14575,0.442
16.961,51.14575,0.445
16.963,51.14575,0.475
16.965,51.14575,0.415
16.967,51.14575,0.442
16.969,51.14575,0.44
16.971,51.14575,0.426
16.973,51.14575,0.441
16.975,51.14575,0.454
16.977,51.14575,0.431
16.979,51.14575,0.427
16.981,51.14575,0.432
16.983,51.14575,0.419
16.985,51.14575,0.455
16.987,51.14575,0.466
16.989,51.14575,0.413
16.991,51.14575,0.412
16.993,51.14575,0.44
16.995,51.14575,0.403
16.997,51.14575,0.418
16.999,51.14575,0.423
17.001,51.14575,0.435
17.003,51.14575,0.395
17.005,51.14575,0.401
17.007,51.14575,0.421
17.009,51.14575,0.408
17.011,51.14575,0.402
17.013,51.14575,0.368
17.015,51.14575,0.408
17.017,51.14575,0.364
17.019,51.14575,0.383
17.021,51.14575,0.358
17.023,51.14575,0.356
17.025,51.14575,0.368
17.027,51.14575,0.35
17.029,51.14575,0.314
17.031,51.14575,0.324
17.033,51.14575,0.323
17.035,51.14575,0.308
17.037,51.14575,0.265
17.039,51.14575,0.31
17.041,51.14575,0.273
17.043,51.14575,0.326
17.045,51.14575,0.312
17.047,51.14575,0.348
17.049,51.14575,0.355
17.051,51.14575,0.334
17.053,51.14575,0.378
17.055,51.14575,0.399
17.057,51.14575,0.361
17.059,51.14575,0.421
17.061,51.14575,0.349
17.063,51.14575,0.422
17.065,51.14575,0.396
17.067,51.14575,0.473
17.069,51.14575,0.428
17.071,51.14575,0.449
17.073,51.14575,0.492
17.075,51.14575,0.474
17.077,51.14575,0.485
17.079,51.14575,0.482
17.081,51.14575,0.539
17.083,51.14575,0.521
17.085,51.14575,0.054
17.087,51.14575,0.051
17.089,51.14575,0.037
17.091,51.14575,0.004
17.093,51.14575,0.067
17.095,51.14575,0.047
17.097,51.14575,0.011
17.099,51.14575,0.01
17.101,51.14575,0.005
17.103,51.14575,0.008
17.105,51.14575,0.002
17.107,51.14575,0.583
17.109,51.14575,0.54
17.111,51.14575,0.533
17.113,51.14575,0.506
17.115,51.14575,0.507
17.117,51.14575,0.564
17.119,51.14575,0.58
17.121,51.14575,0.548
17.123,51.14575,0.547
17.125,51.14575,0.528
17.127,51.14575,0.55
17.129,51.14575,0.591
17.131,51.14575,0.553
17.133,51.14575,0.559
17.135,51.14575,0.588
17.137,51.14575,0.591
17.139,51.14575,0.579
17.141,51.14575,0.576
17.143,51.14575,0.582
17.145,51.14575,0.566
17.147,51.14575,0.61
17.149,51.14575,0.605
17.151,51.14575,0.61
17.153,51.14575,0.572
17.155,51.14575,0.618
17.157,51.14575,0.613
17.159,51.14575,0.586
17.161,51.14575,0.573
17.163,51.14575,0.557
17.165,51.14575,0.548
17.167,51.14575,0.534
17.169,51.14575,0.509
17.171,51.14575,0.52
17.173,51.14575,0.552
17.175,51.14575,0.477
17.177,51.14575,0.484
17.179,51.14575,0.522
17.181,51.14575,0.462
17.183,51.14575,0.481
17.185,51.14575,0.484
17.187,51.14575,0.486
17.189,51.14575,0.466
17.191,51.14575,0.489
17.193,51.14575,0.503
17.195,51.14575,0.518
17.197,51.14575,0.525
17.199,51.14575,0.506
17.201,51.14575,0.528
17.203,51.14575,0.544
17.205,51.14575,0.528
17.207,51.14575,0.616
17.209,51.14575,0.55
17.211,51.14575,0.561
17.213,51.14575,0.566
17.215,51.14575,0.573
17.217,51.14575,0.56
17.219,51.14575,0.624
17.221,51.14575,0.563
17.223,51.14575,0.606
17.225,51.14575,0.597
17.227,51.14575,0.565
17.229,51.14575,0.582
17.231,51.14575,0.608
17.233,51.14575,0.578
17.235,51.14575,0.575
17.237,51.14575,0.596
17.239,51.14575,0.608
17.241,51.14575,0.593
17.243,51.14575,0.593
17.245,51.14575,0.59
17.247,51.14575,0.546
17.249,51.14575,0.562
16.851,51.14445,0.639
16.853,51.14445,0.61
16.855,51.14445,0.657
16.857,51.14445,0.629
16.859,51.14445,0.643
16.861,51.14445,0.643
16.863,51.14445,0.675
16.865,51.14445,0.659
16.867,51.14445,0.611
16.869,51.14445,0.631
16.871,51.14445,0.588
16.873,51.14445,0.624
16.875,51.14445,0.621
16.877,51.14445,0.606
16.879,51.14445,0.63
16.881,51.14445,0.621
16.883,51.14445,0.624
16.885,51.14445,0.587
16.887,51.14445,0.597
16.889,51.14445,0.617
16.891,51.14445,0.598
16.893,51.14445,0.622
16.895,51.14445,0.582
16.897,51.14445,0.611
16.899,51.14445,0.551
16.901,51.14445,0.589
16.903,51.14445,0.585
16.905,51.14445,0.597
16.907,51.14445,0.557
16.909,51.14445,0.522
16.911,51.14445,0.538
16.913,51.14445,0.494
16.915,51.14445,0.505
16.917,51.14445,0.485
16.919,51.14445,0.522
16.921,51.14445,0.519
16.923,51.14445,0.486
16.925,51.14445,0.504
16.927,51.14445,0.484
16.929,51.14445,0.5
16.931,51.14445,0.511
16.933,51.14445,0.483
16.935,51.14445,0.52
16.937,51.14445,0.48
16.939,51.14445,0.497
16.941,51.14445,0.518
16.943,51.14445,0.47
16.945,51.14445,0.475
16.947,51.14445,0.488
16.949,51.14445,0.5
16.951,51.14445,0.531
16.953,51.14445,0.464
16.955,51.14445,0.457
16.957,51.14445,0.444
16.959,51.14445,0.469
16.961,51.14445,0.432
16.963,51.14445,0.444
16.965,51.14445,0.395
16.967,51.14445,0.443
16.969,51.14445,0.463
16.971,51.14445,0.433
16.973,51.14445,0.443
16.975,51.14445,0.397
16.977,51.14445,0.434
16.979,51.14445,0.42
16.981,51.14445,0.436
16.983,51.14445,0.433
16.985,51.14445,0.445
16.987,51.14445,0.443
16.989,51.14445,0.416
16.991,51.14445,0.406
16.993,51.14445,0.43
16.995,51.14445,0.412
16.997,51.14445,0.404
16.999,51.14445,0.428
17.001,51.14445,0.392
17.003,51.14445,0.405
17.005,51.14445,0.371
17.007,51.14445,0.377
17.009,51.14445,0.41
17.011,51.14445,0.395
17.013,51.14445,0.329
17.015,51.14445,0.373
17.017,51.14445,0.377
17.019,51.14445,0.361
17.021,51.14445,0.371
17.023,51.14445,0.349
17.025,51.14445,0.333
17.027,51.14445,0.366
17.029,51.14445,0.325
17.031,51.14445,0.319
17.033,51.14445,0.307
17.035,51.14445,0.291
17.037,51.14445,0.284
17.039,51.14445,0.281
17.041,51.14445,0.305
17.043,51.14445,0.267
17.045,51.14445,0.25
17.047,51.14445,0.319
17.049,51.14445,0.268
17.051,51.14445,0.313
17.053,51.14445,0.335
17.055,51.14445,0.312
17.057,51.14445,0.356
17.059,51.14445,0.383
17.061,51.14445,0.35
17.063,51.14445,0.375
17.065,51.14445,0.418
17.067,51.14445,0.392
17.069,51.14445,0.422
17.071,51.14445,0.43
17.073,51.14445,0.474
17.075,51.14445,0.473
17.077,51.14445,0.491
17.079,51.14445,0.492
17.081,51.14445,0.493
17.083,51.14445,0.048
17.085,51.14445,0.014
17.087,51.14445,0.01
17.089,51.14445,-0.03
17.091,51.14445,0.037
17.093,51.14445,0.059
17.095,51.14445,0.041
17.097,51.14445,0.014
17.099,51.14445,-0.001
17.101,51.14445,0.017
17.103,51.14445,0.018
17.105,51.14445,0.536
17.107,51.14445,0.591
17.109,51.14445,0.553
17.111,51.14445,0.539
17.113,51.14445,0.534
17.115,51.14445,0.557
17.117,51.14445,0.571
17.119,51.14445,0.547
17.121,51.14445,0.526
17.123,51.14445,0.574
17.125,51.14445,0.558
17.127,51.14445,0.561
17.129,51.14445,0.579
17.131,51.14445,0.56
17.133,51.14445,0.573
17.135,51.14445,0.577
17.137,51.14445,0.587
17.139,51.14445,0.606
17.141,51.14445,0.588
17.143,51.14445,0.643
17.145,51.14445,0.595
17.147,51.14445,0.575
17.149,51.14445,0.622
17.151,51.14445,0.629
17.153,51.14445,0.591
17.155,51.14445,0.614
17.157,51.14445,0.597
17.159,51.14445,0.613
17.161,51.14445,0.596
17.163,51.14445,0.567
17.165,51.14445,0.559
17.167,51.14445,0.584
17.169,51.14445,0.545
17.171,51.14445,0.524
17.173,51.14445,0.541
17.175,51.14445,0.52
17.177,51.14445,0.479
17.179,51.14445,0.493
17.181,51.14445,0.502
17.183,51.14445,0.496
17.185,51.14445,0.468
17.187,51.14445,0.48
17.189,51.14445,0.473
17.191,51.14445,0.516
17.193,51.14445,0.487
17.195,51.14445,0.495
17.197,51.14445,0.478
17.199,51.14445,0.538
17.201,51.14445,0.546
17.203,51.14445,0.498
17.205,51.14445,0.553
17.207,51.14445,0.556
17.209,51.14445,0.551
17.211,51.14445,0.576
17.213,51.14445,0.54
17.215,51.14445,0.557
17.217,51.14445,0.579
17.219,51.14445,0.583
17.221,51.14445,0.592
17.223,51.14445,0.608
17.225,51.14445,0.588
17.227,51.14445,0.587
17.229,51.14445,0.588
17.231,51.14445,0.611
17.233,51.14445,0.6
17.235,51.14445,0.591
17.237,51.14445,0.565
17.239,51.14445,0.578
17.241,51.14445,0.605
17.243,51.14445,0.613
17.245,51.14445,0.603
17.247,51.14445,0.604
17.249,51.14445,0.584
16.851,51.14315,0.649
16.853,51.14315,0.646
16.855,51.14315,0.655
16.857,51.14315,0.655
16.859,51.14315,0.629
16.861,51.14315,0.631
16.863,51.14315,0.616
16.865,51.14315,0.625
16.867,51.14315,0.633
16.869,51.14315,0.584
16.871,51.14315,0.573
16.873,51.14315,0.628
16.875,51.14315,0.649
16.877,51.14315,0.633
16.879,51.14315,0.618
16.881,51.14315,0.582
16.883,51.14315,0.595
16.885,51.14315,0.618
16.887,51.14315,0.598
16.889,51.14315,0.549
16.891,51.14315,0.597
16.893,51.14315,0.591
16.895,51.14315,0.621
16.897,51.14315,0.568
16.899,51.14315,0.567
16.901,51.14315,0.555
16.903,51.14315,0.553
16.905,51.14315,0.543
16.907,51.14315,0.541
16.909,51.14315,0.514
16.911,51.14315,0.53
16.913,51.14315,0.51
16.915,51.14315,0.532
16.917,51.14315,0.523
16.919,51.14315,0.48
16.921,51.14315,0.508
16.923,51.14315,0.484
16.925,51.14315,0.501
16.927,51.14315,0.515
16.929,51.14315,0.509
16.931,51.14315,0.511
16.933,51.14315,0.516
16.935,51.14315,0.517
16.937,51.14315,0.504
16.939,51.14315,0.516
16.941,51.14315,0.508
16.943,51.14315,0.504
16.945,51.14315,0.481
16.947,51.14315,0.476
16.949,51.14315,0.448
16.951,51.14315,0.458
16.953,51.14315,0.488
16.955,51.14315,0.472
16.957,51.14315,0.43
16.959,51.14315,0.438
16.961,51.14315,0.387
16.963,51.14315,0.431
16.965,51.14315,0.425
16.967,51.14315,0.424
16.969,51.14315,0.43
16.971,51.14315,0.426
16.973,51.14315,0.399
16.975,51.14315,0.416
16.977,51.14315,0.397
16.979,51.14315,0.447
16.981,51.14315,0.434
16.983,51.14315,0.429
16.985,51.14315,0.407
16.987,51.14315,0.444
16.989,51.14315,0.424
16.991,51.14315,0.439
16.993,51.14315,0.431
16.995,51.14315,0.466
16.997,51.14315,0.386
16.999,51.14315,0.394
17.001,51.14315,0.385
17.003,51.14315,0.367
17.005,51.14315,0.382
17.007,51.14315,0.38
17.009,51.14315,0.378
17.011,51.14315,0.36
17.013,51.14315,0.371
17.015,51.14315,0.357
17.017,51.14315,0.368
17.019,51.14315,0.35
17.021,51.14315,0.33
17.023,51.14315,0.312
17.025,51.14315,0.338
17.027,51.14315,0.286
17.029,51.14315,0.33
17.031,51.14315,0.296
17.033,51.14315,0.301
17.035,51.14315,0.281
17.037,51.14315,0.291
17.039,51.14315,0.243
17.041,51.14315,0.301
17.043,51.14315,0.267
17.045,51.14315,0.258
17.047,51.14315,0.297
17.049,51.14315,0.286
17.051,51.14315,0.272
17.053,51.14315,0.318
17.055,51.14315,0.305
17.057,51.14315,0.309
17.059,51.14315,0.354
17.061,51.14315,0.399
17.063,51.14315,0.366
17.065,51.14315,0.336
17.067,51.14315,0.386
17.069,51.14315,0.408
17.071,51.14315,0.447
17.073,51.14315,0.431
17.075,51.14315,0.479
17.077,51.14315,0.473
17.079,51.14315,0.491
17.081,51.14315,-0.009
17.083,51.14315,0.072
17.085,51.14315,0.06
17.087,51.14315,-0.001
17.089,51.14315,-0.017
17.091,51.14315,0.016
17.093,51.14315,0.025
17.095,51.14315,-0.002
17.097,51.14315,0.055
17.099,51.14315,0.001
17.101,51.14315,0.057
17.103,51.14315,0.546
17.105,51.14315,0.6
17.107,51.14315,0.555
17.109,51.14315,0.573
17.111,51.14315,0.558
17.113,51.14315,0.545
17.115,51.14315,0.546
17.117,51.14315,0.587
17.119,51.14315,0.544
17.121,51.14315,0.56
17.123,51.14315,0.595
17.125,51.14315,0.553
17.127,51.14315,0.54
17.129,51.14315,0.583
17.131,51.14315,0.573
17.133,51.14315,0.59
17.135,51.14315,0.587
17.137,51.14315,0.552
17.139,51.14315,0.578
17.141,51.14315,0.581
17.143,51.14315,0.616
17.145,51.14315,0.616
17.147,51.14315,0.566
17.149,51.14315,0.664
17.151,51.14315,0.565
17.153,51.14315,0.581
17.155,51.14315,0.625
17.157,51.14315,0.601
17.159,51.14315,0.563
17.161,51.14315,0.594
17.163,51.14315,0.58
17.165,51.14315,0.558
17.167,51.14315,0.564
17.169,51.14315,0.565
17.171,51.14315,0.508
17.173,51.14315,0.503
17.175,51.14315,0.472
17.177,51.14315,0.464
17.179,51.14315,0.479
17.181,51.14315,0.47
17.183,51.14315,0.484
17.185,51.14315,0.5
17.187,51.14315,0.452
17.189,51.14315,0.48
17.191,51.14315,0.496
17.193,51.14315,0.481
17.195,51.14315,0.456
17.197,51.14315,0.483
17.199,51.14315,0.522
17.201,51.14315,0.523
17.203,51.14315,0.511
17.205,51.14315,0.539
17.207,51.14315,0.564
17.209,51.14315,0.541
17.211,51.14315,0.55
17.213,51.14315,0.591
17.215,51.14315,0.571
17.217,51.14315,0.57
17.219,51.14315,0.583
17.221,51.14315,0.609
17.223,51.14315,0.578
17.225,51.14315,0.586
17.227,51.14315,0.563
17.229,51.14315,0.588
17.231,51.14315,0.618
17.233,51.14315,0.572
17.235,51.14315,0.604
17.237,51.14315,0.603
17.239,51.14315,0.556
17.241,51.14315,0.583
17.243,51.14315,0.575
17.245,51.14315,0.597
17.247,51.14315,0.545
17.249,51.14315,0.579
16.851,51.14185,0.654
16.853,51.14185,0.649
16.855,51.14185,0.623
16.857,51.14185,0.624
16.859,51.14185,0.625
16.861,51.14185,0.643
16.863,51.14185,0.61
16.865,51.14185,0.612
16.867,51.14185,0.571
16.869,51.14185,0.575
16.871,51.14185,0.626
16.873,51.14185,0.594
16.875,51.14185,0.571
16.877,51.14185,0.588
16.879,51.14185,0.598
16.881,51.14185,0.572
16.883,51.14185,0.585
16.885,51.14185,0.594
16.887,51.14185,0.598
16.889,51.14185,0.574
16.891,51.14185,0.591
16.893,51.14185,0.592
16.895,51.14185,0.615
16.897,51.14185,0.565
16.899,51.14185,0.602
16.901,51.14185,0.58
16.903,51.14185,0.585
16.905,51.14185,0.526
16.907,51.14185,0.53
16.909,51.14185,0.541
16.911,51.14185,0.517
16.913,51.14185,0.498
16.915,51.14185,0.475
16.917,51.14185,0.495
16.919,51.14185,0.493
16.921,51.14185,0.529
16.923,51.14185,0.484
16.925,51.14185,0.493
16.927,51.14185,0.485
16.929,51.14185,0.495
16.931,51.14185,0.507
16.933,51.14185,0.514
16.935,51.14185,0.53
16.937,51.14185,0.511
16.939,51.14185,0.507
16.941,51.14185,0.52
16.943,51.14185,0.536
16.945,51.14185,0.507
16.947,51.14185,0.491
16.949,51.14185,0.485
16.951,51.14185,0.463
16.953,51.14185,0.424
16.955,51.14185,0.462
16.957,51.14185,0.445
16.959,51.14185,0.429
16.961,51.14185,0.444
16.963,51.14185,0.399
16.965,51.14185,0.439
16.967,51.14185,0.413
16.969,51.14185,0.421
16.971,51.14185,0.41
16.973,51.14185,0.423
16.975,51.14185,0.44
16.977,51.14185,0.432
16.979,51.14185,0.43
16.981,51.14185,0.411
16.983,51.14185,0.415
16.985,51.14185,0.443
16.987,51.14185,0.426
16.989,51.14185,0.426
16.991,51.14185,0.418
16.993,51.14185,0.388
16.995,51.14185,0.397
16.997,51.14185,0.425
16.999,51.14185,0.402
17.001,51.14185,0.402
17.003,51.14185,0.355
17.005,51.14185,0.393
17.007,51.14185,0.392
17.009,51.14185,0.342
17.011,51.14185,0.313
17.013,51.14185,0.355
17.015,51.14185,0.363
17.017,51.14185,0.351
17.019,51.14185,0.333
17.021,51.14185,0.316
17.023,51.14185,0.328
17.025,51.14185,0.318
17.027,51.14185,0.265
17.029,51.14185,0.289
17.031,51.14185,0.258
17.033,51.14185,0.266
17.035,51.14185,0.258
17.037,51.14185,0.243
17.039,51.14185,0.26
17.041,51.14185,0.264
17.043,51.14185,0.251
17.045,51.14185,0.265
17.047,51.14185,0.299
17.049,51.14185,0.261
17.051,51.14185,0.263
17.053,51.14185,0.293
17.055,51.14185,0.307
17.057,51.14185,0.334
17.059,51.14185,0.344
17.061,51.14185,0.334
17.063,51.14185,0.365
17.065,51.14185,0.338
17.067,51.14185,0.394
17.069,51.14185,0.4
17.071,51.14185,0.42
17.073,51.14185,0.414
17.075,51.14185,0.445
17.077,51.14185,0.024
17.079,51.14185,0.027
17.081,51.14185,0.011
17.083,51.14185,0.026
17.085,51.14185,0.034
17.087,51.14185,0.08
17.089,51.14185,-0.001
17.091,51.14185,-0.003
17.093,51.14185,0.051
17.095,51.14185,0.04
17.097,51.14185,0.058
17.099,51.14185,0.564
17.101,51.14185,0.568
17.103,51.14185,0.538
17.105,51.14185,0.536
17.107,51.14185,0.55
17.109,51.14185,0.506
17.111,51.14185,0.539
17.113,51.14185,0.533
17.115,51.14185,0.563
17.117,51.14185,0.539
17.119,51.14185,0.583
17.121,51.14185,0.534
17.123,51.14185,0.593
17.125,51.14185,0.532
17.127,51.14185,0.54
17.129,51.14185,0.576
17.131,51.14185,0.583
17.133,51.14185,0.541
17.135,51.14185,0.603
17.137,51.14185,0.565
17.139,51.14185,0.6
17.141,51.14185,0.564
17.143,51.14185,0.606
17.145,51.14185,0.602
17.147,51.14185,0.612
17.149,51.14185,0.613
17.151,51.14185,0.607
17.153,51.14185,0.617
17.155,51.14185,0.647
17.157,51.14185,0.596
17.159,51.14185,0.605
17.161,51.14185,0.59
17.163,51.14185,0.6
17.165,51.14185,0.594
17.167,51.14185,0.544
17.169,51.14185,0.504
17.171,51.14185,0.549
17.173,51.14185,0.512
17.175,51.14185,0.491
17.177,51.14185,0.489
17.179,51.14185,0.485
17.181,51.14185,0.475
17.183,51.14185,0.499
17.185,51.14185,0.408
17.187,51.14185,0.521
17.189,51.14185,0.482
17.191,51.14185,0.51
17.193,51.14185,0.509
17.195,51.14185,0.481
17.197,51.14185,0.484
17.199,51.14185,0.521
17.201,51.14185,0.496
17.203,51.14185,0.544
17.205,51.14185,0.522
17.207,51.14185,0.533
17.209,51.14185,0.537
17.211,51.14185,0.572
17.213,51.14185,0.569
17.215,51.14185,0.566
17.217,51.14185,0.609
17.219,51.14185,0.558
17.221,51.14185,0.58
17.223,51.14185,0.598
17.225,51.14185,0.581
17.227,51.14185,0.571
17.229,51.14185,0.563
17.231,51.14185,0.567
17.233,51.14185,0.585
17.235,51.14185,0.585
17.237,51.14185,0.595
17.239,51.14185,0.571
17.241,51.14185,0.61
17.243,51.14185,0.572
17.245,51.14185,0.585
17.247,51.14185,0.587
17.249,51.14185,0.539
16.851,51.14055,0.646
16.853,51.14055,0.65
16.855,51.14055,0.656
16.857,51.14055,0.67
16.859,51.14055,0.619
16.861,51.14055,0.609
16.863,51.14055,0.623
16.865,51.14055,0.621
16.867,51.14055,0.652
16.869,51.14055,0.592
16.871,51.14055,0.573
16.873,51.14055,0.597
16.875,51.14055,0.581
16.877,51.14055,0.591
16.879,51.14055,0.541
16.881,51.14055,0.574
16.883,51.14055,0.573
16.885,51.14055,0.571
16.887,51.14055,0.559
16.889,51.14055,0.53
16.891,51.14055,0.562
16.893,51.14055,0.59
16.895,51.14055,0.582
16.897,51.14055,0.561
16.899,51.14055,0.517
16.901,51.14055,0.544
16.903,51.14055,0.55
16.905,51.14055,0.536
16.907,51.14055,0.553
16.909,51.14055,0.521
16.911,51.14055,0.487
16.913,51.14055,0.516
16.915,51.14055,0.531
16.917,51.14055,0.521
16.919,51.14055,0.497
16.921,51.14055,0.514
16.923,51.14055,0.504
16.925,51.14055,0.495
16.927,51.14055,0.469
16.929,51.14055,0.515
16.931,51.14055,0.51
16.933,51.14055,0.509
16.935,51.14055,0.497
16.937,51.14055,0.501
16.939,51.14055,0.485
16.941,51.14055,0.53
16.943,51.14055,0.524
16.945,51.14055,0.491
16.947,51.14055,0.47
16.949,51.14055,0.491
16.951,51.14055,0.484
16.953,51.14055,0.447
16.955,51.14055,0.429
16.957,51.14055,0.405
16.959,51.14055,0.42
16.961,51.14055,0.413
16.963,51.14055,0.421
16.965,51.14055,0.433
16.967,51.14055,0.402
16.969,51.14055,0.408
16.971,51.14055,0.445
16.973,51.14055,0.426
16.975,51.14055,0.407
16.977,51.14055,0.396
16.979,51.14055,0.432
16.981,51.14055,0.405
16.983,51.14055,0.435
16.985,51.14055,0.44
16.987,51.14055,0.426
16.989,51.14055,0.412
16.991,51.14055,0.411
16.993,51.14055,0.416
16.995,51.14055,0.407
16.997,51.14055,0.396
16.999,51.14055,0.403
17.001,51.14055,0.369
17.003,51.14055,0.327
17.005,51.14055,0.357
17.007,51.14055,0.356
17.009,51.14055,0.319
17.011,51.14055,0.362
17.013,51.14055,0.363
17.015,51.14055,0.334
17.017,51.14055,0.294
17.019,51.14055,0.313
17.021,51.14055,0.304
17.023,51.14055,0.318
17.025,51.14055,0.304
17.027,51.14055,0.291
17.029,51.14055,0.241
17.031,51.14055,0.265
17.033,51.14055,0.255
17.035,51.14055,0.231
17.037,51.14055,0.251
17.039,51.14055,0.231
17.041,51.14055,0.269
17.043,51.14055,0.221
17.045,51.14055,0.247
17.047,51.14055,0.265
17.049,51.14055,0.248
17.051,51.14055,0.266
17.053,51.14055,0.242
17.055,51.14055,0.289
17.057,51.14055,0.311
17.059,51.14055,0.33
17.061,51.14055,0.314
17.063,51.14055,0.318
17.065,51.14055,0.333
17.067,51.14055,0.379
17.069,51.14055,0.356
17.071,51.14055,0.385
17.073,51.14055,0.356
17.075,51.14055,0.065
17.077,51.14055,0.032
17.079,51.14055,0.027
17.081,51.14055,0.028
17.083,51.14055,0.06
17.085,51.14055,-0.015
17.087,51.14055,0.027
17.089,51.14055,0.048
17.091,51.14055,0.057
17.093,51.14055,0.033
17.095,51.14055,0.014
17.097,51.14055,0.561
17.099,51.14055,0.55
17.101,51.14055,0.539
17.103,51.14055,0.528
17.105,51.14055,0.565
17.107,51.14055,0.552
17.109,51.14055,0.532
17.111,51.14055,0.514
17.113,51.14055,0.544
17.115,51.14055,0.493
17.117,51.14055,0.537
17.119,51.14055,0.579
17.121,51.14055,0.553
17.123,51.14055,0.549
17.125,51.14055,0.589
17.127,51.14055,0.558
17.129,51.14055,0.523
17.131,51.14055,0.567
17.133,51.14055,0.596
17.135,51.14055,0.575
17.137,51.14055,0.558
17.139,51.14055,0.585
17.141,51.14055,0.57
17.143,51.14055,0.574
17.145,51.14055,0.575
17.147,51.14055,0.58
17.149,51.14055,0.611
17.151,51.14055,0.586
17.153,51.14055,0.592
17.155,51.14055,0.605
17.157,51.14055,0.591
17.159,51.14055,0.634
17.161,51.14055,0.586
17.163,51.14055,0.547
17.165,51.14055,0.542
17.167,51.14055,0.578
17.169,51.14055,0.527
17.171,51.14055,0.498
17.173,51.14055,0.491
17.175,51.14055,0.529
17.177,51.14055,0.502
17.179,51.14055,0.481
17.181,51.14055,0.467
17.183,51.14055,0.446
17.185,51.14055,0.47
17.187,51.14055,0.445
17.189,51.14055,0.485
17.191,51.14055,0.479
17.193,51.14055,0.48
17.195,51.14055,0.458
17.197,51.14055,0.522
17.199,51.14055,0.522
17.201,51.14055,0.531
17.203,51.14055,0.518
17.205,51.14055,0.544
17.207,51.14055,0.534
17.209,51.14055,0.519
17.211,51.14055,0.548
17.213,51.14055,0.55
17.215,51.14055,0.577
17.217,51.14055,0.567
17.219,51.14055,0.596
17.221,51.14055,0.624
17.223,51.14055,0.586
17.225,51.14055,0.594
17.227,51.14055,0.577
17.229,51.14055,0.578
17.231,51.14055,0.605
17.233,51.14055,0.597
17.235,51.14055,0.601
17.237,51.14055,0.591
17.239,51.14055,0.571
17.241,51.14055,0.6
17.243,51.14055,0.588
17.245,51.14055,0.569
17.247,51.14055,0.628
17.249,51.14055,0.573
16.851,51.13925,0.633
16.853,51.13925,0.647
16.855,51.13925,0.639
16.857,51.13925,0.608
16.859,51.13925,0.609
16.861,51.13925,0.599
16.863,51.13925,0.638
16.865,51.13925,0.603
16.867,51.13925,0.602
16.869,51.13925,0.603
16.871,51.13925,0.59
16.873,51.13925,0.61
16.875,51.13925,0.541
16.877,51.13925,0.58
16.879,51.13925,0.53
16.881,51.13925,0.552
16.883,51.13925,0.594
16.885,51.13925,0.566
16.887,51.13925,0.541
16.889,51.13925,0.564
16.891,51.13925,0.524
16.893,51.13925,0.531
16.895,51.13925,0.541
16.897,51.13925,0.548
16.899,51.13925,0.537
16.901,51.13925,0.549
16.903,51.13925,0.579
16.905,51.13925,0.573
16.907,51.13925,0.509
16.909,51.13925,0.56
16.911,51.13925,0.499
16.913,51.13925,0.518
16.915,51.13925,0.494
16.917,51.13925,0.519
16.919,51.13925,0.501
16.921,51.13925,0.5
16.923,51.13925,0.507
16.925,51.13925,0.529
16.927,51.13925,0.48
16.929,51.13925,0.483
16.931,51.13925,0.517
16.933,51.13925,0.533
16.935,51.13925,0.51
16.937,51.13925,0.545
16.939,51.13925,0.521
16.941,51.13925,0.501
16.943,51.13925,0.525
16.945,51.13925,0.523
16.947,51.13925,0.479
16.949,51.13925,0.494
16.951,51.13925,0.504
16.953,51.13925,0.465
16.955,51.13925,0.47
16.957,51.13925,0.427
16.959,51.13925,0.434
16.961,51.13925,0.393
16.963,51.13925,0.445
16.965,51.13925,0.416
16.967,51.13925,0.408
16.969,51.13925,0.431
16.971,51.13925,0.427
16.973,51.13925,0.425
16.975,51.13925,0.437
16.977,51.13925,0.427
16.979,51.13925,0.412
16.981,51.13925,0.408
16.983,51.13925,0.419
16.985,51.13925,0.399
16.987,51.13925,0.421
16.989,51.13925,0.354
16.991,51.13925,0.39
16.993,51.13925,0.393
16.995,51.13925,0.398
16.997,51.13925,0.408
16.999,51.13925,0.394
17.001,51.13925,0.334
17.003,51.13925,0.35
17.005,51.13925,0.302
17.007,51.13925,0.324
17.009,51.13925,0.287
17.011,51.13925,0.364
17.013,51.13925,0.388
17.015,51.13925,0.313
17.017,51.13925,0.275
17.019,51.13925,0.301
17.021,51.13925,0.304
17.023,51.13925,0.312
17.025,51.13925,0.233
17.027,51.13925,0.216
17.029,51.13925,0.283
17.031,51.13925,0.298
17.033,51.13925,0.23
17.035,51.13925,0.257
17.037,51.13925,0.222
17.039,51.13925,0.251
17.041,51.13925,0.243
17.043,51.13925,0.269
17.045,51.13925,0.202
17.047,51.13925,0.262
17.049,51.13925,0.241
17.051,51.13925,0.276
17.053,51.13925,0.297
17.055,51.13925,0.316
17.057,51.13925,0.271
17.059,51.13925,0.324
17.061,51.13925,0.349
17.063,51.13925,0.343
17.065,51.13925,0.354
17.067,51.13925,0.362
17.069,51.13925,0.371
17.071,51.13925,0.363
17.073,51.13925,0.03
17.075,51.13925,0.012
17.077,51.13925,0.007
17.079,51.13925,0.069
17.081,51.13925,0.007
17.083,51.13925,0.063
17.085,51.13925,0.068
17.087,51.13925,0.001
17.089,51.13925,0.066
17.091,51.13925,-0.009
17.093,51.13925,0.084
17.095,51.13925,0.525
17.097,51.13925,0.537
17.099,51.13925,0.537
17.101,51.13925,0.538
17.103,51.13925,0.536
17.105,51.13925,0.523
17.107,51.13925,0.551
17.109,51.13925,0.541
17.111,51.13925,0.551
17.113,51.13925,0.573
17.115,51.13925,0.546
17.117,51.13925,0.541
17.119,51.13925,0.531
17.121,51.13925,0.562
17.123,51.13925,0.562
17.125,51.13925,0.578
17.127,51.13925,0.519
17.129,51.13925,0.537
17.131,51.13925,0.6
17.133,51.13925,0.574
17.135,51.13925,0.575
17.137,51.13925,0.586
17.139,51.13925,0.592
17.141,51.13925,0.588
17.143,51.13925,0.596
17.145,51.13925,0.611
17.147,51.13925,0.599
17.149,51.13925,0.597
17.151,51.13925,0.598
17.153,51.13925,0.578
17.155,51.13925,0.573
17.157,51.13925,0.585
17.159,51.13925,0.597
17.161,51.13925,0.59
17.163,51.13925,0.582
17.165,51.13925,0.58
17.167,51.13925,0.579
17.169,51.13925,0.516
17.171,51.13925,0.526
17.173,51.13925,0.452
17.175,51.13925,0.533
17.177,51.13925,0.509
17.179,51.13925,0.452
17.181,51.13925,0.498
17.183,51.13925,0.446
17.185,51.13925,0.448
17.187,51.13925,0.464
17.189,51.13925,0.429
17.191,51.13925,0.454
17.193,51.13925,0.526
17.195,51.13925,0.5
17.197,51.13925,0.533
17.199,51.13925,0.534
17.201,51.13925,0.498
17.203,51.13925,0.535
17.205,51.13925,0.535
17.207,51.13925,0.561
17.209,51.13925,0.546
17.211,51.13925,0.557
17.213,51.13925,0.599
17.215,51.13925,0.571
17.217,51.13925,0.582
17.219,51.13925,0.595
17.221,51.13925,0.58
17.223,51.13925,0.616
17.225,51.13925,0.589
17.227,51.13925,0.599
17.229,51.13925,0.579
17.231,51.13925,0.594
17.233,51.13925,0.627
17.235,51.13925,0.596
17.237,51.13925,0.592
17.239,51.13925,0.56
17.241,51.13925,0.558
17.243,51.13925,0.59
17.245,51.13925,0.56
17.247,51.13925,0.582
17.249,51.13925,0.563
16.851,51.13795,0.659
16.853,51.13795,0.631
16.855,51.13795,0.647
16.857,51.13795,0.632
16.859,51.13795,0.627
16.861,51.13795,0.636
16.863,51.13795,0.582
16.865,51.13795,0.615
16.867,51.13795,0.607
16.869,51.13795,0.609
16.871,51.13795,0.589
16.873,51.13795,0.594
16.875,51.13795,0.547
16.877,51.13795,0.55
16.879,51.13795,0.533
16.881,51.13795,0.536
16.883,51.13795,0.554
16.885,51.13795,0.536
16.887,51.13795,0.578
16.889,51.13795,0.553
16.891,51.13795,0.55
16.893,51.13795,0.578
16.895,51.13795,0.566
16.897,51.13795,0.544
16.899,51.13795,0.526
16.901,51.13795,0.557
16.903,51.13795,0.528
16.905,51.13795,0.519
16.907,51.13795,0.536
16.909,51.13795,0.547
16.911,51.13795,0.507
16.913,51.13795,0.495
16.915,51.13795,0.484
16.917,51.13795,0.496
16.919,51.13795,0.5
16.921,51.13795,0.518
16.923,51.13795,0.501
16.925,51.13795,0.52
16.927,51.13795,0.498
16.929,51.13795,0.519
16.931,51.13795,0.525
16.933,51.13795,0.528
16.935,51.13795,0.502
16.937,51.13795,0.547
16.939,51.13795,0.522
16.941,51.13795,0.505
16.943,51.13795,0.519
16.945,51.13795,0.483
16.947,51.13795,0.496
16.949,51.13795,0.46
16.951,51.13795,0.458
16.953,51.13795,0.465
16.955,51.13795,0.445
16.957,51.13795,0.393
16.959,51.13795,0.443
16.961,51.13795,0.429
16.963,51.13795,0.419
16.965,51.13795,0.428
16.967,51.13795,0.438
16.969,51.13795,0.395
16.971,51.13795,0.384
16.973,51.13795,0.403
16.975,51.13795,0.408
16.977,51.13795,0.401
16.979,51.13795,0.414
16.981,51.13795,0.443
16.983,51.13795,0.379
16.985,51.13795,0.387
16.987,51.13795,0.361
16.989,51.13795,0.377
16.991,51.13795,0.375
16.993,51.13795,0.418
16.995,51.13795,0.372
16.997,51.13795,0.352
16.999,51.13795,0.36
17.001,51.13795,0.327
17.003,51.13795,0.352
17.005,51.13795,0.337
17.007,51.13795,0.353
17.009,51.13795,0.329
17.011,51.13795,0.284
17.013,51.13795,0.316
17.015,51.13795,0.311
17.017,51.13795,0.317
17.019,51.13795,0.269
17.021,51.13795,0.263
17.023,51.13795,0.247
17.025,51.13795,0.26
17.027,51.13795,0.272
17.029,51.13795,0.235
17.031,51.13795,0.242
17.033,51.13795,0.242
17.035,51.13795,0.225
17.037,51.13795,0.232
17.039,51.13795,0.224
17.041,51.13795,0.209
17.043,51.13795,0.252
17.045,51.13795,0.23
17.047,51.13795,0.215
17.049,51.13795,0.25
17.051,51.13795,0.254
17.053,51.13795,0.26
17.055,51.13795,0.285
17.057,51.13795,0.303
17.059,51.13795,0.316
17.061,51.13795,0.324
17.063,51.13795,0.329
17.065,51.13795,0.314
17.067,51.13795,0.325
17.069,51.13795,0.366
17.071,51.13795,0.018
17.073,51.13795,0.009
17.075,51.13795,0.02
17.077,51.13795,0.019
17.079,51.13795,0.009
17.081,51.13795,0.02
17.083,51.13795,0.084
17.085,51.13795,0.045
17.087,51.13795,0.046
17.089,51.13795,0.022
17.091,51.13795,-0.001
17.093,51.13795,0.523
17.095,51.13795,0.497
17.097,51.13795,0.504
17.099,51.13795,0.495
17.101,51.13795,0.518
17.103,51.13795,0.521
17.105,51.13795,0.497
17.107,51.13795,0.555
17.109,51.13795,0.555
17.111,51.13795,0.522
17.113,51.13795,0.557
17.115,51.13795,0.52
17.117,51.13795,0.548
17.119,51.13795,0.518
17.121,51.13795,0.528
17.123,51.13795,0.587
17.125,51.13795,0.535
17.127,51.13795,0.521
17.129,51.13795,0.524
17.131,51.13795,0.53
17.133,51.13795,0.553
17.135,51.13795,0.524
17.137,51.13795,0.552
17.139,51.13795,0.593
17.141,51.13795,0.596
17.143,51.13795,0.622
17.145,51.13795,0.568
17.147,51.13795,0.581
17.149,51.13795,0.614
17.151,51.13795,0.6
17.153,51.13795,0.595
17.155,51.13795,0.618
17.157,51.13795,0.566
17.159,51.13795,0.618
17.161,51.13795,0.547
17.163,51.13795,0.565
17.165,51.13795,0.564
17.167,51.13795,0.537
17.169,51.13795,0.531
17.171,51.13795,0.521
17.173,51.13795,0.472
17.175,51.13795,0.475
17.177,51.13795,0.461
17.179,51.13795,0.435
17.181,51.13795,0.462
17.183,51.13795,0.46
17.185,51.13795,0.465
17.187,51.13795,0.439
17.189,51.13795,0.452
17.191,51.13795,0.483
17.193,51.13795,0.488
17.195,51.13795,0.504
17.197,51.13795,0.528
17.199,51.13795,0.508
17.201,51.13795,0.495
17.203,51.13795,0.553
17.205,51.13795,0.525
17.207,51.13795,0.559
17.209,51.13795,0.567
17.211,51.13795,0.576
17.213,51.13795,0.555
17.215,51.13795,0.591
17.217,51.13795,0.534
17.219,51.13795,0.632
17.221,51.13795,0.581
17.223,51.13795,0.595
17.225,51.13795,0.596
17.227,51.13795,0.621
17.229,51.13795,0.588
17.231,51.13795,0.586
17.233,51.13795,0.603
17.235,51.13795,0.585
17.237,51.13795,0.589
17.239,51.13795,0.621
17.241,51.13795,0.607
17.243,51.13795,0.596
17.245,51.13795,0.575
17.247,51.13795,0.557
17.249,51.13795,0.566
16.851,51.13665,0.673
16.853,51.13665,0.631
16.855,51.13665,0.654
16.857,51.13665,0.631
16.859,51.13665,0.667
16.861,51.13665,0.629
16.863,51.13665,0.604
16.865,51.13665,0.612
16.867,51.13665,0.601
16.869,51.13665,0.57
16.871,51.13665,0.583
16.873,51.13665,0.554
16.875,51.13665,0.572
16.877,51.13665,0.554
16.879,51.13665,0.543
16.881,51.13665,0.54
16.883,51.13665,0.523
16.885,51.13665,0.534
16.887,51.13665,0.53
16.889,51.13665,0.531
16.891,51.13665,0.525
16.893,51.13665,0.529
16.895,51.13665,0.516
16.897,51.13665,0.518
16.899,51.13665,0.528
16.901,51.13665,0.514
16.903,51.13665,0.484
16.905,51.13665,0.49
16.907,51.13665,0.529
16.909,51.13665,0.507
16.911,51.13665,0.508
16.913,51.13665,0.509
16.915,51.13665,0.526
16.917,51.13665,0.504
16.919,51.13665,0.499
16.921,51.13665,0.527
16.923,51.13665,0.504
16.925,51.13665,0.495
16.927,51.13665,0.545
16.929,51.13665,0.53
16.931,51.13665,0.53
16.933,51.13665,0.508
16.935,51.13665,0.531
16.937,51.13665,0.526
16.939,51.13665,0.489
16.941,51.13665,0.519
16.943,51.13665,0.49
16.945,51.13665,0.451
16.947,51.13665,0.481
16.949,51.13665,0.486
16.951,51.13665,0.465
16.953,51.13665,0.419
16.955,51.13665,0.427
16.957,51.13665,0.442
16.959,51.13665,0.398
16.961,51.13665,0.378
16.963,51.13665,0.41
16.965,51.13665,0.441
16.967,51.13665,0.428
16.969,51.13665,0.388
16.971,51.13665,0.386
16.973,51.13665,0.406
16.975,51.13665,0.4
16.977,51.13665,0.416
16.979,51.13665,0.439
16.981,51.13665,0.424
16.983,51.13665,0.439
16.985,51.13665,0.395
16.987,51.13665,0.388
16.989,51.13665,0.388
16.991,51.13665,0.362
16.993,51.13665,0.394
16.995,51.13665,0.39
16.997,51.13665,0.348
16.999,51.13665,0.369
17.001,51.13665,0.345
17.003,51.13665,0.327
17.005,51.13665,0.312
17.007,51.13665,0.339
17.009,51.13665,0.285
17.011,51.13665,0.289
17.013,51.13665,0.292
17.015,51.13665,0.278
17.017,51.13665,0.3
17.019,51.13665,0.249
17.021,51.13665,0.231
17.023,51.13665,0.222
17.025,51.13665,0.26
17.027,51.13665,0.183
17.029,51.13665,0.192
17.031,51.13665,0.233
17.033,51.13665,0.235
17.035,51.13665,0.202
17.037,51.13665,0.211
17.039,51.13665,0.192
17.041,51.13665,0.217
17.043,51.13665,0.257
17.045,51.13665,0.244
17.047,51.13665,0.239
17.049,51.13665,0.236
17.051,51.13665,0.247
17.053,51.13665,0.268
17.055,51.13665,0.295
17.057,51.13665,0.274
17.059,51.13665,0.301
17.061,51.13665,0.316
17.063,51.13665,0.344
17.065,51.13665,0.289
17.067,51.13665,0.359
17.069,51.13665,0.077
17.071,51.13665,0.014
17.073,51.13665,0.007
17.075,51.13665,0.022
17.077,51.13665,0.022
17.079,51.13665,0.032
17.081,51.13665,0.043
17.083,51.13665,-0.013
17.085,51.13665,0.063
17.087,51.13665,-0.01
17.089,51.13665,0.026
17.091,51.13665,0.481
17.093,51.13665,0.484
17.095,51.13665,0.508
17.097,51.13665,0.494
17.099,51.13665,0.528
17.101,51.13665,0.521
17.103,51.13665,0.519
17.105,51.13665,0.548
17.107,51.13665,0.527
17.109,51.13665,0.535
17.111,51.13665,0.518
17.113,51.13665,0.511
17.115,51.13665,0.522
17.117,51.13665,0.513
17.119,51.13665,0.49
17.121,51.13665,0.507
17.123,51.13665,0.547
17.125,51.13665,0.507
17.127,51.13665,0.526
17.129,51.13665,0.545
17.131,51.13665,0.56
17.133,51.13665,0.561
17.135,51.13665,0.542
17.137,51.13665,0.555
17.139,51.13665,0.595
17.141,51.13665,0.594
17.143,51.13665,0.581
17.145,51.13665,0.602
17.147,51.13665,0.58
17.149,51.13665,0.591
17.151,51.13665,0.615
17.153,51.13665,0.564
17.155,51.13665,0.594
17.157,51.13665,0.561
17.159,51.13665,0.612
17.161,51.13665,0.588
17.163,51.13665,0.565
17.165,51.13665,0.561
17.167,51.13665,0.531
17.169,51.13665,0.506
17.171,51.13665,0.487
17.173,51.13665,0.512
17.175,51.13665,0.505
17.177,51.13665,0.435
17.179,51.13665,0.446
17.181,51.13665,0.426
17.183,51.13665,0.441
17.185,51.13665,0.432
17.187,51.13665,0.486
17.189,51.13665,0.429
17.191,51.13665,0.477
17.193,51.13665,0.454
17.195,51.13665,0.477
17.197,51.13665,0.476
17.199,51.13665,0.54
17.201,51.13665,0.509
17.203,51.13665,0.561
17.205,51.13665,0.559
17.207,51.13665,0.54
17.209,51.13665,0.556
17.211,51.13665,0.575
17.213,51.13665,0.591
17.215,51.13665,0.569
17.217,51.13665,0.616
17.219,51.13665,0.595
17.221,51.13665,0.58
17.223,51.13665,0.568
17.225,51.13665,0.592
17.227,51.13665,0.582
17.229,51.13665,0.614
17.231,51.13665,0.619
17.233,51.13665,0.589
17.235,51.13665,0.604
17.237,51.13665,0.601
17.239,51.13665,0.625
17.241,51.13665,0.54
17.243,51.13665,0.564
17.245,51.13665,0.562
17.247,51.13665,0.59
17.249,51.13665,0.596
16.851,51.13535,0.628
16.853,51.13535,0.658
16.855,51.13535,0.662
16.857,51.13535,0.617
16.859,51.13535,0.639
16.861,51.13535,0.646
16.863,51.13535,0.607
16.865,51.13535,0.586
16.867,51.13535,0.535
16.869,51.13535,0.536
16.871,51.13535,0.582
16.873,51.13535,0.581
16.875,51.13535,0.579
16.877,51.13535,0.539
16.879,51.13535,0.536
16.881,51.13535,0.548
16.883,51.13535,0.526
16.885,51.13535,0.495
16.887,51.13535,0.518
16.889,51.13535,0.496
16.891,51.13535,0.539
16.893,51.13535,0.553
16.895,51.13535,0.499
16.897,51.13535,0.538
16.899,51.13535,0.523
16.901,51.13535,0.551
16.903,51.13535,0.514
16.905,51.13535,0.502
16.907,51.13535,0.528
16.909,51.13535,0.533
16.911,51.13535,0.547
16.913,51.13535,0.529
16.915,51.13535,0.5
16.917,51.13535,0.534
16.919,51.13535,0.519
16.921,51.13535,0.506
16.923,51.13535,0.528
16.925,51.13535,0.489
16.927,51.13535,0.534
16.929,51.13535,0.523
16.931,51.13535,0.495
16.933,51.13535,0.484
16.935,51.13535,0.513
16.937,51.13535,0.499
16.939,51.13535,0.52
16.941,51.13535,0.484
16.943,51.13535,0.501
16.945,51.13535,0.509
16.947,51.13535,0.501
16.949,51.13535,0.431
16.951,51.13535,0.426
16.953,51.13535,0.483
16.955,51.13535,0.404
16.957,51.13535,0.425
16.959,51.13535,0.415
16.961,51.13535,0.425
16.963,51.13535,0.381
16.965,51.13535,0.406
16.967,51.13535,0.421
16.969,51.13535,0.442
16.971,51.13535,0.42
16.973,51.13535,0.393
16.975,51.13535,0.381
16.977,51.13535,0.425
16.979,51.13535,0.42
16.981,51.13535,0.428
16.983,51.13535,0.397
16.985,51.13535,0.368
16.987,51.13535,0.409
16.989,51.13535,0.367
16.991,51.13535,0.364
16.993,51.13535,0.363
16.995,51.13535,0.346
16.997,51.13535,0.325
16.999,51.13535,0.336
17.001,51.13535,0.318
17.003,51.13535,0.325
17.005,51.13535,0.324
17.007,51.13535,0.312
17.009,51.13535,0.286
17.011,51.13535,0.294
17.013,51.13535,0.29
17.015,51.13535,0.23
17.017,51.13535,0.231
17.019,51.13535,0.231
17.021,51.13535,0.238
17.023,51.13535,0.252
17.025,51.13535,0.216
17.027,51.13535,0.239
17.029,51.13535,0.234
17.031,51.13535,0.207
17.033,51.13535,0.207
17.035,51.13535,0.19
17.037,51.13535,0.163
17.039,51.13535,0.166
17.041,51.13535,0.198
17.043,51.13535,0.197
17.045,51.13535,0.206
17.047,51.13535,0.206
17.049,51.13535,0.189
17.051,51.13535,0.222
17.053,51.13535,0.264
17.055,51.13535,0.278
17.057,51.13535,0.296
17.059,51.13535,0.255
17.061,51.13535,0.298
17.063,51.13535,0.308
17.065,51.13535,0.315
17.067,51.13535,0.054
17.069,51.13535,0.05
17.071,51.13535,-0.007
17.073,51.13535,0.05
17.075,51.13535,0
17.077,51.13535,0.035
17.079,51.13535,0.024
17.081,51.13535,0.003
17.083,51.13535,0.083
17.085,51.13535,0.046
17.087,51.13535,0.005
17.089,51.13535,0.444
17.091,51.13535,0.427
17.093,51.13535,0.482
17.095,51.13535,0.478
17.097,51.13535,0.489
17.099,51.13535,0.547
17.101,51.13535,0.474
17.103,51.13535,0.541
17.105,51.13535,0.556
17.107,51.13535,0.533
17.109,51.13535,0.511
17.111,51.13535,0.559
17.113,51.13535,0.529
17.115,51.13535,0.538
17.117,51.13535,0.532
17.119,51.13535,0.504
17.121,51.13535,0.518
17.123,51.13535,0.508
17.125,51.13535,0.506
17.127,51.13535,0.51
17.129,51.13535,0.51
17.131,51.13535,0.526
17.133,51.13535,0.561
17.135,51.13535,0.533
17.137,51.13535,0.556
17.139,51.13535,0.586
17.141,51.13535,0.56
17.143,51.13535,0.61
17.145,51.13535,0.548
17.147,51.13535,0.604
17.149,51.13535,0.562
17.151,51.13535,0.558
17.153,51.13535,0.59
17.155,51.13535,0.542
17.157,51.13535,0.587
17.159,51.13535,0.603
17.161,51.13535,0.585
17.163,51.13535,0.567
17.165,51.13535,0.561
17.167,51.13535,0.528
17.169,51.13535,0.538
17.171,51.13535,0.513
17.173,51.13535,0.465
17.175,51.13535,0.491
17.177,51.13535,0.451
17.179,51.13535,0.461
17.181,51.13535,0.467
17.183,51.13535,0.462
17.185,51.13535,0.448
17.187,51.13535,0.502
17.189,51.13535,0.476
17.191,51.13535,0.457
17.193,51.13535,0.467
17.195,51.13535,0.484
17.197,51.13535,0.467
17.199,51.13535,0.531
17.201,51.13535,0.532
17.203,51.13535,0.521
17.205,51.13535,0.556
17.207,51.13535,0.577
17.209,51.13535,0.567
17.211,51.13535,0.597
17.213,51.13535,0.595
17.215,51.13535,0.603
17.217,51.13535,0.623
17.219,51.13535,0.637
17.221,51.13535,0.621
17.223,51.13535,0.609
17.225,51.13535,0.59
17.227,51.13535,0.573
17.229,51.13535,0.565
17.231,51.13535,0.579
17.233,51.13535,0.607
17.235,51.13535,0.61
17.237,51.13535,0.567
17.239,51.13535,0.547
17.241,51.13535,0.592
17.243,51.13535,0.566
17.245,51.13535,0.546
17.247,51.13535,0.565
17.249,51.13535,0.558
16.851,51.13405,0.682
16.853,51.13405,0.673
16.855,51.13405,0.645
16.857,51.13405,0.653
16.859,51.13405,0.63
16.861,51.13405,0.615
16.863,51.13405,0.616
16.865,51.13405,0.595
16.867,51.13405,0.621
16.869,51.13405,0.585
16.871,51.13405,0.601
16.873,51.13405,0.571
16.875,51.13405,0.535
16.877,51.13405,0.541
16.879,51.13405,0.551
16.881,51.13405,0.518
16.883,51.13405,0.519
16.885,51.13405,0.508
16.887,51.13405,0.522
16.889,51.13405,0.523
16.891,51.13405,0.512
16.893,51.13405,0.541
16.895,51.13405,0.506
16.897,51.13405,0.498
16.899,51.13405,0.505
16.901,51.13405,0.534
16.903,51.13405,0.489
16.905,51.13405,0.486
16.907,51.13405,0.509
16.909,51.13405,0.512
16.911,51.13405,0.481
16.913,51.13405,0.483
16.915,51.13405,0.496
16.917,51.13405,0.522
16.919,51.13405,0.485
16.921,51.13405,0.514
16.923,51.13405,0.506
16.925,51.13405,0.532
16.927,51.13405,0.491
16.929,51.13405,0.509
16.931,51.13405,0.505
16.933,51.13405,0.536
16.935,51.13405,0.516
16.937,51.13405,0.509
16.939,51.13405,0.513
16.941,51.13405,0.497
16.943,51.13405,0.456
16.945,51.13405,0.492
16.947,51.13405,0.457
16.949,51.13405,0.474
16.951,51.13405,0.452
16.953,51.13405,0.428
16.955,51.13405,0.41
16.957,51.13405,0.425
16.959,51.13405,0.432
16.961,51.13405,0.398
16.963,51.13405,0.381
16.965,51.13405,0.442
16.967,51.13405,0.428
16.969,51.13405,0.433
16.971,51.13405,0.446
16.973,51.13405,0.417
16.975,51.13405,0.397
16.977,51.13405,0.398
16.979,51.13405,0.408
16.981,51.13405,0.435
16.983,51.13405,0.403
16.985,51.13405,0.409
16.987,51.13405,0.37
16.989,51.13405,0.339
16.991,51.13405,0.354
16.993,51.13405,0.403
16.995,51.13405,0.301
16.997,51.13405,0.322
16.999,51.13405,0.319
17.001,51.13405,0.314
17.003,51.13405,0.287
17.005,51.13405,0.312
17.007,51.13405,0.28
17.009,51.13405,0.282
17.011,51.13405,0.276
17.013,51.13405,0.225
17.015,51.13405,0.23
17.017,51.13405,0.249
17.019,51.13405,0.217
17.021,51.13405,0.259
17.023,51.13405,0.214
17.025,51.13405,0.222
17.027,51.13405,0.208
17.029,51.13405,0.19
17.031,51.13405,0.184
17.033,51.13405,0.177
17.035,51.13405,0.201
17.037,51.13405,0.174
17.039,51.13405,0.181
17.041,51.13405,0.207
17.043,51.13405,0.197
17.045,51.13405,0.226
17.047,51.13405,0.21
17.049,51.13405,0.24
17.051,51.13405,0.244
17.053,51.13405,0.231
17.055,51.13405,0.269
17.057,51.13405,0.258
17.059,51.13405,0.277
17.061,51.13405,0.288
17.063,51.13405,0.031
17.065,51.13405,0.038
17.067,51.13405,0.094
17.069,51.13405,0.03
17.071,51.13405,0.092
17.073,51.13405,0.029
17.075,51.13405,0.051
17.077,51.13405,0.04
17.079,51.13405,0.044
17.081,51.13405,-0.008
17.083,51.13405,0.015
17.085,51.13405,0.405
17.087,51.13405,0.413
17.089,51.13405,0.447
17.091,51.13405,0.49
17.093,51.13405,0.483
17.095,51.13405,0.522
17.097,51.13405,0.493
17.099,51.13405,0.52
17.101,51.13405,0.531
17.103,51.13405,0.513
17.105,51.13405,0.516
17.107,51.13405,0.509
17.109,51.13405,0.499
17.111,51.13405,0.496
17.113,51.13405,0.51
17.115,51.13405,0.497
17.117,51.13405,0.538
17.119,51.13405,0.51
17.121,51.13405,0.47
17.123,51.13405,0.513
17.125,51.13405,0.501
17.127,51.13405,0.523
17.129,51.13405,0.51
17.131,51.13405,0.504
17.133,51.13405,0.55
17.135,51.13405,0.564
17.137,51.13405,0.539
17.139,51.13405,0.559
17.141,51.13405,0.574
17.143,51.13405,0.524
17.145,51.13405,0.556
17.147,51.13405,0.574
17.149,51.13405,0.582
17.151,51.13405,0.577
17.153,51.13405,0.545
17.155,51.13405,0.524
17.157,51.13405,0.556
17.159,51.13405,0.554
17.161,51.13405,0.553
17.163,51.13405,0.534
17.165,51.13405,0.531
17.167,51.13405,0.509
17.169,51.13405,0.478
17.171,51.13405,0.503
17.173,51.13405,0.464
17.175,51.13405,0.421
17.177,51.13405,0.494
17.179,51.13405,0.433
17.181,51.13405,0.45
17.183,51.13405,0.454
17.185,51.13405,0.477
17.187,51.13405,0.475
17.189,51.13405,0.458
17.191,51.13405,0.492
17.193,51.13405,0.483
17.195,51.13405,0.485
17.197,51.13405,0.518
17.199,51.13405,0.513
17.201,51.13405,0.525
17.203,51.13405,0.539
17.205,51.13405,0.556
17.207,51.13405,0.556
17.209,51.13405,0.536
17.211,51.13405,0.582
17.213,51.13405,0.595
17.215,51.13405,0.6
17.217,51.13405,0.576
17.219,51.13405,0.631
17.221,51.13405,0.612
17.223,51.13405,0.619
17.225,51.13405,0.668
17.227,51.13405,0.578
17.229,51.13405,0.626
17.231,51.13405,0.638
17.233,51.13405,0.606
17.235,51.13405,0.573
17.237,51.13405,0.581
17.239,51.13405,0.579
17.241,51.13405,0.564
17.243,51.13405,0.589
17.245,51.13405,0.57
17.247,51.13405,0.565
17.249,51.13405,0.559
16.851,51.13275,0.66
16.853,51.13275,0.638
16.855,51.13275,0.67
16.857,51.13275,0.659
16.859,51.13275,0.622
16.861,51.13275,0.648
16.863,51.13275,0.608
16.865,51.13275,0.621
16.867,51.13275,0.552
16.869,51.13275,0.58
16.871,51.13275,0.553
16.873,51.13275,0.544
16.875,51.13275,0.541
16.877,51.13275,0.531
16.879,51.13275,0.507
16.881,51.13275,0.532
16.883,51.13275,0.508
16.885,51.13275,0.543
16.887,51.13275,0.478
16.889,51.13275,0.495
16.891,51.13275,0.53
16.893,51.13275,0.496
16.895,51.13275,0.484
16.897,51.13275,0.484
16.899,51.13275,0.502
16.901,51.13275,0.507
16.903,51.13275,0.538
16.905,51.13275,0.515
16.907,51.13275,0.543
16.909,51.13275,0.515
16.911,51.13275,0.539
16.913,51.13275,0.548
16.915,51.13275,0.546
16.917,51.13275,0.522
16.919,51.13275,0.54
16.921,51.13275,0.515
16.923,51.13275,0.561
16.925,51.13275,0.546
16.927,51.13275,0.53
16.929,51.13275,0.551
16.931,51.13275,0.512
16.933,51.13275,0.516
16.935,51.13275,0.482
16.937,51.13275,0.516
16.939,51.13275,0.49
16.941,51.13275,0.457
16.943,51.13275,0.467
16.945,51.13275,0.483
16.947,51.13275,0.459
16.949,51.13275,0.438
16.951,51.13275,0.416
16.953,51.13275,0.465
16.955,51.13275,0.441
16.957,51.13275,0.443
16.959,51.13275,0.431
16.961,51.13275,0.436
16.963,51.13275,0.447
16.965,51.13275,0.407
16.967,51.13275,0.437
16.969,51.13275,0.397
16.971,51.13275,0.433
16.973,51.13275,0.378
16.975,51.13275,0.414
16.977,51.13275,0.387
16.979,51.13275,0.411
16.981,51.13275,0.406
16.983,51.13275,0.434
16.985,51.13275,0.423
16.987,51.13275,0.375
16.989,51.13275,0.324
16.991,51.13275,0.36
16.993,51.13275,0.293
16.995,51.13275,0.353
16.997,51.13275,0.313
16.999,51.13275,0.328
17.001,51.13275,0.299
17.003,51.13275,0.323
17.005,51.13275,0.305
17.007,51.13275,0.214
17.009,51.13275,0.226
17.011,51.13275,0.231
17.013,51.13275,0.241
17.015,51.13275,0.256
17.017,51.13275,0.244
17.019,51.13275,0.232
17.021,51.13275,0.185
17.023,51.13275,0.186
17.025,51.13275,0.228
17.027,51.13275,0.18
17.029,51.13275,0.193
17.031,51.13275,0.227
17.033,51.13275,0.198
17.035,51.13275,0.216
17.037,51.13275,0.2
17.039,51.13275,0.211
17.041,51.13275,0.193
17.043,51.13275,0.191
17.045,51.13275,0.228
17.047,51.13275,0.224
17.049,51.13275,0.233
17.051,51.13275,0.282
17.053,51.13275,0.29
17.055,51.13275,0.258
17.057,51.13275,0.246
17.059,51.13275,0.259
17.061,51.13275,0.027
17.063,51.13275,0.031
17.065,51.13275,0.07
17.067,51.13275,0.055
17.069,51.13275,0.003
17.071,51.13275,0.018
17.073,51.13275,0.047
17.075,51.13275,0.053
17.077,51.13275,-0.021
17.079,51.13275,0.031
17.081,51.13275,0.011
17.083,51.13275,0.396
17.085,51.13275,0.417
17.087,51.13275,0.439
17.089,51.13275,0.445
17.091,51.13275,0.42
17.093,51.13275,0.458
17.095,51.13275,0.468
17.097,51.13275,0.453
17.099,51.13275,0.487
17.101,51.13275,0.522
17.103,51.13275,0.533
17.105,51.13275,0.506
17.107,51.13275,0.532
17.109,51.13275,0.511
17.111,51.13275,0.49
17.113,51.13275,0.545
17.115,51.13275,0.496
17.117,51.13275,0.484
17.119,51.13275,0.492
17.121,51.13275,0.519
17.123,51.13275,0.514
17.125,51.13275,0.516
17.127,51.13275,0.491
17.129,51.13275,0.522
17.131,51.13275,0.548
17.133,51.13275,0.535
17.135,51.13275,0.503
17.137,51.13275,0.536
17.139,51.13275,0.55
17.141,51.13275,0.526
17.143,51.13275,0.512
17.145,51.13275,0.571
17.147,51.13275,0.593
17.149,51.13275,0.607
17.151,51.13275,0.572
17.153,51.13275,0.57
17.155,51.13275,0.554
17.157,51.13275,0.576
17.159,51.13275,0.57
17.161,51.13275,0.552
17.163,51.13275,0.555
17.165,51.13275,0.477
17.167,51.13275,0.545
17.169,51.13275,0.525
17.171,51.13275,0.486
17.173,51.13275,0.517
17.175,51.13275,0.46
17.177,51.13275,0.479
17.179,51.13275,0.437
17.181,51.13275,0.428
17.183,51.13275,0.46
17.185,51.13275,0.456
17.187,51.13275,0.437
17.189,51.13275,0.476
17.191,51.13275,0.487
17.193,51.13275,0.484
17.195,51.13275,0.508
17.197,51.13275,0.502
17.199,51.13275,0.521
17.201,51.13275,0.53
17.203,51.13275,0.572
17.205,51.13275,0.586
17.207,51.13275,0.594
17.209,51.13275,0.584
17.211,51.13275,0.611
17.213,51.13275,0.587
17.215,51.13275,0.62
17.217,51.13275,0.632
17.219,51.13275,0.633
17.221,51.13275,0.607
17.223,51.13275,0.57
17.225,51.13275,0.602
17.227,51.13275,0.592
17.229,51.13275,0.613
17.231,51.13275,0.596
17.233,51.13275,0.575
17.235,51.13275,0.596
17.237,51.13275,0.594
17.239,51.13275,0.566
17.241,51.13275,0.567
17.243,51.13275,0.592
17.245,51.13275,0.588
17.247,51.13275,0.623
17.249,51.13275,0.6
16.851,51.13145,0.625
16.853,51.13145,0.674
16.855,51.13145,0.667
16.857,51.13145,0.632
16.859,51.13145,0.626
16.861,51.13145,0.634
16.863,51.13145,0.614
16.865,51.13145,0.598
16.867,51.13145,0.588
16.869,51.13145,0.594
16.871,51.13145,0.56
16.873,51.13145,0.484
16.875,51.13145,0.546
16.877,51.13145,0.568
16.879,51.13145,0.528
16.881,51.13145,0.557
16.883,51.13145,0.535
16.885,51.13145,0.534
16.887,51.13145,0.512
16.889,51.13145,0.529
16.891,51.13145,0.515
16.893,51.13145,0.491
16.895,51.13145,0.506
16.897,51.13145,0.529
16.899,51.13145,0.516
16.901,51.13145,0.486
16.903,51.13145,0.499
16.905,51.13145,0.529
16.907,51.13145,0.557
16.909,51.13145,0.559
16.911,51.13145,0.484
16.913,51.13145,0.533
16.915,51.13145,0.529
16.917,51.13145,0.543
16.919,51.13145,0.534
16.921,51.13145,0.532
16.923,51.13145,0.536
16.925,51.13145,0.535
16.927,51.13145,0.547
16.929,51.13145,0.476
16.931,51.13145,0.515
16.933,51.13145,0.504
16.935,51.13145,0.512
16.937,51.13145,0.486
16.939,51.13145,0.478
16.941,51.13145,0.494
16.943,51.13145,0.462
16.945,51.13145,0.459
16.947,51.13145,0.459
16.949,51.13145,0.455
16.951,51.13145,0.405
16.953,51.13145,0.46
16.955,51.13145,0.445
16.957,51.13145,0.424
16.959,51.13145,0.43
16.961,51.13145,0.417
16.963,51.13145,0.43
16.965,51.13145,0.403
16.967,51.13145,0.418
16.969,51.13145,0.429
16.971,51.13145,0.413
16.973,51.13145,0.415
16.975,51.13145,0.445
16.977,51.13145,0.419
16.979,51.13145,0.413
16.981,51.13145,0.402
16.983,51.13145,0.358
16.985,51.13145,0.379
16.987,51.13145,0.401
16.989,51.13145,0.328
16.991,51.13145,0.352
16.993,51.13145,0.359
16.995,51.13145,0.325
16.997,51.13145,0.317
16.999,51.13145,0.291
17.001,51.13145,0.277
17.003,51.13145,0.31
17.005,51.13145,0.287
17.007,51.13145,0.238
17.009,51.13145,0.259
17.011,51.13145,0.246
17.013,51.13145,0.255
17.015,51.13145,0.19
17.017,51.13145,0.234
17.019,51.13145,0.216
17.021,51.13145,0.216
17.023,51.13145,0.172
17.025,51.13145,0.206
17.027,51.13145,0.215
17.029,51.13145,0.185
17.031,51.13145,0.233
17.033,51.13145,0.175
17.035,51.13145,0.184
17.037,51.13145,0.209
17.039,51.13145,0.205
17.041,51.13145,0.195
17.043,51.13145,0.166
17.045,51.13145,0.198
17.047,51.13145,0.211
17.049,51.13145,0.233
17.051,51.13145,0.203
17.053,51.13145,0.226
17.055,51.13145,0.228
17.057,51.13145,0.246
17.059,51.13145,0.028
17.061,51.13145,0.026
17.063,51.13145,-0.04
17.065,51.13145,0
17.067,51.13145,0.025
17.069,51.13145,-0.01
17.071,51.13145,0.076
17.073,51.13145,0.121
17.075,51.13145,0.056
17.077,51.13145,0.021
17.079,51.13145,0.041
17.081,51.13145,0.353
17.083,51.13145,0.315
17.085,51.13145,0.407
17.087,51.13145,0.454
17.089,51.13145,0.438
17.091,51.13145,0.435
17.093,51.13145,0.488
17.095,51.13145,0.471
17.097,51.13145,0.483
17.099,51.13145,0.516
17.101,51.13145,0.492
17.103,51.13145,0.531
17.105,51.13145,0.505
17.107,51.13145,0.547
17.109,51.13145,0.523
17.111,51.13145,0.499
17.113,51.13145,0.493
17.115,51.13145,0.462
17.117,51.13145,0.511
17.119,51.13145,0.475
17.121,51.13145,0.495
17.123,51.13145,0.511
17.125,51.13145,0.521
17.127,51.13145,0.468
17.129,51.13145,0.499
17.131,51.13145,0.538
17.133,51.13145,0.533
17.135,51.13145,0.571
17.137,51.13145,0.527
17.139,51.13145,0.503
17.141,51.13145,0.547
17.143,51.13145,0.556
17.145,51.13145,0.544
17.147,51.13145,0.581
17.149,51.13145,0.594
17.151,51.13145,0.549
17.153,51.13145,0.565
17.155,51.13145,0.577
17.157,51.13145,0.616
17.159,51.13145,0.569
17.161,51.13145,0.556
17.163,51.13145,0.513
17.165,51.13145,0.524
17.167,51.13145,0.528
17.169,51.13145,0.515
17.171,51.13145,0.484
17.173,51.13145,0.455
17.175,51.13145,0.471
17.177,51.13145,0.448
17.179,51.13145,0.414
17.181,51.13145,0.439
17.183,51.13145,0.428
17.185,51.13145,0.408
17.187,51.13145,0.459
17.189,51.13145,0.443
17.191,51.13145,0.488
17.193,51.13145,0.483
17.195,51.13145,0.477
17.197,51.13145,0.518
17.199,51.13145,0.524
17.201,51.13145,0.554
17.203,51.13145,0.579
17.205,51.13145,0.566
17.207,51.13145,0.575
17.209,51.13145,0.559
17.211,51.13145,0.596
17.213,51.13145,0.597
17.215,51.13145,0.644
17.217,51.13145,0.587
17.219,51.13145,0.603
17.221,51.13145,0.633
17.223,51.13145,0.636
17.225,51.13145,0.621
17.227,51.13145,0.598
17.229,51.13145,0.586
17.231,51.13145,0.627
17.233,51.13145,0.591
17.235,51.13145,0.646
17.237,51.13145,0.61
17.239,51.13145,0.558
17.241,51.13145,0.581
17.243,51.13145,0.576
17.245,51.13145,0.557
17.247,51.13145,0.58
17.249,51.13145,0.607
16.851,51.13015,0.643
16.853,51.13015,0.643
16.855,51.13015,0.626
16.857,51.13015,0.667
16.859,51.13015,0.628
16.861,51.13015,0.643
16.863,51.13015,0.595
16.865,51.13015,0.629
16.867,51.13015,0.62
16.869,51.13015,0.581
16.871,51.13015,0.566
16.873,51.13015,0.57
16.875,51.13015,0.545
16.877,51.13015,0.544
16.879,51.13015,0.503
16.881,51.13015,0.526
16.883,51.13015,0.546
16.885,51.13015,0.513
16.887,51.13015,0.489
16.889,51.13015,0.481
16.891,51.13015,0.528
16.893,51.13015,0.516
16.895,51.13015,0.486
16.897,51.13015,0.53
16.899,51.13015,0.493
16.901,51.13015,0.493
16.903,51.13015,0.517
16.905,51.13015,0.54
16.907,51.13015,0.532
16.909,51.13015,0.541
16.911,51.13015,0.545
16.913,51.13015,0.538
16.915,51.13015,0.537
16.917,51.13015,0.562
16.919,51.13015,0.532
16.921,51.13015,0.532
16.923,51.13015,0.568
16.925,51.13015,0.543
16.927,51.13015,0.531
16.929,51.13015,0.546
16.931,51.13015,0.505
16.933,51.13015,0.541
16.935,51.13015,0.538
16.937,51.13015,0.502
16.939,51.13015,0.506
16.941,51.13015,0.495
16.943,51.13015,0.49
16.945,51.13015,0.503
16.947,51.13015,0.459
16.949,51.13015,0.484
16.951,51.13015,0.436
16.953,51.13015,0.459
16.955,51.13015,0.422
16.957,51.13015,0.454
16.959,51.13015,0.428
16.961,51.13015,0.402
16.963,51.13015,0.408
16.965,51.13015,0.401
16.967,51.13015,0.427
16.969,51.13015,0.409
16.971,51.13015,0.446
16.973,51.13015,0.432
16.975,51.13015,0.417
16.977,51.13015,0.406
16.979,51.13015,0.394
16.981,51.13015,0.397
16.983,51.13015,0.4
16.985,51.13015,0.373
16.987,51.13015,0.376
16.989,51.13015,0.386
16.991,51.13015,0.33
16.993,51.13015,0.336
16.995,51.13015,0.305
16.997,51.13015,0.281
16.999,51.13015,0.288
17.001,51.13015,0.272
17.003,51.13015,0.242
17.005,51.13015,0.247
17.007,51.13015,0.208
17.009,51.13015,0.19
17.011,51.13015,0.245
17.013,51.13015,0.221
17.015,51.13015,0.182
17.017,51.13015,0.199
17.019,51.13015,0.187
17.021,51.13015,0.181
17.023,51.13015,0.199
17.025,51.13015,0.181
17.027,51.13015,0.186
17.029,51.13015,0.176
17.031,51.13015,0.164
17.033,51.13015,0.154
17.035,51.13015,0.18
17.037,51.13015,0.182
17.039,51.13015,0.162
17.041,51.13015,0.183
17.043,51.13015,0.194
17.045,51.13015,0.154
17.047,51.13015,0.202
17.049,51.13015,0.227
17.051,51.13015,0.206
17.053,51.13015,0.22
17.055,51.13015,0.198
17.057,51.13015,-0.016
17.059,51.13015,-0.008
17.061,51.13015,0.029
17.063,51.13015,0.05
17.065,51.13015,0.036
17.067,51.13015,0.011
17.069,51.13015,0.048
17.071,51.13015,0.04
17.073,51.13015,0.052
17.075,51.13015,0.007
17.077,51.13015,-0.009
17.079,51.13015,0.337
17.081,51.13015,0.36
17.083,51.13015,0.365
17.085,51.13015,0.4
17.087,51.13015,0.436
17.089,51.13015,0.427
17.091,51.13015,0.494
17.093,51.13015,0.453
17.095,51.13015,0.485
17.097,51.13015,0.487
17.099,51.13015,0.505
17.101,51.13015,0.506
17.103,51.13015,0.532
17.105,51.13015,0.509
17.107,51.13015,0.542
17.109,51.13015,0.518
17.111,51.13015,0.508
17.113,51.13015,0.482
17.115,51.13015,0.522
17.117,51.13015,0.479
17.119,51.13015,0.506
17.121,51.13015,0.502
17.123,51.13015,0.496
17.125,51.13015,0.478
17.127,51.13015,0.512
17.129,51.13015,0.475
17.131,51.13015,0.533
17.133,51.13015,0.496
17.135,51.13015,0.502
17.137,51.13015,0.495
17.139,51.13015,0.545
17.141,51.13015,0.532
17.143,51.13015,0.566
17.145,51.13015,0.553
17.147,51.13015,0.552
17.149,51.13015,0.57
17.151,51.13015,0.593
17.153,51.13015,0.579
17.155,51.13015,0.576
17.157,51.13015,0.587
17.159,51.13015,0.523
17.161,51.13015,0.526
17.163,51.13015,0.54
17.165,51.13015,0.518
17.167,51.13015,0.472
17.169,51.13015,0.558
17.171,51.13015,0.474
17.173,51.13015,0.456
17.175,51.13015,0.497
17.177,51.13015,0.409
17.179,51.13015,0.456
17.181,51.13015,0.41
17.183,51.13015,0.436
17.185,51.13015,0.384
17.187,51.13015,0.426
17.189,51.13015,0.441
17.191,51.13015,0.5
17.193,51.13015,0.455
17.195,51.13015,0.48
17.197,51.13015,0.491
17.199,51.13015,0.51
17.201,51.13015,0.537
17.203,51.13015,0.538
17.205,51.13015,0.563
17.207,51.13015,0.564
17.209,51.13015,0.597
17.211,51.13015,0.605
17.213,51.13015,0.584
17.215,51.13015,0.585
17.217,51.13015,0.623
17.219,51.13015,0.626
17.221,51.13015,0.628
17.223,51.13015,0.606
17.225,51.13015,0.595
17.227,51.13015,0.634
17.229,51.13015,0.6
17.231,51.13015,0.606
17.233,51.13015,0.588
17.235,51.13015,0.566
17.237,51.13015,0.616
17.239,51.13015,0.589
17.241,51.13015,0.617
17.243,51.13015,0.595
17.245,51.13015,0.582
17.247,51.13015,0.556
17.249,51.13015,0.562
16.851,51.12885,0.623
16.853,51.12885,0.635
16.855,51.12885,0.623
16.857,51.12885,0.614
16.859,51.12885,0.646
16.861,51.12885,0.644
16.863,51.12885,0.615
16.865,51.12885,0.618
16.867,51.12885,0.594
16.869,51.12885,0.557
16.871,51.12885,0.553
16.873,51.12885,0.562
16.875,51.12885,0.526
16.877,51.12885,0.542
16.879,51.12885,0.538
16.881,51.12885,0.528
16.883,51.12885,0.523
16.885,51.12885,0.532
16.887,51.12885,0.52
16.889,51.12885,0.495
16.891,51.12885,0.526
16.893,51.12885,0.521
16.895,51.12885,0.509
16.897,51.12885,0.499
16.899,51.12885,0.51
16.901,51.12885,0.484
16.903,51.12885,0.511
16.905,51.12885,0.534
16.907,51.12885,0.551
16.909,51.12885,0.527
16.911,51.12885,0.5
16.913,51.12885,0.515
16.915,51.12885,0.593
16.917,51.12885,0.561
16.919,51.12885,0.558
16.921,51.12885,0.535
16.923,51.12885,0.527
16.925,51.12885,0.527
16.927,51.12885,0.533
16.929,51.12885,0.538
16.931,51.12885,0.524
16.933,51.12885,0.503
16.935,51.12885,0.523
16.937,51.12885,0.49
16.939,51.12885,0.502
16.941,51.12885,0.522
16.943,51.12885,0.471
16.945,51.12885,0.489
16.947,51.12885,0.473
16.949,51.12885,0.443
16.951,51.12885,0.441
16.953,51.12885,0.42
16.955,51.12885,0.453
16.957,51.12885,0.405
16.959,51.12885,0.426
16.961,51.12885,0.426
16.963,51.12885,0.392
16.965,51.12885,0.419
16.967,51.12885,0.439
16.969,51.12885,0.447
16.971,51.12885,0.394
16.973,51.12885,0.436
16.975,51.12885,0.423
16.977,51.12885,0.432
16.979,51.12885,0.416
16.981,51.12885,0.404
16.983,51.12885,0.374
16.985,51.12885,0.382
16.987,51.12885,0.372
16.989,51.12885,0.368
16.991,51.12885,0.331
16.993,51.12885,0.356
16.995,51.12885,0.279
16.997,51.12885,0.263
16.999,51.12885,0.278
17.001,51.12885,0.279
17.003,51.12885,0.247
17.005,51.12885,0.241
17.007,51.12885,0.232
17.009,51.12885,0.215
17.011,51.12885,0.21
17.013,51.12885,0.229
17.015,51.12885,0.216
17.017,51.12885,0.228
17.019,51.12885,0.186
17.021,51.12885,0.177
17.023,51.12885,0.164
17.025,51.12885,0.168
17.027,51.12885,0.177
17.029,51.12885,0.158
17.031,51.12885,0.164
17.033,51.12885,0.179
17.035,51.12885,0.191
17.037,51.12885,0.174
17.039,51.12885,0.205
17.041,51.12885,0.202
17.043,51.12885,0.217
17.045,51.12885,0.22
17.047,51.12885,0.212
17.049,51.12885,0.229
17.051,51.12885,0.222
17.053,51.12885,0.226
17.055,51.12885,-0.016
17.057,51.12885,0.032
17.059,51.12885,-0.008
17.061,51.12885,0.068
17.063,51.12885,0.017
17.065,51.12885,0.044
17.067,51.12885,-0.02
17.069,51.12885,0.011
17.071,51.12885,0.032
17.073,51.12885,0.108
17.075,51.12885,0.033
17.077,51.12885,0.289
17.079,51.12885,0.318
17.081,51.12885,0.332
17.083,51.12885,0.349
17.085,51.12885,0.353
17.087,51.12885,0.387
17.089,51.12885,0.453
17.091,51.12885,0.448
17.093,51.12885,0.468
17.095,51.12885,0.502
17.097,51.12885,0.466
17.099,51.12885,0.547
17.101,51.12885,0.507
17.103,51.12885,0.511
17.105,51.12885,0.483
17.107,51.12885,0.491
17.109,51.12885,0.492
17.111,51.12885,0.512
17.113,51.12885,0.476
17.115,51.12885,0.466
17.117,51.12885,0.461
17.119,51.12885,0.495
17.121,51.12885,0.454
17.123,51.12885,0.49
17.125,51.12885,0.471
17.127,51.12885,0.491
17.129,51.12885,0.457
17.131,51.12885,0.47
17.133,51.12885,0.501
17.135,51.12885,0.501
17.137,51.12885,0.515
17.139,51.12885,0.504
17.141,51.12885,0.549
17.143,51.12885,0.552
17.145,51.12885,0.535
17.147,51.12885,0.531
17.149,51.12885,0.554
17.151,51.12885,0.551
17.153,51.12885,0.521
17.155,51.12885,0.601
17.157,51.12885,0.566
17.159,51.12885,0.56
17.161,51.12885,0.576
17.163,51.12885,0.538
17.165,51.12885,0.552
17.167,51.12885,0.505
17.169,51.12885,0.473
17.171,51.12885,0.495
17.173,51.12885,0.49
17.175,51.12885,0.516
17.177,51.12885,0.437
17.179,51.12885,0.439
17.181,51.12885,0.417
17.183,51.12885,0.441
17.185,51.12885,0.461
17.187,51.12885,0.445
17.189,51.12885,0.485
17.191,51.12885,0.449
17.193,51.12885,0.454
17.195,51.12885,0.467
17.197,51.12885,0.484
17.199,51.12885,0.499
17.201,51.12885,0.529
17.203,51.12885,0.545
17.205,51.12885,0.548
17.207,51.12885,0.615
17.209,51.12885,0.59
17.211,51.12885,0.569
17.213,51.12885,0.605
17.215,51.12885,0.582
17.217,51.12885,0.579
17.219,51.12885,0.634
17.221,51.12885,0.601
17.223,51.12885,0.622
17.225,51.12885,0.639
17.227,51.12885,0.618
17.229,51.12885,0.58
17.231,51.12885,0.593
17.233,51.12885,0.558
17.235,51.12885,0.593
17.237,51.12885,0.591
17.239,51.12885,0.546
17.241,51.12885,0.571
17.243,51.12885,0.57
17.245,51.12885,0.579
17.247,51.12885,0.588
17.249,51.12885,0.543
16.851,51.12755,0.64
16.853,51.12755,0.686
16.855,51.12755,0.613
16.857,51.12755,0.656
16.859,51.12755,0.598
16.861,51.12755,0.618
16.863,51.12755,0.62
16.865,51.12755,0.608
16.867,51.12755,0.578
16.869,51.12755,0.572
16.871,51.12755,0.558
16.873,51.12755,0.526
16.875,51.12755,0.56
16.877,51.12755,0.557
16.879,51.12755,0.57
16.881,51.12755,0.567
16.883,51.12755,0.524
16.885,51.12755,0.508
16.887,51.12755,0.518
16.889,51.12755,0.542
16.891,51.12755,0.507
16.893,51.12755,0.512
16.895,51.12755,0.505
16.897,51.12755,0.493
16.899,51.12755,0.49
16.901,51.12755,0.537
16.903,51.12755,0.51
16.905,51.12755,0.537
16.907,51.12755,0.523
16.909,51.12755,0.553
16.911,51.12755,0.563
16.913,51.12755,0.571
16.915,51.12755,0.554
16.917,51.12755,0.546
16.919,51.12755,0.522
16.921,51.12755,0.561
16.923,51.12755,0.563
16.925,51.12755,0.515
16.927,51.12755,0.537
16.929,51.12755,0.553
16.931,51.12755,0.53
16.933,51.12755,0.549
16.935,51.12755,0.527
16.937,51.12755,0.507
16.939,51.12755,0.46
16.941,51.12755,0.458
16.943,51.12755,0.467
16.945,51.12755,0.463
16.947,51.12755,0.45
16.949,51.12755,0.465
16.951,51.12755,0.437
16.953,51.12755,0.444
16.955,51.12755,0.436
16.957,51.12755,0.411
16.959,51.12755,0.429
16.961,51.12755,0.445
16.963,51.12755,0.402
16.965,51.12755,0.419
16.967,51.12755,0.418
16.969,51.12755,0.41
16.971,51.12755,0.372
16.973,51.12755,0.436
16.975,51.12755,0.419
16.977,51.12755,0.411
16.979,51.12755,0.438
16.981,51.12755,0.424
16.983,51.12755,0.404
16.985,51.12755,0.334
16.987,51.12755,0.364
16.989,51.12755,0.353
16.991,51.12755,0.372
16.993,51.12755,0.319
16.995,51.12755,0.303
16.997,51.12755,0.254
16.999,51.12755,0.263
17.001,51.12755,0.301
17.003,51.12755,0.26
17.005,51.12755,0.241
17.007,51.12755,0.264
17.009,51.12755,0.226
17.011,51.12755,0.213
17.013,51.12755,0.229
17.015,51.12755,0.22
17.017,51.12755,0.234
17.019,51.12755,0.23
17.021,51.12755,0.181
17.023,51.12755,0.199
17.025,51.12755,0.214
17.027,51.12755,0.141
17.029,51.12755,0.203
17.031,51.12755,0.158
17.033,51.12755,0.16
17.035,51.12755,0.198
17.037,51.12755,0.202
17.039,51.12755,0.236
17.041,51.12755,0.182
17.043,51.12755,0.199
17.045,51.12755,0.166
17.047,51.12755,0.211
17.049,51.12755,0.188
17.051,51.12755,0.058
17.053,51.12755,0.052
17.055,51.12755,0.011
17.057,51.12755,0.058
17.059,51.12755,0.035
17.061,51.12755,0.041
17.063,51.12755,0.084
17.065,51.12755,-0.013
17.067,51.12755,-0.01
17.069,51.12755,0.023
17.071,51.12755,0.069
17.073,51.12755,0.253
17.075,51.12755,0.294
17.077,51.12755,0.337
17.079,51.12755,0.281
17.081,51.12755,0.339
17.083,51.12755,0.336
17.085,51.12755,0.397
17.087,51.12755,0.396
17.089,51.12755,0.448
17.091,51.12755,0.46
17.093,51.12755,0.456
17.095,51.12755,0.464
17.097,51.12755,0.483
17.099,51.12755,0.483
17.101,51.12755,0.507
17.103,51.12755,0.491
17.105,51.12755,0.471
17.107,51.12755,0.519
17.109,51.12755,0.537
17.111,51.12755,0.537
17.113,51.12755,0.485
17.115,51.12755,0.518
17.117,51.12755,0.493
17.119,51.12755,0.504
17.121,51.12755,0.491
17.123,51.12755,0.497
17.125,51.12755,0.489
17.127,51.12755,0.506
17.129,51.12755,0.484
17.131,51.12755,0.514
17.133,51.12755,0.447
17.135,51.12755,0.525
17.137,51.12755,0.534
17.139,51.12755,0.508
17.141,51.12755,0.555
17.143,51.12755,0.528
17.145,51.12755,0.523
17.147,51.12755,0.548
17.149,51.12755,0.567
17.151,51.12755,0.564
17.153,51.12755,0.57
17.155,51.12755,0.582
17.157,51.12755,0.525
17.159,51.12755,0.546
17.161,51.12755,0.526
17.163,51.12755,0.543
17.165,51.12755,0.547
17.167,51.12755,0.511
17.169,51.12755,0.513
17.171,51.12755,0.492
17.173,51.12755,0.457
17.175,51.12755,0.491
17.177,51.12755,0.457
17.179,51.12755,0.43
17.181,51.12755,0.463
17.183,51.12755,0.432
17.185,51.12755,0.459
17.187,51.12755,0.453
17.189,51.12755,0.472
17.191,51.12755,0.456
17.193,51.12755,0.481
17.195,51.12755,0.499
17.197,51.12755,0.477
17.199,51.12755,0.542
17.201,51.12755,0.502
17.203,51.12755,0.518
17.205,51.12755,0.53
17.207,51.12755,0.556
17.209,51.12755,0.573
17.211,51.12755,0.598
17.213,51.12755,0.576
17.215,51.12755,0.592
17.217,51.12755,0.608
17.219,51.12755,0.622
17.221,51.12755,0.604
17.223,51.12755,0.6
17.225,51.12755,0.6
17.227,51.12755,0.595
17.229,51.12755,0.587
17.231,51.12755,0.6
17.233,51.12755,0.566
17.235,51.12755,0.611
17.237,51.12755,0.577
17.239,51.12755,0.572
17.241,51.12755,0.571
17.243,51.12755,0.548
17.245,51.12755,0.539
17.247,51.12755,0.567
17.249,51.12755,0.541
16.851,51.12625,0.64
16.853,51.12625,0.623
16.855,51.12625,0.614
16.857,51.12625,0.602
16.859,51.12625,0.644
16.861,51.12625,0.606
16.863,51.12625,0.621
16.865,51.12625,0.601
16.867,51.12625,0.575
16.869,51.12625,0.561
16.871,51.12625,0.557
16.873,51.12625,0.592
16.875,51.12625,0.551
16.877,51.12625,0.544
16.879,51.12625,0.482
16.881,51.12625,0.541
16.883,51.12625,0.518
16.885,51.12625,0.524
16.887,51.12625,0.512
16.889,51.12625,0.536
16.891,51.12625,0.541
16.893,51.12625,0.482
16.895,51.12625,0.541
16.897,51.12625,0.5
16.899,51.12625,0.544
16.901,51.12625,0.532
16.903,51.12625,0.535
16.905,51.12625,0.555
16.907,51.12625,0.562
16.909,51.12625,0.526
16.911,51.12625,0.537
16.913,51.12625,0.611
16.915,51.12625,0.56
16.917,51.12625,0.551
16.919,51.12625,0.548
16.921,51.12625,0.594
16.923,51.12625,0.548
16.925,51.12625,0.594
16.927,51.12625,0.507
16.929,51.12625,0.518
16.931,51.12625,0.525
16.933,51.12625,0.542
16.935,51.12625,0.475
16.937,51.12625,0.492
16.939,51.12625,0.47
16.941,51.12625,0.479
16.943,51.12625,0.509
16.945,51.12625,0.5
16.947,51.12625,0.466
16.949,51.12625,0.44
16.951,51.12625,0.425
16.953,51.12625,0.442
16.955,51.12625,0.419
16.957,51.12625,0.452
16.959,51.12625,0.411
16.961,51.12625,0.446
16.963,51.12625,0.433
16.965,51.12625,0.425
16.967,51.12625,0.44
16.969,51.12625,0.44
16.971,51.12625,0.437
16.973,51.12625,0.43
16.975,51.12625,0.442
16.977,51.12625,0.392
16.979,51.12625,0.429
16.981,51.12625,0.411
16.983,51.12625,0.406
16.985,51.12625,0.365
16.987,51.12625,0.372
16.989,51.12625,0.332
16.991,51.12625,0.337
16.993,51.12625,0.334
16.995,51.12625,0.316
16.997,51.12625,0.302
16.999,51.12625,0.304
17.001,51.12625,0.27
17.003,51.12625,0.264
17.005,51.12625,0.297
17.007,51.12625,0.193
17.009,51.12625,0.203
17.011,51.12625,0.237
17.013,51.12625,0.207
17.015,51.12625,0.207
17.017,51.12625,0.173
17.019,51.12625,0.169
17.021,51.12625,0.171
17.023,51.12625,0.211
17.025,51.12625,0.186
17.027,51.12625,0.176
17.029,51.12625,0.161
17.031,51.12625,0.17
17.033,51.12625,0.163
17.035,51.12625,0.159
17.037,51.12625,0.174
17.039,51.12625,0.133
17.041,51.12625,0.165
17.043,51.12625,0.18
17.045,51.12625,0.153
17.047,51.12625,0.201
17.049,51.12625,0.032
17.051,51.12625,0.02
17.053,51.12625,0.04
17.055,51.12625,0.013
17.057,51.12625,0.028
17.059,51.12625,0.049
17.061,51.12625,0.034
17.063,51.12625,0.025
17.065,51.12625,0.082
17.067,51.12625,0.001
17.069,51.12625,0.05
17.071,51.12625,0.306
17.073,51.12625,0.305
17.075,51.12625,0.289
17.077,51.12625,0.323
17.079,51.12625,0.332
17.081,51.12625,0.366
17.083,51.12625,0.356
17.085,51.12625,0.359
17.087,51.12625,0.415
17.089,51.12625,0.389
17.091,51.12625,0.429
17.093,51.12625,0.441
17.095,51.12625,0.484
17.097,51.12625,0.501
17.099,51.12625,0.483
17.101,51.12625,0.549
17.103,51.12625,0.521
17.105,51.12625,0.529
17.107,51.12625,0.522
17.109,51.12625,0.502
17.111,51.12625,0.517
17.113,51.12625,0.554
17.115,51.12625,0.52
17.117,51.12625,0.529
17.119,51.12625,0.483
17.121,51.12625,0.498
17.123,51.12625,0.533
17.125,51.12625,0.498
17.127,51.12625,0.493
17.129,51.12625,0.489
17.131,51.12625,0.457
17.133,51.12625,0.502
17.135,51.12625,0.526
17.137,51.12625,0.488
17.139,51.12625,0.506
17.141,51.12625,0.525
17.143,51.12625,0.528
17.145,51.12625,0.534
17.147,51.12625,0.538
17.149,51.12625,0.548
17.151,51.12625,0.551
17.153,51.12625,0.551
17.155,51.12625,0.576
17.157,51.12625,0.554
17.159,51.12625,0.572
17.161,51.12625,0.532
17.163,51.12625,0.557
17.165,51.12625,0.55
17.167,51.12625,0.517
17.169,51.12625,0.507
17.171,51.12625,0.515
17.173,51.12625,0.499
17.175,51.12625,0.464
17.177,51.12625,0.472
17.179,51.12625,0.447
17.181,51.12625,0.455
17.183,51.12625,0.449
17.185,51.12625,0.468
17.187,51.12625,0.436
17.189,51.12625,0.467
17.191,51.12625,0.47
17.193,51.12625,0.455
17.195,51.12625,0.449
17.197,51.12625,0.452
17.199,51.12625,0.494
17.201,51.12625,0.489
17.203,51.12625,0.54
17.205,51.12625,0.524
17.207,51.12625,0.56
17.209,51.12625,0.539
17.211,51.12625,0.542
17.213,51.12625,0.589
17.215,51.12625,0.572
17.217,51.12625,0.609
17.219,51.12625,0.581
17.221,51.12625,0.587
17.223,51.12625,0.59
17.225,51.12625,0.586
17.227,51.12625,0.572
17.229,51.12625,0.585
17.231,51.12625,0.538
17.233,51.12625,0.596
17.235,51.12625,0.571
17.237,51.12625,0.598
17.239,51.12625,0.526
17.241,51.12625,0.526
17.243,51.12625,0.568
17.245,51.12625,0.609
17.247,51.12625,0.549
17.249,51.12625,0.555
16.851,51.12495,0.636
16.853,51.12495,0.61
16.855,51.12495,0.612
16.857,51.12495,0.614
16.859,51.12495,0.612
16.861,51.12495,0.604
16.863,51.12495,0.625
16.865,51.12495,0.602
16.867,51.12495,0.62
16.869,51.12495,0.61
16.871,51.12495,0.539
16.873,51.12495,0.572
16.875,51.12495,0.584
16.877,51.12495,0.553
16.879,51.12495,0.563
16.881,51.12495,0.526
16.883,51.12495,0.572
16.885,51.12495,0.548
16.887,51.12495,0.539
16.889,51.12495,0.505
16.891,51.12495,0.501
16.893,51.12495,0.539
16.895,51.12495,0.531
16.897,51.12495,0.53
16.899,51.12495,0.543
16.901,51.12495,0.555
16.903,51.12495,0.551
16.905,51.12495,0.542
16.907,51.12495,0.568
16.909,51.12495,0.565
16.911,51.12495,0.554
16.913,51.12495,0.548
16.915,51.12495,0.588
16.917,51.12495,0.567
16.919,51.12495,0.573
16.921,51.12495,0.591
16.923,51.12495,0.545
16.925,51.12495,0.535
16.927,51.12495,0.567
16.929,51.12495,0.491
16.931,51.12495,0.526
16.933,51.12495,0.503
16.935,51.12495,0.521
16.937,51.12495,0.471
16.939,51.12495,0.483
16.941,51.12495,0.482
16.943,51.12495,0.483
16.945,51.12495,0.465
16.947,51.12495,0.46
16.949,51.12495,0.428
16.951,51.12495,0.435
16.953,51.12495,0.461
16.955,51.12495,0.444
16.957,51.12495,0.473
16.959,51.12495,0.469
16.961,51.12495,0.42
16.963,51.12495,0.431
16.965,51.12495,0.431
16.967,51.12495,0.451
16.969,51.12495,0.442
16.971,51.12495,0.485
16.973,51.12495,0.447
16.975,51.12495,0.408
16.977,51.12495,0.423
16.979,51.12495,0.419
16.981,51.12495,0.434
16.983,51.12495,0.381
16.985,51.12495,0.336
16.987,51.12495,0.359
16.989,51.12495,0.377
16.991,51.12495,0.342
16.993,51.12495,0.305
16.995,51.12495,0.322
16.997,51.12495,0.3
16.999,51.12495,0.281
17.001,51.12495,0.264
17.003,51.12495,0.286
17.005,51.12495,0.224
17.007,51.12495,0.236
17.009,51.12495,0.197
17.011,51.12495,0.203
17.013,51.12495,0.228
17.015,51.12495,0.206
17.017,51.12495,0.189
17.019,51.12495,0.162
17.021,51.12495,0.153
17.023,51.12495,0.198
17.025,51.12495,0.184
17.027,51.12495,0.182
17.029,51.12495,0.198
17.031,51.12495,0.188
17.033,51.12495,0.152
17.035,51.12495,0.153
17.037,51.12495,0.193
17.039,51.12495,0.186
17.041,51.12495,0.171
17.043,51.12495,0.185
17.045,51.12495,0.187
17.047,51.12495,0.051
17.049,51.12495,0.049
17.051,51.12495,0.072
17.053,51.12495,0.015
17.055,51.12495,0.014
17.057,51.12495,-0.008
17.059,51.12495,0.025
17.061,51.12495,0.03
17.063,51.12495,0.067
17.065,51.12495,0.038
17.067,51.12495,0.018
17.069,51.12495,0.318
17.071,51.12495,0.279
17.073,51.12495,0.312
17.075,51.12495,0.306
17.077,51.12495,0.282
17.079,51.12495,0.34
17.081,51.12495,0.323
17.083,51.12495,0.366
17.085,51.12495,0.339
17.087,51.12495,0.354
17.089,51.12495,0.404
17.091,51.12495,0.432
17.093,51.12495,0.441
17.095,51.12495,0.455
17.097,51.12495,0.489
17.099,51.12495,0.505
17.101,51.12495,0.498
17.103,51.12495,0.517
17.105,51.12495,0.544
17.107,51.12495,0.524
17.109,51.12495,0.511
17.111,51.12495,0.502
17.113,51.12495,0.509
17.115,51.12495,0.482
17.117,51.12495,0.508
17.119,51.12495,0.485
17.121,51.12495,0.493
17.123,51.12495,0.486
17.125,51.12495,0.481
17.127,51.12495,0.47
17.129,51.12495,0.495
17.131,51.12495,0.462
17.133,51.12495,0.471
17.135,51.12495,0.505
17.137,51.12495,0.497
17.139,51.12495,0.51
17.141,51.12495,0.503
17.143,51.12495,0.537
17.145,51.12495,0.532
17.147,51.12495,0.575
17.149,51.12495,0.529
17.151,51.12495,0.518
17.153,51.12495,0.571
17.155,51.12495,0.551
17.157,51.12495,0.585
17.159,51.12495,0.579
17.161,51.12495,0.556
17.163,51.12495,0.589
17.165,51.12495,0.502
17.167,51.12495,0.537
17.169,51.12495,0.527
17.171,51.12495,0.491
17.173,51.12495,0.468
17.175,51.12495,0.484
17.177,51.12495,0.501
17.179,51.12495,0.458
17.181,51.12495,0.431
17.183,51.12495,0.466
17.185,51.12495,0.448
17.187,51.12495,0.417
17.189,51.12495,0.456
17.191,51.12495,0.427
17.193,51.12495,0.466
17.195,51.12495,0.478
17.197,51.12495,0.528
17.199,51.12495,0.519
17.201,51.12495,0.505
17.203,51.12495,0.496
17.205,51.12495,0.501
17.207,51.12495,0.543
17.209,51.12495,0.522
17.211,51.12495,0.538
17.213,51.12495,0.552
17.215,51.12495,0.549
17.217,51.12495,0.589
17.219,51.12495,0.587
17.221,51.12495,0.589
17.223,51.12495,0.588
17.225,51.12495,0.553
17.227,51.12495,0.598
17.229,51.12495,0.574
17.231,51.12495,0.546
17.233,51.12495,0.57
17.235,51.12495,0.587
17.237,51.12495,0.572
17.239,51.12495,0.573
17.241,51.12495,0.571
17.243,51.12495,0.612
17.245,51.12495,0.594
17.247,51.12495,0.548
17.249,51.12495,0.546
16.851,51.12365,0.608
16.853,51.12365,0.595
16.855,51.12365,0.636
16.857,51.12365,0.602
16.859,51.12365,0.61
16.861,51.12365,0.579
16.863,51.12365,0.59
16.865,51.12365,0.604
16.867,51.12365,0.612
16.869,51.12365,0.557
16.871,51.12365,0.601
16.873,51.12365,0.58
16.875,51.12365,0.602
16.877,51.12365,0.575
16.879,51.12365,0.548
16.881,51.12365,0.527
16.883,51.12365,0.572
16.885,51.12365,0.555
16.887,51.12365,0.528
16.889,51.12365,0.524
16.891,51.12365,0.546
16.893,51.12365,0.579
16.895,51.12365,0.529
16.897,51.12365,0.578
16.899,51.12365,0.557
16.901,51.12365,0.509
16.903,51.12365,0.515
16.905,51.12365,0.577
16.907,51.12365,0.513
16.909,51.12365,0.55
16.911,51.12365,0.526
16.913,51.12365,0.604
16.915,51.12365,0.61
16.917,51.12365,0.557
16.919,51.12365,0.591
16.921,51.12365,0.588
16.923,51.12365,0.565
16.925,51.12365,0.568
16.927,51.12365,0.585
16.929,51.12365,0.572
16.931,51.12365,0.538
16.933,51.12365,0.519
16.935,51.12365,0.542
16.937,51.12365,0.452
16.939,51.12365,0.489
16.941,51.12365,0.47
16.943,51.12365,0.482
16.945,51.12365,0.477
16.947,51.12365,0.492
16.949,51.12365,0.452
16.951,51.12365,0.444
16.953,51.12365,0.441
16.955,51.12365,0.448
16.957,51.12365,0.464
16.959,51.12365,0.455
16.961,51.12365,0.42
16.963,51.12365,0.471
16.965,51.12365,0.429
16.967,51.12365,0.421
16.969,51.12365,0.448
16.971,51.12365,0.45
16.973,51.12365,0.428
16.975,51.12365,0.435
16.977,51.12365,0.431
16.979,51.12365,0.46
16.981,51.12365,0.42
16.983,51.12365,0.425
16.985,51.12365,0.368
16.987,51.12365,0.364
16.989,51.12365,0.351
16.991,51.12365,0.373
16.993,51.12365,0.325
16.995,51.12365,0.308
16.997,51.12365,0.299
16.999,51.12365,0.274
17.001,51.12365,0.267
17.003,51.12365,0.293
17.005,51.12365,0.236
17.007,51.12365,0.253
17.009,51.12365,0.213
17.011,51.12365,0.205
17.013,51.12365,0.255
17.015,51.12365,0.226
17.017,51.12365,0.178
17.019,51.12365,0.203
17.021,51.12365,0.181
17.023,51.12365,0.164
17.025,51.12365,0.18
17.027,51.12365,0.176
17.029,51.12365,0.149
17.031,51.12365,0.138
17.033,51.12365,0.137
17.035,51.12365,0.194
17.037,51.12365,0.158
17.039,51.12365,0.17
17.041,51.12365,0.181
17.043,51.12365,0.179
17.045,51.12365,0.032
17.047,51.12365,0.024
17.049,51.12365,0.06
17.051,51.12365,0.027
17.053,51.12365,0.004
17.055,51.12365,0.047
17.057,51.12365,0.004
17.059,51.12365,0.046
17.061,51.12365,0.029
17.063,51.12365,0.017
17.065,51.12365,0.051
17.067,51.12365,0.244
17.069,51.12365,0.26
17.071,51.12365,0.316
17.073,51.12365,0.288
17.075,51.12365,0.286
17.077,51.12365,0.319
17.079,51.12365,0.297
17.081,51.12365,0.348
17.083,51.12365,0.374
17.085,51.12365,0.41
17.087,51.12365,0.391
17.089,51.12365,0.409
17.091,51.12365,0.383
17.093,51.12365,0.48
17.095,51.12365,0.507
17.097,51.12365,0.512
17.099,51.12365,0.513
17.101,51.12365,0.482
17.103,51.12365,0.503
17.105,51.12365,0.511
17.107,51.12365,0.569
17.109,51.12365,0.528
17.111,51.12365,0.507
17.113,51.12365,0.523
17.115,51.12365,0.496
17.117,51.12365,0.509
17.119,51.12365,0.501
17.121,51.12365,0.493
17.123,51.12365,0.461
17.125,51.12365,0.492
17.127,51.12365,0.503
17.129,51.12365,0.48
17.131,51.12365,0.458
17.133,51.12365,0.496
17.135,51.12365,0.486
17.137,51.12365,0.506
17.139,51.12365,0.483
17.141,51.12365,0.525
17.143,51.12365,0.543
17.145,51.12365,0.579
17.147,51.12365,0.525
17.149,51.12365,0.603
17.151,51.12365,0.561
17.153,51.12365,0.548
17.155,51.12365,0.561
17.157,51.12365,0.581
17.159,51.12365,0.561
17.161,51.12365,0.591
17.163,51.12365,0.558
17.165,51.12365,0.534
17.167,51.12365,0.532
17.169,51.12365,0.525
17.171,51.12365,0.507
17.173,51.12365,0.536
17.175,51.12365,0.471
17.177,51.12365,0.492
17.179,51.12365,0.428
17.181,51.12365,0.474
17.183,51.12365,0.454
17.185,51.12365,0.469
17.187,51.12365,0.442
17.189,51.12365,0.436
17.191,51.12365,0.472
17.193,51.12365,0.446
17.195,51.12365,0.48
17.197,51.12365,0.46
17.199,51.12365,0.484
17.201,51.12365,0.471
17.203,51.12365,0.478
17.205,51.12365,0.494
17.207,51.12365,0.508
17.209,51.12365,0.556
17.211,51.12365,0.519
17.213,51.12365,0.511
17.215,51.12365,0.562
17.217,51.12365,0.569
17.219,51.12365,0.541
17.221,51.12365,0.609
17.223,51.12365,0.562
17.225,51.12365,0.566
17.227,51.12365,0.557
17.229,51.12365,0.566
17.231,51.12365,0.588
17.233,51.12365,0.544
17.235,51.12365,0.572
17.237,51.12365,0.573
17.239,51.12365,0.58
17.241,51.12365,0.554
17.243,51.12365,0.542
17.245,51.12365,0.566
17.247,51.12365,0.556
17.249,51.12365,0.59
16.851,51.12235,0.534
16.853,51.12235,0.589
16.855,51.12235,0.614
16.857,51.12235,0.6
16.859,51.12235,0.554
16.861,51.12235,0.571
16.863,51.12235,0.565
16.865,51.12235,0.59
16.867,51.12235,0.572
16.869,51.12235,0.597
16.871,51.12235,0.568
16.873,51.12235,0.582
16.875,51.12235,0.605
16.877,51.12235,0.608
16.879,51.12235,0.554
16.881,51.12235,0.564
16.883,51.12235,0.561
16.885,51.12235,0.557
16.887,51.12235,0.562
16.889,51.12235,0.53
16.891,51.12235,0.554
16.893,51.12235,0.553
16.895,51.12235,0.583
16.897,51.12235,0.526
16.899,51.12235,0.52
16.901,51.12235,0.523
16.903,51.12235,0.516
16.905,51.12235,0.555
16.907,51.12235,0.561
16.909,51.12235,0.565
16.911,51.12235,0.566
16.913,51.12235,0.556
16.915,51.12235,0.61
16.917,51.12235,0.587
16.919,51.12235,0.553
16.921,51.12235,0.601
16.923,51.12235,0.561
16.925,51.12235,0.581
16.927,51.12235,0.572
16.929,51.12235,0.521
16.931,51.12235,0.533
16.933,51.12235,0.521
16.935,51.12235,0.536
16.937,51.12235,0.542
16.939,51.12235,0.493
16.941,51.12235,0.495
16.943,51.12235,0.495
16.945,51.12235,0.463
16.947,51.12235,0.457
16.949,51.12235,0.45
16.951,51.12235,0.502
16.953,51.12235,0.452
16.955,51.12235,0.469
16.957,51.12235,0.449
16.959,51.12235,0.449
16.961,51.12235,0.446
16.963,51.12235,0.461
16.965,51.12235,0.431
16.967,51.12235,0.45
16.969,51.12235,0.457
16.971,51.12235,0.455
16.973,51.12235,0.458
16.975,51.12235,0.411
16.977,51.12235,0.398
16.979,51.12235,0.424
16.981,51.12235,0.403
16.983,51.12235,0.402
16.985,51.12235,0.387
16.987,51.12235,0.37
16.989,51.12235,0.384
16.991,51.12235,0.34
16.993,51.12235,0.338
16.995,51.12235,0.293
16.997,51.12235,0.276
16.999,51.12235,0.299
17.001,51.12235,0.278
17.003,51.12235,0.226
17.005,51.12235,0.217
17.007,51.12235,0.234
17.009,51.12235,0.258
17.011,51.12235,0.187
17.013,51.12235,0.211
17.015,51.12235,0.197
17.017,51.12235,0.199
17.019,51.12235,0.184
17.021,51.12235,0.158
17.023,51.12235,0.154
17.025,51.12235,0.143
17.027,51.12235,0.168
17.029,51.12235,0.156
17.031,51.12235,0.177
17.033,51.12235,0.16
17.035,51.12235,0.167
17.037,51.12235,0.175
17.039,51.12235,0.198
17.041,51.12235,0.154
17.043,51.12235,0.059
17.045,51.12235,0.028
17.047,51.12235,0.045
17.049,51.12235,-0.012
17.051,51.12235,0.041
17.053,51.12235,0.039
17.055,51.12235,0.042
17.057,51.12235,0.06
17.059,51.12235,0.016
17.061,51.12235,0.041
17.063,51.12235,0.065
17.065,51.12235,0.263
17.067,51.12235,0.308
17.069,51.12235,0.244
17.071,51.12235,0.284
17.073,51.12235,0.26
17.075,51.12235,0.31
17.077,51.12235,0.286
17.079,51.12235,0.326
17.081,51.12235,0.33
17.083,51.12235,0.378
17.085,51.12235,0.368
17.087,51.12235,0.4
17.089,51.12235,0.405
17.091,51.12235,0.429
17.093,51.12235,0.479
17.095,51.12235,0.514
17.097,51.12235,0.459
17.099,51.12235,0.522
17.101,51.12235,0.529
17.103,51.12235,0.524
17.105,51.12235,0.525
17.107,51.12235,0.533
17.109,51.12235,0.578
17.111,51.12235,0.498
17.113,51.12235,0.517
17.115,51.12235,0.506
17.117,51.12235,0.504
17.119,51.12235,0.517
17.121,51.12235,0.498
17.123,51.12235,0.476
17.125,51.12235,0.512
17.127,51.12235,0.473
17.129,51.12235,0.482
17.131,51.12235,0.48
17.133,51.12235,0.471
17.135,51.12235,0.507
17.137,51.12235,0.505
17.139,51.12235,0.489
17.141,51.12235,0.47
17.143,51.12235,0.527
17.145,51.12235,0.496
17.147,51.12235,0.5
17.149,51.12235,0.555
17.151,51.12235,0.578
17.153,51.12235,0.562
17.155,51.12235,0.611
17.157,51.12235,0.617
17.159,51.12235,0.622
17.161,51.12235,0.583
17.163,51.12235,0.551
17.165,51.12235,0.541
17.167,51.12235,0.583
17.169,51.12235,0.551
17.171,51.12235,0.52
17.173,51.12235,0.478
17.175,51.12235,0.511
17.177,51.12235,0.477
17.179,51.12235,0.48
17.181,51.12235,0.485
17.183,51.12235,0.46
17.185,51.12235,0.441
17.187,51.12235,0.454
17.189,51.12235,0.448
17.191,51.12235,0.432
17.193,51.12235,0.498
17.195,51.12235,0.465
17.197,51.12235,0.452
17.199,51.12235,0.495
17.201,51.12235,0.503
17.203,51.12235,0.466
17.205,51.12235,0.485
17.207,51.12235,0.504
17.209,51.12235,0.497
17.211,51.12235,0.499
17.213,51.12235,0.543
17.215,51.12235,0.544
17.217,51.12235,0.581
17.219,51.12235,0.601
17.221,51.12235,0.536
17.223,51.12235,0.541
17.225,51.12235,0.55
17.227,51.12235,0.546
17.229,51.12235,0.554
17.231,51.12235,0.58
17.233,51.12235,0.563
17.235,51.12235,0.554
17.237,51.12235,0.58
17.239,51.12235,0.563
17.241,51.12235,0.604
17.243,51.12235,0.574
17.245,51.12235,0.551
17.247,51.12235,0.542
17.249,51.12235,0.581
16.851,51.12105,0.548
16.853,51.12105,0.554
16.855,51.12105,0.567
16.857,51.12105,0.553
16.859,51.12105,0.554
16.861,51.12105,0.582
16.863,51.12105,0.579
16.865,51.12105,0.577
16.867,51.12105,0.553
16.869,51.12105,0.542
16.871,51.12105,0.58
16.873,51.12105,0.566
16.875,51.12105,0.607
16.877,51.12105,0.566
16.879,51.12105,0.588
16.881,51.12105,0.602
16.883,51.12105,0.599
16.885,51.12105,0.549
16.887,51.12105,0.538
16.889,51.12105,0.557
16.891,51.12105,0.603
16.893,51.12105,0.533
16.895,51.12105,0.543
16.897,51.12105,0.555
16.899,51.12105,0.538
16.901,51.12105,0.577
16.903,51.12105,0.55
16.905,51.12105,0.535
16.907,51.12105,0.565
16.909,51.12105,0.571
16.911,51.12105,0.577
16.913,51.12105,0.576
16.915,51.12105,0.522
16.917,51.12105,0.585
16.919,51.12105,0.581
16.921,51.12105,0.541
16.923,51.12105,0.56
16.925,51.12105,0.551
16.927,51.12105,0.548
16.929,51.12105,0.563
16.931,51.12105,0.532
16.933,51.12105,0.542
16.935,51.12105,0.518
16.937,51.12105,0.509
16.939,51.12105,0.501
16.941,51.12105,0.513
16.943,51.12105,0.476
16.945,51.12105,0.493
16.947,51.12105,0.455
16.949,51.12105,0.454
16.951,51.12105,0.482
16.953,51.12105,0.456
16.955,51.12105,0.447
16.957,51.12105,0.441
16.959,51.12105,0.45
16.961,51.12105,0.439
16.963,51.12105,0.425
16.965,51.12105,0.465
16.967,51.12105,0.464
16.969,51.12105,0.46
16.971,51.12105,0.459
16.973,51.12105,0.439
16.975,51.12105,0.442
16.977,51.12105,0.446
16.979,51.12105,0.395
16.981,51.12105,0.403
16.983,51.12105,0.411
16.985,51.12105,0.374
16.987,51.12105,0.35
16.989,51.12105,0.362
16.991,51.12105,0.372
16.993,51.12105,0.339
16.995,51.12105,0.317
16.997,51.12105,0.289
16.999,51.12105,0.287
17.001,51.12105,0.274
17.003,51.12105,0.282
17.005,51.12105,0.276
17.007,51.12105,0.246
17.009,51.12105,0.223
17.011,51.12105,0.244
17.013,51.12105,0.203
17.015,51.12105,0.196
17.017,51.12105,0.213
17.019,51.12105,0.191
17.021,51.12105,0.166
17.023,51.12105,0.184
17.025,51.12105,0.173
17.027,51.12105,0.173
17.029,51.12105,0.169
17.031,51.12105,0.181
17.033,51.12105,0.163
17.035,51.12105,0.162
17.037,51.12105,0.15
17.039,51.12105,0.153
17.041,51.12105,-0.001
17.043,51.12105,0.046
17.045,51.12105,-0.021
17.047,51.12105,0.005
17.049,51.12105,0.048
17.051,51.12105,0.079
17.053,51.12105,0.026
17.055,51.12105,0.077
17.057,51.12105,0.015
17.059,51.12105,0.083
17.061,51.12105,0.267
17.063,51.12105,0.272
17.065,51.12105,0.284
17.067,51.12105,0.265
17.069,51.12105,0.258
17.071,51.12105,0.313
17.073,51.12105,0.276
17.075,51.12105,0.297
17.077,51.12105,0.342
17.079,51.12105,0.355
17.081,51.12105,0.366
17.083,51.12105,0.343
17.085,51.12105,0.382
17.087,51.12105,0.381
17.089,51.12105,0.402
17.091,51.12105,0.477
17.093,51.12105,0.48
17.095,51.12105,0.484
17.097,51.12105,0.488
17.099,51.12105,0.524
17.101,51.12105,0.51
17.103,51.12105,0.519
17.105,51.12105,0.511
17.107,51.12105,0.499
17.109,51.12105,0.544
17.111,51.12105,0.558
17.113,51.12105,0.492
17.115,51.12105,0.563
17.117,51.12105,0.547
17.119,51.12105,0.526
17.121,51.12105,0.489
17.123,51.12105,0.487
17.125,51.12105,0.503
17.127,51.12105,0.504
17.129,51.12105,0.516
17.131,51.12105,0.497
17.133,51.12105,0.495
17.135,51.12105,0.5
17.137,51.12105,0.49
17.139,51.12105,0.503
17.141,51.12105,0.498
17.143,51.12105,0.488
17.145,51.12105,0.531
17.147,51.12105,0.554
17.149,51.12105,0.565
17.151,51.12105,0.549
17.153,51.12105,0.612
17.155,51.12105,0.572
17.157,51.12105,0.587
17.159,51.12105,0.605
17.161,51.12105,0.588
17.163,51.12105,0.568
17.165,51.12105,0.539
17.167,51.12105,0.612
17.169,51.12105,0.539
17.171,51.12105,0.556
17.173,51.12105,0.515
17.175,51.12105,0.514
17.177,51.12105,0.482
17.179,51.12105,0.5
17.181,51.12105,0.46
17.183,51.12105,0.459
17.185,51.12105,0.443
17.187,51.12105,0.462
17.189,51.12105,0.432
17.191,51.12105,0.461
17.193,51.12105,0.467
17.195,51.12105,0.446
17.197,51.12105,0.473
17.199,51.12105,0.468
17.201,51.12105,0.475
17.203,51.12105,0.479
17.205,51.12105,0.489
17.207,51.12105,0.517
17.209,51.12105,0.501
17.211,51.12105,0.537
17.213,51.12105,0.489
17.215,51.12105,0.519
17.217,51.12105,0.547
17.219,51.12105,0.562
17.221,51.12105,0.51
17.223,51.12105,0.55
17.225,51.12105,0.54
17.227,51.12105,0.529
17.229,51.12105,0.546
17.231,51.12105,0.563
17.233,51.12105,0.557
17.235,51.12105,0.549
17.237,51.12105,0.547
17.239,51.12105,0.556
17.241,51.12105,0.554
17.243,51.12105,0.548
17.245,51.12105,0.56
17.247,51.12105,0.555
17.249,51.12105,0.584
16.851,51.11975,0.526
16.853,51.11975,0.535
16.855,51.11975,0.575
16.857,51.11975,0.569
16.859,51.11975,0.576
16.861,51.11975,0.548
16.863,51.11975,0.591
16.865,51.11975,0.555
16.867,51.11975,0.574
16.869,51.11975,0.575
16.871,51.11975,0.562
16.873,51.11975,0.596
16.875,51.11975,0.605
16.877,51.11975,0.6
16.879,51.11975,0.57
16.881,51.11975,0.612
16.883,51.11975,0.555
16.885,51.11975,0.59
16.887,51.11975,0.584
16.889,51.11975,0.578
16.891,51.11975,0.521
16.893,51.11975,0.576
16.895,51.11975,0.53
16.897,51.11975,0.571
16.899,51.11975,0.557
16.901,51.11975,0.565
16.903,51.11975,0.581
16.905,51.11975,0.539
16.907,51.11975,0.554
16.909,51.11975,0.584
16.911,51.11975,0.522
16.913,51.11975,0.565
16.915,51.11975,0.595
16.917,51.11975,0.584
16.919,51.11975,0.541
16.921,51.11975,0.578
16.923,51.11975,0.57
16.925,51.11975,0.574
16.927,51.11975,0.559
16.929,51.11975,0.527
16.931,51.11975,0.502
16.933,51.11975,0.476
16.935,51.11975,0.524
16.937,51.11975,0.541
16.939,51.11975,0.536
16.941,51.11975,0.506
16.943,51.11975,0.509
16.945,51.11975,0.503
16.947,51.11975,0.475
16.949,51.11975,0.462
16.951,51.11975,0.465
16.953,51.11975,0.473
16.955,51.11975,0.457
16.957,51.11975,0.457
16.959,51.11975,0.463
16.961,51.11975,0.45
16.963,51.11975,0.445
16.965,51.11975,0.466
16.967,51.11975,0.479
16.969,51.11975,0.469
16.971,51.11975,0.448
16.973,51.11975,0.458
16.975,51.11975,0.413
16.977,51.11975,0.445
16.979,51.11975,0.418
16.981,51.11975,0.399
16.983,51.11975,0.388
16.985,51.11975,0.368
16.987,51.11975,0.403
16.989,51.11975,0.32
16.991,51.11975,0.36
16.993,51.11975,0.34
16.995,51.11975,0.283
16.997,51.11975,0.298
16.999,51.11975,0.25
17.001,51.11975,0.249
17.003,51.11975,0.254
17.005,51.11975,0.264
17.007,51.11975,0.212
17.009,51.11975,0.254
17.011,51.11975,0.193
17.013,51.11975,0.222
17.015,51.11975,0.186
17.017,51.11975,0.183
17.019,51.11975,0.2
17.021,51.11975,0.197
17.023,51.11975,0.187
17.025,51.11975,0.174
17.027,51.11975,0.169
17.029,51.11975,0.159
17.031,51.11975,0.148
17.033,51.11975,0.164
17.035,51.11975,0.135
17.037,51.11975,0.044
17.039,51.11975,0.053
17.041,51.11975,0.046
17.043,51.11975,0.02
17.045,51.11975,0.099
17.047,51.11975,0.032
17.049,51.11975,0.021
17.051,51.11975,0.01
17.053,51.11975,-0.018
17.055,51.11975,0
17.057,51.11975,0.042
17.059,51.11975,0.263
17.061,51.11975,0.268
17.063,51.11975,0.225
17.065,51.11975,0.282
17.067,51.11975,0.266
17.069,51.11975,0.271
17.071,51.11975,0.239
17.073,51.11975,0.299
17.075,51.11975,0.265
17.077,51.11975,0.328
17.079,51.11975,0.349
17.081,51.11975,0.289
17.083,51.11975,0.355
17.085,51.11975,0.373
17.087,51.11975,0.403
17.089,51.11975,0.402
17.091,51.11975,0.43
17.093,51.11975,0.464
17.095,51.11975,0.486
17.097,51.11975,0.522
17.099,51.11975,0.514
17.101,51.11975,0.533
17.103,51.11975,0.538
17.105,51.11975,0.555
17.107,51.11975,0.539
17.109,51.11975,0.535
17.111,51.11975,0.541
17.113,51.11975,0.546
17.115,51.11975,0.5
17.117,51.11975,0.532
17.119,51.11975,0.515
17.121,51.11975,0.492
17.123,51.11975,0.48
17.125,51.11975,0.497
17.127,51.11975,0.499
17.129,51.11975,0.504
17.131,51.11975,0.463
17.133,51.11975,0.461
17.135,51.11975,0.488
17.137,51.11975,0.468
17.139,51.11975,0.509
17.141,51.11975,0.501
17.143,51.11975,0.521
17.145,51.11975,0.483
17.147,51.11975,0.544
17.149,51.11975,0.589
17.151,51.11975,0.556
17.153,51.11975,0.564
17.155,51.11975,0.577
17.157,51.11975,0.622
17.159,51.11975,0.571
17.161,51.11975,0.597
17.163,51.11975,0.624
17.165,51.11975,0.564
17.167,51.11975,0.562
17.169,51.11975,0.55
17.171,51.11975,0.547
17.173,51.11975,0.547
17.175,51.11975,0.518
17.177,51.11975,0.515
17.179,51.11975,0.487
17.181,51.11975,0.486
17.183,51.11975,0.449
17.185,51.11975,0.49
17.187,51.11975,0.457
17.189,51.11975,0.434
17.191,51.11975,0.451
17.193,51.11975,0.457
17.195,51.11975,0.482
17.197,51.11975,0.451
17.199,51.11975,0.489
17.201,51.11975,0.468
17.203,51.11975,0.484
17.205,51.11975,0.485
17.207,51.11975,0.506
17.209,51.11975,0.508
17.211,51.11975,0.47
17.213,51.11975,0.501
17.215,51.11975,0.497
17.217,51.11975,0.56
17.219,51.11975,0.528
17.221,51.11975,0.54
17.223,51.11975,0.504
17.225,51.11975,0.544
17.227,51.11975,0.511
17.229,51.11975,0.541
17.231,51.11975,0.556
17.233,51.11975,0.575
17.235,51.11975,0.534
17.237,51.11975,0.559
17.239,51.11975,0.535
17.241,51.11975,0.596
17.243,51.11975,0.572
17.245,51.11975,0.541
17.247,51.11975,0.548
17.249,51.11975,0.594
16.851,51.11845,0.553
16.853,51.11845,0.577
16.855,51.11845,0.507
16.857,51.11845,0.529
16.859,51.11845,0.579
16.861,51.11845,0.553
16.863,51.11845,0.545
16.865,51.11845,0.61
16.867,51.11845,0.566
16.869,51.11845,0.569
16.871,51.11845,0.558
16.873,51.11845,0.586
16.875,51.11845,0.564
16.877,51.11845,0.581
16.879,51.11845,0.62
16.881,51.11845,0.59
16.883,51.11845,0.584
16.885,51.11845,0.599
16.887,51.11845,0.613
16.889,51.11845,0.583
16.891,51.11845,0.556
16.893,51.11845,0.559
16.895,51.11845,0.569
16.897,51.11845,0.563
16.899,51.11845,0.574
16.901,51.11845,0.535
16.903,51.11845,0.552
16.905,51.11845,0.526
16.907,51.11845,0.564
16.909,51.11845,0.579
16.911,51.11845,0.556
16.913,51.11845,0.573
16.915,51.11845,0.589
16.917,51.11845,0.563
16.919,51.11845,0.573
16.921,51.11845,0.568
16.923,51.11845,0.531
16.925,51.11845,0.539
16.927,51.11845,0.518
16.929,51.11845,0.523
16.931,51.11845,0.541
16.933,51.11845,0.515
16.935,51.11845,0.525
16.937,51.11845,0.51
16.939,51.11845,0.509
16.941,51.11845,0.497
16.943,51.11845,0.49
16.945,51.11845,0.457
16.947,51.11845,0.482
16.949,51.11845,0.517
16.951,51.11845,0.466
16.953,51.11845,0.495
16.955,51.11845,0.466
16.957,51.11845,0.513
16.959,51.11845,0.468
16.961,51.11845,0.481
16.963,51.11845,0.487
16.965,51.11845,0.471
16.967,51.11845,0.465
16.969,51.11845,0.417
16.971,51.11845,0.48
16.973,51.11845,0.449
16.975,51.11845,0.49
16.977,51.11845,0.432
16.979,51.11845,0.438
16.981,51.11845,0.423
16.983,51.11845,0.382
16.985,51.11845,0.395
16.987,51.11845,0.384
16.989,51.11845,0.348
16.991,51.11845,0.35
16.993,51.11845,0.308
16.995,51.11845,0.296
16.997,51.11845,0.297
16.999,51.11845,0.299
17.001,51.11845,0.248
17.003,51.11845,0.262
17.005,51.11845,0.235
17.007,51.11845,0.223
17.009,51.11845,0.207
17.011,51.11845,0.242
17.013,51.11845,0.224
17.015,51.11845,0.237
17.017,51.11845,0.221
17.019,51.11845,0.205
17.021,51.11845,0.172
17.023,51.11845,0.179
17.025,51.11845,0.161
17.027,51.11845,0.21
17.029,51.11845,0.171
17.031,51.11845,0.198
17.033,51.11845,0.132
17.035,51.11845,-0.017
17.037,51.11845,0.033
17.039,51.11845,-0.03
17.041,51.11845,0.03
17.043,51.11845,0.069
17.045,51.11845,0.1
17.047,51.11845,0.036
17.049,51.11845,0.039
17.051,51.11845,0.029
17.053,51.11845,0.051
17.055,51.11845,-0.008
17.057,51.11845,0.261
17.059,51.11845,0.204
17.061,51.11845,0.243
17.063,51.11845,0.247
17.065,51.11845,0.279
17.067,51.11845,0.264
17.069,51.11845,0.293
17.071,51.11845,0.274
17.073,51.11845,0.288
17.075,51.11845,0.306
17.077,51.11845,0.293
17.079,51.11845,0.339
17.081,51.11845,0.327
17.083,51.11845,0.378
17.085,51.11845,0.377
17.087,51.11845,0.4
17.089,51.11845,0.437
17.091,51.11845,0.444
17.093,51.11845,0.517
17.095,51.11845,0.477
17.097,51.11845,0.508
17.099,51.11845,0.534
17.101,51.11845,0.539
17.103,51.11845,0.521
17.105,51.11845,0.565
17.107,51.11845,0.527
17.109,51.11845,0.54
17.111,51.11845,0.504
17.113,51.11845,0.539
17.115,51.11845,0.513
17.117,51.11845,0.521
17.119,51.11845,0.519
17.121,51.11845,0.487
17.123,51.11845,0.456
17.125,51.11845,0.451
17.127,51.11845,0.48
17.129,51.11845,0.479
17.131,51.11845,0.485
17.133,51.11845,0.482
17.135,51.11845,0.48
17.137,51.11845,0.492
17.139,51.11845,0.501
17.141,51.11845,0.534
17.143,51.11845,0.511
17.145,51.11845,0.492
17.147,51.11845,0.559
17.149,51.11845,0.563
17.151,51.11845,0.561
17.153,51.11845,0.587
17.155,51.11845,0.589
17.157,51.11845,0.621
17.159,51.11845,0.61
17.161,51.11845,0.597
17.163,51.11845,0.618
17.165,51.11845,0.588
17.167,51.11845,0.598
17.169,51.11845,0.559
17.171,51.11845,0.545
17.173,51.11845,0.537
17.175,51.11845,0.511
17.177,51.11845,0.469
17.179,51.11845,0.479
17.181,51.11845,0.469
17.183,51.11845,0.485
17.185,51.11845,0.449
17.187,51.11845,0.457
17.189,51.11845,0.432
17.191,51.11845,0.484
17.193,51.11845,0.448
17.195,51.11845,0.443
17.197,51.11845,0.463
17.199,51.11845,0.501
17.201,51.11845,0.473
17.203,51.11845,0.497
17.205,51.11845,0.455
17.207,51.11845,0.464
17.209,51.11845,0.49
17.211,51.11845,0.473
17.213,51.11845,0.475
17.215,51.11845,0.478
17.217,51.11845,0.512
17.219,51.11845,0.475
17.221,51.11845,0.488
17.223,51.11845,0.534
17.225,51.11845,0.59
17.227,51.11845,0.557
17.229,51.11845,0.562
17.231,51.11845,0.547
17.233,51.11845,0.553
17.235,51.11845,0.584
17.237,51.11845,0.536
17.239,51.11845,0.595
17.241,51.11845,0.557
17.243,51.11845,0.569
17.245,51.11845,0.616
17.247,51.11845,0.567
17.249,51.11845,0.599
16.851,51.11715,0.514
16.853,51.11715,0.497
16.855,51.11715,0.529
16.857,51.11715,0.523
16.859,51.11715,0.56
16.861,51.11715,0.552
16.863,51.11715,0.526
16.865,51.11715,0.583
16.867,51.11715,0.574
16.869,51.11715,0.548
16.871,51.11715,0.554
16.873,51.11715,0.579
16.875,51.11715,0.612
16.877,51.11715,0.613
16.879,51.11715,0.615
16.881,51.11715,0.602
16.883,51.11715,0.62
16.885,51.11715,0.597
16.887,51.11715,0.621
16.889,51.11715,0.577
16.891,51.11715,0.548
16.893,51.11715,0.58
16.895,51.11715,0.59
16.897,51.11715,0.571
16.899,51.11715,0.546
16.901,51.11715,0.538
16.903,51.11715,0.516
16.905,51.11715,0.603
16.907,51.11715,0.566
16.909,51.11715,0.569
16.911,51.11715,0.54
16.913,51.11715,0.573
16.915,51.11715,0.557
16.917,51.11715,0.567
16.919,51.11715,0.547
16.921,51.11715,0.58
16.923,51.11715,0.571
16.925,51.11715,0.536
16.927,51.11715,0.527
16.929,51.11715,0.552
16.931,51.11715,0.546
16.933,51.11715,0.517
16.935,51.11715,0.521
16.937,51.11715,0.518
16.939,51.11715,0.528
16.941,51.11715,0.499
16.943,51.11715,0.465
16.945,51.11715,0.49
16.947,51.11715,0.522
16.949,51.11715,0.525
16.951,51.11715,0.494
16.953,51.11715,0.505
16.955,51.11715,0.481
16.957,51.11715,0.484
16.959,51.11715,0.448
16.961,51.11715,0.445
16.963,51.11715,0.467
16.965,51.11715,0.506
16.967,51.11715,0.469
16.969,51.11715,0.45
16.971,51.11715,0.452
16.973,51.11715,0.465
16.975,51.11715,0.402
16.977,51.11715,0.466
16.979,51.11715,0.423
16.981,51.11715,0.424
16.983,51.11715,0.385
16.985,51.11715,0.385
16.987,51.11715,0.371
16.989,51.11715,0.393
16.991,51.11715,0.295
16.993,51.11715,0.325
16.995,51.11715,0.318
16.997,51.11715,0.299
16.999,51.11715,0.289
17.001,51.11715,0.258
17.003,51.11715,0.265
17.005,51.11715,0.279
17.007,51.11715,0.255
17.009,51.11715,0.23
17.011,51.11715,0.224
17.013,51.11715,0.182
17.015,51.11715,0.177
17.017,51.11715,0.208
17.019,51.11715,0.22
17.021,51.11715,0.168
17.023,51.11715,0.177
17.025,51.11715,0.192
17.027,51.11715,0.185
17.029,51.11715,0.173
17.031,51.11715,0.17
17.033,51.11715,0.039
17.035,51.11715,0.023
17.037,51.11715,0.008
17.039,51.11715,0.025
17.041,51.11715,0.038
17.043,51.11715,0.03
17.045,51.11715,0.061
17.047,51.11715,0.014
17.049,51.11715,0.06
17.051,51.11715,0.077
17.053,51.11715,0.01
17.055,51.11715,0.223
17.057,51.11715,0.24
17.059,51.11715,0.271
17.061,51.11715,0.245
17.063,51.11715,0.248
17.065,51.11715,0.282
17.067,51.11715,0.275
17.069,51.11715,0.267
17.071,51.11715,0.312
17.073,51.11715,0.317
17.075,51.11715,0.299
17.077,51.11715,0.289
17.079,51.11715,0.303
17.081,51.11715,0.346
17.083,51.11715,0.386
17.085,51.11715,0.366
17.087,51.11715,0.375
17.089,51.11715,0.421
17.091,51.11715,0.452
17.093,51.11715,0.45
17.095,51.11715,0.474
17.097,51.11715,0.492
17.099,51.11715,0.517
17.101,51.11715,0.512
17.103,51.11715,0.549
17.105,51.11715,0.537
17.107,51.11715,0.51
17.109,51.11715,0.554
17.111,51.11715,0.573
17.113,51.11715,0.543
17.115,51.11715,0.514
17.117,51.11715,0.508
17.119,51.11715,0.474
17.121,51.11715,0.472
17.123,51.11715,0.46
17.125,51.11715,0.48
17.127,51.11715,0.454
17.129,51.11715,0.468
17.131,51.11715,0.452
17.133,51.11715,0.427
17.135,51.11715,0.477
17.137,51.11715,0.504
17.139,51.11715,0.508
17.141,51.11715,0.54
17.143,51.11715,0.516
17.145,51.11715,0.528
17.147,51.11715,0.55
17.149,51.11715,0.554
17.151,51.11715,0.591
17.153,51.11715,0.59
17.155,51.11715,0.602
17.157,51.11715,0.601
17.159,51.11715,0.609
17.161,51.11715,0.597
17.163,51.11715,0.606
17.165,51.11715,0.584
17.167,51.11715,0.576
17.169,51.11715,0.583
17.171,51.11715,0.615
17.173,51.11715,0.567
17.175,51.11715,0.551
17.177,51.11715,0.526
17.179,51.11715,0.517
17.181,51.11715,0.499
17.183,51.11715,0.488
17.185,51.11715,0.47
17.187,51.11715,0.493
17.189,51.11715,0.477
17.191,51.11715,0.453
17.193,51.11715,0.452
17.195,51.11715,0.501
17.197,51.11715,0.424
17.199,51.11715,0.472
17.201,51.11715,0.452
17.203,51.11715,0.466
17.205,51.11715,0.502
17.207,51.11715,0.482
17.209,51.11715,0.465
17.211,51.11715,0.465
17.213,51.11715,0.497
17.215,51.11715,0.475
17.217,51.11715,0.501
17.219,51.11715,0.522
17.221,51.11715,0.499
17.223,51.11715,0.519
17.225,51.11715,0.534
17.227,51.11715,0.53
17.229,51.11715,0.581
17.231,51.11715,0.548
17.233,51.11715,0.546
17.235,51.11715,0.565
17.237,51.11715,0.572
17.239,51.11715,0.577
17.241,51.11715,0.553
17.243,51.11715,0.541
17.245,51.11715,0.611
17.247,51.11715,0.593
17.249,51.11715,0.64
16.851,51.11585,0.531
16.853,51.11585,0.505
16.855,51.11585,0.504
16.857,51.11585,0.541
16.859,51.11585,0.546
16.861,51.11585,0.542
16.863,51.11585,0.535
16.865,51.11585,0.557
16.867,51.11585,0.561
16.869,51.11585,0.595
16.871,51.11585,0.615
16.873,51.11585,0.561
16.875,51.11585,0.58
16.877,51.11585,0.602
16.879,51.11585,0.646
16.881,51.11585,0.631
16.883,51.11585,0.573
16.885,51.11585,0.621
16.887,51.11585,0.587
16.889,51.11585,0.557
16.891,51.11585,0.614
16.893,51.11585,0.592
16.895,51.11585,0.602
16.897,51.11585,0.553
16.899,51.11585,0.561
16.901,51.11585,0.562
16.903,51.11585,0.542
16.905,51.11585,0.558
16.907,51.11585,0.539
16.909,51.11585,0.568
16.911,51.11585,0.561
16.913,51.11585,0.551
16.915,51.11585,0.504
16.917,51.11585,0.563
16.919,51.11585,0.585
16.921,51.11585,0.564
16.923,51.11585,0.557
16.925,51.11585,0.528
16.927,51.11585,0.523
16.929,51.11585,0.54
16.931,51.11585,0.515
16.933,51.11585,0.498
16.935,51.11585,0.518
16.937,51.11585,0.504
16.939,51.11585,0.519
16.941,51.11585,0.498
16.943,51.11585,0.46
16.945,51.11585,0.492
16.947,51.11585,0.43
16.949,51.11585,0.492
16.951,51.11585,0.478
16.953,51.11585,0.49
16.955,51.11585,0.459
16.957,51.11585,0.5
16.959,51.11585,0.512
16.961,51.11585,0.483
16.963,51.11585,0.467
16.965,51.11585,0.476
16.967,51.11585,0.462
16.969,51.11585,0.485
16.971,51.11585,0.443
16.973,51.11585,0.441
16.975,51.11585,0.425
16.977,51.11585,0.462
16.979,51.11585,0.384
16.981,51.11585,0.375
16.983,51.11585,0.407
16.985,51.11585,0.368
16.987,51.11585,0.335
16.989,51.11585,0.347
16.991,51.11585,0.37
16.993,51.11585,0.328
16.995,51.11585,0.279
16.997,51.11585,0.328
16.999,51.11585,0.306
17.001,51.11585,0.254
17.003,51.11585,0.28
17.005,51.11585,0.232
17.007,51.11585,0.273
17.009,51.11585,0.202
17.011,51.11585,0.242
17.013,51.11585,0.225
17.015,51.11585,0.196
17.017,51.11585,0.179
17.019,51.11585,0.236
17.021,51.11585,0.225
17.023,51.11585,0.186
17.025,51.11585,0.168
17.027,51.11585,0.184
17.029,51.11585,0.178
17.031,51.11585,0.017
17.033,51.11585,0.008
17.035,51.11585,0.042
17.037,51.11585,0.012
17.039,51.11585,0.025
17.041,51.11585,0.052
17.043,51.11585,0.031
17.045,51.11585,0.032
17.047,51.11585,0.007
17.049,51.11585,-0.004
17.051,51.11585,0.032
17.053,51.11585,0.22
17.055,51.11585,0.248
17.057,51.11585,0.221
17.059,51.11585,0.26
17.061,51.11585,0.247
17.063,51.11585,0.267
17.065,51.11585,0.266
17.067,51.11585,0.294
17.069,51.11585,0.292
17.071,51.11585,0.275
17.073,51.11585,0.303
17.075,51.11585,0.281
17.077,51.11585,0.315
17.079,51.11585,0.308
17.081,51.11585,0.35
17.083,51.11585,0.39
17.085,51.11585,0.401
17.087,51.11585,0.423
17.089,51.11585,0.441
17.091,51.11585,0.435
17.093,51.11585,0.468
17.095,51.11585,0.492
17.097,51.11585,0.495
17.099,51.11585,0.491
17.101,51.11585,0.533
17.103,51.11585,0.549
17.105,51.11585,0.563
17.107,51.11585,0.563
17.109,51.11585,0.523
17.111,51.11585,0.508
17.113,51.11585,0.566
17.115,51.11585,0.529
17.117,51.11585,0.503
17.119,51.11585,0.493
17.121,51.11585,0.505
17.123,51.11585,0.507
17.125,51.11585,0.465
17.127,51.11585,0.51
17.129,51.11585,0.468
17.131,51.11585,0.462
17.133,51.11585,0.501
17.135,51.11585,0.476
17.137,51.11585,0.509
17.139,51.11585,0.513
17.141,51.11585,0.499
17.143,51.11585,0.535
17.145,51.11585,0.512
17.147,51.11585,0.55
17.149,51.11585,0.552
17.151,51.11585,0.544
17.153,51.11585,0.559
17.155,51.11585,0.606
17.157,51.11585,0.636
17.159,51.11585,0.622
17.161,51.11585,0.638
17.163,51.11585,0.6
17.165,51.11585,0.607
17.167,51.11585,0.607
17.169,51.11585,0.601
17.171,51.11585,0.589
17.173,51.11585,0.567
17.175,51.11585,0.605
17.177,51.11585,0.544
17.179,51.11585,0.539
17.181,51.11585,0.557
17.183,51.11585,0.52
17.185,51.11585,0.488
17.187,51.11585,0.464
17.189,51.11585,0.482
17.191,51.11585,0.455
17.193,51.11585,0.506
17.195,51.11585,0.484
17.197,51.11585,0.452
17.199,51.11585,0.437
17.201,51.11585,0.453
17.203,51.11585,0.462
17.205,51.11585,0.484
17.207,51.11585,0.455
17.209,51.11585,0.474
17.211,51.11585,0.488
17.213,51.11585,0.515
17.215,51.11585,0.477
17.217,51.11585,0.529
17.219,51.11585,0.51
17.221,51.11585,0.525
17.223,51.11585,0.497
17.225,51.11585,0.549
17.227,51.11585,0.528
17.229,51.11585,0.548
17.231,51.11585,0.609
17.233,51.11585,0.583
17.235,51.11585,0.568
17.237,51.11585,0.581
17.239,51.11585,0.594
17.241,51.11585,0.613
17.243,51.11585,0.611
17.245,51.11585,0.571
17.247,51.11585,0.591
17.249,51.11585,0.631
16.851,51.11455,0.488
16.853,51.11455,0.503
16.855,51.11455,0.493
16.857,51.11455,0.502
16.859,51.11455,0.528
16.861,51.11455,0.517
16.863,51.11455,0.553
16.865,51.11455,0.566
16.867,51.11455,0.558
16.869,51.11455,0.572
16.871,51.11455,0.576
16.873,51.11455,0.59
16.875,51.11455,0.576
16.877,51.11455,0.646
16.879,51.11455,0.604
16.881,51.11455,0.602
16.883,51.11455,0.62
16.885,51.11455,0.606
16.887,51.11455,0.565
16.889,51.11455,0.624
16.891,51.11455,0.597
16.893,51.11455,0.578
16.895,51.11455,0.584
16.897,51.11455,0.545
16.899,51.11455,0.565
16.901,51.11455,0.568
16.903,51.11455,0.546
16.905,51.11455,0.546
16.907,51.11455,0.548
16.909,51.11455,0.546
16.911,51.11455,0.538
16.913,51.11455,0.517
16.915,51.11455,0.556
16.917,51.11455,0.533
16.919,51.11455,0.552
16.921,51.11455,0.55
16.923,51.11455,0.568
16.925,51.11455,0.486
16.927,51.11455,0.512
16.929,51.11455,0.513
16.931,51.11455,0.506
16.933,51.11455,0.488
16.935,51.11455,0.524
16.937,51.11455,0.533
16.939,51.11455,0.507
16.941,51.11455,0.497
16.943,51.11455,0.469
16.945,51.11455,0.522
16.947,51.11455,0.479
16.949,51.11455,0.502
16.951,51.11455,0.504
16.953,51.11455,0.526
16.955,51.11455,0.483
16.957,51.11455,0.523
16.959,51.11455,0.489
16.961,51.11455,0.489
16.963,51.11455,0.496
16.965,51.11455,0.456
16.967,51.11455,0.465
16.969,51.11455,0.448
16.971,51.11455,0.445
16.973,51.11455,0.451
16.975,51.11455,0.436
16.977,51.11455,0.414
16.979,51.11455,0.433
16.981,51.11455,0.359
16.983,51.11455,0.384
16.985,51.11455,0.369
16.987,51.11455,0.336
16.989,51.11455,0.374
16.991,51.11455,0.332
16.993,51.11455,0.308
16.995,51.11455,0.341
16.997,51.11455,0.276
16.999,51.11455,0.275
17.001,51.11455,0.302
17.003,51.11455,0.266
17.005,51.11455,0.195
17.007,51.11455,0.266
17.009,51.11455,0.214
17.011,51.11455,0.23
17.013,51.11455,0.226
17.015,51.11455,0.196
17.017,51.11455,0.187
17.019,51.11455,0.182
17.021,51.11455,0.216
17.023,51.11455,0.192
17.025,51.11455,0.118
17.027,51.11455,0.177
17.029,51.11455,0.041
17.031,51.11455,0.028
17.033,51.11455,0.014
17.035,51.11455,0.016
17.037,51.11455,0.033
17.039,51.11455,0.004
17.041,51.11455,0.029
17.043,51.11455,0.049
17.045,51.11455,0.027
17.047,51.11455,0.022
17.049,51.11455,0.063
17.051,51.11455,0.23
17.053,51.11455,0.221
17.055,51.11455,0.215
17.057,51.11455,0.262
17.059,51.11455,0.244
17.061,51.11455,0.243
17.063,51.11455,0.227
17.065,51.11455,0.237
17.067,51.11455,0.269
17.069,51.11455,0.266
17.071,51.11455,0.286
17.073,51.11455,0.262
17.075,51.11455,0.269
17.077,51.11455,0.321
17.079,51.11455,0.311
17.081,51.11455,0.318
17.083,51.11455,0.37
17.085,51.11455,0.375
17.087,51.11455,0.388
17.089,51.11455,0.449
17.091,51.11455,0.417
17.093,51.11455,0.455
17.095,51.11455,0.45
17.097,51.11455,0.514
17.099,51.11455,0.473
17.101,51.11455,0.522
17.103,51.11455,0.506
17.105,51.11455,0.529
17.107,51.11455,0.551
17.109,51.11455,0.558
17.111,51.11455,0.522
17.113,51.11455,0.544
17.115,51.11455,0.551
17.117,51.11455,0.489
17.119,51.11455,0.506
17.121,51.11455,0.454
17.123,51.11455,0.478
17.125,51.11455,0.454
17.127,51.11455,0.453
17.129,51.11455,0.463
17.131,51.11455,0.466
17.133,51.11455,0.474
17.135,51.11455,0.451
17.137,51.11455,0.45
17.139,51.11455,0.536
17.141,51.11455,0.501
17.143,51.11455,0.512
17.145,51.11455,0.525
17.147,51.11455,0.53
17.149,51.11455,0.55
17.151,51.11455,0.56
17.153,51.11455,0.583
17.155,51.11455,0.579
17.157,51.11455,0.619
17.159,51.11455,0.632
17.161,51.11455,0.608
17.163,51.11455,0.631
17.165,51.11455,0.629
17.167,51.11455,0.615
17.169,51.11455,0.59
17.171,51.11455,0.568
17.173,51.11455,0.579
17.175,51.11455,0.58
17.177,51.11455,0.535
17.179,51.11455,0.54
17.181,51.11455,0.542
17.183,51.11455,0.509
17.185,51.11455,0.508
17.187,51.11455,0.447
17.189,51.11455,0.47
17.191,51.11455,0.515
17.193,51.11455,0.462
17.195,51.11455,0.461
17.197,51.11455,0.484
17.199,51.11455,0.451
17.201,51.11455,0.48
17.203,51.11455,0.468
17.205,51.11455,0.469
17.207,51.11455,0.486
17.209,51.11455,0.464
17.211,51.11455,0.495
17.213,51.11455,0.517
17.215,51.11455,0.465
17.217,51.11455,0.534
17.219,51.11455,0.508
17.221,51.11455,0.529
17.223,51.11455,0.544
17.225,51.11455,0.56
17.227,51.11455,0.573
17.229,51.11455,0.52
17.231,51.11455,0.557
17.233,51.11455,0.584
17.235,51.11455,0.585
17.237,51.11455,0.583
17.239,51.11455,0.571
17.241,51.11455,0.614
17.243,51.11455,0.623
17.245,51.11455,0.622
17.247,51.11455,0.627
17.249,51.11455,0.611
16.851,51.11325,0.531
16.853,51.11325,0.534
16.855,51.11325,0.506
16.857,51.11325,0.51
16.859,51.11325,0.52
16.861,51.11325,0.505
16.863,51.11325,0.527
16.865,51.11325,0.558
16.867,51.11325,0.548
16.869,51.11325,0.561
16.871,51.11325,0.555
16.873,51.11325,0.58
16.875,51.11325,0.594
16.877,51.11325,0.598
16.879,51.11325,0.605
16.881,51.11325,0.591
16.883,51.11325,0.636
16.885,51.11325,0.617
16.887,51.11325,0.602
16.889,51.11325,0.608
16.891,51.11325,0.589
16.893,51.11325,0.55
16.895,51.11325,0.562
16.897,51.11325,0.58
16.899,51.11325,0.525
16.901,51.11325,0.547
16.903,51.11325,0.542
16.905,51.11325,0.532
16.907,51.11325,0.534
16.909,51.11325,0.517
16.911,51.11325,0.571
16.913,51.11325,0.501
16.915,51.11325,0.546
16.917,51.11325,0.524
16.919,51.11325,0.539
16.921,51.11325,0.506
16.923,51.11325,0.519
16.925,51.11325,0.522
16.927,51.11325,0.505
16.929,51.11325,0.497
16.931,51.11325,0.478
16.933,51.11325,0.49
16.935,51.11325,0.499
16.937,51.11325,0.491
16.939,51.11325,0.506
16.941,51.11325,0.487
16.943,51.11325,0.474
16.945,51.11325,0.481
16.947,51.11325,0.476
16.949,51.11325,0.489
16.951,51.11325,0.51
16.953,51.11325,0.491
16.955,51.11325,0.484
16.957,51.11325,0.494
16.959,51.11325,0.503
16.961,51.11325,0.497
16.963,51.11325,0.452
16.965,51.11325,0.417
16.967,51.11325,0.451
16.969,51.11325,0.475
16.971,51.11325,0.438
16.973,51.11325,0.488
16.975,51.11325,0.439
16.977,51.11325,0.374
16.979,51.11325,0.419
16.981,51.11325,0.36
16.983,51.11325,0.377
16.985,51.11325,0.37
16.987,51.11325,0.344
16.989,51.11325,0.353
16.991,51.11325,0.311
16.993,51.11325,0.301
16.995,51.11325,0.281
16.997,51.11325,0.308
16.999,51.11325,0.287
17.001,51.11325,0.258
17.003,51.11325,0.254
17.005,51.11325,0.253
17.007,51.11325,0.242
17.009,51.11325,0.222
17.011,51.11325,0.227
17.013,51.11325,0.213
17.015,51.11325,0.206
17.017,51.11325,0.21
17.019,51.11325,0.14
17.021,51.11325,0.216
17.023,51.11325,0.168
17.025,51.11325,0.2
17.027,51.11325,0.022
17.029,51.11325,0.041
17.031,51.11325,0.014
17.033,51.11325,0.007
17.035,51.11325,0.003
17.037,51.11325,0.042
17.039,51.11325,0.026
17.041,51.11325,0.088
17.043,51.11325,0.027
17.045,51.11325,0.039
17.047,51.11325,0.212
17.049,51.11325,0.207
17.051,51.11325,0.175
17.053,51.11325,0.214
17.055,51.11325,0.204
17.057,51.11325,0.202
17.059,51.11325,0.214
17.061,51.11325,0.255
17.063,51.11325,0.226
17.065,51.11325,0.269
17.067,51.11325,0.28
17.069,51.11325,0.27
17.071,51.11325,0.296
17.073,51.11325,0.314
17.075,51.11325,0.323
17.077,51.11325,0.329
17.079,51.11325,0.315
17.081,51.11325,0.356
17.083,51.11325,0.369
17.085,51.11325,0.386
17.087,51.11325,0.374
17.089,51.11325,0.41
17.091,51.11325,0.43
17.093,51.11325,0.471
17.095,51.11325,0.456
17.097,51.11325,0.501
17.099,51.11325,0.492
17.101,51.11325,0.526
17.103,51.11325,0.486
17.105,51.11325,0.507
17.107,51.11325,0.505
17.109,51.11325,0.521
17.111,51.11325,0.506
17.113,51.11325,0.522
17.115,51.11325,0.494
17.117,51.11325,0.501
17.119,51.11325,0.504
17.121,51.11325,0.445
17.123,51.11325,0.463
17.125,51.11325,0.441
17.127,51.11325,0.425
17.129,51.11325,0.435
17.131,51.11325,0.48
17.133,51.11325,0.482
17.135,51.11325,0.453
17.137,51.11325,0.496
17.139,51.11325,0.495
17.141,51.11325,0.504
17.143,51.11325,0.528
17.145,51.11325,0.527
17.147,51.11325,0.538
17.149,51.11325,0.55
17.151,51.11325,0.524
17.153,51.11325,0.588
17.155,51.11325,0.604
17.157,51.11325,0.624
17.159,51.11325,0.586
17.161,51.11325,0.607
17.163,51.11325,0.613
17.165,51.11325,0.636
17.167,51.11325,0.655
17.169,51.11325,0.608
17.171,51.11325,0.61
17.173,51.11325,0.568
17.175,51.11325,0.563
17.177,51.11325,0.565
17.179,51.11325,0.572
17.181,51.11325,0.527
17.183,51.11325,0.55
17.185,51.11325,0.499
17.187,51.11325,0.493
17.189,51.11325,0.522
17.191,51.11325,0.478
17.193,51.11325,0.499
17.195,51.11325,0.485
17.197,51.11325,0.487
17.199,51.11325,0.498
17.201,51.11325,0.476
17.203,51.11325,0.489
17.205,51.11325,0.503
17.207,51.11325,0.511
17.209,51.11325,0.518
17.211,51.11325,0.501
17.213,51.11325,0.525
17.215,51.11325,0.501
17.217,51.11325,0.52
17.219,51.11325,0.524
17.221,51.11325,0.561
17.223,51.11325,0.553
17.225,51.11325,0.555
17.227,51.11325,0.573
17.229,51.11325,0.524
17.231,51.11325,0.574
17.233,51.11325,0.59
17.235,51.11325,0.612
17.237,51.11325,0.618
17.239,51.11325,0.612
17.241,51.11325,0.62
17.243,51.11325,0.596
17.245,51.11325,0.645
17.247,51.11325,0.58
17.249,51.11325,0.643
16.851,51.11195,0.492
16.853,51.11195,0.526
16.855,51.11195,0.539
16.857,51.11195,0.494
16.859,51.11195,0.514
16.861,51.11195,0.553
16.863,51.11195,0.529
16.865,51.11195,0.584
16.867,51.11195,0.532
16.869,51.11195,0.563
16.871,51.11195,0.591
16.873,51.11195,0.564
16.875,51.11195,0.577
16.877,51.11195,0.592
16.879,51.11195,0.617
16.881,51.11195,0.555
16.883,51.11195,0.611
16.885,51.11195,0.582
16.887,51.11195,0.584
16.889,51.11195,0.577
16.891,51.11195,0.576
16.893,51.11195,0.571
16.895,51.11195,0.567
16.897,51.11195,0.585
16.899,51.11195,0.561
16.901,51.11195,0.576
16.903,51.11195,0.563
16.905,51.11195,0.507
16.907,51.11195,0.51
16.909,51.11195,0.514
16.911,51.11195,0.515
16.913,51.11195,0.522
16.915,51.11195,0.509
16.917,51.11195,0.497
16.919,51.11195,0.504
16.921,51.11195,0.478
16.923,51.11195,0.525
16.925,51.11195,0.457
16.927,51.11195,0.463
16.929,51.11195,0.512
16.931,51.11195,0.485
16.933,51.11195,0.496
16.935,51.11195,0.459
16.937,51.11195,0.471
16.939,51.11195,0.459
16.941,51.11195,0.467
16.943,51.11195,0.462
16.945,51.11195,0.491
16.947,51.11195,0.505
16.949,51.11195,0.504
16.951,51.11195,0.524
16.953,51.11195,0.457
16.955,51.11195,0.501
16.957,51.11195,0.501
16.959,51.11195,0.502
16.961,51.11195,0.513
16.963,51.11195,0.465
16.965,51.11195,0.519
16.967,51.11195,0.452
16.969,51.11195,0.424
16.971,51.11195,0.466
16.973,51.11195,0.439
16.975,51.11195,0.421
16.977,51.11195,0.418
16.979,51.11195,0.448
16.981,51.11195,0.394
16.983,51.11195,0.375
16.985,51.11195,0.373
16.987,51.11195,0.359
16.989,51.11195,0.303
16.991,51.11195,0.289
16.993,51.11195,0.314
16.995,51.11195,0.31
16.997,51.11195,0.225
16.999,51.11195,0.312
17.001,51.11195,0.239
17.003,51.11195,0.227
17.005,51.11195,0.246
17.007,51.11195,0.261
17.009,51.11195,0.214
17.011,51.11195,0.201
17.013,51.11195,0.209
17.015,51.11195,0.221
17.017,51.11195,0.212
17.019,51.11195,0.205
17.021,51.11195,0.196
17.023,51.11195,0.039
17.025,51.11195,0.08
17.027,51.11195,0.043
17.029,51.11195,0.032
17.031,51.11195,0.053
17.033,51.11195,0.092
17.035,51.11195,0.023
17.037,51.11195,0.065
17.039,51.11195,0.062
17.041,51.11195,0.019
17.043,51.11195,-0.009
17.045,51.11195,0.203
17.047,51.11195,0.227
17.049,51.11195,0.166
17.051,51.11195,0.204
17.053,51.11195,0.238
17.055,51.11195,0.235
17.057,51.11195,0.233
17.059,51.11195,0.177
17.061,51.11195,0.209
17.063,51.11195,0.259
17.065,51.11195,0.261
17.067,51.11195,0.253
17.069,51.11195,0.253
17.071,51.11195,0.283
17.073,51.11195,0.289
17.075,51.11195,0.324
17.077,51.11195,0.319
17.079,51.11195,0.351
17.081,51.11195,0.309
17.083,51.11195,0.354
17.085,51.11195,0.378
17.087,51.11195,0.381
17.089,51.11195,0.415
17.091,51.11195,0.419
17.093,51.11195,0.439
17.095,51.11195,0.465
17.097,51.11195,0.439
17.099,51.11195,0.493
17.101,51.11195,0.532
17.103,51.11195,0.494
17.105,51.11195,0.462
17.107,51.11195,0.512
17.109,51.11195,0.49
17.111,51.11195,0.492
17.113,51.11195,0.488
17.115,51.11195,0.542
17.117,51.11195,0.511
17.119,51.11195,0.484
17.121,51.11195,0.447
17.123,51.11195,0.457
17.125,51.11195,0.5
17.127,51.11195,0.503
17.129,51.11195,0.493
17.131,51.11195,0.471
17.133,51.11195,0.46
17.135,51.11195,0.474
17.137,51.11195,0.464
17.139,51.11195,0.491
17.141,51.11195,0.514
17.143,51.11195,0.53
17.145,51.11195,0.524
17.147,51.11195,0.555
17.149,51.11195,0.562
17.151,51.11195,0.557
17.153,51.11195,0.617
17.155,51.11195,0.607
17.157,51.11195,0.654
17.159,51.11195,0.572
17.161,51.11195,0.636
17.163,51.11195,0.632
17.165,51.11195,0.643
17.167,51.11195,0.567
17.169,51.11195,0.642
17.171,51.11195,0.569
17.173,51.11195,0.605
17.175,51.11195,0.548
17.177,51.11195,0.584
17.179,51.11195,0.548
17.181,51.11195,0.56
17.183,51.11195,0.524
17.185,51.11195,0.512
17.187,51.11195,0.488
17.189,51.11195,0.535
17.191,51.11195,0.528
17.193,51.11195,0.575
17.195,51.11195,0.534
17.197,51.11195,0.512
17.199,51.11195,0.489
17.201,51.11195,0.491
17.203,51.11195,0.545
17.205,51.11195,0.499
17.207,51.11195,0.51
17.209,51.11195,0.522
17.211,51.11195,0.51
17.213,51.11195,0.54
17.215,51.11195,0.524
17.217,51.11195,0.536
17.219,51.11195,0.552
17.221,51.11195,0.568
17.223,51.11195,0.549
17.225,51.11195,0.56
17.227,51.11195,0.582
17.229,51.11195,0.598
17.231,51.11195,0.575
17.233,51.11195,0.573
17.235,51.11195,0.634
17.237,51.11195,0.615
17.239,51.11195,0.616
17.241,51.11195,0.648
17.243,51.11195,0.672
17.245,51.11195,0.669
17.247,51.11195,0.635
17.249,51.11195,0.669
16.851,51.11065,0.476
16.853,51.11065,0.492
16.855,51.11065,0.524
16.857,51.11065,0.523
16.859,51.11065,0.477
16.861,51.11065,0.506
16.863,51.11065,0.537
16.865,51.11065,0.51
16.867,51.11065,0.552
16.869,51.11065,0.573
16.871,51.11065,0.589
16.873,51.11065,0.563
16.875,51.11065,0.61
16.877,51.11065,0.604
16.879,51.11065,0.614
16.881,51.11065,0.636
16.883,51.11065,0.598
16.885,51.11065,0.578
16.887,51.11065,0.611
16.889,51.11065,0.613
16.891,51.11065,0.58
16.893,51.11065,0.552
16.895,51.11065,0.575
16.897,51.11065,0.567
16.899,51.11065,0.557
16.901,51.11065,0.503
16.903,51.11065,0.542
16.905,51.11065,0.546
16.907,51.11065,0.505
16.909,51.11065,0.529
16.911,51.11065,0.516
16.913,51.11065,0.496
16.915,51.11065,0.513
16.917,51.11065,0.471
16.919,51.11065,0.493
16.921,51.11065,0.468
16.923,51.11065,0.507
16.925,51.11065,0.482
16.927,51.11065,0.501
16.929,51.11065,0.473
16.931,51.11065,0.476
16.933,51.11065,0.482
16.935,51.11065,0.465
16.937,51.11065,0.497
16.939,51.11065,0.485
16.941,51.11065,0.442
16.943,51.11065,0.478
16.945,51.11065,0.475
16.947,51.11065,0.514
16.949,51.11065,0.534
16.951,51.11065,0.512
16.953,51.11065,0.523
16.955,51.11065,0.484
16.957,51.11065,0.502
16.959,51.11065,0.52
16.961,51.11065,0.534
16.963,51.11065,0.502
16.965,51.11065,0.492
16.967,51.11065,0.479
16.969,51.11065,0.463
16.971,51.11065,0.438
16.973,51.11065,0.454
16.975,51.11065,0.415
16.977,51.11065,0.402
16.979,51.11065,0.405
16.981,51.11065,0.381
16.983,51.11065,0.337
16.985,51.11065,0.338
16.987,51.11065,0.322
16.989,51.11065,0.295
16.991,51.11065,0.299
16.993,51.11065,0.287
16.995,51.11065,0.27
16.997,51.11065,0.253
16.999,51.11065,0.261
17.001,51.11065,0.268
17.003,51.11065,0.272
17.005,51.11065,0.234
17.007,51.11065,0.198
17.009,51.11065,0.234
17.011,51.11065,0.196
17.013,51.11065,0.218
17.015,51.11065,0.188
17.017,51.11065,0.201
17.019,51.11065,0.212
17.021,51.11065,0.021
17.023,51.11065,0.026
17.025,51.11065,0.09
17.027,51.11065,0.018
17.029,51.11065,-0.001
17.031,51.11065,0.007
17.033,51.11065,0.017
17.035,51.11065,0.016
17.037,51.11065,0.068
17.039,51.11065,0.052
17.041,51.11065,0.04
17.043,51.11065,0.256
17.045,51.11065,0.224
17.047,51.11065,0.259
17.049,51.11065,0.236
17.051,51.11065,0.198
17.053,51.11065,0.234
17.055,51.11065,0.222
17.057,51.11065,0.22
17.059,51.11065,0.209
17.061,51.11065,0.268
17.063,51.11065,0.259
17.065,51.11065,0.25
17.067,51.11065,0.237
17.069,51.11065,0.295
17.071,51.11065,0.3
17.073,51.11065,0.264
17.075,51.11065,0.254
17.077,51.11065,0.308
17.079,51.11065,0.317
17.081,51.11065,0.354
17.083,51.11065,0.365
17.085,51.11065,0.402
17.087,51.11065,0.415
17.089,51.11065,0.391
17.091,51.11065,0.432
17.093,51.11065,0.402
17.095,51.11065,0.455
17.097,51.11065,0.462
17.099,51.11065,0.453
17.101,51.11065,0.487
17.103,51.11065,0.524
17.105,51.11065,0.492
17.107,51.11065,0.451
17.109,51.11065,0.484
17.111,51.11065,0.496
17.113,51.11065,0.45
17.115,51.11065,0.515
17.117,51.11065,0.524
17.119,51.11065,0.477
17.121,51.11065,0.5
17.123,51.11065,0.467
17.125,51.11065,0.441
17.127,51.11065,0.494
17.129,51.11065,0.454
17.131,51.11065,0.481
17.133,51.11065,0.477
17.135,51.11065,0.484
17.137,51.11065,0.495
17.139,51.11065,0.484
17.141,51.11065,0.506
17.143,51.11065,0.539
17.145,51.11065,0.529
17.147,51.11065,0.534
17.149,51.11065,0.568
17.151,51.11065,0.59
17.153,51.11065,0.597
17.155,51.11065,0.598
17.157,51.11065,0.63
17.159,51.11065,0.597
17.161,51.11065,0.601
17.163,51.11065,0.623
17.165,51.11065,0.593
17.167,51.11065,0.599
17.169,51.11065,0.592
17.171,51.11065,0.605
17.173,51.11065,0.549
17.175,51.11065,0.572
17.177,51.11065,0.594
17.179,51.11065,0.559
17.181,51.11065,0.563
17.183,51.11065,0.573
17.185,51.11065,0.539
17.187,51.11065,0.506
17.189,51.11065,0.536
17.191,51.11065,0.519
17.193,51.11065,0.541
17.195,51.11065,0.516
17.197,51.11065,0.549
17.199,51.11065,0.506
17.201,51.11065,0.508
17.203,51.11065,0.507
17.205,51.11065,0.539
17.207,51.11065,0.478
17.209,51.11065,0.55
17.211,51.11065,0.544
17.213,51.11065,0.533
17.215,51.11065,0.552
17.217,51.11065,0.542
17.219,51.11065,0.571
17.221,51.11065,0.553
17.223,51.11065,0.602
17.225,51.11065,0.587
17.227,51.11065,0.612
17.229,51.11065,0.605
17.231,51.11065,0.593
17.233,51.11065,0.603
17.235,51.11065,0.618
17.237,51.11065,0.626
17.239,51.11065,0.615
17.241,51.11065,0.664
17.243,51.11065,0.647
17.245,51.11065,0.623
17.247,51.11065,0.604
17.249,51.11065,0.699
16.851,51.10935,0.471
16.853,51.10935,0.492
16.855,51.10935,0.522
16.857,51.10935,0.496
16.859,51.10935,0.526
16.861,51.10935,0.51
16.863,51.10935,0.535
16.865,51.10935,0.553
16.867,51.10935,0.534
16.869,51.10935,0.57
16.871,51.10935,0.574
16.873,51.10935,0.561
16.875,51.10935,0.617
16.877,51.10935,0.572
16.879,51.10935,0.591
16.881,51.10935,0.609
16.883,51.10935,0.617
16.885,51.10935,0.613
16.887,51.10935,0.579
16.889,51.10935,0.584
16.891,51.10935,0.593
16.893,51.10935,0.604
16.895,51.10935,0.58
16.897,51.10935,0.547
16.899,51.10935,0.555
16.901,51.10935,0.475
16.903,51.10935,0.518
16.905,51.10935,0.52
16.907,51.10935,0.486
16.909,51.10935,0.501
16.911,51.10935,0.502
16.913,51.10935,0.487
16.915,51.10935,0.474
16.917,51.10935,0.486
16.919,51.10935,0.439
16.921,51.10935,0.457
16.923,51.10935,0.444
16.925,51.10935,0.483
16.927,51.10935,0.489
16.929,51.10935,0.456
16.931,51.10935,0.509
16.933,51.10935,0.486
16.935,51.10935,0.467
16.937,51.10935,0.468
16.939,51.10935,0.483
16.941,51.10935,0.515
16.943,51.10935,0.487
16.945,51.10935,0.485
16.947,51.10935,0.535
16.949,51.10935,0.496
16.951,51.10935,0.502
16.953,51.10935,0.498
16.955,51.10935,0.478
16.957,51.10935,0.554
16.959,51.10935,0.538
16.961,51.10935,0.494
16.963,51.10935,0.493
16.965,51.10935,0.491
16.967,51.10935,0.469
16.969,51.10935,0.489
16.971,51.10935,0.467
16.973,51.10935,0.449
16.975,51.10935,0.403
16.977,51.10935,0.395
16.979,51.10935,0.384
16.981,51.10935,0.353
16.983,51.10935,0.319
16.985,51.10935,0.328
16.987,51.10935,0.346
16.989,51.10935,0.307
16.991,51.10935,0.271
16.993,51.10935,0.276
16.995,51.10935,0.25
16.997,51.10935,0.246
16.999,51.10935,0.254
17.001,51.10935,0.267
17.003,51.10935,0.263
17.005,51.10935,0.23
17.007,51.10935,0.244
17.009,51.10935,0.196
17.011,51.10935,0.244
17.013,51.10935,0.21
17.015,51.10935,0.22
17.017,51.10935,0.209
17.019,51.10935,0.071
17.021,51.10935,0.039
17.023,51.10935,0.013
17.025,51.10935,-0.013
17.027,51.10935,0.023
17.029,51.10935,0.01
17.031,51.10935,0.02
17.033,51.10935,0.064
17.035,51.10935,0.042
17.037,51.10935,0.027
17.039,51.10935,0.036
17.041,51.10935,0.238
17.043,51.10935,0.216
17.045,51.10935,0.226
17.047,51.10935,0.246
17.049,51.10935,0.249
17.051,51.10935,0.202
17.053,51.10935,0.206
17.055,51.10935,0.202
17.057,51.10935,0.243
17.059,51.10935,0.201
17.061,51.10935,0.234
17.063,51.10935,0.225
17.065,51.10935,0.245
17.067,51.10935,0.255
17.069,51.10935,0.261
17.071,51.10935,0.259
17.073,51.10935,0.257
17.075,51.10935,0.33
17.077,51.10935,0.334
17.079,51.10935,0.334
17.081,51.10935,0.347
17.083,51.10935,0.334
17.085,51.10935,0.376
17.087,51.10935,0.4
17.089,51.10935,0.405
17.091,51.10935,0.423
17.093,51.10935,0.431
17.095,51.10935,0.464
17.097,51.10935,0.467
17.099,51.10935,0.45
17.101,51.10935,0.472
17.103,51.10935,0.484
17.105,51.10935,0.492
17.107,51.10935,0.463
17.109,51.10935,0.456
17.111,51.10935,0.442
17.113,51.10935,0.505
17.115,51.10935,0.486
17.117,51.10935,0.479
17.119,51.10935,0.49
17.121,51.10935,0.484
17.123,51.10935,0.48
17.125,51.10935,0.454
17.127,51.10935,0.491
17.129,51.10935,0.463
17.131,51.10935,0.502
17.133,51.10935,0.445
17.135,51.10935,0.497
17.137,51.10935,0.483
17.139,51.10935,0.501
17.141,51.10935,0.489
17.143,51.10935,0.533
17.145,51.10935,0.528
17.147,51.10935,0.552
17.149,51.10935,0.571
17.151,51.10935,0.541
17.153,51.10935,0.58
17.155,51.10935,0.624
17.157,51.10935,0.595
17.159,51.10935,0.594
17.161,51.10935,0.6
17.163,51.10935,0.621
17.165,51.10935,0.622
17.167,51.10935,0.614
17.169,51.10935,0.602
17.171,51.10935,0.605
17.173,51.10935,0.588
17.175,51.10935,0.588
17.177,51.10935,0.604
17.179,51.10935,0.566
17.181,51.10935,0.568
17.183,51.10935,0.552
17.185,51.10935,0.568
17.187,51.10935,0.56
17.189,51.10935,0.552
17.191,51.10935,0.573
17.193,51.10935,0.555
17.195,51.10935,0.571
17.197,51.10935,0.564
17.199,51.10935,0.543
17.201,51.10935,0.56
17.203,51.10935,0.51
17.205,51.10935,0.537
17.207,51.10935,0.539
17.209,51.10935,0.543
17.211,51.10935,0.591
17.213,51.10935,0.601
17.215,51.10935,0.584
17.217,51.10935,0.54
17.219,51.10935,0.588
17.221,51.10935,0.582
17.223,51.10935,0.577
17.225,51.10935,0.607
17.227,51.10935,0.571
17.229,51.10935,0.631
17.231,51.10935,0.614
17.233,51.10935,0.62
17.235,51.10935,0.686
17.237,51.10935,0.655
17.239,51.10935,0.672
17.241,51.10935,0.659
17.243,51.10935,0.668
17.245,51.10935,0.679
17.247,51.10935,0.73
17.249,51.10935,0.71
16.851,51.10805,0.482
16.853,51.10805,0.51
16.855,51.10805,0.514
16.857,51.10805,0.52
16.859,51.10805,0.509
16.861,51.10805,0.532
16.863,51.10805,0.496
16.865,51.10805,0.57
16.867,51.10805,0.528
16.869,51.10805,0.571
16.871,51.10805,0.532
16.873,51.10805,0.538
16.875,51.10805,0.596
16.877,51.10805,0.556
16.879,51.10805,0.587
16.881,51.10805,0.619
16.883,51.10805,0.607
16.885,51.10805,0.597
16.887,51.10805,0.633
16.889,51.10805,0.544
16.891,51.10805,0.537
16.893,51.10805,0.546
16.895,51.10805,0.538
16.897,51.10805,0.544
16.899,51.10805,0.498
16.901,51.10805,0.538
16.903,51.10805,0.497
16.905,51.10805,0.521
16.907,51.10805,0.479
16.909,51.10805,0.458
16.911,51.10805,0.452
16.913,51.10805,0.479
16.915,51.10805,0.482
16.917,51.10805,0.455
16.919,51.10805,0.434
16.921,51.10805,0.449
16.923,51.10805,0.44
16.925,51.10805,0.428
16.927,51.10805,0.482
16.929,51.10805,0.43
16.931,51.10805,0.44
16.933,51.10805,0.463
16.935,51.10805,0.477
16.937,51.10805,0.448
16.939,51.10805,0.485
16.941,51.10805,0.495
16.943,51.10805,0.496
16.945,51.10805,0.479
16.947,51.10805,0.484
16.949,51.10805,0.493
16.951,51.10805,0.57
16.953,51.10805,0.457
16.955,51.10805,0.547
16.957,51.10805,0.507
16.959,51.10805,0.488
16.961,51.10805,0.518
16.963,51.10805,0.509
16.965,51.10805,0.487
16.967,51.10805,0.479
16.969,51.10805,0.486
16.971,51.10805,0.459
16.973,51.10805,0.451
16.975,51.10805,0.417
16.977,51.10805,0.323
16.979,51.10805,0.373
16.981,51.10805,0.362
16.983,51.10805,0.348
16.985,51.10805,0.305
16.987,51.10805,0.305
16.989,51.10805,0.303
16.991,51.10805,0.255
16.993,51.10805,0.292
16.995,51.10805,0.262
16.997,51.10805,0.247
16.999,51.10805,0.215
17.001,51.10805,0.215
17.003,51.10805,0.209
17.005,51.10805,0.224
17.007,51.10805,0.198
17.009,51.10805,0.198
17.011,51.10805,0.194
17.013,51.10805,0.16
17.015,51.10805,0.167
17.017,51.10805,0.035
17.019,51.10805,0.058
17.021,51.10805,0.009
17.023,51.10805,0.014
17.025,51.10805,0.051
17.027,51.10805,0.027
17.029,51.10805,-0.002
17.031,51.10805,-0.001
17.033,51.10805,-0.006
17.035,51.10805,0.022
17.037,51.10805,0.082
17.039,51.10805,0.209
17.041,51.10805,0.261
17.043,51.10805,0.247
17.045,51.10805,0.179
17.047,51.10805,0.229
17.049,51.10805,0.261
17.051,51.10805,0.232
17.053,51.10805,0.218
17.055,51.10805,0.194
17.057,51.10805,0.234
17.059,51.10805,0.196
17.061,51.10805,0.238
17.063,51.10805,0.236
17.065,51.10805,0.248
17.067,51.10805,0.257
17.069,51.10805,0.26
17.071,51.10805,0.285
17.073,51.10805,0.295
17.075,51.10805,0.314
17.077,51.10805,0.336
17.079,51.10805,0.349
17.081,51.10805,0.366
17.083,51.10805,0.353
17.085,51.10805,0.361
17.087,51.10805,0.401
17.089,51.10805,0.413
17.091,51.10805,0.395
17.093,51.10805,0.432
17.095,51.10805,0.444
17.097,51.10805,0.464
17.099,51.10805,0.436
17.101,51.10805,0.446
17.103,51.10805,0.466
17.105,51.10805,0.432
17.107,51.10805,0.442
17.109,51.10805,0.467
17.111,51.10805,0.524
17.113,51.10805,0.472
17.115,51.10805,0.491
17.117,51.10805,0.468
17.119,51.10805,0.441
17.121,51.10805,0.421
17.123,51.10805,0.446
17.125,51.10805,0.445
17.127,51.10805,0.447
17.129,51.10805,0.442
17.131,51.10805,0.5
17.133,51.10805,0.437
17.135,51.10805,0.491
17.137,51.10805,0.432
17.139,51.10805,0.471
17.141,51.10805,0.497
17.143,51.10805,0.496
17.145,51.10805,0.527
17.147,51.10805,0.55
17.149,51.10805,0.539
17.151,51.10805,0.566
17.153,51.10805,0.602
17.155,51.10805,0.615
17.157,51.10805,0.607
17.159,51.10805,0.612
17.161,51.10805,0.615
17.163,51.10805,0.607
17.165,51.10805,0.605
17.167,51.10805,0.619
17.169,51.10805,0.587
17.171,51.10805,0.593
17.173,51.10805,0.615
17.175,51.10805,0.594
17.177,51.10805,0.592
17.179,51.10805,0.584
17.181,51.10805,0.575
17.183,51.10805,0.534
17.185,51.10805,0.524
17.187,51.10805,0.548
17.189,51.10805,0.562
17.191,51.10805,0.566
17.193,51.10805,0.553
17.195,51.10805,0.557
17.197,51.10805,0.553
17.199,51.10805,0.571
17.201,51.10805,0.562
17.203,51.10805,0.56
17.205,51.10805,0.559
17.207,51.10805,0.6
17.209,51.10805,0.549
17.211,51.10805,0.578
17.213,51.10805,0.559
17.215,51.10805,0.572
17.217,51.10805,0.575
17.219,51.10805,0.582
17.221,51.10805,0.593
17.223,51.10805,0.594
17.225,51.10805,0.63
17.227,51.10805,0.6
17.229,51.10805,0.602
17.231,51.10805,0.649
17.233,51.10805,0.664
17.235,51.10805,0.666
17.237,51.10805,0.65
17.239,51.10805,0.71
17.241,51.10805,0.677
17.243,51.10805,0.67
17.245,51.10805,0.721
17.247,51.10805,0.719
17.249,51.10805,0.706
16.851,51.10675,0.489
16.853,51.10675,0.474
16.855,51.10675,0.509
16.857,51.10675,0.492
16.859,51.10675,0.523
16.861,51.10675,0.485
16.863,51.10675,0.512
16.865,51.10675,0.576
16.867,51.10675,0.533
16.869,51.10675,0.548
16.871,51.10675,0.569
16.873,51.10675,0.566
16.875,51.10675,0.557
16.877,51.10675,0.519
16.879,51.10675,0.573
16.881,51.10675,0.564
16.883,51.10675,0.574
16.885,51.10675,0.559
16.887,51.10675,0.562
16.889,51.10675,0.556
16.891,51.10675,0.553
16.893,51.10675,0.52
16.895,51.10675,0.529
16.897,51.10675,0.545
16.899,51.10675,0.526
16.901,51.10675,0.548
16.903,51.10675,0.504
16.905,51.10675,0.486
16.907,51.10675,0.517
16.909,51.10675,0.459
16.911,51.10675,0.503
16.913,51.10675,0.429
16.915,51.10675,0.461
16.917,51.10675,0.471
16.919,51.10675,0.437
16.921,51.10675,0.435
16.923,51.10675,0.44
16.925,51.10675,0.422
16.927,51.10675,0.439
16.929,51.10675,0.455
16.931,51.10675,0.468
16.933,51.10675,0.448
16.935,51.10675,0.484
16.937,51.10675,0.462
16.939,51.10675,0.492
16.941,51.10675,0.471
16.943,51.10675,0.442
16.945,51.10675,0.501
16.947,51.10675,0.513
16.949,51.10675,0.484
16.951,51.10675,0.51
16.953,51.10675,0.492
16.955,51.10675,0.525
16.957,51.10675,0.554
16.959,51.10675,0.491
16.961,51.10675,0.492
16.963,51.10675,0.514
16.965,51.10675,0.47
16.967,51.10675,0.505
16.969,51.10675,0.476
16.971,51.10675,0.415
16.973,51.10675,0.428
16.975,51.10675,0.4
16.977,51.10675,0.364
16.979,51.10675,0.305
16.981,51.10675,0.363
16.983,51.10675,0.353
16.985,51.10675,0.3
16.987,51.10675,0.297
16.989,51.10675,0.259
16.991,51.10675,0.308
16.993,51.10675,0.262
16.995,51.10675,0.239
16.997,51.10675,0.248
16.999,51.10675,0.221
17.001,51.10675,0.236
17.003,51.10675,0.228
17.005,51.10675,0.22
17.007,51.10675,0.193
17.009,51.10675,0.169
17.011,51.10675,0.179
17.013,51.10675,0.19
17.015,51.10675,-0.01
17.017,51.10675,0.06
17.019,51.10675,0.059
17.021,51.10675,0.018
17.023,51.10675,-0.004
17.025,51.10675,-0.041
17.027,51.10675,0.017
17.029,51.10675,0.07
17.031,51.10675,0.041
17.033,51.10675,0.04
17.035,51.10675,0.246
17.037,51.10675,0.223
17.039,51.10675,0.275
17.041,51.10675,0.253
17.043,51.10675,0.225
17.045,51.10675,0.237
17.047,51.10675,0.249
17.049,51.10675,0.24
17.051,51.10675,0.237
17.053,51.10675,0.257
17.055,51.10675,0.225
17.057,51.10675,0.189
17.059,51.10675,0.243
17.061,51.10675,0.193
17.063,51.10675,0.25
17.065,51.10675,0.248
17.067,51.10675,0.226
17.069,51.10675,0.241
17.071,51.10675,0.245
17.073,51.10675,0.283
17.075,51.10675,0.288
17.077,51.10675,0.31
17.079,51.10675,0.366
17.081,51.10675,0.314
17.083,51.10675,0.355
17.085,51.10675,0.37
17.087,51.10675,0.392
17.089,51.10675,0.397
17.091,51.10675,0.42
17.093,51.10675,0.418
17.095,51.10675,0.446
17.097,51.10675,0.421
17.099,51.10675,0.443
17.101,51.10675,0.474
17.103,51.10675,0.422
17.105,51.10675,0.405
17.107,51.10675,0.453
17.109,51.10675,0.428
17.111,51.10675,0.471
17.113,51.10675,0.437
17.115,51.10675,0.477
17.117,51.10675,0.467
17.119,51.10675,0.488
17.121,51.10675,0.472
17.123,51.10675,0.469
17.125,51.10675,0.47
17.127,51.10675,0.466
17.129,51.10675,0.473
17.131,51.10675,0.49
17.133,51.10675,0.49
17.135,51.10675,0.472
17.137,51.10675,0.453
17.139,51.10675,0.473
17.141,51.10675,0.494
17.143,51.10675,0.497
17.145,51.10675,0.511
17.147,51.10675,0.532
17.149,51.10675,0.523
17.151,51.10675,0.555
17.153,51.10675,0.582
17.155,51.10675,0.582
17.157,51.10675,0.619
17.159,51.10675,0.602
17.161,51.10675,0.616
17.163,51.10675,0.605
17.165,51.10675,0.615
17.167,51.10675,0.626
17.169,51.10675,0.604
17.171,51.10675,0.619
17.173,51.10675,0.599
17.175,51.10675,0.578
17.177,51.10675,0.561
17.179,51.10675,0.552
17.181,51.10675,0.563
17.183,51.10675,0.602
17.185,51.10675,0.551
17.187,51.10675,0.555
17.189,51.10675,0.571
17.191,51.10675,0.558
17.193,51.10675,0.554
17.195,51.10675,0.6
17.197,51.10675,0.563
17.199,51.10675,0.559
17.201,51.10675,0.586
17.203,51.10675,0.569
17.205,51.10675,0.584
17.207,51.10675,0.591
17.209,51.10675,0.588
17.211,51.10675,0.585
17.213,51.10675,0.587
17.215,51.10675,0.579
17.217,51.10675,0.605
17.219,51.10675,0.642
17.221,51.10675,0.606
17.223,51.10675,0.601
17.225,51.10675,0.668
17.227,51.10675,0.677
17.229,51.10675,0.667
17.231,51.10675,0.636
17.233,51.10675,0.654
17.235,51.10675,0.706
17.237,51.10675,0.665
17.239,51.10675,0.714
17.241,51.10675,0.691
17.243,51.10675,0.712
17.245,51.10675,0.672
17.247,51.10675,0.728
17.249,51.10675,0.729
16.851,51.10545,0.489
16.853,51.10545,0.507
16.855,51.10545,0.487
16.857,51.10545,0.51
16.859,51.10545,0.478
16.861,51.10545,0.489
16.863,51.10545,0.504
16.865,51.10545,0.521
16.867,51.10545,0.53
16.869,51.10545,0.576
16.871,51.10545,0.574
16.873,51.10545,0.525
16.875,51.10545,0.551
16.877,51.10545,0.53
16.879,51.10545,0.561
16.881,51.10545,0.547
16.883,51.10545,0.541
16.885,51.10545,0.574
16.887,51.10545,0.564
16.889,51.10545,0.548
16.891,51.10545,0.552
16.893,51.10545,0.51
16.895,51.10545,0.545
16.897,51.10545,0.518
16.899,51.10545,0.558
16.901,51.10545,0.541
16.903,51.10545,0.518
16.905,51.10545,0.507
16.907,51.10545,0.429
16.909,51.10545,0.453
16.911,51.10545,0.462
16.913,51.10545,0.473
16.915,51.10545,0.471
16.917,51.10545,0.425
16.919,51.10545,0.438
16.921,51.10545,0.468
16.923,51.10545,0.381
16.925,51.10545,0.405
16.927,51.10545,0.416
16.929,51.10545,0.437
16.931,51.10545,0.444
16.933,51.10545,0.439
16.935,51.10545,0.465
16.937,51.10545,0.424
16.939,51.10545,0.466
16.941,51.10545,0.506
16.943,51.10545,0.504
16.945,51.10545,0.492
16.947,51.10545,0.501
16.949,51.10545,0.522
16.951,51.10545,0.494
16.953,51.10545,0.544
16.955,51.10545,0.513
16.957,51.10545,0.518
16.959,51.10545,0.516
16.961,51.10545,0.505
16.963,51.10545,0.561
16.965,51.10545,0.505
16.967,51.10545,0.493
16.969,51.10545,0.453
16.971,51.10545,0.401
16.973,51.10545,0.425
16.975,51.10545,0.371
16.977,51.10545,0.363
16.979,51.10545,0.383
16.981,51.10545,0.332
16.983,51.10545,0.312
16.985,51.10545,0.315
16.987,51.10545,0.291
16.989,51.10545,0.26
16.991,51.10545,0.265
16.993,51.10545,0.247
16.995,51.10545,0.204
16.997,51.10545,0.227
16.999,51.10545,0.231
17.001,51.10545,0.232
17.003,51.10545,0.224
17.005,51.10545,0.223
17.007,51.10545,0.182
17.009,51.10545,0.194
17.011,51.10545,-0.003
17.013,51.10545,0.025
17.015,51.10545,0.07
17.017,51.10545,0.067
17.019,51.10545,0.02
17.021,51.10545,0.028
17.023,51.10545,0.065
17.025,51.10545,-0.011
17.027,51.10545,0.052
17.029,51.10545,0.075
17.031,51.10545,0.046
17.033,51.10545,0.232
17.035,51.10545,0.258
17.037,51.10545,0.222
17.039,51.10545,0.256
17.041,51.10545,0.275
17.043,51.10545,0.226
17.045,51.10545,0.256
17.047,51.10545,0.213
17.049,51.10545,0.227
17.051,51.10545,0.18
17.053,51.10545,0.198
17.055,51.10545,0.225
17.057,51.10545,0.228
17.059,51.10545,0.243
17.061,51.10545,0.223
17.063,51.10545,0.243
17.065,51.10545,0.266
17.067,51.10545,0.276
17.069,51.10545,0.257
17.071,51.10545,0.275
17.073,51.10545,0.304
17.075,51.10545,0.324
17.077,51.10545,0.362
17.079,51.10545,0.328
17.081,51.10545,0.341
17.083,51.10545,0.353
17.085,51.10545,0.379
17.087,51.10545,0.373
17.089,51.10545,0.354
17.091,51.10545,0.425
17.093,51.10545,0.398
17.095,51.10545,0.435
17.097,51.10545,0.445
17.099,51.10545,0.434
17.101,51.10545,0.423
17.103,51.10545,0.462
17.105,51.10545,0.391
17.107,51.10545,0.434
17.109,51.10545,0.444
17.111,51.10545,0.486
17.113,51.10545,0.472
17.115,51.10545,0.447
17.117,51.10545,0.431
17.119,51.10545,0.477
17.121,51.10545,0.49
17.123,51.10545,0.496
17.125,51.10545,0.452
17.127,51.10545,0.486
17.129,51.10545,0.441
17.131,51.10545,0.471
17.133,51.10545,0.452
17.135,51.10545,0.448
17.137,51.10545,0.487
17.139,51.10545,0.512
17.141,51.10545,0.479
17.143,51.10545,0.487
17.145,51.10545,0.514
17.147,51.10545,0.552
17.149,51.10545,0.549
17.151,51.10545,0.568
17.153,51.10545,0.578
17.155,51.10545,0.585
17.157,51.10545,0.592
17.159,51.10545,0.597
17.161,51.10545,0.602
17.163,51.10545,0.612
17.165,51.10545,0.653
17.167,51.10545,0.594
17.169,51.10545,0.615
17.171,51.10545,0.574
17.173,51.10545,0.575
17.175,51.10545,0.574
17.177,51.10545,0.58
17.179,51.10545,0.607
17.181,51.10545,0.606
17.183,51.10545,0.562
17.185,51.10545,0.58
17.187,51.10545,0.579
17.189,51.10545,0.543
17.191,51.10545,0.549
17.193,51.10545,0.613
17.195,51.10545,0.603
17.197,51.10545,0.611
17.199,51.10545,0.586
17.201,51.10545,0.603
17.203,51.10545,0.574
17.205,51.10545,0.613
17.207,51.10545,0.614
17.209,51.10545,0.568
17.211,51.10545,0.578
17.213,51.10545,0.573
17.215,51.10545,0.625
17.217,51.10545,0.591
17.219,51.10545,0.652
17.221,51.10545,0.639
17.223,51.10545,0.625
17.225,51.10545,0.637
17.227,51.10545,0.661
17.229,51.10545,0.634
17.231,51.10545,0.675
17.233,51.10545,0.673
17.235,51.10545,0.691
17.237,51.10545,0.706
17.239,51.10545,0.729
17.241,51.10545,0.75
17.243,51.10545,0.718
17.245,51.10545,0.713
17.247,51.10545,0.73
17.249,51.10545,0.769
16.851,51.10415,0.481
16.853,51.10415,0.468
16.855,51.10415,0.531
16.857,51.10415,0.541
16.859,51.10415,0.516
16.861,51.10415,0.465
16.863,51.10415,0.544
16.865,51.10415,0.53
16.867,51.10415,0.495
16.869,51.10415,0.497
16.871,51.10415,0.563
16.873,51.10415,0.511
16.875,51.10415,0.535
16.877,51.10415,0.545
16.879,51.10415,0.549
16.881,51.10415,0.554
16.883,51.10415,0.528
16.885,51.10415,0.57
16.887,51.10415,0.592
16.889,51.10415,0.567
16.891,51.10415,0.533
16.893,51.10415,0.548
16.895,51.10415,0.547
16.897,51.10415,0.539
16.899,51.10415,0.516
16.901,51.10415,0.536
16.903,51.10415,0.482
16.905,51.10415,0.453
16.907,51.10415,0.478
16.909,51.10415,0.442
16.911,51.10415,0.42
16.913,51.10415,0.435
16.915,51.10415,0.401
16.917,51.10415,0.411
16.919,51.10415,0.418
16.921,51.10415,0.39
16.923,51.10415,0.433
16.925,51.10415,0.391
16.927,51.10415,0.403
16.929,51.10415,0.431
16.931,51.10415,0.396
16.933,51.10415,0.463
16.935,51.10415,0.445
16.937,51.10415,0.386
16.939,51.10415,0.468
16.941,51.10415,0.452
16.943,51.10415,0.503
16.945,51.10415,0.474
16.947,51.10415,0.49
16.949,51.10415,0.525
16.951,51.10415,0.523
16.953,51.10415,0.497
16.955,51.10415,0.526
16.957,51.10415,0.51
16.959,51.10415,0.515
16.961,51.10415,0.521
16.963,51.10415,0.532
16.965,51.10415,0.468
16.967,51.10415,0.436
16.969,51.10415,0.433
16.971,51.10415,0.428
16.973,51.10415,0.4
16.975,51.10415,0.376
16.977,51.10415,0.366
16.979,51.10415,0.33
16.981,51.10415,0.33
16.983,51.10415,0.312
16.985,51.10415,0.304
16.987,51.10415,0.297
16.989,51.10415,0.283
16.991,51.10415,0.261
16.993,51.10415,0.213
16.995,51.10415,0.221
16.997,51.10415,0.188
16.999,51.10415,0.226
17.001,51.10415,0.202
17.003,51.10415,0.193
17.005,51.10415,0.205
17.007,51.10415,0.192
17.009,51.10415,0.027
17.011,51.10415,0.058
17.013,51.10415,0.079
17.015,51.10415,0.027
17.017,51.10415,0.027
17.019,51.10415,0.037
17.021,51.10415,0.06
17.023,51.10415,0.036
17.025,51.10415,-0.007
17.027,51.10415,-0.014
17.029,51.10415,0.069
17.031,51.10415,0.244
17.033,51.10415,0.269
17.035,51.10415,0.28
17.037,51.10415,0.283
17.039,51.10415,0.249
17.041,51.10415,0.263
17.043,51.10415,0.241
17.045,51.10415,0.227
17.047,51.10415,0.255
17.049,51.10415,0.263
17.051,51.10415,0.228
17.053,51.10415,0.249
17.055,51.10415,0.206
17.057,51.10415,0.231
17.059,51.10415,0.212
17.061,51.10415,0.236
17.063,51.10415,0.223
17.065,51.10415,0.232
17.067,51.10415,0.236
17.069,51.10415,0.26
17.071,51.10415,0.283
17.073,51.10415,0.323
17.075,51.10415,0.345
17.077,51.10415,0.333
17.079,51.10415,0.375
17.081,51.10415,0.369
17.083,51.10415,0.344
17.085,51.10415,0.388
17.087,51.10415,0.395
17.089,51.10415,0.371
17.091,51.10415,0.408
17.093,51.10415,0.425
17.095,51.10415,0.365
17.097,51.10415,0.39
17.099,51.10415,0.428
17.101,51.10415,0.439
17.103,51.10415,0.415
17.105,51.10415,0.406
17.107,51.10415,0.43
17.109,51.10415,0.451
17.111,51.10415,0.459
17.113,51.10415,0.426
17.115,51.10415,0.434
17.117,51.10415,0.459
17.119,51.10415,0.47
17.121,51.10415,0.45
17.123,51.10415,0.451
17.125,51.10415,0.483
17.127,51.10415,0.45
17.129,51.10415,0.454
17.131,51.10415,0.466
17.133,51.10415,0.467
17.135,51.10415,0.455
17.137,51.10415,0.512
17.139,51.10415,0.497
17.141,51.10415,0.458
17.143,51.10415,0.51
17.145,51.10415,0.514
17.147,51.10415,0.54
17.149,51.10415,0.578
17.151,51.10415,0.561
17.153,51.10415,0.547
17.155,51.10415,0.592
17.157,51.10415,0.639
17.159,51.10415,0.62
17.161,51.10415,0.608
17.163,51.10415,0.606
17.165,51.10415,0.578
17.167,51.10415,0.597
17.169,51.10415,0.642
17.171,51.10415,0.608
17.173,51.10415,0.62
17.175,51.10415,0.584
17.177,51.10415,0.611
17.179,51.10415,0.544
17.181,51.10415,0.568
17.183,51.10415,0.577
17.185,51.10415,0.582
17.187,51.10415,0.551
17.189,51.10415,0.582
17.191,51.10415,0.566
17.193,51.10415,0.592
17.195,51.10415,0.588
17.197,51.10415,0.6
17.199,51.10415,0.601
17.201,51.10415,0.589
17.203,51.10415,0.644
17.205,51.10415,0.592
17.207,51.10415,0.617
17.209,51.10415,0.567
17.211,51.10415,0.619
17.213,51.10415,0.598
17.215,51.10415,0.637
17.217,51.10415,0.636
17.219,51.10415,0.667
17.221,51.10415,0.62
17.223,51.10415,0.66
17.225,51.10415,0.677
17.227,51.10415,0.718
17.229,51.10415,0.697
17.231,51.10415,0.712
17.233,51.10415,0.732
17.235,51.10415,0.723
17.237,51.10415,0.706
17.239,51.10415,0.749
17.241,51.10415,0.755
17.243,51.10415,0.728
17.245,51.10415,0.769
17.247,51.10415,0.748
17.249,51.10415,0.735
16.851,51.10285,0.512
16.853,51.10285,0.492
16.855,51.10285,0.542
16.857,51.10285,0.541
16.859,51.10285,0.48
16.861,51.10285,0.497
16.863,51.10285,0.517
16.865,51.10285,0.527
16.867,51.10285,0.498
16.869,51.10285,0.538
16.871,51.10285,0.537
16.873,51.10285,0.512
16.875,51.10285,0.531
16.877,51.10285,0.555
16.879,51.10285,0.543
16.881,51.10285,0.503
16.883,51.10285,0.518
16.885,51.10285,0.507
16.887,51.10285,0.484
16.889,51.10285,0.533
16.891,51.10285,0.514
16.893,51.10285,0.522
16.895,51.10285,0.54
16.897,51.10285,0.485
16.899,51.10285,0.529
16.901,51.10285,0.488
16.903,51.10285,0.469
16.905,51.10285,0.45
16.907,51.10285,0.445
16.909,51.10285,0.446
16.911,51.10285,0.451
16.913,51.10285,0.421
16.915,51.10285,0.418
16.917,51.10285,0.432
16.919,51.10285,0.395
16.921,51.10285,0.457
16.923,51.10285,0.405
16.925,51.10285,0.391
16.927,51.10285,0.379
16.929,51.10285,0.391
16.931,51.10285,0.408
16.933,51.10285,0.409
16.935,51.10285,0.436
16.937,51.10285,0.465
16.939,51.10285,0.504
16.941,51.10285,0.46
16.943,51.10285,0.452
16.945,51.10285,0.494
16.947,51.10285,0.5
16.949,51.10285,0.499
16.951,51.10285,0.524
16.953,51.10285,0.555
16.955,51.10285,0.519
16.957,51.10285,0.521
16.959,51.10285,0.502
16.961,51.10285,0.519
16.963,51.10285,0.484
16.965,51.10285,0.489
16.967,51.10285,0.517
16.969,51.10285,0.458
16.971,51.10285,0.406
16.973,51.10285,0.39
16.975,51.10285,0.42
16.977,51.10285,0.36
16.979,51.10285,0.347
16.981,51.10285,0.347
16.983,51.10285,0.275
16.985,51.10285,0.314
16.987,51.10285,0.242
16.989,51.10285,0.228
16.991,51.10285,0.248
16.993,51.10285,0.197
16.995,51.10285,0.196
16.997,51.10285,0.261
16.999,51.10285,0.195
17.001,51.10285,0.181
17.003,51.10285,0.196
17.005,51.10285,0.182
17.007,51.10285,0.088
17.009,51.10285,0.014
17.011,51.10285,0.016
17.013,51.10285,0.052
17.015,51.10285,0.073
17.017,51.10285,0.01
17.019,51.10285,-0.022
17.021,51.10285,0.05
17.023,51.10285,0.016
17.025,51.10285,0
17.027,51.10285,0.039
17.029,51.10285,0.27
17.031,51.10285,0.259
17.033,51.10285,0.286
17.035,51.10285,0.269
17.037,51.10285,0.28
17.039,51.10285,0.264
17.041,51.10285,0.263
17.043,51.10285,0.276
17.045,51.10285,0.26
17.047,51.10285,0.28
17.049,51.10285,0.245
17.051,51.10285,0.242
17.053,51.10285,0.243
17.055,51.10285,0.22
17.057,51.10285,0.282
17.059,51.10285,0.218
17.061,51.10285,0.247
17.063,51.10285,0.246
17.065,51.10285,0.24
17.067,51.10285,0.265
17.069,51.10285,0.245
17.071,51.10285,0.288
17.073,51.10285,0.316
17.075,51.10285,0.304
17.077,51.10285,0.355
17.079,51.10285,0.326
17.081,51.10285,0.36
17.083,51.10285,0.389
17.085,51.10285,0.379
17.087,51.10285,0.375
17.089,51.10285,0.373
17.091,51.10285,0.38
17.093,51.10285,0.42
17.095,51.10285,0.412
17.097,51.10285,0.393
17.099,51.10285,0.45
17.101,51.10285,0.42
17.103,51.10285,0.42
17.105,51.10285,0.413
17.107,51.10285,0.459
17.109,51.10285,0.436
17.111,51.10285,0.447
17.113,51.10285,0.445
17.115,51.10285,0.477
17.117,51.10285,0.424
17.119,51.10285,0.44
17.121,51.10285,0.462
17.123,51.10285,0.468
17.125,51.10285,0.455
17.127,51.10285,0.462
17.129,51.10285,0.476
17.131,51.10285,0.469
17.133,51.10285,0.488
17.135,51.10285,0.486
17.137,51.10285,0.488
17.139,51.10285,0.478
17.141,51.10285,0.512
17.143,51.10285,0.482
17.145,51.10285,0.526
17.147,51.10285,0.515
17.149,51.10285,0.552
17.151,51.10285,0.566
17.153,51.10285,0.594
17.155,51.10285,0.558
17.157,51.10285,0.567
17.159,51.10285,0.595
17.161,51.10285,0.597
17.163,51.10285,0.572
17.165,51.10285,0.603
17.167,51.10285,0.623
17.169,51.10285,0.57
17.171,51.10285,0.609
17.173,51.10285,0.579
17.175,51.10285,0.59
17.177,51.10285,0.603
17.179,51.10285,0.58
17.181,51.10285,0.572
17.183,51.10285,0.526
17.185,51.10285,0.557
17.187,51.10285,0.551
17.189,51.10285,0.595
17.191,51.10285,0.585
17.193,51.10285,0.578
17.195,51.10285,0.607
17.197,51.10285,0.608
17.199,51.10285,0.598
17.201,51.10285,0.608
17.203,51.10285,0.61
17.205,51.10285,0.631
17.207,51.10285,0.635
17.209,51.10285,0.639
17.211,51.10285,0.592
17.213,51.10285,0.63
17.215,51.10285,0.615
17.217,51.10285,0.638
17.219,51.10285,0.628
17.221,51.10285,0.684
17.223,51.10285,0.669
17.225,51.10285,0.668
17.227,51.10285,0.717
17.229,51.10285,0.687
17.231,51.10285,0.719
17.233,51.10285,0.7
17.235,51.10285,0.722
17.237,51.10285,0.768
17.239,51.10285,0.71
17.241,51.10285,0.755
17.243,51.10285,0.772
17.245,51.10285,0.773
17.247,51.10285,0.807
17.249,51.10285,0.777
16.851,51.10155,0.497
16.853,51.10155,0.487
16.855,51.10155,0.525
16.857,51.10155,0.521
16.859,51.10155,0.54
16.861,51.10155,0.502
16.863,51.10155,0.5
16.865,51.10155,0.514
16.867,51.10155,0.509
16.869,51.10155,0.482
16.871,51.10155,0.53
16.873,51.10155,0.495
16.875,51.10155,0.525
16.877,51.10155,0.511
16.879,51.10155,0.495
16.881,51.10155,0.489
16.883,51.10155,0.528
16.885,51.10155,0.542
16.887,51.10155,0.471
16.889,51.10155,0.523
16.891,51.10155,0.52
16.893,51.10155,0.511
16.895,51.10155,0.507
16.897,51.10155,0.487
16.899,51.10155,0.478
16.901,51.10155,0.493
16.903,51.10155,0.46
16.905,51.10155,0.459
16.907,51.10155,0.418
16.909,51.10155,0.401
16.911,51.10155,0.409
16.913,51.10155,0.445
16.915,51.10155,0.459
16.917,51.10155,0.392
16.919,51.10155,0.416
16.921,51.10155,0.448
16.923,51.10155,0.397
16.925,51.10155,0.386
16.927,51.10155,0.394
16.929,51.10155,0.418
16.931,51.10155,0.402
16.933,51.10155,0.404
16.935,51.10155,0.452
16.937,51.10155,0.436
16.939,51.10155,0.418
16.941,51.10155,0.482
16.943,51.10155,0.483
16.945,51.10155,0.509
16.947,51.10155,0.483
16.949,51.10155,0.507
16.951,51.10155,0.535
16.953,51.10155,0.539
16.955,51.10155,0.548
16.957,51.10155,0.534
16.959,51.10155,0.473
16.961,51.10155,0.514
16.963,51.10155,0.474
16.965,51.10155,0.472
16.967,51.10155,0.461
16.969,51.10155,0.46
16.971,51.10155,0.406
16.973,51.10155,0.428
16.975,51.10155,0.36
16.977,51.10155,0.343
16.979,51.10155,0.344
16.981,51.10155,0.344
16.983,51.10155,0.326
16.985,51.10155,0.279
16.987,51.10155,0.283
16.989,51.10155,0.254
16.991,51.10155,0.264
16.993,51.10155,0.222
16.995,51.10155,0.236
16.997,51.10155,0.203
16.999,51.10155,0.192
17.001,51.10155,0.198
17.003,51.10155,0.174
17.005,51.10155,0.049
17.007,51.10155,-0.01
17.009,51.10155,0.043
17.011,51.10155,0.044
17.013,51.10155,0.109
17.015,51.10155,0.051
17.017,51.10155,0.037
17.019,51.10155,0.018
17.021,51.10155,0.053
17.023,51.10155,0.04
17.025,51.10155,0.086
17.027,51.10155,0.25
17.029,51.10155,0.259
17.031,51.10155,0.245
17.033,51.10155,0.27
17.035,51.10155,0.247
17.037,51.10155,0.282
17.039,51.10155,0.273
17.041,51.10155,0.261
17.043,51.10155,0.275
17.045,51.10155,0.274
17.047,51.10155,0.29
17.049,51.10155,0.281
17.051,51.10155,0.221
17.053,51.10155,0.227
17.055,51.10155,0.223
17.057,51.10155,0.255
17.059,51.10155,0.235
17.061,51.10155,0.256
17.063,51.10155,0.231
17.065,51.10155,0.251
17.067,51.10155,0.238
17.069,51.10155,0.234
17.071,51.10155,0.32
17.073,51.10155,0.304
17.075,51.10155,0.263
17.077,51.10155,0.324
17.079,51.10155,0.371
17.081,51.10155,0.388
17.083,51.10155,0.344
17.085,51.10155,0.368
17.087,51.10155,0.38
17.089,51.10155,0.378
17.091,51.10155,0.396
17.093,51.10155,0.41
17.095,51.10155,0.407
17.097,51.10155,0.422
17.099,51.10155,0.417
17.101,51.10155,0.386
17.103,51.10155,0.401
17.105,51.10155,0.403
17.107,51.10155,0.42
17.109,51.10155,0.417
17.111,51.10155,0.449
17.113,51.10155,0.428
17.115,51.10155,0.455
17.117,51.10155,0.441
17.119,51.10155,0.468
17.121,51.10155,0.464
17.123,51.10155,0.499
17.125,51.10155,0.452
17.127,51.10155,0.455
17.129,51.10155,0.466
17.131,51.10155,0.46
17.133,51.10155,0.461
17.135,51.10155,0.504
17.137,51.10155,0.465
17.139,51.10155,0.489
17.141,51.10155,0.502
17.143,51.10155,0.514
17.145,51.10155,0.543
17.147,51.10155,0.506
17.149,51.10155,0.547
17.151,51.10155,0.55
17.153,51.10155,0.561
17.155,51.10155,0.572
17.157,51.10155,0.537
17.159,51.10155,0.598
17.161,51.10155,0.596
17.163,51.10155,0.594
17.165,51.10155,0.581
17.167,51.10155,0.6
17.169,51.10155,0.617
17.171,51.10155,0.574
17.173,51.10155,0.568
17.175,51.10155,0.557
17.177,51.10155,0.588
17.179,51.10155,0.614
17.181,51.10155,0.547
17.183,51.10155,0.591
17.185,51.10155,0.566
17.187,51.10155,0.569
17.189,51.10155,0.595
17.191,51.10155,0.6
17.193,51.10155,0.576
17.195,51.10155,0.615
17.197,51.10155,0.621
17.199,51.10155,0.598
17.201,51.10155,0.615
17.203,51.10155,0.61
17.205,51.10155,0.615
17.207,51.10155,0.618
17.209,51.10155,0.598
17.211,51.10155,0.62
17.213,51.10155,0.617
17.215,51.10155,0.635
17.217,51.10155,0.647
17.219,51.10155,0.632
17.221,51.10155,0.633
17.223,51.10155,0.691
17.225,51.10155,0.706
17.227,51.10155,0.69
17.229,51.10155,0.68
17.231,51.10155,0.683
17.233,51.10155,0.702
17.235,51.10155,0.707
17.237,51.10155,0.749
17.239,51.10155,0.726
17.241,51.10155,0.699
17.243,51.10155,0.729
17.245,51.10155,0.785
17.247,51.10155,0.788
17.249,51.10155,0.761
16.851,51.10025,0.511
16.853,51.10025,0.545
16.855,51.10025,0.497
16.857,51.10025,0.543
16.859,51.10025,0.539
16.861,51.10025,0.504
16.863,51.10025,0.506
16.865,51.10025,0.511
16.867,51.10025,0.523
16.869,51.10025,0.511
16.871,51.10025,0.486
16.873,51.10025,0.511
16.875,51.10025,0.525
16.877,51.10025,0.535
16.879,51.10025,0.493
16.881,51.10025,0.494
16.883,51.10025,0.518
16.885,51.10025,0.533
16.887,51.10025,0.486
16.889,51.10025,0.479
16.891,51.10025,0.444
16.893,51.10025,0.483
16.895,51.10025,0.519
16.897,51.10025,0.459
16.899,51.10025,0.494
16.901,51.10025,0.487
16.903,51.10025,0.455
16.905,51.10025,0.503
16.907,51.10025,0.438
16.909,51.10025,0.436
16.911,51.10025,0.422
16.913,51.10025,0.443
16.915,51.10025,0.411
16.917,51.10025,0.423
16.919,51.10025,0.414
16.921,51.10025,0.411
16.923,51.10025,0.393
16.925,51.10025,0.393
16.927,51.10025,0.406
16.929,51.10025,0.42
16.931,51.10025,0.406
16.933,51.10025,0.408
16.935,51.10025,0.438
16.937,51.10025,0.452
16.939,51.10025,0.464
16.941,51.10025,0.442
16.943,51.10025,0.467
16.945,51.10025,0.518
16.947,51.10025,0.488
16.949,51.10025,0.539
16.951,51.10025,0.557
16.953,51.10025,0.532
16.955,51.10025,0.536
16.957,51.10025,0.492
16.959,51.10025,0.506
16.961,51.10025,0.526
16.963,51.10025,0.495
16.965,51.10025,0.487
16.967,51.10025,0.438
16.969,51.10025,0.446
16.971,51.10025,0.367
16.973,51.10025,0.396
16.975,51.10025,0.355
16.977,51.10025,0.336
16.979,51.10025,0.303
16.981,51.10025,0.298
16.983,51.10025,0.244
16.985,51.10025,0.245
16.987,51.10025,0.249
16.989,51.10025,0.256
16.991,51.10025,0.205
16.993,51.10025,0.234
16.995,51.10025,0.244
16.997,51.10025,0.246
16.999,51.10025,0.2
17.001,51.10025,0.158
17.003,51.10025,0.039
17.005,51.10025,-0.009
17.007,51.10025,0.015
17.009,51.10025,0.034
17.011,51.10025,0.097
17.013,51.10025,0.055
17.015,51.10025,0.027
17.017,51.10025,0.045
17.019,51.10025,0.028
17.021,51.10025,0.023
17.023,51.10025,0.07
17.025,51.10025,0.202
17.027,51.10025,0.25
17.029,51.10025,0.278
17.031,51.10025,0.263
17.033,51.10025,0.236
17.035,51.10025,0.26
17.037,51.10025,0.282
17.039,51.10025,0.326
17.041,51.10025,0.263
17.043,51.10025,0.295
17.045,51.10025,0.288
17.047,51.10025,0.283
17.049,51.10025,0.249
17.051,51.10025,0.241
17.053,51.10025,0.225
17.055,51.10025,0.224
17.057,51.10025,0.21
17.059,51.10025,0.247
17.061,51.10025,0.227
17.063,51.10025,0.233
17.065,51.10025,0.242
17.067,51.10025,0.268
17.069,51.10025,0.297
17.071,51.10025,0.299
17.073,51.10025,0.328
17.075,51.10025,0.325
17.077,51.10025,0.382
17.079,51.10025,0.389
17.081,51.10025,0.346
17.083,51.10025,0.377
17.085,51.10025,0.384
17.087,51.10025,0.404
17.089,51.10025,0.389
17.091,51.10025,0.424
17.093,51.10025,0.423
17.095,51.10025,0.419
17.097,51.10025,0.453
17.099,51.10025,0.431
17.101,51.10025,0.394
17.103,51.10025,0.402
17.105,51.10025,0.41
17.107,51.10025,0.457
17.109,51.10025,0.439
17.111,51.10025,0.421
17.113,51.10025,0.462
17.115,51.10025,0.425
17.117,51.10025,0.429
17.119,51.10025,0.447
17.121,51.10025,0.48
17.123,51.10025,0.482
17.125,51.10025,0.449
17.127,51.10025,0.5
17.129,51.10025,0.498
17.131,51.10025,0.495
17.133,51.10025,0.492
17.135,51.10025,0.507
17.137,51.10025,0.471
17.139,51.10025,0.473
17.141,51.10025,0.501
17.143,51.10025,0.519
17.145,51.10025,0.513
17.147,51.10025,0.544
17.149,51.10025,0.528
17.151,51.10025,0.559
17.153,51.10025,0.538
17.155,51.10025,0.541
17.157,51.10025,0.578
17.159,51.10025,0.572
17.161,51.10025,0.556
17.163,51.10025,0.605
17.165,51.10025,0.586
17.167,51.10025,0.568
17.169,51.10025,0.591
17.171,51.10025,0.566
17.173,51.10025,0.545
17.175,51.10025,0.544
17.177,51.10025,0.57
17.179,51.10025,0.56
17.181,51.10025,0.56
17.183,51.10025,0.554
17.185,51.10025,0.56
17.187,51.10025,0.571
17.189,51.10025,0.508
17.191,51.10025,0.59
17.193,51.10025,0.568
17.195,51.10025,0.632
17.197,51.10025,0.6
17.199,51.10025,0.602
17.201,51.10025,0.655
17.203,51.10025,0.618
17.205,51.10025,0.61
17.207,51.10025,0.612
17.209,51.10025,0.606
17.211,51.10025,0.671
17.213,51.10025,0.639
17.215,51.10025,0.637
17.217,51.10025,0.647
17.219,51.10025,0.643
17.221,51.10025,0.68
17.223,51.10025,0.669
17.225,51.10025,0.687
17.227,51.10025,0.695
17.229,51.10025,0.712
17.231,51.10025,0.717
17.233,51.10025,0.727
17.235,51.10025,0.691
17.237,51.10025,0.752
17.239,51.10025,0.795
17.241,51.10025,0.771
17.243,51.10025,0.762
17.245,51.10025,0.789
17.247,51.10025,0.831
17.249,51.10025,0.772
16.851,51.09895,0.536
16.853,51.09895,0.503
16.855,51.09895,0.501
16.857,51.09895,0.547
16.859,51.09895,0.521
16.861,51.09895,0.532
16.863,51.09895,0.458
16.865,51.09895,0.473
16.867,51.09895,0.552
16.869,51.09895,0.519
16.871,51.09895,0.496
16.873,51.09895,0.454
16.875,51.09895,0.483
16.877,51.09895,0.504
16.879,51.09895,0.51
16.881,51.09895,0.473
16.883,51.09895,0.465
16.885,51.09895,0.485
16.887,51.09895,0.497
16.889,51.09895,0.473
16.891,51.09895,0.472
16.893,51.09895,0.508
16.895,51.09895,0.456
16.897,51.09895,0.467
16.899,51.09895,0.451
16.901,51.09895,0.452
16.903,51.09895,0.485
16.905,51.09895,0.466
16.907,51.09895,0.458
16.909,51.09895,0.447
16.911,51.09895,0.436
16.913,51.09895,0.442
16.915,51.09895,0.435
16.917,51.09895,0.411
16.919,51.09895,0.421
16.921,51.09895,0.392
16.923,51.09895,0.387
16.925,51.09895,0.409
16.927,51.09895,0.379
16.929,51.09895,0.399
16.931,51.09895,0.433
16.933,51.09895,0.437
16.935,51.09895,0.455
16.937,51.09895,0.486
16.939,51.09895,0.453
16.941,51.09895,0.455
16.943,51.09895,0.458
16.945,51.09895,0.451
16.947,51.09895,0.506
16.949,51.09895,0.515
16.951,51.09895,0.513
16.953,51.09895,0.532
16.955,51.09895,0.526
16.957,51.09895,0.526
16.959,51.09895,0.548
16.961,51.09895,0.478
16.963,51.09895,0.473
16.965,51.09895,0.472
16.967,51.09895,0.496
16.969,51.09895,0.455
16.971,51.09895,0.439
16.973,51.09895,0.398
16.975,51.09895,0.363
16.977,51.09895,0.325
16.979,51.09895,0.314
16.981,51.09895,0.293
16.983,51.09895,0.266
16.985,51.09895,0.272
16.987,51.09895,0.252
16.989,51.09895,0.234
16.991,51.09895,0.219
16.993,51.09895,0.214
16.995,51.09895,0.23
16.997,51.09895,0.186
16.999,51.09895,0.194
17.001,51.09895,0.058
17.003,51.09895,0.022
17.005,51.09895,0.04
17.007,51.09895,0.009
17.009,51.09895,0.047
17.011,51.09895,-0.033
17.013,51.09895,0.04
17.015,51.09895,0.067
17.017,51.09895,0.046
17.019,51.09895,0.004
17.021,51.09895,0.228
17.023,51.09895,0.237
17.025,51.09895,0.221
17.027,51.09895,0.259
17.029,51.09895,0.262
17.031,51.09895,0.289
17.033,51.09895,0.286
17.035,51.09895,0.292
17.037,51.09895,0.293
17.039,51.09895,0.333
17.041,51.09895,0.324
17.043,51.09895,0.274
17.045,51.09895,0.295
17.047,51.09895,0.289
17.049,51.09895,0.246
17.051,51.09895,0.253
17.053,51.09895,0.206
17.055,51.09895,0.256
17.057,51.09895,0.231
17.059,51.09895,0.225
17.061,51.09895,0.222
17.063,51.09895,0.259
17.065,51.09895,0.258
17.067,51.09895,0.301
17.069,51.09895,0.283
17.071,51.09895,0.279
17.073,51.09895,0.332
17.075,51.09895,0.33
17.077,51.09895,0.336
17.079,51.09895,0.369
17.081,51.09895,0.376
17.083,51.09895,0.392
17.085,51.09895,0.382
17.087,51.09895,0.411
17.089,51.09895,0.403
17.091,51.09895,0.411
17.093,51.09895,0.429
17.095,51.09895,0.424
17.097,51.09895,0.408
17.099,51.09895,0.419
17.101,51.09895,0.427
17.103,51.09895,0.433
17.105,51.09895,0.45
17.107,51.09895,0.462
17.109,51.09895,0.457
17.111,51.09895,0.426
17.113,51.09895,0.455
17.115,51.09895,0.472
17.117,51.09895,0.456
17.119,51.09895,0.441
17.121,51.09895,0.437
17.123,51.09895,0.454
17.125,51.09895,0.422
17.127,51.09895,0.499
17.129,51.09895,0.48
17.131,51.09895,0.464
17.133,51.09895,0.464
17.135,51.09895,0.505
17.137,51.09895,0.501
17.139,51.09895,0.504
17.141,51.09895,0.537
17.143,51.09895,0.513
17.145,51.09895,0.496
17.147,51.09895,0.512
17.149,51.09895,0.545
17.151,51.09895,0.572
17.153,51.09895,0.558
17.155,51.09895,0.546
17.157,51.09895,0.582
17.159,51.09895,0.575
17.161,51.09895,0.603
17.163,51.09895,0.561
17.165,51.09895,0.566
17.167,51.09895,0.599
17.169,51.09895,0.593
17.171,51.09895,0.561
17.173,51.09895,0.52
17.175,51.09895,0.556
17.177,51.09895,0.543
17.179,51.09895,0.53
17.181,51.09895,0.54
17.183,51.09895,0.524
17.185,51.09895,0.576
17.187,51.09895,0.52
17.189,51.09895,0.607
17.191,51.09895,0.581
17.193,51.09895,0.577
17.195,51.09895,0.615
17.197,51.09895,0.596
17.199,51.09895,0.621
17.201,51.09895,0.614
17.203,51.09895,0.621
17.205,51.09895,0.641
17.207,51.09895,0.605
17.209,51.09895,0.621
17.211,51.09895,0.644
17.213,51.09895,0.652
17.215,51.09895,0.628
17.217,51.09895,0.598
17.219,51.09895,0.692
17.221,51.09895,0.677
17.223,51.09895,0.662
17.225,51.09895,0.65
17.227,51.09895,0.721
17.229,51.09895,0.724
17.231,51.09895,0.718
17.233,51.09895,0.726
17.235,51.09895,0.728
17.237,51.09895,0.769
17.239,51.09895,0.688
17.241,51.09895,0.782
17.243,51.09895,0.769
17.245,51.09895,0.78
17.247,51.09895,0.771
17.249,51.09895,0.785
16.851,51.09765,0.522
16.853,51.09765,0.498
16.855,51.09765,0.494
16.857,51.09765,0.52
16.859,51.09765,0.522
16.861,51.09765,0.476
16.863,51.09765,0.477
16.865,51.09765,0.477
16.867,51.09765,0.487
16.869,51.09765,0.447
16.871,51.09765,0.467
16.873,51.09765,0.457
16.875,51.09765,0.492
16.877,51.09765,0.455
16.879,51.09765,0.494
16.881,51.09765,0.51
16.883,51.09765,0.454
16.885,51.09765,0.465
16.887,51.09765,0.476
16.889,51.09765,0.47
16.891,51.09765,0.484
16.893,51.09765,0.461
16.895,51.09765,0.469
16.897,51.09765,0.457
16.899,51.09765,0.468
16.901,51.09765,0.486
16.903,51.09765,0.456
16.905,51.09765,0.403
16.907,51.09765,0.468
16.909,51.09765,0.456
16.911,51.09765,0.447
16.913,51.09765,0.417
16.915,51.09765,0.451
16.917,51.09765,0.389
16.919,51.09765,0.381
16.921,51.09765,0.405
16.923,51.09765,0.437
16.925,51.09765,0.405
16.927,51.09765,0.395
16.929,51.09765,0.395
16.931,51.09765,0.426
16.933,51.09765,0.411
16.935,51.09765,0.414
16.937,51.09765,0.463
16.939,51.09765,0.432
16.941,51.09765,0.437
16.943,51.09765,0.472
16.945,51.09765,0.47
16.947,51.09765,0.506
16.949,51.09765,0.529
16.951,51.09765,0.51
16.953,51.09765,0.499
16.955,51.09765,0.531
16.957,51.09765,0.502
16.959,51.09765,0.534
16.961,51.09765,0.508
16.963,51.09765,0.484
16.965,51.09765,0.512
16.967,51.09765,0.46
16.969,51.09765,0.443
16.971,51.09765,0.428
16.973,51.09765,0.404
16.975,51.09765,0.352
16.977,51.09765,0.347
16.979,51.09765,0.306
16.981,51.09765,0.325
16.983,51.09765,0.255
16.985,51.09765,0.257
16.987,51.09765,0.243
16.989,51.09765,0.254
16.991,51.09765,0.237
16.993,51.09765,0.183
16.995,51.09765,0.251
16.997,51.09765,0.022
16.999,51.09765,0.034
17.001,51.09765,0.003
17.003,51.09765,0.047
17.005,51.09765,0.025
17.007,51.09765,-0.063
17.009,51.09765,0.026
17.011,51.09765,0.052
17.013,51.09765,0.051
17.015,51.09765,0.058
17.017,51.09765,0.013
17.019,51.09765,0.216
17.021,51.09765,0.239
17.023,51.09765,0.245
17.025,51.09765,0.289
17.027,51.09765,0.248
17.029,51.09765,0.272
17.031,51.09765,0.256
17.033,51.09765,0.301
17.035,51.09765,0.307
17.037,51.09765,0.321
17.039,51.09765,0.321
17.041,51.09765,0.289
17.043,51.09765,0.294
17.045,51.09765,0.253
17.047,51.09765,0.23
17.049,51.09765,0.289
17.051,51.09765,0.253
17.053,51.09765,0.238
17.055,51.09765,0.23
17.057,51.09765,0.256
17.059,51.09765,0.213
17.061,51.09765,0.264
17.063,51.09765,0.239
17.065,51.09765,0.25
17.067,51.09765,0.296
17.069,51.09765,0.28
17.071,51.09765,0.281
17.073,51.09765,0.329
17.075,51.09765,0.336
17.077,51.09765,0.33
17.079,51.09765,0.38
17.081,51.09765,0.355
17.083,51.09765,0.404
17.085,51.09765,0.419
17.087,51.09765,0.383
17.089,51.09765,0.418
17.091,51.09765,0.427
17.093,51.09765,0.374
17.095,51.09765,0.375
17.097,51.09765,0.411
17.099,51.09765,0.433
17.101,51.09765,0.441
17.103,51.09765,0.425
17.105,51.09765,0.444
17.107,51.09765,0.424
17.109,51.09765,0.457
17.111,51.09765,0.459
17.113,51.09765,0.437
17.115,51.09765,0.481
17.117,51.09765,0.448
17.119,51.09765,0.488
17.121,51.09765,0.485
17.123,51.09765,0.47
17.125,51.09765,0.451
17.127,51.09765,0.464
17.129,51.09765,0.448
17.131,51.09765,0.499
17.133,51.09765,0.488
17.135,51.09765,0.484
17.137,51.09765,0.461
17.139,51.09765,0.486
17.141,51.09765,0.501
17.143,51.09765,0.479
17.145,51.09765,0.483
17.147,51.09765,0.522
17.149,51.09765,0.529
17.151,51.09765,0.521
17.153,51.09765,0.541
17.155,51.09765,0.541
17.157,51.09765,0.577
17.159,51.09765,0.57
17.161,51.09765,0.58
17.163,51.09765,0.561
17.165,51.09765,0.553
17.167,51.09765,0.522
17.169,51.09765,0.549
17.171,51.09765,0.54
17.173,51.09765,0.518
17.175,51.09765,0.514
17.177,51.09765,0.516
17.179,51.09765,0.521
17.181,51.09765,0.524
17.183,51.09765,0.512
17.185,51.09765,0.522
17.187,51.09765,0.534
17.189,51.09765,0.514
17.191,51.09765,0.613
17.193,51.09765,0.576
17.195,51.09765,0.568
17.197,51.09765,0.583
17.199,51.09765,0.593
17.201,51.09765,0.608
17.203,51.09765,0.572
17.205,51.09765,0.634
17.207,51.09765,0.651
17.209,51.09765,0.633
17.211,51.09765,0.654
17.213,51.09765,0.65
17.215,51.09765,0.661
17.217,51.09765,0.655
17.219,51.09765,0.654
17.221,51.09765,0.656
17.223,51.09765,0.654
17.225,51.09765,0.656
17.227,51.09765,0.706
17.229,51.09765,0.664
17.231,51.09765,0.726
17.233,51.09765,0.725
17.235,51.09765,0.756
17.237,51.09765,0.734
17.239,51.09765,0.761
17.241,51.09765,0.772
17.243,51.09765,0.759
17.245,51.09765,0.777
17.247,51.09765,0.84
17.249,51.09765,0.796
16.851,51.09635,0.509
16.853,51.09635,0.516
16.855,51.09635,0.543
16.857,51.09635,0.515
16.859,51.09635,0.485
16.861,51.09635,0.513
16.863,51.09635,0.509
16.865,51.09635,0.449
16.867,51.09635,0.452
16.869,51.09635,0.464
16.871,51.09635,0.472
16.873,51.09635,0.493
16.875,51.09635,0.47
16.877,51.09635,0.45
16.879,51.09635,0.436
16.881,51.09635,0.405
16.883,51.09635,0.455
16.885,51.09635,0.44
16.887,51.09635,0.441
16.889,51.09635,0.458
16.891,51.09635,0.429
16.893,51.09635,0.478
16.895,51.09635,0.464
16.897,51.09635,0.481
16.899,51.09635,0.473
16.901,51.09635,0.489
16.903,51.09635,0.446
16.905,51.09635,0.468
16.907,51.09635,0.443
16.909,51.09635,0.439
16.911,51.09635,0.473
16.913,51.09635,0.419
16.915,51.09635,0.437
16.917,51.09635,0.431
16.919,51.09635,0.414
16.921,51.09635,0.392
16.923,51.09635,0.428
16.925,51.09635,0.431
16.927,51.09635,0.426
16.929,51.09635,0.437
16.931,51.09635,0.427
16.933,51.09635,0.407
16.935,51.09635,0.449
16.937,51.09635,0.401
16.939,51.09635,0.453
16.941,51.09635,0.493
16.943,51.09635,0.468
16.945,51.09635,0.456
16.947,51.09635,0.488
16.949,51.09635,0.5
16.951,51.09635,0.536
16.953,51.09635,0.523
16.955,51.09635,0.534
16.957,51.09635,0.545
16.959,51.09635,0.517
16.961,51.09635,0.5
16.963,51.09635,0.489
16.965,51.09635,0.484
16.967,51.09635,0.44
16.969,51.09635,0.43
16.971,51.09635,0.438
16.973,51.09635,0.363
16.975,51.09635,0.34
16.977,51.09635,0.374
16.979,51.09635,0.309
16.981,51.09635,0.306
16.983,51.09635,0.266
16.985,51.09635,0.265
16.987,51.09635,0.249
16.989,51.09635,0.26
16.991,51.09635,0.193
16.993,51.09635,0.246
16.995,51.09635,0.045
16.997,51.09635,0.091
16.999,51.09635,-0.007
17.001,51.09635,0.062
17.003,51.09635,0.001
17.005,51.09635,-0.026
17.007,51.09635,0.009
17.009,51.09635,0.04
17.011,51.09635,0.063
17.013,51.09635,0.033
17.015,51.09635,0.014
17.017,51.09635,0.24
17.019,51.09635,0.268
17.021,51.09635,0.205
17.023,51.09635,0.254
17.025,51.09635,0.299
17.027,51.09635,0.263
17.029,51.09635,0.272
17.031,51.09635,0.267
17.033,51.09635,0.323
17.035,51.09635,0.316
17.037,51.09635,0.331
17.039,51.09635,0.29
17.041,51.09635,0.284
17.043,51.09635,0.237
17.045,51.09635,0.241
17.047,51.09635,0.31
17.049,51.09635,0.255
17.051,51.09635,0.26
17.053,51.09635,0.232
17.055,51.09635,0.228
17.057,51.09635,0.259
17.059,51.09635,0.244
17.061,51.09635,0.252
17.063,51.09635,0.282
17.065,51.09635,0.29
17.067,51.09635,0.288
17.069,51.09635,0.285
17.071,51.09635,0.288
17.073,51.09635,0.359
17.075,51.09635,0.319
17.077,51.09635,0.369
17.079,51.09635,0.353
17.081,51.09635,0.365
17.083,51.09635,0.375
17.085,51.09635,0.403
17.087,51.09635,0.414
17.089,51.09635,0.407
17.091,51.09635,0.399
17.093,51.09635,0.385
17.095,51.09635,0.467
17.097,51.09635,0.425
17.099,51.09635,0.437
17.101,51.09635,0.429
17.103,51.09635,0.434
17.105,51.09635,0.488
17.107,51.09635,0.44
17.109,51.09635,0.459
17.111,51.09635,0.458
17.113,51.09635,0.454
17.115,51.09635,0.45
17.117,51.09635,0.439
17.119,51.09635,0.445
17.121,51.09635,0.496
17.123,51.09635,0.454
17.125,51.09635,0.478
17.127,51.09635,0.47
17.129,51.09635,0.447
17.131,51.09635,0.464
17.133,51.09635,0.49
17.135,51.09635,0.468
17.137,51.09635,0.505
17.139,51.09635,0.454
17.141,51.09635,0.503
17.143,51.09635,0.488
17.145,51.09635,0.491
17.147,51.09635,0.561
17.149,51.09635,0.552
17.151,51.09635,0.553
17.153,51.09635,0.536
17.155,51.09635,0.539
17.157,51.09635,0.53
17.159,51.09635,0.545
17.161,51.09635,0.551
17.163,51.09635,0.544
17.165,51.09635,0.534
17.167,51.09635,0.578
17.169,51.09635,0.543
17.171,51.09635,0.518
17.173,51.09635,0.501
17.175,51.09635,0.544
17.177,51.09635,0.471
17.179,51.09635,0.479
17.181,51.09635,0.517
17.183,51.09635,0.512
17.185,51.09635,0.521
17.187,51.09635,0.5
17.189,51.09635,0.519
17.191,51.09635,0.537
17.193,51.09635,0.566
17.195,51.09635,0.583
17.197,51.09635,0.579
17.199,51.09635,0.608
17.201,51.09635,0.581
17.203,51.09635,0.635
17.205,51.09635,0.678
17.207,51.09635,0.652
17.209,51.09635,0.607
17.211,51.09635,0.63
17.213,51.09635,0.655
17.215,51.09635,0.643
17.217,51.09635,0.655
17.219,51.09635,0.644
17.221,51.09635,0.641
17.223,51.09635,0.671
17.225,51.09635,0.688
17.227,51.09635,0.662
17.229,51.09635,0.701
17.231,51.09635,0.682
17.233,51.09635,0.722
17.235,51.09635,0.711
17.237,51.09635,0.748
17.239,51.09635,0.737
17.241,51.09635,0.777
17.243,51.09635,0.77
17.245,51.09635,0.802
17.247,51.09635,0.744
17.249,51.09635,0.809
16.851,51.09505,0.51
16.853,51.09505,0.533
16.855,51.09505,0.536
16.857,51.09505,0.54
16.859,51.09505,0.475
16.861,51.09505,0.502
16.863,51.09505,0.468
16.865,51.09505,0.486
16.867,51.09505,0.467
16.869,51.09505,0.444
16.871,51.09505,0.446
16.873,51.09505,0.456
16.875,51.09505,0.446
16.877,51.09505,0.41
16.879,51.09505,0.431
16.881,51.09505,0.409
16.883,51.09505,0.42
16.885,51.09505,0.423
16.887,51.09505,0.443
16.889,51.09505,0.455
16.891,51.09505,0.464
16.893,51.09505,0.449
16.895,51.09505,0.423
16.897,51.09505,0.493
16.899,51.09505,0.482
16.901,51.09505,0.459
16.903,51.09505,0.472
16.905,51.09505,0.392
16.907,51.09505,0.451
16.909,51.09505,0.47
16.911,51.09505,0.423
16.913,51.09505,0.433
16.915,51.09505,0.408
16.917,51.09505,0.431
16.919,51.09505,0.453
16.921,51.09505,0.421
16.923,51.09505,0.427
16.925,51.09505,0.425
16.927,51.09505,0.423
16.929,51.09505,0.392
16.931,51.09505,0.431
16.933,51.09505,0.479
16.935,51.09505,0.46
16.937,51.09505,0.459
16.939,51.09505,0.476
16.941,51.09505,0.459
16.943,51.09505,0.483
16.945,51.09505,0.491
16.947,51.09505,0.506
16.949,51.09505,0.48
16.951,51.09505,0.528
16.953,51.09505,0.52
16.955,51.09505,0.526
16.957,51.09505,0.501
16.959,51.09505,0.517
16.961,51.09505,0.507
16.963,51.09505,0.488
16.965,51.09505,0.474
16.967,51.09505,0.448
16.969,51.09505,0.454
16.971,51.09505,0.429
16.973,51.09505,0.406
16.975,51.09505,0.407
16.977,51.09505,0.359
16.979,51.09505,0.295
16.981,51.09505,0.301
16.983,51.09505,0.284
16.985,51.09505,0.293
16.987,51.09505,0.248
16.989,51.09505,0.22
16.991,51.09505,0.251
16.993,51.09505,0.108
16.995,51.09505,0.029
16.997,51.09505,0.043
16.999,51.09505,0.015
17.001,51.09505,0.07
17.003,51.09505,0.038
17.005,51.09505,0.055
17.007,51.09505,0.003
17.009,51.09505,0.057
17.011,51.09505,0.043
17.013,51.09505,0.068
17.015,51.09505,0.27
17.017,51.09505,0.23
17.019,51.09505,0.256
17.021,51.09505,0.242
17.023,51.09505,0.25
17.025,51.09505,0.286
17.027,51.09505,0.276
17.029,51.09505,0.314
17.031,51.09505,0.276
17.033,51.09505,0.286
17.035,51.09505,0.255
17.037,51.09505,0.303
17.039,51.09505,0.328
17.041,51.09505,0.309
17.043,51.09505,0.294
17.045,51.09505,0.287
17.047,51.09505,0.302
17.049,51.09505,0.261
17.051,51.09505,0.28
17.053,51.09505,0.28
17.055,51.09505,0.208
17.057,51.09505,0.281
17.059,51.09505,0.234
17.061,51.09505,0.263
17.063,51.09505,0.257
17.065,51.09505,0.287
17.067,51.09505,0.311
17.069,51.09505,0.302
17.071,51.09505,0.301
17.073,51.09505,0.328
17.075,51.09505,0.365
17.077,51.09505,0.355
17.079,51.09505,0.354
17.081,51.09505,0.361
17.083,51.09505,0.351
17.085,51.09505,0.42
17.087,51.09505,0.394
17.089,51.09505,0.44
17.091,51.09505,0.39
17.093,51.09505,0.408
17.095,51.09505,0.447
17.097,51.09505,0.378
17.099,51.09505,0.45
17.101,51.09505,0.43
17.103,51.09505,0.465
17.105,51.09505,0.445
17.107,51.09505,0.408
17.109,51.09505,0.423
17.111,51.09505,0.465
17.113,51.09505,0.444
17.115,51.09505,0.458
17.117,51.09505,0.494
17.119,51.09505,0.499
17.121,51.09505,0.471
17.123,51.09505,0.477
17.125,51.09505,0.466
17.127,51.09505,0.474
17.129,51.09505,0.496
17.131,51.09505,0.452
17.133,51.09505,0.483
17.135,51.09505,0.466
17.137,51.09505,0.483
17.139,51.09505,0.516
17.141,51.09505,0.45
17.143,51.09505,0.499
17.145,51.09505,0.519
17.147,51.09505,0.538
17.149,51.09505,0.547
17.151,51.09505,0.558
17.153,51.09505,0.549
17.155,51.09505,0.555
17.157,51.09505,0.555
17.159,51.09505,0.545
17.161,51.09505,0.592
17.163,51.09505,0.553
17.165,51.09505,0.581
17.167,51.09505,0.501
17.169,51.09505,0.551
17.171,51.09505,0.497
17.173,51.09505,0.48
17.175,51.09505,0.533
17.177,51.09505,0.517
17.179,51.09505,0.467
17.181,51.09505,0.518
17.183,51.09505,0.518
17.185,51.09505,0.48
17.187,51.09505,0.498
17.189,51.09505,0.517
17.191,51.09505,0.536
17.193,51.09505,0.555
17.195,51.09505,0.583
17.197,51.09505,0.584
17.199,51.09505,0.566
17.201,51.09505,0.593
17.203,51.09505,0.623
17.205,51.09505,0.615
17.207,51.09505,0.663
17.209,51.09505,0.609
17.211,51.09505,0.621
17.213,51.09505,0.661
17.215,51.09505,0.637
17.217,51.09505,0.654
17.219,51.09505,0.619
17.221,51.09505,0.629
17.223,51.09505,0.644
17.225,51.09505,0.686
17.227,51.09505,0.701
17.229,51.09505,0.695
17.231,51.09505,0.671
17.233,51.09505,0.731
17.235,51.09505,0.753
17.237,51.09505,0.731
17.239,51.09505,0.744
17.241,51.09505,0.748
17.243,51.09505,0.8
17.245,51.09505,0.775
17.247,51.09505,0.774
17.249,51.09505,0.789
16.851,51.09375,0.565
16.853,51.09375,0.517
16.855,51.09375,0.55
16.857,51.09375,0.551
16.859,51.09375,0.512
16.861,51.09375,0.477
16.863,51.09375,0.524
16.865,51.09375,0.463
16.867,51.09375,0.501
16.869,51.09375,0.472
16.871,51.09375,0.498
16.873,51.09375,0.497
16.875,51.09375,0.434
16.877,51.09375,0.428
16.879,51.09375,0.412
16.881,51.09375,0.421
16.883,51.09375,0.456
16.885,51.09375,0.431
16.887,51.09375,0.437
16.889,51.09375,0.465
16.891,51.09375,0.413
16.893,51.09375,0.454
16.895,51.09375,0.434
16.897,51.09375,0.479
16.899,51.09375,0.452
16.901,51.09375,0.456
16.903,51.09375,0.432
16.905,51.09375,0.448
16.907,51.09375,0.465
16.909,51.09375,0.454
16.911,51.09375,0.431
16.913,51.09375,0.49
16.915,51.09375,0.442
16.917,51.09375,0.405
16.919,51.09375,0.439
16.921,51.09375,0.4
16.923,51.09375,0.44
16.925,51.09375,0.439
16.927,51.09375,0.461
16.929,51.09375,0.441
16.931,51.09375,0.413
16.933,51.09375,0.423
16.935,51.09375,0.444
16.937,51.09375,0.482
16.939,51.09375,0.492
16.941,51.09375,0.435
16.943,51.09375,0.479
16.945,51.09375,0.466
16.947,51.09375,0.489
16.949,51.09375,0.514
16.951,51.09375,0.481
16.953,51.09375,0.49
16.955,51.09375,0.504
16.957,51.09375,0.531
16.959,51.09375,0.506
16.961,51.09375,0.51
16.963,51.09375,0.535
16.965,51.09375,0.473
16.967,51.09375,0.475
16.969,51.09375,0.428
16.971,51.09375,0.439
16.973,51.09375,0.353
16.975,51.09375,0.371
16.977,51.09375,0.382
16.979,51.09375,0.343
16.981,51.09375,0.294
16.983,51.09375,0.272
16.985,51.09375,0.239
16.987,51.09375,0.271
16.989,51.09375,0.231
16.991,51.09375,0.039
16.993,51.09375,0.053
16.995,51.09375,0.004
16.997,51.09375,0.025
16.999,51.09375,0.035
17.001,51.09375,0.007
17.003,51.09375,0.02
17.005,51.09375,0.024
17.007,51.09375,0.027
17.009,51.09375,0.003
17.011,51.09375,0.052
17.013,51.09375,0.221
17.015,51.09375,0.213
17.017,51.09375,0.24
17.019,51.09375,0.243
17.021,51.09375,0.278
17.023,51.09375,0.261
17.025,51.09375,0.293
17.027,51.09375,0.293
17.029,51.09375,0.317
17.031,51.09375,0.297
17.033,51.09375,0.277
17.035,51.09375,0.3
17.037,51.09375,0.273
17.039,51.09375,0.303
17.041,51.09375,0.308
17.043,51.09375,0.287
17.045,51.09375,0.296
17.047,51.09375,0.287
17.049,51.09375,0.266
17.051,51.09375,0.259
17.053,51.09375,0.265
17.055,51.09375,0.284
17.057,51.09375,0.223
17.059,51.09375,0.254
17.061,51.09375,0.274
17.063,51.09375,0.327
17.065,51.09375,0.321
17.067,51.09375,0.309
17.069,51.09375,0.305
17.071,51.09375,0.349
17.073,51.09375,0.313
17.075,51.09375,0.361
17.077,51.09375,0.327
17.079,51.09375,0.379
17.081,51.09375,0.412
17.083,51.09375,0.427
17.085,51.09375,0.404
17.087,51.09375,0.408
17.089,51.09375,0.423
17.091,51.09375,0.438
17.093,51.09375,0.406
17.095,51.09375,0.452
17.097,51.09375,0.457
17.099,51.09375,0.463
17.101,51.09375,0.471
17.103,51.09375,0.463
17.105,51.09375,0.426
17.107,51.09375,0.476
17.109,51.09375,0.448
17.111,51.09375,0.481
17.113,51.09375,0.462
17.115,51.09375,0.482
17.117,51.09375,0.483
17.119,51.09375,0.524
17.121,51.09375,0.484
17.123,51.09375,0.491
17.125,51.09375,0.475
17.127,51.09375,0.473
17.129,51.09375,0.456
17.131,51.09375,0.456
17.133,51.09375,0.513
17.135,51.09375,0.494
17.137,51.09375,0.515
17.139,51.09375,0.508
17.141,51.09375,0.537
17.143,51.09375,0.557
17.145,51.09375,0.501
17.147,51.09375,0.572
17.149,51.09375,0.568
17.151,51.09375,0.581
17.153,51.09375,0.512
17.155,51.09375,0.595
17.157,51.09375,0.558
17.159,51.09375,0.551
17.161,51.09375,0.549
17.163,51.09375,0.533
17.165,51.09375,0.521
17.167,51.09375,0.512
17.169,51.09375,0.55
17.171,51.09375,0.475
17.173,51.09375,0.479
17.175,51.09375,0.474
17.177,51.09375,0.494
17.179,51.09375,0.464
17.181,51.09375,0.47
17.183,51.09375,0.477
17.185,51.09375,0.474
17.187,51.09375,0.497
17.189,51.09375,0.532
17.191,51.09375,0.557
17.193,51.09375,0.551
17.195,51.09375,0.56
17.197,51.09375,0.571
17.199,51.09375,0.594
17.201,51.09375,0.617
17.203,51.09375,0.67
17.205,51.09375,0.616
17.207,51.09375,0.618
17.209,51.09375,0.647
17.211,51.09375,0.647
17.213,51.09375,0.623
17.215,51.09375,0.653
17.217,51.09375,0.666
17.219,51.09375,0.627
17.221,51.09375,0.671
17.223,51.09375,0.677
17.225,51.09375,0.67
17.227,51.09375,0.659
17.229,51.09375,0.688
17.231,51.09375,0.701
17.233,51.09375,0.728
17.235,51.09375,0.734
17.237,51.09375,0.707
17.239,51.09375,0.753
17.241,51.09375,0.738
17.243,51.09375,0.741
17.245,51.09375,0.743
17.247,51.09375,0.732
17.249,51.09375,0.763
16.851,51.09245,0.523
16.853,51.09245,0.527
16.855,51.09245,0.512
16.857,51.09245,0.504
16.859,51.09245,0.537
16.861,51.09245,0.513
16.863,51.09245,0.489
16.865,51.09245,0.459
16.867,51.09245,0.452
16.869,51.09245,0.486
16.871,51.09245,0.443
16.873,51.09245,0.462
16.875,51.09245,0.484
16.877,51.09245,0.41
16.879,51.09245,0.421
16.881,51.09245,0.406
16.883,51.09245,0.409
16.885,51.09245,0.431
16.887,51.09245,0.437
16.889,51.09245,0.429
16.891,51.09245,0.436
16.893,51.09245,0.451
16.895,51.09245,0.448
16.897,51.09245,0.448
16.899,51.09245,0.448
16.901,51.09245,0.462
16.903,51.09245,0.468
16.905,51.09245,0.472
16.907,51.09245,0.471
16.909,51.09245,0.469
16.911,51.09245,0.471
16.913,51.09245,0.467
16.915,51.09245,0.468
16.917,51.09245,0.432
16.919,51.09245,0.451
16.921,51.09245,0.467
16.923,51.09245,0.447
16.925,51.09245,0.395
16.927,51.09245,0.431
16.929,51.09245,0.408
16.931,51.09245,0.464
16.933,51.09245,0.43
16.935,51.09245,0.445
16.937,51.09245,0.452
16.939,51.09245,0.453
16.941,51.09245,0.474
16.943,51.09245,0.462
16.945,51.09245,0.463
16.947,51.09245,0.479
16.949,51.09245,0.514
16.951,51.09245,0.482
16.953,51.09245,0.487
16.955,51.09245,0.546
16.957,51.09245,0.497
16.959,51.09245,0.505
16.961,51.09245,0.489
16.963,51.09245,0.51
16.965,51.09245,0.436
16.967,51.09245,0.472
16.969,51.09245,0.407
16.971,51.09245,0.397
16.973,51.09245,0.371
16.975,51.09245,0.384
16.977,51.09245,0.369
16.979,51.09245,0.295
16.981,51.09245,0.333
16.983,51.09245,0.301
16.985,51.09245,0.251
16.987,51.09245,0.269
16.989,51.09245,0.024
16.991,51.09245,0.04
16.993,51.09245,0.023
16.995,51.09245,0.017
16.997,51.09245,0.047
16.999,51.09245,-0.017
17.001,51.09245,0.066
17.003,51.09245,0.014
17.005,51.09245,-0.008
17.007,51.09245,-0.014
17.009,51.09245,0.062
17.011,51.09245,0.231
17.013,51.09245,0.208
17.015,51.09245,0.274
17.017,51.09245,0.231
17.019,51.09245,0.271
17.021,51.09245,0.287
17.023,51.09245,0.274
17.025,51.09245,0.285
17.027,51.09245,0.315
17.029,51.09245,0.281
17.031,51.09245,0.315
17.033,51.09245,0.297
17.035,51.09245,0.328
17.037,51.09245,0.325
17.039,51.09245,0.303
17.041,51.09245,0.292
17.043,51.09245,0.277
17.045,51.09245,0.299
17.047,51.09245,0.231
17.049,51.09245,0.284
17.051,51.09245,0.262
17.053,51.09245,0.27
17.055,51.09245,0.276
17.057,51.09245,0.245
17.059,51.09245,0.249
17.061,51.09245,0.252
17.063,51.09245,0.297
17.065,51.09245,0.265
17.067,51.09245,0.301
17.069,51.09245,0.305
17.071,51.09245,0.343
17.073,51.09245,0.372
17.075,51.09245,0.347
17.077,51.09245,0.369
17.079,51.09245,0.402
17.081,51.09245,0.381
17.083,51.09245,0.399
17.085,51.09245,0.419
17.087,51.09245,0.413
17.089,51.09245,0.405
17.091,51.09245,0.439
17.093,51.09245,0.431
17.095,51.09245,0.436
17.097,51.09245,0.448
17.099,51.09245,0.436
17.101,51.09245,0.441
17.103,51.09245,0.458
17.105,51.09245,0.503
17.107,51.09245,0.473
17.109,51.09245,0.443
17.111,51.09245,0.434
17.113,51.09245,0.499
17.115,51.09245,0.458
17.117,51.09245,0.49
17.119,51.09245,0.497
17.121,51.09245,0.493
17.123,51.09245,0.489
17.125,51.09245,0.533
17.127,51.09245,0.502
17.129,51.09245,0.48
17.131,51.09245,0.464
17.133,51.09245,0.501
17.135,51.09245,0.497
17.137,51.09245,0.515
17.139,51.09245,0.557
17.141,51.09245,0.517
17.143,51.09245,0.487
17.145,51.09245,0.511
17.147,51.09245,0.54
17.149,51.09245,0.536
17.151,51.09245,0.549
17.153,51.09245,0.556
17.155,51.09245,0.556
17.157,51.09245,0.571
17.159,51.09245,0.556
17.161,51.09245,0.544
17.163,51.09245,0.519
17.165,51.09245,0.538
17.167,51.09245,0.547
17.169,51.09245,0.517
17.171,51.09245,0.532
17.173,51.09245,0.486
17.175,51.09245,0.481
17.177,51.09245,0.487
17.179,51.09245,0.485
17.181,51.09245,0.457
17.183,51.09245,0.471
17.185,51.09245,0.472
17.187,51.09245,0.497
17.189,51.09245,0.496
17.191,51.09245,0.501
17.193,51.09245,0.549
17.195,51.09245,0.556
17.197,51.09245,0.562
17.199,51.09245,0.599
17.201,51.09245,0.596
17.203,51.09245,0.63
17.205,51.09245,0.595
17.207,51.09245,0.633
17.209,51.09245,0.634
17.211,51.09245,0.607
17.213,51.09245,0.606
17.215,51.09245,0.652
17.217,51.09245,0.659
17.219,51.09245,0.65
17.221,51.09245,0.645
17.223,51.09245,0.637
17.225,51.09245,0.64
17.227,51.09245,0.707
17.229,51.09245,0.722
17.231,51.09245,0.699
17.233,51.09245,0.683
17.235,51.09245,0.706
17.237,51.09245,0.706
17.239,51.09245,0.684
17.241,51.09245,0.761
17.243,51.09245,0.749
17.245,51.09245,0.759
17.247,51.09245,0.8
17.249,51.09245,0.747
16.851,51.09115,0.561
16.853,51.09115,0.565
16.855,51.09115,0.518
16.857,51.09115,0.566
16.859,51.09115,0.534
16.861,51.09115,0.483
16.863,51.09115,0.507
16.865,51.09115,0.491
16.867,51.09115,0.44
16.869,51.09115,0.447
16.871,51.09115,0.45
16.873,51.09115,0.457
16.875,51.09115,0.466
16.877,51.09115,0.439
16.879,51.09115,0.402
16.881,51.09115,0.433
16.883,51.09115,0.399
16.885,51.09115,0.405
16.887,51.09115,0.402
16.889,51.09115,0.455
16.891,51.09115,0.438
16.893,51.09115,0.463
16.895,51.09115,0.462
16.897,51.09115,0.467
16.899,51.09115,0.465
16.901,51.09115,0.48
16.903,51.09115,0.481
16.905,51.09115,0.497
16.907,51.09115,0.493
16.909,51.09115,0.465
16.911,51.09115,0.464
16.913,51.09115,0.479
16.915,51.09115,0.486
16.917,51.09115,0.44
16.919,51.09115,0.471
16.921,51.09115,0.422
16.923,51.09115,0.495
16.925,51.09115,0.439
16.927,51.09115,0.439
16.929,51.09115,0.461
16.931,51.09115,0.471
16.933,51.09115,0.493
16.935,51.09115,0.413
16.937,51.09115,0.455
16.939,51.09115,0.488
16.941,51.09115,0.451
16.943,51.09115,0.482
16.945,51.09115,0.478
16.947,51.09115,0.506
16.949,51.09115,0.509
16.951,51.09115,0.473
16.953,51.09115,0.489
16.955,51.09115,0.522
16.957,51.09115,0.491
16.959,51.09115,0.523
16.961,51.09115,0.489
16.963,51.09115,0.47
16.965,51.09115,0.465
16.967,51.09115,0.446
16.969,51.09115,0.455
16.971,51.09115,0.419
16.973,51.09115,0.422
16.975,51.09115,0.351
16.977,51.09115,0.345
16.979,51.09115,0.331
16.981,51.09115,0.3
16.983,51.09115,0.299
16.985,51.09115,0.019
16.987,51.09115,0.052
16.989,51.09115,-0.015
16.991,51.09115,0.011
16.993,51.09115,0.067
16.995,51.09115,-0.004
16.997,51.09115,0.046
16.999,51.09115,0.046
17.001,51.09115,-0.029
17.003,51.09115,0.04
17.005,51.09115,0.045
17.007,51.09115,0.216
17.009,51.09115,0.246
17.011,51.09115,0.268
17.013,51.09115,0.234
17.015,51.09115,0.237
17.017,51.09115,0.272
17.019,51.09115,0.289
17.021,51.09115,0.257
17.023,51.09115,0.294
17.025,51.09115,0.304
17.027,51.09115,0.306
17.029,51.09115,0.3
17.031,51.09115,0.284
17.033,51.09115,0.273
17.035,51.09115,0.281
17.037,51.09115,0.313
17.039,51.09115,0.295
17.041,51.09115,0.284
17.043,51.09115,0.32
17.045,51.09115,0.272
17.047,51.09115,0.322
17.049,51.09115,0.27
17.051,51.09115,0.266
17.053,51.09115,0.267
17.055,51.09115,0.267
17.057,51.09115,0.28
17.059,51.09115,0.271
17.061,51.09115,0.265
17.063,51.09115,0.237
17.065,51.09115,0.308
17.067,51.09115,0.289
17.069,51.09115,0.344
17.071,51.09115,0.356
17.073,51.09115,0.352
17.075,51.09115,0.354
17.077,51.09115,0.357
17.079,51.09115,0.39
17.081,51.09115,0.402
17.083,51.09115,0.464
17.085,51.09115,0.413
17.087,51.09115,0.447
17.089,51.09115,0.401
17.091,51.09115,0.445
17.093,51.09115,0.429
17.095,51.09115,0.419
17.097,51.09115,0.438
17.099,51.09115,0.453
17.101,51.09115,0.501
17.103,51.09115,0.456
17.105,51.09115,0.459
17.107,51.09115,0.526
17.109,51.09115,0.469
17.111,51.09115,0.517
17.113,51.09115,0.451
17.115,51.09115,0.509
17.117,51.09115,0.482
17.119,51.09115,0.509
17.121,51.09115,0.51
17.123,51.09115,0.492
17.125,51.09115,0.489
17.127,51.09115,0.498
17.129,51.09115,0.529
17.131,51.09115,0.52
17.133,51.09115,0.503
17.135,51.09115,0.492
17.137,51.09115,0.5
17.139,51.09115,0.517
17.141,51.09115,0.501
17.143,51.09115,0.517
17.145,51.09115,0.525
17.147,51.09115,0.524
17.149,51.09115,0.561
17.151,51.09115,0.559
17.153,51.09115,0.598
17.155,51.09115,0.57
17.157,51.09115,0.573
17.159,51.09115,0.557
17.161,51.09115,0.549
17.163,51.09115,0.53
17.165,51.09115,0.555
17.167,51.09115,0.543
17.169,51.09115,0.519
17.171,51.09115,0.519
17.173,51.09115,0.514
17.175,51.09115,0.439
17.177,51.09115,0.443
17.179,51.09115,0.454
17.181,51.09115,0.437
17.183,51.09115,0.431
17.185,51.09115,0.487
17.187,51.09115,0.458
17.189,51.09115,0.528
17.191,51.09115,0.534
17.193,51.09115,0.56
17.195,51.09115,0.532
17.197,51.09115,0.547
17.199,51.09115,0.593
17.201,51.09115,0.571
17.203,51.09115,0.629
17.205,51.09115,0.637
17.207,51.09115,0.607
17.209,51.09115,0.625
17.211,51.09115,0.641
17.213,51.09115,0.616
17.215,51.09115,0.651
17.217,51.09115,0.613
17.219,51.09115,0.617
17.221,51.09115,0.599
17.223,51.09115,0.644
17.225,51.09115,0.617
17.227,51.09115,0.681
17.229,51.09115,0.694
17.231,51.09115,0.67
17.233,51.09115,0.695
17.235,51.09115,0.705
17.237,51.09115,0.71
17.239,51.09115,0.724
17.241,51.09115,0.745
17.243,51.09115,0.756
17.245,51.09115,0.741
17.247,51.09115,0.735
17.249,51.09115,0.734
16.851,51.08985,0.556
16.853,51.08985,0.525
16.855,51.08985,0.547
16.857,51.08985,0.524
16.859,51.08985,0.53
16.861,51.08985,0.508
16.863,51.08985,0.483
16.865,51.08985,0.476
16.867,51.08985,0.452
16.869,51.08985,0.448
16.871,51.08985,0.457
16.873,51.08985,0.431
16.875,51.08985,0.447
16.877,51.08985,0.427
16.879,51.08985,0.395
16.881,51.08985,0.404
16.883,51.08985,0.442
16.885,51.08985,0.439
16.887,51.08985,0.423
16.889,51.08985,0.452
16.891,51.08985,0.448
16.893,51.08985,0.455
16.895,51.08985,0.458
16.897,51.08985,0.469
16.899,51.08985,0.497
16.901,51.08985,0.488
16.903,51.08985,0.487
16.905,51.08985,0.462
16.907,51.08985,0.488
16.909,51.08985,0.485
16.911,51.08985,0.494
16.913,51.08985,0.458
16.915,51.08985,0.495
16.917,51.08985,0.476
16.919,51.08985,0.471
16.921,51.08985,0.435
16.923,51.08985,0.42
16.925,51.08985,0.447
16.927,51.08985,0.482
16.929,51.08985,0.479
16.931,51.08985,0.479
16.933,51.08985,0.466
16.935,51.08985,0.462
16.937,51.08985,0.488
16.939,51.08985,0.465
16.941,51.08985,0.435
16.943,51.08985,0.474
16.945,51.08985,0.522
16.947,51.08985,0.491
16.949,51.08985,0.506
16.951,51.08985,0.501
16.953,51.08985,0.478
16.955,51.08985,0.471
16.957,51.08985,0.485
16.959,51.08985,0.502
16.961,51.08985,0.501
16.963,51.08985,0.514
16.965,51.08985,0.449
16.967,51.08985,0.449
16.969,51.08985,0.445
16.971,51.08985,0.418
16.973,51.08985,0.381
16.975,51.08985,0.401
16.977,51.08985,0.361
16.979,51.08985,0.321
16.981,51.08985,0.305
16.983,51.08985,0.018
16.985,51.08985,0.074
16.987,51.08985,0.028
16.989,51.08985,0.019
16.991,51.08985,0.048
16.993,51.08985,-0.025
16.995,51.08985,0.006
16.997,51.08985,0.034
16.999,51.08985,0.052
17.001,51.08985,0.019
17.003,51.08985,-0.014
17.005,51.08985,0.286
17.007,51.08985,0.261
17.009,51.08985,0.248
17.011,51.08985,0.305
17.013,51.08985,0.299
17.015,51.08985,0.277
17.017,51.08985,0.262
17.019,51.08985,0.271
17.021,51.08985,0.269
17.023,51.08985,0.297
17.025,51.08985,0.249
17.027,51.08985,0.274
17.029,51.08985,0.322
17.031,51.08985,0.325
17.033,51.08985,0.275
17.035,51.08985,0.287
17.037,51.08985,0.291
17.039,51.08985,0.27
17.041,51.08985,0.259
17.043,51.08985,0.297
17.045,51.08985,0.248
17.047,51.08985,0.282
17.049,51.08985,0.292
17.051,51.08985,0.259
17.053,51.08985,0.262
17.055,51.08985,0.304
17.057,51.08985,0.298
17.059,51.08985,0.261
17.061,51.08985,0.29
17.063,51.08985,0.321
17.065,51.08985,0.316
17.067,51.08985,0.346
17.069,51.08985,0.311
17.071,51.08985,0.301
17.073,51.08985,0.286
17.075,51.08985,0.351
17.077,51.08985,0.377
17.079,51.08985,0.372
17.081,51.08985,0.443
17.083,51.08985,0.379
17.085,51.08985,0.426
17.087,51.08985,0.418
17.089,51.08985,0.432
17.091,51.08985,0.451
17.093,51.08985,0.457
17.095,51.08985,0.469
17.097,51.08985,0.459
17.099,51.08985,0.421
17.101,51.08985,0.46
17.103,51.08985,0.472
17.105,51.08985,0.445
17.107,51.08985,0.479
17.109,51.08985,0.501
17.111,51.08985,0.512
17.113,51.08985,0.526
17.115,51.08985,0.504
17.117,51.08985,0.474
17.119,51.08985,0.457
17.121,51.08985,0.545
17.123,51.08985,0.516
17.125,51.08985,0.512
17.127,51.08985,0.498
17.129,51.08985,0.553
17.131,51.08985,0.526
17.133,51.08985,0.488
17.135,51.08985,0.507
17.137,51.08985,0.49
17.139,51.08985,0.516
17.141,51.08985,0.495
17.143,51.08985,0.527
17.145,51.08985,0.525
17.147,51.08985,0.547
17.149,51.08985,0.532
17.151,51.08985,0.555
17.153,51.08985,0.537
17.155,51.08985,0.58
17.157,51.08985,0.508
17.159,51.08985,0.543
17.161,51.08985,0.556
17.163,51.08985,0.558
17.165,51.08985,0.554
17.167,51.08985,0.519
17.169,51.08985,0.529
17.171,51.08985,0.457
17.173,51.08985,0.448
17.175,51.08985,0.46
17.177,51.08985,0.421
17.179,51.08985,0.457
17.181,51.08985,0.455
17.183,51.08985,0.468
17.185,51.08985,0.428
17.187,51.08985,0.502
17.189,51.08985,0.55
17.191,51.08985,0.488
17.193,51.08985,0.538
17.195,51.08985,0.569
17.197,51.08985,0.572
17.199,51.08985,0.562
17.201,51.08985,0.604
17.203,51.08985,0.615
17.205,51.08985,0.604
17.207,51.08985,0.6
17.209,51.08985,0.613
17.211,51.08985,0.643
17.213,51.08985,0.623
17.215,51.08985,0.607
17.217,51.08985,0.603
17.219,51.08985,0.673
17.221,51.08985,0.616
17.223,51.08985,0.655
17.225,51.08985,0.679
17.227,51.08985,0.681
17.229,51.08985,0.65
17.231,51.08985,0.665
17.233,51.08985,0.685
17.235,51.08985,0.67
17.237,51.08985,0.72
17.239,51.08985,0.708
17.241,51.08985,0.732
17.243,51.08985,0.752
17.245,51.08985,0.74
17.247,51.08985,0.73
17.249,51.08985,0.727
16.851,51.08855,0.57
16.853,51.08855,0.564
16.855,51.08855,0.535
16.857,51.08855,0.531
16.859,51.08855,0.527
16.861,51.08855,0.528
16.863,51.08855,0.49
16.865,51.08855,0.475
16.867,51.08855,0.466
16.869,51.08855,0.466
16.871,51.08855,0.433
16.873,51.08855,0.435
16.875,51.08855,0.421
16.877,51.08855,0.407
16.879,51.08855,0.432
16.881,51.08855,0.384
16.883,51.08855,0.427
16.885,51.08855,0.382
16.887,51.08855,0.457
16.889,51.08855,0.45
16.891,51.08855,0.446
16.893,51.08855,0.438
16.895,51.08855,0.47
16.897,51.08855,0.501
16.899,51.08855,0.466
16.901,51.08855,0.492
16.903,51.08855,0.527
16.905,51.08855,0.467
16.907,51.08855,0.513
16.909,51.08855,0.491
16.911,51.08855,0.486
16.913,51.08855,0.518
16.915,51.08855,0.488
16.917,51.08855,0.474
16.919,51.08855,0.49
16.921,51.08855,0.455
16.923,51.08855,0.474
16.925,51.08855,0.461
16.927,51.08855,0.462
16.929,51.08855,0.476
16.931,51.08855,0.453
16.933,51.08855,0.47
16.935,51.08855,0.454
16.937,51.08855,0.428
16.939,51.08855,0.482
16.941,51.08855,0.446
16.943,51.08855,0.502
16.945,51.08855,0.526
16.947,51.08855,0.515
16.949,51.08855,0.497
16.951,51.08855,0.507
16.953,51.08855,0.473
16.955,51.08855,0.477
16.957,51.08855,0.504
16.959,51.08855,0.482
16.961,51.08855,0.467
16.963,51.08855,0.472
16.965,51.08855,0.443
16.967,51.08855,0.461
16.969,51.08855,0.401
16.971,51.08855,0.404
16.973,51.08855,0.382
16.975,51.08855,0.379
16.977,51.08855,0.377
16.979,51.08855,0.294
16.981,51.08855,0.01
16.983,51.08855,0.049
16.985,51.08855,-0.005
16.987,51.08855,0.009
16.989,51.08855,0.033
16.991,51.08855,0.024
16.993,51.08855,0.011
16.995,51.08855,0.042
16.997,51.08855,-0.028
16.999,51.08855,0.008
17.001,51.08855,0.029
17.003,51.08855,0.233
17.005,51.08855,0.275
17.007,51.08855,0.284
17.009,51.08855,0.251
17.011,51.08855,0.304
17.013,51.08855,0.276
17.015,51.08855,0.279
17.017,51.08855,0.244
17.019,51.08855,0.296
17.021,51.08855,0.319
17.023,51.08855,0.313
17.025,51.08855,0.296
17.027,51.08855,0.355
17.029,51.08855,0.318
17.031,51.08855,0.321
17.033,51.08855,0.3
17.035,51.08855,0.297
17.037,51.08855,0.299
17.039,51.08855,0.294
17.041,51.08855,0.309
17.043,51.08855,0.284
17.045,51.08855,0.304
17.047,51.08855,0.293
17.049,51.08855,0.268
17.051,51.08855,0.297
17.053,51.08855,0.279
17.055,51.08855,0.286
17.057,51.08855,0.317
17.059,51.08855,0.274
17.061,51.08855,0.313
17.063,51.08855,0.303
17.065,51.08855,0.295
17.067,51.08855,0.308
17.069,51.08855,0.346
17.071,51.08855,0.342
17.073,51.08855,0.324
17.075,51.08855,0.353
17.077,51.08855,0.395
17.079,51.08855,0.402
17.081,51.08855,0.411
17.083,51.08855,0.411
17.085,51.08855,0.418
17.087,51.08855,0.389
17.089,51.08855,0.415
17.091,51.08855,0.456
17.093,51.08855,0.438
17.095,51.08855,0.466
17.097,51.08855,0.463
17.099,51.08855,0.466
17.101,51.08855,0.464
17.103,51.08855,0.467
17.105,51.08855,0.47
17.107,51.08855,0.449
17.109,51.08855,0.504
17.111,51.08855,0.509
17.113,51.08855,0.479
17.115,51.08855,0.448
17.117,51.08855,0.497
17.119,51.08855,0.509
17.121,51.08855,0.519
17.123,51.08855,0.473
17.125,51.08855,0.536
17.127,51.08855,0.508
17.129,51.08855,0.54
17.131,51.08855,0.533
17.133,51.08855,0.518
17.135,51.08855,0.51
17.137,51.08855,0.51
17.139,51.08855,0.538
17.141,51.08855,0.52
17.143,51.08855,0.526
17.145,51.08855,0.559
17.147,51.08855,0.519
17.149,51.08855,0.544
17.151,51.08855,0.528
17.153,51.08855,0.541
17.155,51.08855,0.581
17.157,51.08855,0.541
17.159,51.08855,0.548
17.161,51.08855,0.529
17.163,51.08855,0.535
17.165,51.08855,0.535
17.167,51.08855,0.518
17.169,51.08855,0.502
17.171,51.08855,0.47
17.173,51.08855,0.487
17.175,51.08855,0.466
17.177,51.08855,0.439
17.179,51.08855,0.438
17.181,51.08855,0.452
17.183,51.08855,0.499
17.185,51.08855,0.476
17.187,51.08855,0.505
17.189,51.08855,0.515
17.191,51.08855,0.528
17.193,51.08855,0.554
17.195,51.08855,0.521
17.197,51.08855,0.562
17.199,51.08855,0.558
17.201,51.08855,0.606
17.203,51.08855,0.608
17.205,51.08855,0.605
17.207,51.08855,0.596
17.209,51.08855,0.602
17.211,51.08855,0.622
17.213,51.08855,0.649
17.215,51.08855,0.604
17.217,51.08855,0.61
17.219,51.08855,0.588
17.221,51.08855,0.625
17.223,51.08855,0.615
17.225,51.08855,0.664
17.227,51.08855,0.617
17.229,51.08855,0.668
17.231,51.08855,0.664
17.233,51.08855,0.659
17.235,51.08855,0.662
17.237,51.08855,0.663
17.239,51.08855,0.667
17.241,51.08855,0.699
17.243,51.08855,0.681
17.245,51.08855,0.725
17.247,51.08855,0.683
17.249,51.08855,0.707
16.851,51.08725,0.54
16.853,51.08725,0.577
16.855,51.08725,0.534
16.857,51.08725,0.558
16.859,51.08725,0.526
16.861,51.08725,0.533
16.863,51.08725,0.483
16.865,51.08725,0.492
16.867,51.08725,0.461
16.869,51.08725,0.485
16.871,51.08725,0.462
16.873,51.08725,0.44
16.875,51.08725,0.44
16.877,51.08725,0.432
16.879,51.08725,0.421
16.881,51.08725,0.433
16.883,51.08725,0.449
16.885,51.08725,0.429
16.887,51.08725,0.49
16.889,51.08725,0.47
16.891,51.08725,0.446
16.893,51.08725,0.459
16.895,51.08725,0.459
16.897,51.08725,0.506
16.899,51.08725,0.481
16.901,51.08725,0.487
16.903,51.08725,0.482
16.905,51.08725,0.544
16.907,51.08725,0.479
16.909,51.08725,0.493
16.911,51.08725,0.512
16.913,51.08725,0.477
16.915,51.08725,0.487
16.917,51.08725,0.492
16.919,51.08725,0.498
16.921,51.08725,0.457
16.923,51.08725,0.49
16.925,51.08725,0.464
16.927,51.08725,0.481
16.929,51.08725,0.451
16.931,51.08725,0.456
16.933,51.08725,0.463
16.935,51.08725,0.478
16.937,51.08725,0.499
16.939,51.08725,0.5
16.941,51.08725,0.448
16.943,51.08725,0.496
16.945,51.08725,0.476
16.947,51.08725,0.51
16.949,51.08725,0.5
16.951,51.08725,0.491
16.953,51.08725,0.538
16.955,51.08725,0.471
16.957,51.08725,0.503
16.959,51.08725,0.491
16.961,51.08725,0.465
16.963,51.08725,0.51
16.965,51.08725,0.458
16.967,51.08725,0.454
16.969,51.08725,0.426
16.971,51.08725,0.424
16.973,51.08725,0.414
16.975,51.08725,0.38
16.977,51.08725,0.369
16.979,51.08725,0.029
16.981,51.08725,0.106
16.983,51.08725,0.026
16.985,51.08725,0.065
16.987,51.08725,0
16.989,51.08725,-0.024
16.991,51.08725,0.031
16.993,51.08725,0.039
16.995,51.08725,-0.003
16.997,51.08725,0.034
16.999,51.08725,0.096
17.001,51.08725,0.243
17.003,51.08725,0.238
17.005,51.08725,0.261
17.007,51.08725,0.242
17.009,51.08725,0.297
17.011,51.08725,0.283
17.013,51.08725,0.275
17.015,51.08725,0.297
17.017,51.08725,0.34
17.019,51.08725,0.294
17.021,51.08725,0.275
17.023,51.08725,0.318
17.025,51.08725,0.298
17.027,51.08725,0.329
17.029,51.08725,0.335
17.031,51.08725,0.286
17.033,51.08725,0.303
17.035,51.08725,0.314
17.037,51.08725,0.318
17.039,51.08725,0.337
17.041,51.08725,0.252
17.043,51.08725,0.28
17.045,51.08725,0.307
17.047,51.08725,0.288
17.049,51.08725,0.296
17.051,51.08725,0.28
17.053,51.08725,0.302
17.055,51.08725,0.299
17.057,51.08725,0.341
17.059,51.08725,0.28
17.061,51.08725,0.298
17.063,51.08725,0.317
17.065,51.08725,0.316
17.067,51.08725,0.378
17.069,51.08725,0.348
17.071,51.08725,0.38
17.073,51.08725,0.378
17.075,51.08725,0.401
17.077,51.08725,0.411
17.079,51.08725,0.44
17.081,51.08725,0.417
17.083,51.08725,0.453
17.085,51.08725,0.417
17.087,51.08725,0.444
17.089,51.08725,0.39
17.091,51.08725,0.437
17.093,51.08725,0.424
17.095,51.08725,0.436
17.097,51.08725,0.456
17.099,51.08725,0.447
17.101,51.08725,0.461
17.103,51.08725,0.447
17.105,51.08725,0.506
17.107,51.08725,0.436
17.109,51.08725,0.49
17.111,51.08725,0.47
17.113,51.08725,0.477
17.115,51.08725,0.517
17.117,51.08725,0.495
17.119,51.08725,0.532
17.121,51.08725,0.477
17.123,51.08725,0.524
17.125,51.08725,0.514
17.127,51.08725,0.477
17.129,51.08725,0.513
17.131,51.08725,0.544
17.133,51.08725,0.541
17.135,51.08725,0.504
17.137,51.08725,0.57
17.139,51.08725,0.561
17.141,51.08725,0.552
17.143,51.08725,0.55
17.145,51.08725,0.549
17.147,51.08725,0.542
17.149,51.08725,0.559
17.151,51.08725,0.571
17.153,51.08725,0.565
17.155,51.08725,0.528
17.157,51.08725,0.572
17.159,51.08725,0.532
17.161,51.08725,0.56
17.163,51.08725,0.512
17.165,51.08725,0.556
17.167,51.08725,0.464
17.169,51.08725,0.513
17.171,51.08725,0.444
17.173,51.08725,0.441
17.175,51.08725,0.455
17.177,51.08725,0.428
17.179,51.08725,0.467
17.181,51.08725,0.489
17.183,51.08725,0.471
17.185,51.08725,0.506
17.187,51.08725,0.482
17.189,51.08725,0.521
17.191,51.08725,0.532
17.193,51.08725,0.54
17.195,51.08725,0.525
17.197,51.08725,0.588
17.199,51.08725,0.602
17.201,51.08725,0.591
17.203,51.08725,0.629
17.205,51.08725,0.609
17.207,51.08725,0.586
17.209,51.08725,0.66
17.211,51.08725,0.568
17.213,51.08725,0.62
17.215,51.08725,0.608
17.217,51.08725,0.612
17.219,51.08725,0.616
17.221,51.08725,0.621
17.223,51.08725,0.629
17.225,51.08725,0.594
17.227,51.08725,0.628
17.229,51.08725,0.586
17.231,51.08725,0.655
17.233,51.08725,0.64
17.235,51.08725,0.64
17.237,51.08725,0.635
17.239,51.08725,0.63
17.241,51.08725,0.692
17.243,51.08725,0.653
17.245,51.08725,0.694
17.247,51.08725,0.67
17.249,51.08725,0.687
16.851,51.08595,0.547
16.853,51.08595,0.537
16.855,51.08595,0.553
16.857,51.08595,0.546
16.859,51.08595,0.541
16.861,51.08595,0.516
16.863,51.08595,0.516
16.865,51.08595,0.559
16.867,51.08595,0.517
16.869,51.08595,0.455
16.871,51.08595,0.424
16.873,51.08595,0.451
16.875,51.08595,0.452
16.877,51.08595,0.418
16.879,51.08595,0.447
16.881,51.08595,0.453
16.883,51.08595,0.421
16.885,51.08595,0.441
16.887,51.08595,0.452
16.889,51.08595,0.446
16.891,51.08595,0.493
16.893,51.08595,0.48
16.895,51.08595,0.514
16.897,51.08595,0.517
16.899,51.08595,0.521
16.901,51.08595,0.529
16.903,51.08595,0.518
16.905,51.08595,0.515
16.907,51.08595,0.563
16.909,51.08595,0.503
16.911,51.08595,0.533
16.913,51.08595,0.517
16.915,51.08595,0.549
16.917,51.08595,0.518
16.919,51.08595,0.516
16.921,51.08595,0.508
16.923,51.08595,0.544
16.925,51.08595,0.481
16.927,51.08595,0.515
16.929,51.08595,0.479
16.931,51.08595,0.481
16.933,51.08595,0.533
16.935,51.08595,0.492
16.937,51.08595,0.517
16.939,51.08595,0.479
16.941,51.08595,0.493
16.943,51.08595,0.499
16.945,51.08595,0.484
16.947,51.08595,0.529
16.949,51.08595,0.457
16.951,51.08595,0.522
16.953,51.08595,0.483
16.955,51.08595,0.489
16.957,51.08595,0.466
16.959,51.08595,0.48
16.961,51.08595,0.485
16.963,51.08595,0.507
16.965,51.08595,0.49
16.967,51.08595,0.453
16.969,51.08595,0.439
16.971,51.08595,0.446
16.973,51.08595,0.402
16.975,51.08595,0.367
16.977,51.08595,0.048
16.979,51.08595,0.042
16.981,51.08595,-0.003
16.983,51.08595,0.048
16.985,51.08595,0.035
16.987,51.08595,0.021
16.989,51.08595,0.035
16.991,51.08595,0.056
16.993,51.08595,0.049
16.995,51.08595,-0.013
16.997,51.08595,0.025
16.999,51.08595,0.22
17.001,51.08595,0.289
17.003,51.08595,0.249
17.005,51.08595,0.286
17.007,51.08595,0.268
17.009,51.08595,0.271
17.011,51.08595,0.275
17.013,51.08595,0.271
17.015,51.08595,0.306
17.017,51.08595,0.306
17.019,51.08595,0.315
17.021,51.08595,0.314
17.023,51.08595,0.291
17.025,51.08595,0.311
17.027,51.08595,0.289
17.029,51.08595,0.356
17.031,51.08595,0.353
17.033,51.08595,0.32
17.035,51.08595,0.29
17.037,51.08595,0.309
17.039,51.08595,0.329
17.041,51.08595,0.307
17.043,51.08595,0.28
17.045,51.08595,0.261
17.047,51.08595,0.293
17.049,51.08595,0.312
17.051,51.08595,0.322
17.053,51.08595,0.294
17.055,51.08595,0.248
17.057,51.08595,0.29
17.059,51.08595,0.308
17.061,51.08595,0.298
17.063,51.08595,0.342
17.065,51.08595,0.337
17.067,51.08595,0.361
17.069,51.08595,0.33
17.071,51.08595,0.362
17.073,51.08595,0.384
17.075,51.08595,0.401
17.077,51.08595,0.369
17.079,51.08595,0.43
17.081,51.08595,0.4
17.083,51.08595,0.464
17.085,51.08595,0.44
17.087,51.08595,0.478
17.089,51.08595,0.456
17.091,51.08595,0.45
17.093,51.08595,0.449
17.095,51.08595,0.437
17.097,51.08595,0.463
17.099,51.08595,0.463
17.101,51.08595,0.475
17.103,51.08595,0.451
17.105,51.08595,0.498
17.107,51.08595,0.459
17.109,51.08595,0.509
17.111,51.08595,0.488
17.113,51.08595,0.493
17.115,51.08595,0.514
17.117,51.08595,0.505
17.119,51.08595,0.486
17.121,51.08595,0.513
17.123,51.08595,0.509
17.125,51.08595,0.505
17.127,51.08595,0.51
17.129,51.08595,0.515
17.131,51.08595,0.566
17.133,51.08595,0.525
17.135,51.08595,0.525
17.137,51.08595,0.518
17.139,51.08595,0.541
17.141,51.08595,0.556
17.143,51.08595,0.543
17.145,51.08595,0.563
17.147,51.08595,0.547
17.149,51.08595,0.541
17.151,51.08595,0.551
17.153,51.08595,0.528
17.155,51.08595,0.557
17.157,51.08595,0.544
17.159,51.08595,0.537
17.161,51.08595,0.525
17.163,51.08595,0.508
17.165,51.08595,0.527
17.167,51.08595,0.496
17.169,51.08595,0.461
17.171,51.08595,0.485
17.173,51.08595,0.447
17.175,51.08595,0.444
17.177,51.08595,0.454
17.179,51.08595,0.441
17.181,51.08595,0.465
17.183,51.08595,0.484
17.185,51.08595,0.483
17.187,51.08595,0.504
17.189,51.08595,0.498
17.191,51.08595,0.534
17.193,51.08595,0.564
17.195,51.08595,0.563
17.197,51.08595,0.553
17.199,51.08595,0.593
17.201,51.08595,0.599
17.203,51.08595,0.635
17.205,51.08595,0.585
17.207,51.08595,0.606
17.209,51.08595,0.6
17.211,51.08595,0.624
17.213,51.08595,0.596
17.215,51.08595,0.598
17.217,51.08595,0.605
17.219,51.08595,0.615
17.221,51.08595,0.596
17.223,51.08595,0.6
17.225,51.08595,0.586
17.227,51.08595,0.62
17.229,51.08595,0.612
17.231,51.08595,0.635
17.233,51.08595,0.652
17.235,51.08595,0.625
17.237,51.08595,0.647
17.239,51.08595,0.631
17.241,51.08595,0.642
17.243,51.08595,0.683
17.245,51.08595,0.664
17.247,51.08595,0.665
17.249,51.08595,0.702
16.851,51.08465,0.535
16.853,51.08465,0.548
16.855,51.08465,0.57
16.857,51.08465,0.526
16.859,51.08465,0.528
16.861,51.08465,0.522
16.863,51.08465,0.509
16.865,51.08465,0.499
16.867,51.08465,0.515
16.869,51.08465,0.487
16.871,51.08465,0.484
16.873,51.08465,0.505
16.875,51.08465,0.491
16.877,51.08465,0.477
16.879,51.08465,0.449
16.881,51.08465,0.477
16.883,51.08465,0.408
16.885,51.08465,0.476
16.887,51.08465,0.52
16.889,51.08465,0.536
16.891,51.08465,0.512
16.893,51.08465,0.502
16.895,51.08465,0.496
16.897,51.08465,0.493
16.899,51.08465,0.509
16.901,51.08465,0.565
16.903,51.08465,0.529
16.905,51.08465,0.553
16.907,51.08465,0.527
16.909,51.08465,0.563
16.911,51.08465,0.53
16.913,51.08465,0.532
16.915,51.08465,0.557
16.917,51.08465,0.516
16.919,51.08465,0.542
16.921,51.08465,0.524
16.923,51.08465,0.54
16.925,51.08465,0.491
16.927,51.08465,0.518
16.929,51.08465,0.504
16.931,51.08465,0.503
16.933,51.08465,0.516
16.935,51.08465,0.495
16.937,51.08465,0.488
16.939,51.08465,0.491
16.941,51.08465,0.481
16.943,51.08465,0.426
16.945,51.08465,0.505
16.947,51.08465,0.492
16.949,51.08465,0.508
16.951,51.08465,0.528
16.953,51.08465,0.513
16.955,51.08465,0.49
16.957,51.08465,0.489
16.959,51.08465,0.545
16.961,51.08465,0.499
16.963,51.08465,0.479
16.965,51.08465,0.451
16.967,51.08465,0.417
16.969,51.08465,0.429
16.971,51.08465,0.405
16.973,51.08465,-0.014
16.975,51.08465,0.021
16.977,51.08465,0.079
16.979,51.08465,0.082
16.981,51.08465,0.008
16.983,51.08465,0.042
16.985,51.08465,0.06
16.987,51.08465,-0.01
16.989,51.08465,0.101
16.991,51.08465,-0.001
16.993,51.08465,-0.028
16.995,51.08465,0.266
16.997,51.08465,0.265
16.999,51.08465,0.273
17.001,51.08465,0.274
17.003,51.08465,0.253
17.005,51.08465,0.274
17.007,51.08465,0.305
17.009,51.08465,0.286
17.011,51.08465,0.256
17.013,51.08465,0.299
17.015,51.08465,0.304
17.017,51.08465,0.322
17.019,51.08465,0.287
17.021,51.08465,0.345
17.023,51.08465,0.342
17.025,51.08465,0.368
17.027,51.08465,0.333
17.029,51.08465,0.339
17.031,51.08465,0.339
17.033,51.08465,0.336
17.035,51.08465,0.296
17.037,51.08465,0.315
17.039,51.08465,0.304
17.041,51.08465,0.233
17.043,51.08465,0.308
17.045,51.08465,0.312
17.047,51.08465,0.284
17.049,51.08465,0.307
17.051,51.08465,0.263
17.053,51.08465,0.315
17.055,51.08465,0.303
17.057,51.08465,0.309
17.059,51.08465,0.32
17.061,51.08465,0.312
17.063,51.08465,0.352
17.065,51.08465,0.335
17.067,51.08465,0.34
17.069,51.08465,0.36
17.071,51.08465,0.393
17.073,51.08465,0.381
17.075,51.08465,0.416
17.077,51.08465,0.394
17.079,51.08465,0.395
17.081,51.08465,0.409
17.083,51.08465,0.442
17.085,51.08465,0.448
17.087,51.08465,0.428
17.089,51.08465,0.421
17.091,51.08465,0.459
17.093,51.08465,0.473
17.095,51.08465,0.453
17.097,51.08465,0.459
17.099,51.08465,0.457
17.101,51.08465,0.48
17.103,51.08465,0.467
17.105,51.08465,0.434
17.107,51.08465,0.47
17.109,51.08465,0.473
17.111,51.08465,0.47
17.113,51.08465,0.499
17.115,51.08465,0.498
17.117,51.08465,0.484
17.119,51.08465,0.524
17.121,51.08465,0.516
17.123,51.08465,0.509
17.125,51.08465,0.551
17.127,51.08465,0.537
17.129,51.08465,0.493
17.131,51.08465,0.558
17.133,51.08465,0.583
17.135,51.08465,0.536
17.137,51.08465,0.551
17.139,51.08465,0.569
17.141,51.08465,0.576
17.143,51.08465,0.532
17.145,51.08465,0.544
17.147,51.08465,0.584
17.149,51.08465,0.562
17.151,51.08465,0.53
17.153,51.08465,0.582
17.155,51.08465,0.544
17.157,51.08465,0.573
17.159,51.08465,0.547
17.161,51.08465,0.515
17.163,51.08465,0.486
17.165,51.08465,0.524
17.167,51.08465,0.543
17.169,51.08465,0.488
17.171,51.08465,0.491
17.173,51.08465,0.502
17.175,51.08465,0.455
17.177,51.08465,0.447
17.179,51.08465,0.441
17.181,51.08465,0.488
17.183,51.08465,0.492
17.185,51.08465,0.531
17.187,51.08465,0.534
17.189,51.08465,0.49
17.191,51.08465,0.546
17.193,51.08465,0.546
17.195,51.08465,0.572
17.197,51.08465,0.562
17.199,51.08465,0.59
17.201,51.08465,0.647
17.203,51.08465,0.585
17.205,51.08465,0.608
17.207,51.08465,0.625
17.209,51.08465,0.63
17.211,51.08465,0.609
17.213,51.08465,0.617
17.215,51.08465,0.598
17.217,51.08465,0.57
17.219,51.08465,0.576
17.221,51.08465,0.59
17.223,51.08465,0.615
17.225,51.08465,0.592
17.227,51.08465,0.596
17.229,51.08465,0.62
17.231,51.08465,0.616
17.233,51.08465,0.627
17.235,51.08465,0.624
17.237,51.08465,0.583
17.239,51.08465,0.634
17.241,51.08465,0.62
17.243,51.08465,0.662
17.245,51.08465,0.651
17.247,51.08465,0.65
17.249,51.08465,0.635
16.851,51.08335,0.557
16.853,51.08335,0.544
16.855,51.08335,0.572
16.857,51.08335,0.549
16.859,51.08335,0.543
16.861,51.08335,0.493
16.863,51.08335,0.537
16.865,51.08335,0.516
16.867,51.08335,0.54
16.869,51.08335,0.508
16.871,51.08335,0.483
16.873,51.08335,0.48
16.875,51.08335,0.486
16.877,51.08335,0.498
16.879,51.08335,0.5
16.881,51.08335,0.488
16.883,51.08335,0.459
16.885,51.08335,0.481
16.887,51.08335,0.498
16.889,51.08335,0.487
16.891,51.08335,0.484
16.893,51.08335,0.553
16.895,51.08335,0.555
16.897,51.08335,0.542
16.899,51.08335,0.538
16.901,51.08335,0.525
16.903,51.08335,0.558
16.905,51.08335,0.549
16.907,51.08335,0.61
16.909,51.08335,0.564
16.911,51.08335,0.559
16.913,51.08335,0.551
16.915,51.08335,0.525
16.917,51.08335,0.555
16.919,51.08335,0.576
16.921,51.08335,0.527
16.923,51.08335,0.532
16.925,51.08335,0.524
16.927,51.08335,0.486
16.929,51.08335,0.506
16.931,51.08335,0.516
16.933,51.08335,0.501
16.935,51.08335,0.53
16.937,51.08335,0.522
16.939,51.08335,0.507
16.941,51.08335,0.498
16.943,51.08335,0.47
16.945,51.08335,0.504
16.947,51.08335,0.498
16.949,51.08335,0.481
16.951,51.08335,0.501
16.953,51.08335,0.501
16.955,51.08335,0.494
16.957,51.08335,0.49
16.959,51.08335,0.497
16.961,51.08335,0.469
16.963,51.08335,0.491
16.965,51.08335,0.43
16.967,51.08335,0.478
16.969,51.08335,0.422
16.971,51.08335,0.024
16.973,51.08335,0.005
16.975,51.08335,0.033
16.977,51.08335,0.033
16.979,51.08335,-0.01
16.981,51.08335,0.016
16.983,51.08335,0.024
16.985,51.08335,0.028
16.987,51.08335,-0.022
16.989,51.08335,0.006
16.991,51.08335,0.016
16.993,51.08335,0.297
16.995,51.08335,0.271
16.997,51.08335,0.276
16.999,51.08335,0.266
17.001,51.08335,0.267
17.003,51.08335,0.281
17.005,51.08335,0.281
17.007,51.08335,0.252
17.009,51.08335,0.283
17.011,51.08335,0.302
17.013,51.08335,0.291
17.015,51.08335,0.361
17.017,51.08335,0.391
17.019,51.08335,0.334
17.021,51.08335,0.319
17.023,51.08335,0.368
17.025,51.08335,0.372
17.027,51.08335,0.32
17.029,51.08335,0.318
17.031,51.08335,0.288
17.033,51.08335,0.316
17.035,51.08335,0.332
17.037,51.08335,0.303
17.039,51.08335,0.282
17.041,51.08335,0.287
17.043,51.08335,0.267
17.045,51.08335,0.247
17.047,51.08335,0.267
17.049,51.08335,0.317
17.051,51.08335,0.305
17.053,51.08335,0.301
17.055,51.08335,0.288
17.057,51.08335,0.317
17.059,51.08335,0.338
17.061,51.08335,0.328
17.063,51.08335,0.338
17.065,51.08335,0.349
17.067,51.08335,0.374
17.069,51.08335,0.409
17.071,51.08335,0.384
17.073,51.08335,0.382
17.075,51.08335,0.404
17.077,51.08335,0.429
17.079,51.08335,0.411
17.081,51.08335,0.479
17.083,51.08335,0.408
17.085,51.08335,0.405
17.087,51.08335,0.431
17.089,51.08335,0.453
17.091,51.08335,0.477
17.093,51.08335,0.433
17.095,51.08335,0.464
17.097,51.08335,0.498
17.099,51.08335,0.498
17.101,51.08335,0.469
17.103,51.08335,0.422
17.105,51.08335,0.442
17.107,51.08335,0.478
17.109,51.08335,0.5
17.111,51.08335,0.489
17.113,51.08335,0.487
17.115,51.08335,0.524
17.117,51.08335,0.495
17.119,51.08335,0.496
17.121,51.08335,0.564
17.123,51.08335,0.527
17.125,51.08335,0.565
17.127,51.08335,0.543
17.129,51.08335,0.56
17.131,51.08335,0.56
17.133,51.08335,0.573
17.135,51.08335,0.59
17.137,51.08335,0.571
17.139,51.08335,0.562
17.141,51.08335,0.565
17.143,51.08335,0.585
17.145,51.08335,0.574
17.147,51.08335,0.523
17.149,51.08335,0.575
17.151,51.08335,0.558
17.153,51.08335,0.576
17.155,51.08335,0.576
17.157,51.08335,0.557
17.159,51.08335,0.564
17.161,51.08335,0.502
17.163,51.08335,0.53
17.165,51.08335,0.507
17.167,51.08335,0.523
17.169,51.08335,0.491
17.171,51.08335,0.499
17.173,51.08335,0.459
17.175,51.08335,0.487
17.177,51.08335,0.466
17.179,51.08335,0.493
17.181,51.08335,0.462
17.183,51.08335,0.518
17.185,51.08335,0.477
17.187,51.08335,0.543
17.189,51.08335,0.569
17.191,51.08335,0.538
17.193,51.08335,0.534
17.195,51.08335,0.557
17.197,51.08335,0.601
17.199,51.08335,0.599
17.201,51.08335,0.611
17.203,51.08335,0.663
17.205,51.08335,0.596
17.207,51.08335,0.619
17.209,51.08335,0.59
17.211,51.08335,0.609
17.213,51.08335,0.594
17.215,51.08335,0.577
17.217,51.08335,0.596
17.219,51.08335,0.547
17.221,51.08335,0.618
17.223,51.08335,0.567
17.225,51.08335,0.569
17.227,51.08335,0.589
17.229,51.08335,0.594
17.231,51.08335,0.585
17.233,51.08335,0.609
17.235,51.08335,0.61
17.237,51.08335,0.631
17.239,51.08335,0.611
17.241,51.08335,0.607
17.243,51.08335,0.637
17.245,51.08335,0.599
17.247,51.08335,0.584
17.249,51.08335,0.622
16.851,51.08205,0.565
16.853,51.08205,0.539
16.855,51.08205,0.584
16.857,51.08205,0.536
16.859,51.08205,0.539
16.861,51.08205,0.572
16.863,51.08205,0.515
16.865,51.08205,0.553
16.867,51.08205,0.523
16.869,51.08205,0.522
16.871,51.08205,0.471
16.873,51.08205,0.488
16.875,51.08205,0.505
16.877,51.08205,0.473
16.879,51.08205,0.492
16.881,51.08205,0.505
16.883,51.08205,0.481
16.885,51.08205,0.544
16.887,51.08205,0.452
16.889,51.08205,0.485
16.891,51.08205,0.511
16.893,51.08205,0.52
16.895,51.08205,0.571
16.897,51.08205,0.559
16.899,51.08205,0.56
16.901,51.08205,0.563
16.903,51.08205,0.569
16.905,51.08205,0.577
16.907,51.08205,0.565
16.909,51.08205,0.575
16.911,51.08205,0.589
16.913,51.08205,0.576
16.915,51.08205,0.543
16.917,51.08205,0.56
16.919,51.08205,0.558
16.921,51.08205,0.506
16.923,51.08205,0.527
16.925,51.08205,0.515
16.927,51.08205,0.538
16.929,51.08205,0.535
16.931,51.08205,0.501
16.933,51.08205,0.513
16.935,51.08205,0.486
16.937,51.08205,0.471
16.939,51.08205,0.513
16.941,51.08205,0.516
16.943,51.08205,0.498
16.945,51.08205,0.467
16.947,51.08205,0.505
16.949,51.08205,0.452
16.951,51.08205,0.471
16.953,51.08205,0.484
16.955,51.08205,0.456
16.957,51.08205,0.513
16.959,51.08205,0.481
16.961,51.08205,0.478
16.963,51.08205,0.482
16.965,51.08205,0.453
16.967,51.08205,0.434
16.969,51.08205,0.016
16.971,51.08205,0.003
16.973,51.08205,0.01
16.975,51.08205,0.033
16.977,51.08205,0.061
16.979,51.08205,0.008
16.981,51.08205,0.056
16.983,51.08205,0.037
16.985,51.08205,0.014
16.987,51.08205,0.048
16.989,51.08205,0.028
16.991,51.08205,0.277
16.993,51.08205,0.261
16.995,51.08205,0.261
16.997,51.08205,0.273
16.999,51.08205,0.308
17.001,51.08205,0.261
17.003,51.08205,0.294
17.005,51.08205,0.265
17.007,51.08205,0.346
17.009,51.08205,0.287
17.011,51.08205,0.308
17.013,51.08205,0.336
17.015,51.08205,0.382
17.017,51.08205,0.349
17.019,51.08205,0.343
17.021,51.08205,0.363
17.023,51.08205,0.337
17.025,51.08205,0.349
17.027,51.08205,0.354
17.029,51.08205,0.395
17.031,51.08205,0.341
17.033,51.08205,0.309
17.035,51.08205,0.317
17.037,51.08205,0.348
17.039,51.08205,0.299
17.041,51.08205,0.298
17.043,51.08205,0.27
17.045,51.08205,0.313
17.047,51.08205,0.304
17.049,51.08205,0.323
17.051,51.08205,0.309
17.053,51.08205,0.294
17.055,51.08205,0.295
17.057,51.08205,0.304
17.059,51.08205,0.293
17.061,51.08205,0.325
17.063,51.08205,0.319
17.065,51.08205,0.362
17.067,51.08205,0.381
17.069,51.08205,0.384
17.071,51.08205,0.363
17.073,51.08205,0.458
17.075,51.08205,0.393
17.077,51.08205,0.43
17.079,51.08205,0.387
17.081,51.08205,0.471
17.083,51.08205,0.402
17.085,51.08205,0.476
17.087,51.08205,0.465
17.089,51.08205,0.438
17.091,51.08205,0.461
17.093,51.08205,0.44
17.095,51.08205,0.426
17.097,51.08205,0.442
17.099,51.08205,0.46
17.101,51.08205,0.482
17.103,51.08205,0.464
17.105,51.08205,0.439
17.107,51.08205,0.445
17.109,51.08205,0.457
17.111,51.08205,0.505
17.113,51.08205,0.471
17.115,51.08205,0.529
17.117,51.08205,0.467
17.119,51.08205,0.488
17.121,51.08205,0.523
17.123,51.08205,0.519
17.125,51.08205,0.501
17.127,51.08205,0.537
17.129,51.08205,0.555
17.131,51.08205,0.546
17.133,51.08205,0.52
17.135,51.08205,0.561
17.137,51.08205,0.601
17.139,51.08205,0.556
17.141,51.08205,0.573
17.143,51.08205,0.573
17.145,51.08205,0.572
17.147,51.08205,0.586
17.149,51.08205,0.604
17.151,51.08205,0.549
17.153,51.08205,0.532
17.155,51.08205,0.57
17.157,51.08205,0.498
17.159,51.08205,0.525
17.161,51.08205,0.551
17.163,51.08205,0.485
17.165,51.08205,0.511
17.167,51.08205,0.504
17.169,51.08205,0.526
17.171,51.08205,0.497
17.173,51.08205,0.499
17.175,51.08205,0.484
17.177,51.08205,0.486
17.179,51.08205,0.494
17.181,51.08205,0.481
17.183,51.08205,0.479
17.185,51.08205,0.551
17.187,51.08205,0.506
17.189,51.08205,0.54
17.191,51.08205,0.543
17.193,51.08205,0.607
17.195,51.08205,0.565
17.197,51.08205,0.617
17.199,51.08205,0.625
17.201,51.08205,0.589
17.203,51.08205,0.6
17.205,51.08205,0.627
17.207,51.08205,0.616
17.209,51.08205,0.621
17.211,51.08205,0.587
17.213,51.08205,0.555
17.215,51.08205,0.555
17.217,51.08205,0.587
17.219,51.08205,0.587
17.221,51.08205,0.57
17.223,51.08205,0.56
17.225,51.08205,0.565
17.227,51.08205,0.57
17.229,51.08205,0.571
17.231,51.08205,0.565
17.233,51.08205,0.574
17.235,51.08205,0.586
17.237,51.08205,0.597
17.239,51.08205,0.593
17.241,51.08205,0.584
17.243,51.08205,0.606
17.245,51.08205,0.605
17.247,51.08205,0.591
17.249,51.08205,0.606
16.851,51.08075,0.561
16.853,51.08075,0.542
16.855,51.08075,0.579
16.857,51.08075,0.555
16.859,51.08075,0.566
16.861,51.08075,0.557
16.863,51.08075,0.538
16.865,51.08075,0.56
16.867,51.08075,0.556
16.869,51.08075,0.537
16.871,51.08075,0.52
16.873,51.08075,0.505
16.875,51.08075,0.54
16.877,51.08075,0.482
16.879,51.08075,0.491
16.881,51.08075,0.506
16.883,51.08075,0.513
16.885,51.08075,0.506
16.887,51.08075,0.486
16.889,51.08075,0.55
16.891,51.08075,0.544
16.893,51.08075,0.52
16.895,51.08075,0.557
16.897,51.08075,0.564
16.899,51.08075,0.576
16.901,51.08075,0.562
16.903,51.08075,0.564
16.905,51.08075,0.571
16.907,51.08075,0.576
16.909,51.08075,0.567
16.911,51.08075,0.563
16.913,51.08075,0.573
16.915,51.08075,0.571
16.917,51.08075,0.525
16.919,51.08075,0.569
16.921,51.08075,0.513
16.923,51.08075,0.535
16.925,51.08075,0.547
16.927,51.08075,0.544
16.929,51.08075,0.517
16.931,51.08075,0.552
16.933,51.08075,0.507
16.935,51.08075,0.539
16.937,51.08075,0.525
16.939,51.08075,0.506
16.941,51.08075,0.512
16.943,51.08075,0.504
16.945,51.08075,0.516
16.947,51.08075,0.503
16.949,51.08075,0.488
16.951,51.08075,0.501
16.953,51.08075,0.504
16.955,51.08075,0.487
16.957,51.08075,0.49
16.959,51.08075,0.473
16.961,51.08075,0.457
16.963,51.08075,0.44
16.965,51.08075,0.458
16.967,51.08075,0.034
16.969,51.08075,0.061
16.971,51.08075,0.028
16.973,51.08075,0.019
16.975,51.08075,0.022
16.977,51.08075,-0.006
16.979,51.08075,0.01
16.981,51.08075,0.066
16.983,51.08075,0.018
16.985,51.08075,0.061
16.987,51.08075,0.028
16.989,51.08075,0.32
16.991,51.08075,0.328
16.993,51.08075,0.3
16.995,51.08075,0.282
16.997,51.08075,0.299
16.999,51.08075,0.303
17.001,51.08075,0.307
17.003,51.08075,0.282
17.005,51.08075,0.309
17.007,51.08075,0.314
17.009,51.08075,0.313
17.011,51.08075,0.333
17.013,51.08075,0.355
17.015,51.08075,0.375
17.017,51.08075,0.379
17.019,51.08075,0.391
17.021,51.08075,0.378
17.023,51.08075,0.365
17.025,51.08075,0.391
17.027,51.08075,0.345
17.029,51.08075,0.344
17.031,51.08075,0.307
17.033,51.08075,0.329
17.035,51.08075,0.325
17.037,51.08075,0.304
17.039,51.08075,0.324
17.041,51.08075,0.305
17.043,51.08075,0.316
17.045,51.08075,0.266
17.047,51.08075,0.284
17.049,51.08075,0.324
17.051,51.08075,0.326
17.053,51.08075,0.321
17.055,51.08075,0.328
17.057,51.08075,0.309
17.059,51.08075,0.313
17.061,51.08075,0.334
17.063,51.08075,0.366
17.065,51.08075,0.372
17.067,51.08075,0.32
17.069,51.08075,0.33
17.071,51.08075,0.374
17.073,51.08075,0.401
17.075,51.08075,0.388
17.077,51.08075,0.421
17.079,51.08075,0.459
17.081,51.08075,0.446
17.083,51.08075,0.426
17.085,51.08075,0.48
17.087,51.08075,0.474
17.089,51.08075,0.452
17.091,51.08075,0.454
17.093,51.08075,0.466
17.095,51.08075,0.44
17.097,51.08075,0.454
17.099,51.08075,0.468
17.101,51.08075,0.477
17.103,51.08075,0.507
17.105,51.08075,0.464
17.107,51.08075,0.486
17.109,51.08075,0.476
17.111,51.08075,0.512
17.113,51.08075,0.493
17.115,51.08075,0.509
17.117,51.08075,0.552
17.119,51.08075,0.521
17.121,51.08075,0.534
17.123,51.08075,0.55
17.125,51.08075,0.509
17.127,51.08075,0.595
17.129,51.08075,0.559
17.131,51.08075,0.575
17.133,51.08075,0.598
17.135,51.08075,0.588
17.137,51.08075,0.572
17.139,51.08075,0.596
17.141,51.08075,0.614
17.143,51.08075,0.618
17.145,51.08075,0.575
17.147,51.08075,0.567
17.149,51.08075,0.586
17.151,51.08075,0.614
17.153,51.08075,0.575
17.155,51.08075,0.523
17.157,51.08075,0.564
17.159,51.08075,0.527
17.161,51.08075,0.519
17.163,51.08075,0.521
17.165,51.08075,0.482
17.167,51.08075,0.481
17.169,51.08075,0.496
17.171,51.08075,0.484
17.173,51.08075,0.491
17.175,51.08075,0.456
17.177,51.08075,0.487
17.179,51.08075,0.52
17.181,51.08075,0.494
17.183,51.08075,0.497
17.185,51.08075,0.501
17.187,51.08075,0.547
17.189,51.08075,0.557
17.191,51.08075,0.564
17.193,51.08075,0.588
17.195,51.08075,0.589
17.197,51.08075,0.573
17.199,51.08075,0.622
17.201,51.08075,0.628
17.203,51.08075,0.619
17.205,51.08075,0.651
17.207,51.08075,0.605
17.209,51.08075,0.612
17.211,51.08075,0.636
17.213,51.08075,0.593
17.215,51.08075,0.586
17.217,51.08075,0.589
17.219,51.08075,0.562
17.221,51.08075,0.584
17.223,51.08075,0.565
17.225,51.08075,0.575
17.227,51.08075,0.555
17.229,51.08075,0.565
17.231,51.08075,0.521
17.233,51.08075,0.578
17.235,51.08075,0.582
17.237,51.08075,0.611
17.239,51.08075,0.577
17.241,51.08075,0.538
17.243,51.08075,0.592
17.245,51.08075,0.61
17.247,51.08075,0.589
17.249,51.08075,0.575
16.851,51.07945,0.551
16.853,51.07945,0.583
16.855,51.07945,0.588
16.857,51.07945,0.563
16.859,51.07945,0.568
16.861,51.07945,0.523
16.863,51.07945,0.55
16.865,51.07945,0.533
16.867,51.07945,0.518
16.869,51.07945,0.551
16.871,51.07945,0.541
16.873,51.07945,0.498
16.875,51.07945,0.546
16.877,51.07945,0.527
16.879,51.07945,0.545
16.881,51.07945,0.528
16.883,51.07945,0.532
16.885,51.07945,0.544
16.887,51.07945,0.516
16.889,51.07945,0.527
16.891,51.07945,0.542
16.893,51.07945,0.572
16.895,51.07945,0.547
16.897,51.07945,0.565
16.899,51.07945,0.575
16.901,51.07945,0.61
16.903,51.07945,0.588
16.905,51.07945,0.598
16.907,51.07945,0.606
16.909,51.07945,0.58
16.911,51.07945,0.605
16.913,51.07945,0.589
16.915,51.07945,0.563
16.917,51.07945,0.541
16.919,51.07945,0.565
16.921,51.07945,0.552
16.923,51.07945,0.535
16.925,51.07945,0.55
16.927,51.07945,0.565
16.929,51.07945,0.515
16.931,51.07945,0.52
16.933,51.07945,0.509
16.935,51.07945,0.544
16.937,51.07945,0.517
16.939,51.07945,0.548
16.941,51.07945,0.558
16.943,51.07945,0.467
16.945,51.07945,0.468
16.947,51.07945,0.472
16.949,51.07945,0.507
16.951,51.07945,0.462
16.953,51.07945,0.461
16.955,51.07945,0.469
16.957,51.07945,0.466
16.959,51.07945,0.452
16.961,51.07945,0.495
16.963,51.07945,0.461
16.965,51.07945,0.052
16.967,51.07945,0.047
16.969,51.07945,0.035
16.971,51.07945,0.049
16.973,51.07945,0.047
16.975,51.07945,0.036
16.977,51.07945,0.034
16.979,51.07945,0.068
16.981,51.07945,0.091
16.983,51.07945,0.023
16.985,51.07945,0.055
16.987,51.07945,0.381
16.989,51.07945,0.365
16.991,51.07945,0.357
16.993,51.07945,0.306
16.995,51.07945,0.278
16.997,51.07945,0.299
16.999,51.07945,0.323
17.001,51.07945,0.319
17.003,51.07945,0.333
17.005,51.07945,0.274
17.007,51.07945,0.327
17.009,51.07945,0.336
17.011,51.07945,0.364
17.013,51.07945,0.397
17.015,51.07945,0.362
17.017,51.07945,0.375
17.019,51.07945,0.362
17.021,51.07945,0.391
17.023,51.07945,0.366
17.025,51.07945,0.363
17.027,51.07945,0.332
17.029,51.07945,0.365
17.031,51.07945,0.327
17.033,51.07945,0.339
17.035,51.07945,0.358
17.037,51.07945,0.31
17.039,51.07945,0.276
17.041,51.07945,0.342
17.043,51.07945,0.301
17.045,51.07945,0.319
17.047,51.07945,0.292
17.049,51.07945,0.308
17.051,51.07945,0.274
17.053,51.07945,0.296
17.055,51.07945,0.309
17.057,51.07945,0.319
17.059,51.07945,0.303
17.061,51.07945,0.358
17.063,51.07945,0.369
17.065,51.07945,0.35
17.067,51.07945,0.362
17.069,51.07945,0.425
17.071,51.07945,0.393
17.073,51.07945,0.416
17.075,51.07945,0.413
17.077,51.07945,0.424
17.079,51.07945,0.432
17.081,51.07945,0.437
17.083,51.07945,0.421
17.085,51.07945,0.45
17.087,51.07945,0.448
17.089,51.07945,0.469
17.091,51.07945,0.45
17.093,51.07945,0.467
17.095,51.07945,0.431
17.097,51.07945,0.46
17.099,51.07945,0.437
17.101,51.07945,0.477
17.103,51.07945,0.456
17.105,51.07945,0.434
17.107,51.07945,0.47
17.109,51.07945,0.451
17.111,51.07945,0.503
17.113,51.07945,0.478
17.115,51.07945,0.496
17.117,51.07945,0.486
17.119,51.07945,0.506
17.121,51.07945,0.513
17.123,51.07945,0.58
17.125,51.07945,0.533
17.127,51.07945,0.566
17.129,51.07945,0.579
17.131,51.07945,0.52
17.133,51.07945,0.587
17.135,51.07945,0.619
17.137,51.07945,0.554
17.139,51.07945,0.594
17.141,51.07945,0.605
17.143,51.07945,0.6
17.145,51.07945,0.59
17.147,51.07945,0.601
17.149,51.07945,0.57
17.151,51.07945,0.557
17.153,51.07945,0.582
17.155,51.07945,0.567
17.157,51.07945,0.571
17.159,51.07945,0.532
17.161,51.07945,0.523
17.163,51.07945,0.484
17.165,51.07945,0.511
17.167,51.07945,0.52
17.169,51.07945,0.471
17.171,51.07945,0.497
17.173,51.07945,0.47
17.175,51.07945,0.496
17.177,51.07945,0.462
17.179,51.07945,0.493
17.181,51.07945,0.547
17.183,51.07945,0.503
17.185,51.07945,0.527
17.187,51.07945,0.567
17.189,51.07945,0.567
17.191,51.07945,0.557
17.193,51.07945,0.593
17.195,51.07945,0.576
17.197,51.07945,0.639
17.199,51.07945,0.647
17.201,51.07945,0.619
17.203,51.07945,0.613
17.205,51.07945,0.61
17.207,51.07945,0.657
17.209,51.07945,0.608
17.211,51.07945,0.648
17.213,51.07945,0.589
17.215,51.07945,0.603
17.217,51.07945,0.582
17.219,51.07945,0.544
17.221,51.07945,0.594
17.223,51.07945,0.53
17.225,51.07945,0.525
17.227,51.07945,0.495
17.229,51.07945,0.531
17.231,51.07945,0.596
17.233,51.07945,0.517
17.235,51.07945,0.572
17.237,51.07945,0.58
17.239,51.07945,0.559
17.241,51.07945,0.537
17.243,51.07945,0.556
17.245,51.07945,0.568
17.247,51.07945,0.544
17.249,51.07945,0.548
16.851,51.07815,0.603
16.853,51.07815,0.554
16.855,51.07815,0.586
16.857,51.07815,0.537
16.859,51.07815,0.554
16.861,51.07815,0.594
16.863,51.07815,0.527
16.865,51.07815,0.549
16.867,51.07815,0.527
16.869,51.07815,0.526
16.871,51.07815,0.581
16.873,51.07815,0.52
16.875,51.07815,0.554
16.877,51.07815,0.539
16.879,51.07815,0.526
16.881,51.07815,0.534
16.883,51.07815,0.533
16.885,51.07815,0.585
16.887,51.07815,0.563
16.889,51.07815,0.568
16.891,51.07815,0.633
16.893,51.07815,0.577
16.895,51.07815,0.577
16.897,51.07815,0.545
16.899,51.07815,0.612
16.901,51.07815,0.607
16.903,51.07815,0.566
16.905,51.07815,0.562
16.907,51.07815,0.6
16.909,51.07815,0.599
16.911,51.07815,0.601
16.913,51.07815,0.595
16.915,51.07815,0.564
16.917,51.07815,0.563
16.919,51.07815,0.594
16.921,51.07815,0.572
16.923,51.07815,0.548
16.925,51.07815,0.555
16.927,51.07815,0.515
16.929,51.07815,0.549
16.931,51.07815,0.516
16.933,51.07815,0.547
16.935,51.07815,0.493
16.937,51.07815,0.532
16.939,51.07815,0.493
16.941,51.07815,0.49
16.943,51.07815,0.515
16.945,51.07815,0.538
16.947,51.07815,0.497
16.949,51.07815,0.465
16.951,51.07815,0.498
16.953,51.07815,0.501
16.955,51.07815,0.46
16.957,51.07815,0.495
16.959,51.07815,0.472
16.961,51.07815,0.431
16.963,51.07815,0.018
16.965,51.07815,0.035
16.967,51.07815,0.052
16.969,51.07815,0.058
16.971,51.07815,0.045
16.973,51.07815,-0.005
16.975,51.07815,0.034
16.977,51.07815,0.037
16.979,51.07815,0.027
16.981,51.07815,0.044
16.983,51.07815,0.008
16.985,51.07815,0.36
16.987,51.07815,0.371
16.989,51.07815,0.368
16.991,51.07815,0.363
16.993,51.07815,0.346
16.995,51.07815,0.349
16.997,51.07815,0.366
16.999,51.07815,0.282
17.001,51.07815,0.336
17.003,51.07815,0.324
17.005,51.07815,0.338
17.007,51.07815,0.354
17.009,51.07815,0.331
17.011,51.07815,0.379
17.013,51.07815,0.355
17.015,51.07815,0.364
17.017,51.07815,0.385
17.019,51.07815,0.369
17.021,51.07815,0.427
17.023,51.07815,0.361
17.025,51.07815,0.372
17.027,51.07815,0.375
17.029,51.07815,0.392
17.031,51.07815,0.351
17.033,51.07815,0.328
17.035,51.07815,0.305
17.037,51.07815,0.337
17.039,51.07815,0.339
17.041,51.07815,0.343
17.043,51.07815,0.33
17.045,51.07815,0.315
17.047,51.07815,0.303
17.049,51.07815,0.298
17.051,51.07815,0.297
17.053,51.07815,0.345
17.055,51.07815,0.328
17.057,51.07815,0.365
17.059,51.07815,0.316
17.061,51.07815,0.319
17.063,51.07815,0.326
17.065,51.07815,0.403
17.067,51.07815,0.37
17.069,51.07815,0.366
17.071,51.07815,0.41
17.073,51.07815,0.402
17.075,51.07815,0.405
17.077,51.07815,0.397
17.079,51.07815,0.461
17.081,51.07815,0.446
17.083,51.07815,0.447
17.085,51.07815,0.429
17.087,51.07815,0.464
17.089,51.07815,0.455
17.091,51.07815,0.479
17.093,51.07815,0.463
17.095,51.07815,0.439
17.097,51.07815,0.475
17.099,51.07815,0.471
17.101,51.07815,0.467
17.103,51.07815,0.461
17.105,51.07815,0.498
17.107,51.07815,0.447
17.109,51.07815,0.46
17.111,51.07815,0.484
17.113,51.07815,0.498
17.115,51.07815,0.505
17.117,51.07815,0.523
17.119,51.07815,0.498
17.121,51.07815,0.553
17.123,51.07815,0.566
17.125,51.07815,0.562
17.127,51.07815,0.584
17.129,51.07815,0.566
17.131,51.07815,0.571
17.133,51.07815,0.603
17.135,51.07815,0.61
17.137,51.07815,0.61
17.139,51.07815,0.613
17.141,51.07815,0.608
17.143,51.07815,0.606
17.145,51.07815,0.6
17.147,51.07815,0.617
17.149,51.07815,0.569
17.151,51.07815,0.569
17.153,51.07815,0.594
17.155,51.07815,0.584
17.157,51.07815,0.572
17.159,51.07815,0.569
17.161,51.07815,0.541
17.163,51.07815,0.533
17.165,51.07815,0.5
17.167,51.07815,0.529
17.169,51.07815,0.482
17.171,51.07815,0.497
17.173,51.07815,0.534
17.175,51.07815,0.521
17.177,51.07815,0.488
17.179,51.07815,0.51
17.181,51.07815,0.521
17.183,51.07815,0.536
17.185,51.07815,0.555
17.187,51.07815,0.545
17.189,51.07815,0.581
17.191,51.07815,0.585
17.193,51.07815,0.596
17.195,51.07815,0.639
17.197,51.07815,0.601
17.199,51.07815,0.561
17.201,51.07815,0.65
17.203,51.07815,0.623
17.205,51.07815,0.657
17.207,51.07815,0.59
17.209,51.07815,0.581
17.211,51.07815,0.58
17.213,51.07815,0.579
17.215,51.07815,0.611
17.217,51.07815,0.588
17.219,51.07815,0.554
17.221,51.07815,0.562
17.223,51.07815,0.535
17.225,51.07815,0.525
17.227,51.07815,0.505
17.229,51.07815,0.548
17.231,51.07815,0.564
17.233,51.07815,0.528
17.235,51.07815,0.535
17.237,51.07815,0.536
17.239,51.07815,0.509
17.241,51.07815,0.554
17.243,51.07815,0.557
17.245,51.07815,0.552
17.247,51.07815,0.525
17.249,51.07815,0.531
16.851,51.07685,0.564
16.853,51.07685,0.614
16.855,51.07685,0.598
16.857,51.07685,0.553
16.859,51.07685,0.573
16.861,51.07685,0.562
16.863,51.07685,0.578
16.865,51.07685,0.6
16.867,51.07685,0.58
16.869,51.07685,0.579
16.871,51.07685,0.583
16.873,51.07685,0.523
16.875,51.07685,0.557
16.877,51.07685,0.55
16.879,51.07685,0.592
16.881,51.07685,0.566
16.883,51.07685,0.542
16.885,51.07685,0.55
16.887,51.07685,0.57
16.889,51.07685,0.571
16.891,51.07685,0.557
16.893,51.07685,0.56
16.895,51.07685,0.576
16.897,51.07685,0.598
16.899,51.07685,0.605
16.901,51.07685,0.598
16.903,51.07685,0.638
16.905,51.07685,0.588
16.907,51.07685,0.599
16.909,51.07685,0.62
16.911,51.07685,0.625
16.913,51.07685,0.552
16.915,51.07685,0.597
16.917,51.07685,0.607
16.919,51.07685,0.556
16.921,51.07685,0.582
16.923,51.07685,0.586
16.925,51.07685,0.558
16.927,51.07685,0.543
16.929,51.07685,0.576
16.931,51.07685,0.53
16.933,51.07685,0.5
16.935,51.07685,0.519
16.937,51.07685,0.534
16.939,51.07685,0.51
16.941,51.07685,0.461
16.943,51.07685,0.499
16.945,51.07685,0.505
16.947,51.07685,0.486
16.949,51.07685,0.509
16.951,51.07685,0.477
16.953,51.07685,0.481
16.955,51.07685,0.485
16.957,51.07685,0.469
16.959,51.07685,0.033
16.961,51.07685,0.042
16.963,51.07685,0.027
16.965,51.07685,0.023
16.967,51.07685,0.016
16.969,51.07685,-0.007
16.971,51.07685,0.051
16.973,51.07685,0.015
16.975,51.07685,-0.002
16.977,51.07685,-0.009
16.979,51.07685,0.044
16.981,51.07685,0.397
16.983,51.07685,0.417
16.985,51.07685,0.397
16.987,51.07685,0.363
16.989,51.07685,0.373
16.991,51.07685,0.36
16.993,51.07685,0.344
16.995,51.07685,0.347
16.997,51.07685,0.329
16.999,51.07685,0.33
17.001,51.07685,0.324
17.003,51.07685,0.37
17.005,51.07685,0.333
17.007,51.07685,0.351
17.009,51.07685,0.341
17.011,51.07685,0.379
17.013,51.07685,0.38
17.015,51.07685,0.385
17.017,51.07685,0.391
17.019,51.07685,0.396
17.021,51.07685,0.413
17.023,51.07685,0.388
17.025,51.07685,0.358
17.027,51.07685,0.389
17.029,51.07685,0.4
17.031,51.07685,0.32
17.033,51.07685,0.323
17.035,51.07685,0.34
17.037,51.07685,0.33
17.039,51.07685,0.335
17.041,51.07685,0.359
17.043,51.07685,0.304
17.045,51.07685,0.334
17.047,51.07685,0.283
17.049,51.07685,0.33
17.051,51.07685,0.304
17.053,51.07685,0.306
17.055,51.07685,0.328
17.057,51.07685,0.335
17.059,51.07685,0.338
17.061,51.07685,0.358
17.063,51.07685,0.343
17.065,51.07685,0.368
17.067,51.07685,0.387
17.069,51.07685,0.392
17.071,51.07685,0.395
17.073,51.07685,0.431
17.075,51.07685,0.364
17.077,51.07685,0.447
17.079,51.07685,0.448
17.081,51.07685,0.48
17.083,51.07685,0.46
17.085,51.07685,0.454
17.087,51.07685,0.488
17.089,51.07685,0.479
17.091,51.07685,0.491
17.093,51.07685,0.459
17.095,51.07685,0.441
17.097,51.07685,0.467
17.099,51.07685,0.44
17.101,51.07685,0.476
17.103,51.07685,0.471
17.105,51.07685,0.449
17.107,51.07685,0.476
17.109,51.07685,0.487
17.111,51.07685,0.448
17.113,51.07685,0.513
17.115,51.07685,0.487
17.117,51.07685,0.531
17.119,51.07685,0.513
17.121,51.07685,0.531
17.123,51.07685,0.559
17.125,51.07685,0.57
17.127,51.07685,0.577
17.129,51.07685,0.59
17.131,51.07685,0.577
17.133,51.07685,0.609
17.135,51.07685,0.613
17.137,51.07685,0.628
17.139,51.07685,0.645
17.141,51.07685,0.605
17.143,51.07685,0.627
17.145,51.07685,0.6
17.147,51.07685,0.573
17.149,51.07685,0.583
17.151,51.07685,0.587
17.153,51.07685,0.593
17.155,51.07685,0.562
17.157,51.07685,0.566
17.159,51.07685,0.518
17.161,51.07685,0.531
17.163,51.07685,0.561
17.165,51.07685,0.489
17.167,51.07685,0.522
17.169,51.07685,0.503
17.171,51.07685,0.526
17.173,51.07685,0.565
17.175,51.07685,0.532
17.177,51.07685,0.53
17.179,51.07685,0.537
17.181,51.07685,0.558
17.183,51.07685,0.532
17.185,51.07685,0.57
17.187,51.07685,0.557
17.189,51.07685,0.605
17.191,51.07685,0.596
17.193,51.07685,0.595
17.195,51.07685,0.605
17.197,51.07685,0.595
17.199,51.07685,0.595
17.201,51.07685,0.608
17.203,51.07685,0.607
17.205,51.07685,0.611
17.207,51.07685,0.599
17.209,51.07685,0.565
17.211,51.07685,0.61
17.213,51.07685,0.585
17.215,51.07685,0.566
17.217,51.07685,0.531
17.219,51.07685,0.539
17.221,51.07685,0.524
17.223,51.07685,0.516
17.225,51.07685,0.538
17.227,51.07685,0.547
17.229,51.07685,0.495
17.231,51.07685,0.497
17.233,51.07685,0.462
17.235,51.07685,0.504
17.237,51.07685,0.515
17.239,51.07685,0.528
17.241,51.07685,0.514
17.243,51.07685,0.523
17.245,51.07685,0.497
17.247,51.07685,0.493
17.249,51.07685,0.502
16.851,51.07555,0.592
16.853,51.07555,0.551
16.855,51.07555,0.555
16.857,51.07555,0.61
16.859,51.07555,0.563
16.861,51.07555,0.58
16.863,51.07555,0.574
16.865,51.07555,0.599
16.867,51.07555,0.589
16.869,51.07555,0.562
16.871,51.07555,0.563
16.873,51.07555,0.531
16.875,51.07555,0.549
16.877,51.07555,0.548
16.879,51.07555,0.574
16.881,51.07555,0.576
16.883,51.07555,0.56
16.885,51.07555,0.593
16.887,51.07555,0.58
16.889,51.07555,0.587
16.891,51.07555,0.577
16.893,51.07555,0.569
16.895,51.07555,0.582
16.897,51.07555,0.609
16.899,51.07555,0.599
16.901,51.07555,0.627
16.903,51.07555,0.584
16.905,51.07555,0.596
16.907,51.07555,0.613
16.909,51.07555,0.598
16.911,51.07555,0.614
16.913,51.07555,0.544
16.915,51.07555,0.581
16.917,51.07555,0.55
16.919,51.07555,0.579
16.921,51.07555,0.609
16.923,51.07555,0.533
16.925,51.07555,0.548
16.927,51.07555,0.528
16.929,51.07555,0.567
16.931,51.07555,0.552
16.933,51.07555,0.517
16.935,51.07555,0.53
16.937,51.07555,0.53
16.939,51.07555,0.478
16.941,51.07555,0.512
16.943,51.07555,0.514
16.945,51.07555,0.499
16.947,51.07555,0.47
16.949,51.07555,0.471
16.951,51.07555,0.454
16.953,51.07555,0.448
16.955,51.07555,0.445
16.957,51.07555,0.049
16.959,51.07555,0.051
16.961,51.07555,0.064
16.963,51.07555,-0.002
16.965,51.07555,0.027
16.967,51.07555,0.035
16.969,51.07555,0
16.971,51.07555,-0.002
16.973,51.07555,0.003
16.975,51.07555,0.006
16.977,51.07555,0.001
16.979,51.07555,0.399
16.981,51.07555,0.432
16.983,51.07555,0.395
16.985,51.07555,0.377
16.987,51.07555,0.382
16.989,51.07555,0.372
16.991,51.07555,0.352
16.993,51.07555,0.367
16.995,51.07555,0.354
16.997,51.07555,0.33
16.999,51.07555,0.384
17.001,51.07555,0.363
17.003,51.07555,0.387
17.005,51.07555,0.429
17.007,51.07555,0.419
17.009,51.07555,0.371
17.011,51.07555,0.441
17.013,51.07555,0.432
17.015,51.07555,0.403
17.017,51.07555,0.439
17.019,51.07555,0.39
17.021,51.07555,0.407
17.023,51.07555,0.42
17.025,51.07555,0.434
17.027,51.07555,0.408
17.029,51.07555,0.373
17.031,51.07555,0.344
17.033,51.07555,0.345
17.035,51.07555,0.375
17.037,51.07555,0.367
17.039,51.07555,0.329
17.041,51.07555,0.331
17.043,51.07555,0.297
17.045,51.07555,0.281
17.047,51.07555,0.317
17.049,51.07555,0.301
17.051,51.07555,0.345
17.053,51.07555,0.307
17.055,51.07555,0.349
17.057,51.07555,0.335
17.059,51.07555,0.375
17.061,51.07555,0.4
17.063,51.07555,0.374
17.065,51.07555,0.4
17.067,51.07555,0.391
17.069,51.07555,0.395
17.071,51.07555,0.425
17.073,51.07555,0.45
17.075,51.07555,0.436
17.077,51.07555,0.453
17.079,51.07555,0.483
17.081,51.07555,0.458
17.083,51.07555,0.484
17.085,51.07555,0.441
17.087,51.07555,0.461
17.089,51.07555,0.463
17.091,51.07555,0.425
17.093,51.07555,0.458
17.095,51.07555,0.437
17.097,51.07555,0.467
17.099,51.07555,0.482
17.101,51.07555,0.502
17.103,51.07555,0.447
17.105,51.07555,0.486
17.107,51.07555,0.503
17.109,51.07555,0.489
17.111,51.07555,0.496
17.113,51.07555,0.512
17.115,51.07555,0.499
17.117,51.07555,0.524
17.119,51.07555,0.545
17.121,51.07555,0.537
17.123,51.07555,0.524
17.125,51.07555,0.58
17.127,51.07555,0.569
17.129,51.07555,0.578
17.131,51.07555,0.61
17.133,51.07555,0.631
17.135,51.07555,0.618
17.137,51.07555,0.639
17.139,51.07555,0.595
17.141,51.07555,0.616
17.143,51.07555,0.626
17.145,51.07555,0.63
17.147,51.07555,0.629
17.149,51.07555,0.565
17.151,51.07555,0.593
17.153,51.07555,0.558
17.155,51.07555,0.574
17.157,51.07555,0.545
17.159,51.07555,0.588
17.161,51.07555,0.543
17.163,51.07555,0.542
17.165,51.07555,0.525
17.167,51.07555,0.501
17.169,51.07555,0.546
17.171,51.07555,0.52
17.173,51.07555,0.512
17.175,51.07555,0.523
17.177,51.07555,0.522
17.179,51.07555,0.556
17.181,51.07555,0.569
17.183,51.07555,0.557
17.185,51.07555,0.562
17.187,51.07555,0.582
17.189,51.07555,0.576
17.191,51.07555,0.571
17.193,51.07555,0.59
17.195,51.07555,0.592
17.197,51.07555,0.56
17.199,51.07555,0.597
17.201,51.07555,0.583
17.203,51.07555,0.586
17.205,51.07555,0.598
17.207,51.07555,0.582
17.209,51.07555,0.566
17.211,51.07555,0.551
17.213,51.07555,0.561
17.215,51.07555,0.569
17.217,51.07555,0.551
17.219,51.07555,0.566
17.221,51.07555,0.541
17.223,51.07555,0.545
17.225,51.07555,0.509
17.227,51.07555,0.511
17.229,51.07555,0.528
17.231,51.07555,0.512
17.233,51.07555,0.497
17.235,51.07555,0.527
17.237,51.07555,0.518
17.239,51.07555,0.51
17.241,51.07555,0.544
17.243,51.07555,0.52
17.245,51.07555,0.511
17.247,51.07555,0.468
17.249,51.07555,0.468
16.851,51.07425,0.552
16.853,51.07425,0.617
16.855,51.07425,0.576
16.857,51.07425,0.576
16.859,51.07425,0.574
16.861,51.07425,0.564
16.863,51.07425,0.564
16.865,51.07425,0.566
16.867,51.07425,0.61
16.869,51.07425,0.534
16.871,51.07425,0.519
16.873,51.07425,0.562
16.875,51.07425,0.565
16.877,51.07425,0.572
16.879,51.07425,0.562
16.881,51.07425,0.584
16.883,51.07425,0.539
16.885,51.07425,0.559
16.887,51.07425,0.57
16.889,51.07425,0.597
16.891,51.07425,0.596
16.893,51.07425,0.6
16.895,51.07425,0.581
16.897,51.07425,0.575
16.899,51.07425,0.568
16.901,51.07425,0.606
16.903,51.07425,0.58
16.905,51.07425,0.597
16.907,51.07425,0.588
16.909,51.07425,0.574
16.911,51.07425,0.565
16.913,51.07425,0.584
16.915,51.07425,0.574
16.917,51.07425,0.59
16.919,51.07425,0.561
16.921,51.07425,0.56
16.923,51.07425,0.514
16.925,51.07425,0.541
16.927,51.07425,0.583
16.929,51.07425,0.541
16.931,51.07425,0.556
16.933,51.07425,0.549
16.935,51.07425,0.538
16.937,51.07425,0.504
16.939,51.07425,0.539
16.941,51.07425,0.468
16.943,51.07425,0.484
16.945,51.07425,0.53
16.947,51.07425,0.48
16.949,51.07425,0.468
16.951,51.07425,0.451
16.953,51.07425,0.454
16.955,51.07425,0.047
16.957,51.07425,-0.015
16.959,51.07425,0.043
16.961,51.07425,0.052
16.963,51.07425,0.017
16.965,51.07425,0.072
16.967,51.07425,0.063
16.969,51.07425,0.012
16.971,51.07425,0.035
16.973,51.07425,0.011
16.975,51.07425,0.059
16.977,51.07425,0.441
16.979,51.07425,0.405
16.981,51.07425,0.393
16.983,51.07425,0.451
16.985,51.07425,0.377
16.987,51.07425,0.39
16.989,51.07425,0.377
16.991,51.07425,0.42
16.993,51.07425,0.329
16.995,51.07425,0.429
16.997,51.07425,0.4
16.999,51.07425,0.385
17.001,51.07425,0.385
17.003,51.07425,0.391
17.005,51.07425,0.364
17.007,51.07425,0.402
17.009,51.07425,0.449
17.011,51.07425,0.407
17.013,51.07425,0.412
17.015,51.07425,0.406
17.017,51.07425,0.452
17.019,51.07425,0.427
17.021,51.07425,0.454
17.023,51.07425,0.384
17.025,51.07425,0.408
17.027,51.07425,0.399
17.029,51.07425,0.408
17.031,51.07425,0.389
17.033,51.07425,0.363
17.035,51.07425,0.367
17.037,51.07425,0.341
17.039,51.07425,0.331
17.041,51.07425,0.317
17.043,51.07425,0.336
17.045,51.07425,0.317
17.047,51.07425,0.328
17.049,51.07425,0.346
17.051,51.07425,0.33
17.053,51.07425,0.367
17.055,51.07425,0.361
17.057,51.07425,0.338
17.059,51.07425,0.365
17.061,51.07425,0.351
17.063,51.07425,0.393
17.065,51.07425,0.407
17.067,51.07425,0.395
17.069,51.07425,0.38
17.071,51.07425,0.421
17.073,51.07425,0.441
17.075,51.07425,0.456
17.077,51.07425,0.426
17.079,51.07425,0.439
17.081,51.07425,0.48
17.083,51.07425,0.447
17.085,51.07425,0.476
17.087,51.07425,0.484
17.089,51.07425,0.46
17.091,51.07425,0.459
17.093,51.07425,0.483
17.095,51.07425,0.458
17.097,51.07425,0.503
17.099,51.07425,0.434
17.101,51.07425,0.454
17.103,51.07425,0.469
17.105,51.07425,0.517
17.107,51.07425,0.453
17.109,51.07425,0.501
17.111,51.07425,0.508
17.113,51.07425,0.516
17.115,51.07425,0.514
17.117,51.07425,0.511
17.119,51.07425,0.513
17.121,51.07425,0.566
17.123,51.07425,0.57
17.125,51.07425,0.539
17.127,51.07425,0.562
17.129,51.07425,0.578
17.131,51.07425,0.597
17.133,51.07425,0.615
17.135,51.07425,0.62
17.137,51.07425,0.603
17.139,51.07425,0.598
17.141,51.07425,0.677
17.143,51.07425,0.624
17.145,51.07425,0.618
17.147,51.07425,0.619
17.149,51.07425,0.591
17.151,51.07425,0.59
17.153,51.07425,0.601
17.155,51.07425,0.574
17.157,51.07425,0.592
17.159,51.07425,0.587
17.161,51.07425,0.534
17.163,51.07425,0.53
17.165,51.07425,0.532
17.167,51.07425,0.527
17.169,51.07425,0.544
17.171,51.07425,0.547
17.173,51.07425,0.516
17.175,51.07425,0.51
17.177,51.07425,0.544
17.179,51.07425,0.532
17.181,51.07425,0.579
17.183,51.07425,0.556
17.185,51.07425,0.584
17.187,51.07425,0.531
17.189,51.07425,0.564
17.191,51.07425,0.559
17.193,51.07425,0.598
17.195,51.07425,0.567
17.197,51.07425,0.551
17.199,51.07425,0.627
17.201,51.07425,0.593
17.203,51.07425,0.62
17.205,51.07425,0.595
17.207,51.07425,0.587
17.209,51.07425,0.544
17.211,51.07425,0.575
17.213,51.07425,0.543
17.215,51.07425,0.563
17.217,51.07425,0.542
17.219,51.07425,0.579
17.221,51.07425,0.515
17.223,51.07425,0.512
17.225,51.07425,0.487
17.227,51.07425,0.519
17.229,51.07425,0.49
17.231,51.07425,0.486
17.233,51.07425,0.526
17.235,51.07425,0.514
17.237,51.07425,0.474
17.239,51.07425,0.488
17.241,51.07425,0.473
17.243,51.07425,0.485
17.245,51.07425,0.483
17.247,51.07425,0.465
17.249,51.07425,0.473
16.851,51.07295,0.597
16.853,51.07295,0.555
16.855,51.07295,0.623
16.857,51.07295,0.584
16.859,51.07295,0.567
16.861,51.07295,0.576
16.863,51.07295,0.565
16.865,51.07295,0.591
16.867,51.07295,0.599
16.869,51.07295,0.615
16.871,51.07295,0.595
16.873,51.07295,0.572
16.875,51.07295,0.528
16.877,51.07295,0.563
16.879,51.07295,0.563
16.881,51.07295,0.559
16.883,51.07295,0.558
16.885,51.07295,0.586
16.887,51.07295,0.551
16.889,51.07295,0.55
16.891,51.07295,0.544
16.893,51.07295,0.545
16.895,51.07295,0.575
16.897,51.07295,0.587
16.899,51.07295,0.569
16.901,51.07295,0.603
16.903,51.07295,0.599
16.905,51.07295,0.62
16.907,51.07295,0.595
16.909,51.07295,0.587
16.911,51.07295,0.584
16.913,51.07295,0.604
16.915,51.07295,0.603
16.917,51.07295,0.582
16.919,51.07295,0.548
16.921,51.07295,0.565
16.923,51.07295,0.539
16.925,51.07295,0.502
16.927,51.07295,0.548
16.929,51.07295,0.521
16.931,51.07295,0.524
16.933,51.07295,0.551
16.935,51.07295,0.491
16.937,51.07295,0.546
16.939,51.07295,0.534
16.941,51.07295,0.528
16.943,51.07295,0.496
16.945,51.07295,0.471
16.947,51.07295,0.45
16.949,51.07295,0.499
16.951,51.07295,0.449
16.953,51.07295,0.05
16.955,51.07295,0.07
16.957,51.07295,0.058
16.959,51.07295,0.109
16.961,51.07295,0.07
16.963,51.07295,-0.005
16.965,51.07295,0.099
16.967,51.07295,0.061
16.969,51.07295,0.06
16.971,51.07295,0.056
16.973,51.07295,0.042
16.975,51.07295,0.455
16.977,51.07295,0.431
16.979,51.07295,0.405
16.981,51.07295,0.469
16.983,51.07295,0.441
16.985,51.07295,0.438
16.987,51.07295,0.42
16.989,51.07295,0.426
16.991,51.07295,0.413
16.993,51.07295,0.432
16.995,51.07295,0.408
16.997,51.07295,0.429
16.999,51.07295,0.437
17.001,51.07295,0.406
17.003,51.07295,0.413
17.005,51.07295,0.419
17.007,51.07295,0.42
17.009,51.07295,0.414
17.011,51.07295,0.439
17.013,51.07295,0.416
17.015,51.07295,0.454
17.017,51.07295,0.495
17.019,51.07295,0.441
17.021,51.07295,0.434
17.023,51.07295,0.402
17.025,51.07295,0.405
17.027,51.07295,0.423
17.029,51.07295,0.401
17.031,51.07295,0.395
17.033,51.07295,0.351
17.035,51.07295,0.347
17.037,51.07295,0.327
17.039,51.07295,0.351
17.041,51.07295,0.296
17.043,51.07295,0.337
17.045,51.07295,0.324
17.047,51.07295,0.335
17.049,51.07295,0.327
17.051,51.07295,0.324
17.053,51.07295,0.372
17.055,51.07295,0.364
17.057,51.07295,0.36
17.059,51.07295,0.38
17.061,51.07295,0.408
17.063,51.07295,0.439
17.065,51.07295,0.409
17.067,51.07295,0.382
17.069,51.07295,0.449
17.071,51.07295,0.427
17.073,51.07295,0.461
17.075,51.07295,0.467
17.077,51.07295,0.421
17.079,51.07295,0.44
17.081,51.07295,0.446
17.083,51.07295,0.448
17.085,51.07295,0.453
17.087,51.07295,0.486
17.089,51.07295,0.448
17.091,51.07295,0.451
17.093,51.07295,0.419
17.095,51.07295,0.477
17.097,51.07295,0.475
17.099,51.07295,0.459
17.101,51.07295,0.476
17.103,51.07295,0.458
17.105,51.07295,0.511
17.107,51.07295,0.477
17.109,51.07295,0.538
17.111,51.07295,0.528
17.113,51.07295,0.481
17.115,51.07295,0.499
17.117,51.07295,0.562
17.119,51.07295,0.541
17.121,51.07295,0.588
17.123,51.07295,0.54
17.125,51.07295,0.588
17.127,51.07295,0.607
17.129,51.07295,0.552
17.131,51.07295,0.627
17.133,51.07295,0.614
17.135,51.07295,0.628
17.137,51.07295,0.606
17.139,51.07295,0.602
17.141,51.07295,0.604
17.143,51.07295,0.642
17.145,51.07295,0.639
17.147,51.07295,0.603
17.149,51.07295,0.599
17.151,51.07295,0.623
17.153,51.07295,0.629
17.155,51.07295,0.548
17.157,51.07295,0.553
17.159,51.07295,0.597
17.161,51.07295,0.56
17.163,51.07295,0.531
17.165,51.07295,0.563
17.167,51.07295,0.56
17.169,51.07295,0.545
17.171,51.07295,0.55
17.173,51.07295,0.576
17.175,51.07295,0.566
17.177,51.07295,0.586
17.179,51.07295,0.553
17.181,51.07295,0.547
17.183,51.07295,0.569
17.185,51.07295,0.546
17.187,51.07295,0.573
17.189,51.07295,0.586
17.191,51.07295,0.574
17.193,51.07295,0.556
17.195,51.07295,0.598
17.197,51.07295,0.609
17.199,51.07295,0.555
17.201,51.07295,0.598
17.203,51.07295,0.589
17.205,51.07295,0.562
17.207,51.07295,0.579
17.209,51.07295,0.553
17.211,51.07295,0.538
17.213,51.07295,0.55
17.215,51.07295,0.549
17.217,51.07295,0.501
17.219,51.07295,0.521
17.221,51.07295,0.521
17.223,51.07295,0.499
17.225,51.07295,0.524
17.227,51.07295,0.474
17.229,51.07295,0.528
17.231,51.07295,0.458
17.233,51.07295,0.488
17.235,51.07295,0.474
17.237,51.07295,0.473
17.239,51.07295,0.508
17.241,51.07295,0.481
17.243,51.07295,0.481
17.245,51.07295,0.477
17.247,51.07295,0.454
17.249,51.07295,0.428
16.851,51.07165,0.569
16.853,51.07165,0.576
16.855,51.07165,0.589
16.857,51.07165,0.563
16.859,51.07165,0.542
16.861,51.07165,0.553
16.863,51.07165,0.579
16.865,51.07165,0.596
16.867,51.07165,0.608
16.869,51.07165,0.566
16.871,51.07165,0.586
16.873,51.07165,0.576
16.875,51.07165,0.59
16.877,51.07165,0.592
16.879,51.07165,0.605
16.881,51.07165,0.583
16.883,51.07165,0.557
16.885,51.07165,0.596
16.887,51.07165,0.533
16.889,51.07165,0.555
16.891,51.07165,0.555
16.893,51.07165,0.578
16.895,51.07165,0.534
16.897,51.07165,0.593
16.899,51.07165,0.568
16.901,51.07165,0.581
16.903,51.07165,0.563
16.905,51.07165,0.589
16.907,51.07165,0.579
16.909,51.07165,0.578
16.911,51.07165,0.562
16.913,51.07165,0.565
16.915,51.07165,0.535
16.917,51.07165,0.575
16.919,51.07165,0.554
16.921,51.07165,0.564
16.923,51.07165,0.567
16.925,51.07165,0.534
16.927,51.07165,0.537
16.929,51.07165,0.55
16.931,51.07165,0.557
16.933,51.07165,0.57
16.935,51.07165,0.492
16.937,51.07165,0.508
16.939,51.07165,0.497
16.941,51.07165,0.496
16.943,51.07165,0.491
16.945,51.07165,0.468
16.947,51.07165,0.476
16.949,51.07165,0.477
16.951,51.07165,0.029
16.953,51.07165,0.004
16.955,51.07165,0.057
16.957,51.07165,0.036
16.959,51.07165,0.045
16.961,51.07165,-0.026
16.963,51.07165,0.022
16.965,51.07165,0.027
16.967,51.07165,-0.007
16.969,51.07165,0.039
16.971,51.07165,0.04
16.973,51.07165,0.423
16.975,51.07165,0.466
16.977,51.07165,0.479
16.979,51.07165,0.45
16.981,51.07165,0.465
16.983,51.07165,0.447
16.985,51.07165,0.423
16.987,51.07165,0.451
16.989,51.07165,0.453
16.991,51.07165,0.48
16.993,51.07165,0.426
16.995,51.07165,0.45
16.997,51.07165,0.462
16.999,51.07165,0.45
17.001,51.07165,0.422
17.003,51.07165,0.408
17.005,51.07165,0.445
17.007,51.07165,0.438
17.009,51.07165,0.455
17.011,51.07165,0.459
17.013,51.07165,0.44
17.015,51.07165,0.44
17.017,51.07165,0.422
17.019,51.07165,0.462
17.021,51.07165,0.473
17.023,51.07165,0.426
17.025,51.07165,0.446
17.027,51.07165,0.427
17.029,51.07165,0.387
17.031,51.07165,0.433
17.033,51.07165,0.378
17.035,51.07165,0.356
17.037,51.07165,0.341
17.039,51.07165,0.309
17.041,51.07165,0.334
17.043,51.07165,0.351
17.045,51.07165,0.352
17.047,51.07165,0.314
17.049,51.07165,0.343
17.051,51.07165,0.362
17.053,51.07165,0.353
17.055,51.07165,0.371
17.057,51.07165,0.39
17.059,51.07165,0.381
17.061,51.07165,0.413
17.063,51.07165,0.437
17.065,51.07165,0.422
17.067,51.07165,0.419
17.069,51.07165,0.425
17.071,51.07165,0.441
17.073,51.07165,0.427
17.075,51.07165,0.468
17.077,51.07165,0.425
17.079,51.07165,0.459
17.081,51.07165,0.504
17.083,51.07165,0.468
17.085,51.07165,0.443
17.087,51.07165,0.45
17.089,51.07165,0.479
17.091,51.07165,0.475
17.093,51.07165,0.45
17.095,51.07165,0.451
17.097,51.07165,0.487
17.099,51.07165,0.521
17.101,51.07165,0.45
17.103,51.07165,0.443
17.105,51.07165,0.442
17.107,51.07165,0.51
17.109,51.07165,0.546
17.111,51.07165,0.496
17.113,51.07165,0.509
17.115,51.07165,0.576
17.117,51.07165,0.52
17.119,51.07165,0.531
17.121,51.07165,0.551
17.123,51.07165,0.6
17.125,51.07165,0.585
17.127,51.07165,0.585
17.129,51.07165,0.594
17.131,51.07165,0.592
17.133,51.07165,0.638
17.135,51.07165,0.627
17.137,51.07165,0.577
17.139,51.07165,0.611
17.141,51.07165,0.612
17.143,51.07165,0.619
17.145,51.07165,0.602
17.147,51.07165,0.621
17.149,51.07165,0.597
17.151,51.07165,0.632
17.153,51.07165,0.599
17.155,51.07165,0.57
17.157,51.07165,0.569
17.159,51.07165,0.598
17.161,51.07165,0.581
17.163,51.07165,0.552
17.165,51.07165,0.554
17.167,51.07165,0.543
17.169,51.07165,0.551
17.171,51.07165,0.54
17.173,51.07165,0.536
17.175,51.07165,0.571
17.177,51.07165,0.547
17.179,51.07165,0.581
17.181,51.07165,0.594
17.183,51.07165,0.571
17.185,51.07165,0.576
17.187,51.07165,0.554
17.189,51.07165,0.553
17.191,51.07165,0.594
17.193,51.07165,0.595
17.195,51.07165,0.58
17.197,51.07165,0.565
17.199,51.07165,0.554
17.201,51.07165,0.598
17.203,51.07165,0.578
17.205,51.07165,0.554
17.207,51.07165,0.547
17.209,51.07165,0.55
17.211,51.07165,0.521
17.213,51.07165,0.58
17.215,51.07165,0.515
17.217,51.07165,0.521
17.219,51.07165,0.476
17.221,51.07165,0.511
17.223,51.07165,0.512
17.225,51.07165,0.483
17.227,51.07165,0.464
17.229,51.07165,0.532
17.231,51.07165,0.481
17.233,51.07165,0.459
17.235,51.07165,0.473
17.237,51.07165,0.471
17.239,51.07165,0.49
17.241,51.07165,0.47
17.243,51.07165,0.501
17.245,51.07165,0.477
17.247,51.07165,0.459
17.249,51.07165,0.428
16.851,51.07035,0.608
16.853,51.07035,0.562
16.855,51.07035,0.56
16.857,51.07035,0.59
16.859,51.07035,0.587
16.861,51.07035,0.589
16.863,51.07035,0.6
16.865,51.07035,0.599
16.867,51.07035,0.575
16.869,51.07035,0.554
16.871,51.07035,0.626
16.873,51.07035,0.567
16.875,51.07035,0.571
16.877,51.07035,0.573
16.879,51.07035,0.556
16.881,51.07035,0.596
16.883,51.07035,0.579
16.885,51.07035,0.55
16.887,51.07035,0.561
16.889,51.07035,0.579
16.891,51.07035,0.569
16.893,51.07035,0.575
16.895,51.07035,0.561
16.897,51.07035,0.576
16.899,51.07035,0.564
16.901,51.07035,0.608
16.903,51.07035,0.551
16.905,51.07035,0.6
16.907,51.07035,0.586
16.909,51.07035,0.584
16.911,51.07035,0.568
16.913,51.07035,0.564
16.915,51.07035,0.575
16.917,51.07035,0.594
16.919,51.07035,0.568
16.921,51.07035,0.559
16.923,51.07035,0.54
16.925,51.07035,0.537
16.927,51.07035,0.5
16.929,51.07035,0.55
16.931,51.07035,0.528
16.933,51.07035,0.544
16.935,51.07035,0.533
16.937,51.07035,0.494
16.939,51.07035,0.531
16.941,51.07035,0.479
16.943,51.07035,0.508
16.945,51.07035,0.469
16.947,51.07035,0.005
16.949,51.07035,0.044
16.951,51.07035,0.078
16.953,51.07035,0.024
16.955,51.07035,0.038
16.957,51.07035,0.062
16.959,51.07035,0.048
16.961,51.07035,0.053
16.963,51.07035,0.015
16.965,51.07035,0.065
16.967,51.07035,0.005
16.969,51.07035,0.461
16.971,51.07035,0.451
16.973,51.07035,0.427
16.975,51.07035,0.442
16.977,51.07035,0.456
16.979,51.07035,0.461
16.981,51.07035,0.448
16.983,51.07035,0.432
16.985,51.07035,0.485
16.987,51.07035,0.408
16.989,51.07035,0.426
16.991,51.07035,0.456
16.993,51.07035,0.445
16.995,51.07035,0.445
16.997,51.07035,0.453
16.999,51.07035,0.487
17.001,51.07035,0.474
17.003,51.07035,0.476
17.005,51.07035,0.474
17.007,51.07035,0.435
17.009,51.07035,0.42
17.011,51.07035,0.457
17.013,51.07035,0.469
17.015,51.07035,0.453
17.017,51.07035,0.46
17.019,51.07035,0.478
17.021,51.07035,0.449
17.023,51.07035,0.449
17.025,51.07035,0.432
17.027,51.07035,0.445
17.029,51.07035,0.418
17.031,51.07035,0.401
17.033,51.07035,0.379
17.035,51.07035,0.419
17.037,51.07035,0.344
17.039,51.07035,0.334
17.041,51.07035,0.35
17.043,51.07035,0.318
17.045,51.07035,0.38
17.047,51.07035,0.367
17.049,51.07035,0.319
17.051,51.07035,0.342
17.053,51.07035,0.359
17.055,51.07035,0.375
17.057,51.07035,0.358
17.059,51.07035,0.379
17.061,51.07035,0.415
17.063,51.07035,0.45
17.065,51.07035,0.39
17.067,51.07035,0.406
17.069,51.07035,0.421
17.071,51.07035,0.443
17.073,51.07035,0.43
17.075,51.07035,0.461
17.077,51.07035,0.476
17.079,51.07035,0.479
17.081,51.07035,0.432
17.083,51.07035,0.444
17.085,51.07035,0.441
17.087,51.07035,0.409
17.089,51.07035,0.486
17.091,51.07035,0.453
17.093,51.07035,0.491
17.095,51.07035,0.499
17.097,51.07035,0.494
17.099,51.07035,0.491
17.101,51.07035,0.5
17.103,51.07035,0.505
17.105,51.07035,0.532
17.107,51.07035,0.507
17.109,51.07035,0.502
17.111,51.07035,0.506
17.113,51.07035,0.575
17.115,51.07035,0.516
17.117,51.07035,0.521
17.119,51.07035,0.591
17.121,51.07035,0.595
17.123,51.07035,0.58
17.125,51.07035,0.572
17.127,51.07035,0.585
17.129,51.07035,0.652
17.131,51.07035,0.573
17.133,51.07035,0.623
17.135,51.07035,0.644
17.137,51.07035,0.625
17.139,51.07035,0.612
17.141,51.07035,0.615
17.143,51.07035,0.624
17.145,51.07035,0.613
17.147,51.07035,0.633
17.149,51.07035,0.642
17.151,51.07035,0.625
17.153,51.07035,0.636
17.155,51.07035,0.58
17.157,51.07035,0.585
17.159,51.07035,0.542
17.161,51.07035,0.613
17.163,51.07035,0.566
17.165,51.07035,0.556
17.167,51.07035,0.598
17.169,51.07035,0.548
17.171,51.07035,0.538
17.173,51.07035,0.566
17.175,51.07035,0.558
17.177,51.07035,0.586
17.179,51.07035,0.556
17.181,51.07035,0.528
17.183,51.07035,0.597
17.185,51.07035,0.545
17.187,51.07035,0.58
17.189,51.07035,0.557
17.191,51.07035,0.584
17.193,51.07035,0.574
17.195,51.07035,0.544
17.197,51.07035,0.577
17.199,51.07035,0.603
17.201,51.07035,0.596
17.203,51.07035,0.557
17.205,51.07035,0.59
17.207,51.07035,0.576
17.209,51.07035,0.533
17.211,51.07035,0.533
17.213,51.07035,0.545
17.215,51.07035,0.515
17.217,51.07035,0.542
17.219,51.07035,0.48
17.221,51.07035,0.513
17.223,51.07035,0.531
17.225,51.07035,0.524
17.227,51.07035,0.502
17.229,51.07035,0.464
17.231,51.07035,0.481
17.233,51.07035,0.463
17.235,51.07035,0.46
17.237,51.07035,0.438
17.239,51.07035,0.479
17.241,51.07035,0.48
17.243,51.07035,0.441
17.245,51.07035,0.434
17.247,51.07035,0.447
17.249,51.07035,0.488
16.851,51.06905,0.586
16.853,51.06905,0.584
16.855,51.06905,0.581
16.857,51.06905,0.529
16.859,51.06905,0.588
16.861,51.06905,0.583
16.863,51.06905,0.616
16.865,51.06905,0.559
16.867,51.06905,0.582
16.869,51.06905,0.59
16.871,51.06905,0.61
16.873,51.06905,0.576
16.875,51.06905,0.56
16.877,51.06905,0.568
16.879,51.06905,0.595
16.881,51.06905,0.594
16.883,51.06905,0.594
16.885,51.06905,0.549
16.887,51.06905,0.571
16.889,51.06905,0.579
16.891,51.06905,0.576
16.893,51.06905,0.593
16.895,51.06905,0.567
16.897,51.06905,0.581
16.899,51.06905,0.576
16.901,51.06905,0.534
16.903,51.06905,0.565
16.905,51.06905,0.562
16.907,51.06905,0.56
16.909,51.06905,0.556
16.911,51.06905,0.555
16.913,51.06905,0.575
16.915,51.06905,0.56
16.917,51.06905,0.564
16.919,51.06905,0.529
16.921,51.06905,0.543
16.923,51.06905,0.555
16.925,51.06905,0.558
16.927,51.06905,0.515
16.929,51.06905,0.519
16.931,51.06905,0.519
16.933,51.06905,0.523
16.935,51.06905,0.531
16.937,51.06905,0.53
16.939,51.06905,0.511
16.941,51.06905,0.519
16.943,51.06905,0.492
16.945,51.06905,0.031
16.947,51.06905,0.037
16.949,51.06905,0.014
16.951,51.06905,-0.021
16.953,51.06905,0.056
16.955,51.06905,0.023
16.957,51.06905,-0.007
16.959,51.06905,0.061
16.961,51.06905,0.036
16.963,51.06905,0.043
16.965,51.06905,0.03
16.967,51.06905,0.454
16.969,51.06905,0.461
16.971,51.06905,0.413
16.973,51.06905,0.482
16.975,51.06905,0.418
16.977,51.06905,0.433
16.979,51.06905,0.457
16.981,51.06905,0.458
16.983,51.06905,0.487
16.985,51.06905,0.434
16.987,51.06905,0.465
16.989,51.06905,0.44
16.991,51.06905,0.447
16.993,51.06905,0.463
16.995,51.06905,0.424
16.997,51.06905,0.483
16.999,51.06905,0.459
17.001,51.06905,0.483
17.003,51.06905,0.454
17.005,51.06905,0.497
17.007,51.06905,0.496
17.009,51.06905,0.488
17.011,51.06905,0.484
17.013,51.06905,0.476
17.015,51.06905,0.54
17.017,51.06905,0.483
17.019,51.06905,0.494
17.021,51.06905,0.487
17.023,51.06905,0.463
17.025,51.06905,0.448
17.027,51.06905,0.388
17.029,51.06905,0.399
17.031,51.06905,0.383
17.033,51.06905,0.363
17.035,51.06905,0.393
17.037,51.06905,0.364
17.039,51.06905,0.338
17.041,51.06905,0.39
17.043,51.06905,0.328
17.045,51.06905,0.334
17.047,51.06905,0.359
17.049,51.06905,0.358
17.051,51.06905,0.406
17.053,51.06905,0.369
17.055,51.06905,0.373
17.057,51.06905,0.375
17.059,51.06905,0.372
17.061,51.06905,0.426
17.063,51.06905,0.408
17.065,51.06905,0.434
17.067,51.06905,0.435
17.069,51.06905,0.422
17.071,51.06905,0.475
17.073,51.06905,0.44
17.075,51.06905,0.449
17.077,51.06905,0.454
17.079,51.06905,0.454
17.081,51.06905,0.46
17.083,51.06905,0.47
17.085,51.06905,0.453
17.087,51.06905,0.458
17.089,51.06905,0.469
17.091,51.06905,0.514
17.093,51.06905,0.474
17.095,51.06905,0.464
17.097,51.06905,0.467
17.099,51.06905,0.478
17.101,51.06905,0.469
17.103,51.06905,0.469
17.105,51.06905,0.518
17.107,51.06905,0.491
17.109,51.06905,0.514
17.111,51.06905,0.528
17.113,51.06905,0.54
17.115,51.06905,0.54
17.117,51.06905,0.538
17.119,51.06905,0.554
17.121,51.06905,0.591
17.123,51.06905,0.584
17.125,51.06905,0.627
17.127,51.06905,0.617
17.129,51.06905,0.615
17.131,51.06905,0.599
17.133,51.06905,0.615
17.135,51.06905,0.6
17.137,51.06905,0.608
17.139,51.06905,0.631
17.141,51.06905,0.627
17.143,51.06905,0.603
17.145,51.06905,0.637
17.147,51.06905,0.648
17.149,51.06905,0.612
17.151,51.06905,0.609
17.153,51.06905,0.589
17.155,51.06905,0.593
17.157,51.06905,0.6
17.159,51.06905,0.579
17.161,51.06905,0.611
17.163,51.06905,0.56
17.165,51.06905,0.576
17.167,51.06905,0.543
17.169,51.06905,0.616
17.171,51.06905,0.577
17.173,51.06905,0.57
17.175,51.06905,0.61
17.177,51.06905,0.602
17.179,51.06905,0.592
17.181,51.06905,0.55
17.183,51.06905,0.558
17.185,51.06905,0.587
17.187,51.06905,0.552
17.189,51.06905,0.56
17.191,51.06905,0.534
17.193,51.06905,0.543
17.195,51.06905,0.548
17.197,51.06905,0.559
17.199,51.06905,0.566
17.201,51.06905,0.55
17.203,51.06905,0.538
17.205,51.06905,0.52
17.207,51.06905,0.532
17.209,51.06905,0.543
17.211,51.06905,0.544
17.213,51.06905,0.53
17.215,51.06905,0.507
17.217,51.06905,0.541
17.219,51.06905,0.482
17.221,51.06905,0.514
17.223,51.06905,0.512
17.225,51.06905,0.455
17.227,51.06905,0.503
17.229,51.06905,0.498
17.231,51.06905,0.439
17.233,51.06905,0.447
17.235,51.06905,0.469
17.237,51.06905,0.48
17.239,51.06905,0.448
17.241,51.06905,0.46
17.243,51.06905,0.436
17.245,51.06905,0.437
17.247,51.06905,0.448
17.249,51.06905,0.414
16.851,51.06775,0.593
16.853,51.06775,0.587
16.855,51.06775,0.599
16.857,51.06775,0.6
16.859,51.06775,0.608
16.861,51.06775,0.569
16.863,51.06775,0.62
16.865,51.06775,0.562
16.867,51.06775,0.555
16.869,51.06775,0.589
16.871,51.06775,0.611
16.873,51.06775,0.6
16.875,51.06775,0.59
16.877,51.06775,0.554
16.879,51.06775,0.62
16.881,51.06775,0.578
16.883,51.06775,0.598
16.885,51.06775,0.58
16.887,51.06775,0.58
16.889,51.06775,0.603
16.891,51.06775,0.575
16.893,51.06775,0.517
16.895,51.06775,0.578
16.897,51.06775,0.569
16.899,51.06775,0.531
16.901,51.06775,0.533
16.903,51.06775,0.557
16.905,51.06775,0.547
16.907,51.06775,0.529
16.909,51.06775,0.555
16.911,51.06775,0.557
16.913,51.06775,0.536
16.915,51.06775,0.573
16.917,51.06775,0.501
16.919,51.06775,0.531
16.921,51.06775,0.552
16.923,51.06775,0.522
16.925,51.06775,0.541
16.927,51.06775,0.525
16.929,51.06775,0.528
16.931,51.06775,0.515
16.933,51.06775,0.499
16.935,51.06775,0.526
16.937,51.06775,0.472
16.939,51.06775,0.494
16.941,51.06775,0.509
16.943,51.06775,0.044
16.945,51.06775,0.022
16.947,51.06775,0.055
16.949,51.06775,0.017
16.951,51.06775,0.021
16.953,51.06775,0.058
16.955,51.06775,0.022
16.957,51.06775,0.019
16.959,51.06775,0.041
16.961,51.06775,0.054
16.963,51.06775,0.093
16.965,51.06775,0.445
16.967,51.06775,0.453
16.969,51.06775,0.434
16.971,51.06775,0.429
16.973,51.06775,0.424
16.975,51.06775,0.44
16.977,51.06775,0.469
16.979,51.06775,0.451
16.981,51.06775,0.468
16.983,51.06775,0.447
16.985,51.06775,0.438
16.987,51.06775,0.486
16.989,51.06775,0.456
16.991,51.06775,0.515
16.993,51.06775,0.488
16.995,51.06775,0.488
16.997,51.06775,0.515
16.999,51.06775,0.49
17.001,51.06775,0.47
17.003,51.06775,0.505
17.005,51.06775,0.478
17.007,51.06775,0.507
17.009,51.06775,0.507
17.011,51.06775,0.505
17.013,51.06775,0.493
17.015,51.06775,0.478
17.017,51.06775,0.496
17.019,51.06775,0.511
17.021,51.06775,0.475
17.023,51.06775,0.456
17.025,51.06775,0.457
17.027,51.06775,0.467
17.029,51.06775,0.442
17.031,51.06775,0.422
17.033,51.06775,0.396
17.035,51.06775,0.399
17.037,51.06775,0.358
17.039,51.06775,0.412
17.041,51.06775,0.365
17.043,51.06775,0.365
17.045,51.06775,0.398
17.047,51.06775,0.35
17.049,51.06775,0.418
17.051,51.06775,0.392
17.053,51.06775,0.403
17.055,51.06775,0.405
17.057,51.06775,0.402
17.059,51.06775,0.418
17.061,51.06775,0.417
17.063,51.06775,0.419
17.065,51.06775,0.443
17.067,51.06775,0.478
17.069,51.06775,0.428
17.071,51.06775,0.487
17.073,51.06775,0.466
17.075,51.06775,0.453
17.077,51.06775,0.449
17.079,51.06775,0.44
17.081,51.06775,0.454
17.083,51.06775,0.465
17.085,51.06775,0.452
17.087,51.06775,0.443
17.089,51.06775,0.438
17.091,51.06775,0.467
17.093,51.06775,0.455
17.095,51.06775,0.474
17.097,51.06775,0.461
17.099,51.06775,0.495
17.101,51.06775,0.502
17.103,51.06775,0.541
17.105,51.06775,0.504
17.107,51.06775,0.531
17.109,51.06775,0.499
17.111,51.06775,0.512
17.113,51.06775,0.573
17.115,51.06775,0.557
17.117,51.06775,0.549
17.119,51.06775,0.58
17.121,51.06775,0.568
17.123,51.06775,0.587
17.125,51.06775,0.593
17.127,51.06775,0.605
17.129,51.06775,0.613
17.131,51.06775,0.627
17.133,51.06775,0.6
17.135,51.06775,0.613
17.137,51.06775,0.639
17.139,51.06775,0.615
17.141,51.06775,0.634
17.143,51.06775,0.621
17.145,51.06775,0.599
17.147,51.06775,0.623
17.149,51.06775,0.655
17.151,51.06775,0.606
17.153,51.06775,0.609
17.155,51.06775,0.599
17.157,51.06775,0.622
17.159,51.06775,0.606
17.161,51.06775,0.607
17.163,51.06775,0.632
17.165,51.06775,0.608
17.167,51.06775,0.599
17.169,51.06775,0.575
17.171,51.06775,0.609
17.173,51.06775,0.537
17.175,51.06775,0.584
17.177,51.06775,0.576
17.179,51.06775,0.539
17.181,51.06775,0.573
17.183,51.06775,0.6
17.185,51.06775,0.561
17.187,51.06775,0.577
17.189,51.06775,0.53
17.191,51.06775,0.587
17.193,51.06775,0.53
17.195,51.06775,0.538
17.197,51.06775,0.552
17.199,51.06775,0.532
17.201,51.06775,0.582
17.203,51.06775,0.535
17.205,51.06775,0.532
17.207,51.06775,0.502
17.209,51.06775,0.534
17.211,51.06775,0.519
17.213,51.06775,0.503
17.215,51.06775,0.488
17.217,51.06775,0.525
17.219,51.06775,0.471
17.221,51.06775,0.507
17.223,51.06775,0.501
17.225,51.06775,0.467
17.227,51.06775,0.475
17.229,51.06775,0.46
17.231,51.06775,0.45
17.233,51.06775,0.475
17.235,51.06775,0.486
17.237,51.06775,0.44
17.239,51.06775,0.448
17.241,51.06775,0.476
17.243,51.06775,0.456
17.245,51.06775,0.479
17.247,51.06775,0.451
17.249,51.06775,0.431
16.851,51.06645,0.563
16.853,51.06645,0.599
16.855,51.06645,0.595
16.857,51.06645,0.609
16.859,51.06645,0.579
16.861,51.06645,0.577
16.863,51.06645,0.596
16.865,51.06645,0.624
16.867,51.06645,0.574
16.869,51.06645,0.587
16.871,51.06645,0.601
16.873,51.06645,0.585
16.875,51.06645,0.596
16.877,51.06645,0.568
16.879,51.06645,0.595
16.881,51.06645,0.621
16.883,51.06645,0.601
16.885,51.06645,0.577
16.887,51.06645,0.56
16.889,51.06645,0.556
16.891,51.06645,0.554
16.893,51.06645,0.585
16.895,51.06645,0.552
16.897,51.06645,0.538
16.899,51.06645,0.55
16.901,51.06645,0.54
16.903,51.06645,0.492
16.905,51.06645,0.497
16.907,51.06645,0.573
16.909,51.06645,0.534
16.911,51.06645,0.541
16.913,51.06645,0.528
16.915,51.06645,0.579
16.917,51.06645,0.527
16.919,51.06645,0.514
16.921,51.06645,0.56
16.923,51.06645,0.513
16.925,51.06645,0.56
16.927,51.06645,0.516
16.929,51.06645,0.544
16.931,51.06645,0.543
16.933,51.06645,0.487
16.935,51.06645,0.525
16.937,51.06645,0.483
16.939,51.06645,0.504
16.941,51.06645,0.051
16.943,51.06645,0.028
16.945,51.06645,-0.001
16.947,51.06645,0.036
16.949,51.06645,0.05
16.951,51.06645,0.024
16.953,51.06645,-0.003
16.955,51.06645,0.049
16.957,51.06645,0.006
16.959,51.06645,0.033
16.961,51.06645,0.022
16.963,51.06645,0.425
16.965,51.06645,0.408
16.967,51.06645,0.463
16.969,51.06645,0.421
16.971,51.06645,0.419
16.973,51.06645,0.427
16.975,51.06645,0.442
16.977,51.06645,0.421
16.979,51.06645,0.467
16.981,51.06645,0.473
16.983,51.06645,0.468
16.985,51.06645,0.437
16.987,51.06645,0.475
16.989,51.06645,0.484
16.991,51.06645,0.502
16.993,51.06645,0.48
16.995,51.06645,0.493
16.997,51.06645,0.501
16.999,51.06645,0.52
17.001,51.06645,0.479
17.003,51.06645,0.504
17.005,51.06645,0.511
17.007,51.06645,0.481
17.009,51.06645,0.498
17.011,51.06645,0.506
17.013,51.06645,0.532
17.015,51.06645,0.486
17.017,51.06645,0.49
17.019,51.06645,0.474
17.021,51.06645,0.467
17.023,51.06645,0.484
17.025,51.06645,0.434
17.027,51.06645,0.472
17.029,51.06645,0.414
17.031,51.06645,0.441
17.033,51.06645,0.399
17.035,51.06645,0.424
17.037,51.06645,0.395
17.039,51.06645,0.381
17.041,51.06645,0.36
17.043,51.06645,0.402
17.045,51.06645,0.361
17.047,51.06645,0.422
17.049,51.06645,0.389
17.051,51.06645,0.402
17.053,51.06645,0.427
17.055,51.06645,0.416
17.057,51.06645,0.395
17.059,51.06645,0.393
17.061,51.06645,0.492
17.063,51.06645,0.409
17.065,51.06645,0.425
17.067,51.06645,0.423
17.069,51.06645,0.437
17.071,51.06645,0.456
17.073,51.06645,0.446
17.075,51.06645,0.469
17.077,51.06645,0.487
17.079,51.06645,0.443
17.081,51.06645,0.465
17.083,51.06645,0.487
17.085,51.06645,0.487
17.087,51.06645,0.487
17.089,51.06645,0.464
17.091,51.06645,0.466
17.093,51.06645,0.492
17.095,51.06645,0.505
17.097,51.06645,0.507
17.099,51.06645,0.495
17.101,51.06645,0.493
17.103,51.06645,0.518
17.105,51.06645,0.495
17.107,51.06645,0.493
17.109,51.06645,0.53
17.111,51.06645,0.55
17.113,51.06645,0.529
17.115,51.06645,0.549
17.117,51.06645,0.545
17.119,51.06645,0.593
17.121,51.06645,0.576
17.123,51.06645,0.602
17.125,51.06645,0.614
17.127,51.06645,0.6
17.129,51.06645,0.612
17.131,51.06645,0.629
17.133,51.06645,0.616
17.135,51.06645,0.586
17.137,51.06645,0.673
17.139,51.06645,0.628
17.141,51.06645,0.623
17.143,51.06645,0.623
17.145,51.06645,0.642
17.147,51.06645,0.63
17.149,51.06645,0.632
17.151,51.06645,0.613
17.153,51.06645,0.614
17.155,51.06645,0.638
17.157,51.06645,0.635
17.159,51.06645,0.604
17.161,51.06645,0.593
17.163,51.06645,0.598
17.165,51.06645,0.589
17.167,51.06645,0.584
17.169,51.06645,0.59
17.171,51.06645,0.595
17.173,51.06645,0.579
17.175,51.06645,0.616
17.177,51.06645,0.585
17.179,51.06645,0.578
17.181,51.06645,0.552
17.183,51.06645,0.584
17.185,51.06645,0.569
17.187,51.06645,0.566
17.189,51.06645,0.553
17.191,51.06645,0.547
17.193,51.06645,0.546
17.195,51.06645,0.539
17.197,51.06645,0.546
17.199,51.06645,0.534
17.201,51.06645,0.49
17.203,51.06645,0.548
17.205,51.06645,0.51
17.207,51.06645,0.556
17.209,51.06645,0.546
17.211,51.06645,0.516
17.213,51.06645,0.517
17.215,51.06645,0.529
17.217,51.06645,0.493
17.219,51.06645,0.544
17.221,51.06645,0.487
17.223,51.06645,0.482
17.225,51.06645,0.498
17.227,51.06645,0.516
17.229,51.06645,0.466
17.231,51.06645,0.446
17.233,51.06645,0.449
17.235,51.06645,0.463
17.237,51.06645,0.437
17.239,51.06645,0.457
17.241,51.06645,0.446
17.243,51.06645,0.441
17.245,51.06645,0.459
17.247,51.06645,0.434
17.249,51.06645,0.423
16.851,51.06515,0.62
16.853,51.06515,0.603
16.855,51.06515,0.57
16.857,51.06515,0.569
16.859,51.06515,0.602
16.861,51.06515,0.584
16.863,51.06515,0.611
16.865,51.06515,0.608
16.867,51.06515,0.606
16.869,51.06515,0.637
16.871,51.06515,0.617
16.873,51.06515,0.612
16.875,51.06515,0.618
16.877,51.06515,0.628
16.879,51.06515,0.631
16.881,51.06515,0.575
16.883,51.06515,0.534
16.885,51.06515,0.538
16.887,51.06515,0.587
16.889,51.06515,0.559
16.891,51.06515,0.562
16.893,51.06515,0.548
16.895,51.06515,0.566
16.897,51.06515,0.508
16.899,51.06515,0.517
16.901,51.06515,0.513
16.903,51.06515,0.508
16.905,51.06515,0.51
16.907,51.06515,0.508
16.909,51.06515,0.507
16.911,51.06515,0.532
16.913,51.06515,0.525
16.915,51.06515,0.534
16.917,51.06515,0.54
16.919,51.06515,0.539
16.921,51.06515,0.501
16.923,51.06515,0.54
16.925,51.06515,0.539
16.927,51.06515,0.529
16.929,51.06515,0.558
16.931,51.06515,0.516
16.933,51.06515,0.512
16.935,51.06515,0.511
16.937,51.06515,0.491
16.939,51.06515,0.041
16.941,51.06515,0.055
16.943,51.06515,-0.025
16.945,51.06515,0.017
16.947,51.06515,0.048
16.949,51.06515,0.005
16.951,51.06515,0.075
16.953,51.06515,0.046
16.955,51.06515,-0.03
16.957,51.06515,0.068
16.959,51.06515,0.036
16.961,51.06515,0.45
16.963,51.06515,0.442
16.965,51.06515,0.464
16.967,51.06515,0.453
16.969,51.06515,0.446
16.971,51.06515,0.424
16.973,51.06515,0.44
16.975,51.06515,0.452
16.977,51.06515,0.436
16.979,51.06515,0.457
16.981,51.06515,0.45
16.983,51.06515,0.465
16.985,51.06515,0.456
16.987,51.06515,0.467
16.989,51.06515,0.436
16.991,51.06515,0.488
16.993,51.06515,0.477
16.995,51.06515,0.47
16.997,51.06515,0.498
16.999,51.06515,0.484
17.001,51.06515,0.519
17.003,51.06515,0.512
17.005,51.06515,0.506
17.007,51.06515,0.504
17.009,51.06515,0.519
17.011,51.06515,0.501
17.013,51.06515,0.523
17.015,51.06515,0.485
17.017,51.06515,0.509
17.019,51.06515,0.498
17.021,51.06515,0.504
17.023,51.06515,0.489
17.025,51.06515,0.484
17.027,51.06515,0.453
17.029,51.06515,0.412
17.031,51.06515,0.436
17.033,51.06515,0.39
17.035,51.06515,0.445
17.037,51.06515,0.388
17.039,51.06515,0.374
17.041,51.06515,0.39
17.043,51.06515,0.413
17.045,51.06515,0.396
17.047,51.06515,0.418
17.049,51.06515,0.357
17.051,51.06515,0.433
17.053,51.06515,0.414
17.055,51.06515,0.379
17.057,51.06515,0.43
17.059,51.06515,0.406
17.061,51.06515,0.448
17.063,51.06515,0.468
17.065,51.06515,0.46
17.067,51.06515,0.433
17.069,51.06515,0.477
17.071,51.06515,0.445
17.073,51.06515,0.447
17.075,51.06515,0.446
17.077,51.06515,0.447
17.079,51.06515,0.427
17.081,51.06515,0.461
17.083,51.06515,0.493
17.085,51.06515,0.482
17.087,51.06515,0.473
17.089,51.06515,0.441
17.091,51.06515,0.485
17.093,51.06515,0.493
17.095,51.06515,0.489
17.097,51.06515,0.503
17.099,51.06515,0.487
17.101,51.06515,0.487
17.103,51.06515,0.492
17.105,51.06515,0.526
17.107,51.06515,0.556
17.109,51.06515,0.509
17.111,51.06515,0.541
17.113,51.06515,0.562
17.115,51.06515,0.582
17.117,51.06515,0.576
17.119,51.06515,0.591
17.121,51.06515,0.585
17.123,51.06515,0.592
17.125,51.06515,0.594
17.127,51.06515,0.575
17.129,51.06515,0.621
17.131,51.06515,0.577
17.133,51.06515,0.596
17.135,51.06515,0.604
17.137,51.06515,0.624
17.139,51.06515,0.619
17.141,51.06515,0.63
17.143,51.06515,0.617
17.145,51.06515,0.653
17.147,51.06515,0.633
17.149,51.06515,0.621
17.151,51.06515,0.609
17.153,51.06515,0.63
17.155,51.06515,0.634
17.157,51.06515,0.638
17.159,51.06515,0.652
17.161,51.06515,0.625
17.163,51.06515,0.621
17.165,51.06515,0.603
17.167,51.06515,0.598
17.169,51.06515,0.597
17.171,51.06515,0.59
17.173,51.06515,0.576
17.175,51.06515,0.612
17.177,51.06515,0.559
17.179,51.06515,0.545
17.181,51.06515,0.572
17.183,51.06515,0.578
17.185,51.06515,0.572
17.187,51.06515,0.596
17.189,51.06515,0.561
17.191,51.06515,0.536
17.193,51.06515,0.533
17.195,51.06515,0.549
17.197,51.06515,0.55
17.199,51.06515,0.551
17.201,51.06515,0.53
17.203,51.06515,0.516
17.205,51.06515,0.517
17.207,51.06515,0.514
17.209,51.06515,0.524
17.211,51.06515,0.528
17.213,51.06515,0.518
17.215,51.06515,0.511
17.217,51.06515,0.506
17.219,51.06515,0.502
17.221,51.06515,0.466
17.223,51.06515,0.506
17.225,51.06515,0.476
17.227,51.06515,0.478
17.229,51.06515,0.502
17.231,51.06515,0.487
17.233,51.06515,0.466
17.235,51.06515,0.453
17.237,51.06515,0.426
17.239,51.06515,0.456
17.241,51.06515,0.461
17.243,51.06515,0.452
17.245,51.06515,0.456
17.247,51.06515,0.413
17.249,51.06515,0.426
16.851,51.06385,0.577
16.853,51.06385,0.607
16.855,51.06385,0.606
16.857,51.06385,0.637
16.859,51.06385,0.606
16.861,51.06385,0.59
16.863,51.06385,0.611
16.865,51.06385,0.611
16.867,51.06385,0.633
16.869,51.06385,0.617
16.871,51.06385,0.613
16.873,51.06385,0.591
16.875,51.06385,0.61
16.877,51.06385,0.611
16.879,51.06385,0.635
16.881,51.06385,0.599
16.883,51.06385,0.576
16.885,51.06385,0.618
16.887,51.06385,0.558
16.889,51.06385,0.567
16.891,51.06385,0.53
16.893,51.06385,0.548
16.895,51.06385,0.539
16.897,51.06385,0.534
16.899,51.06385,0.508
16.901,51.06385,0.494
16.903,51.06385,0.518
16.905,51.06385,0.509
16.907,51.06385,0.495
16.909,51.06385,0.537
16.911,51.06385,0.493
16.913,51.06385,0.491
16.915,51.06385,0.528
16.917,51.06385,0.546
16.919,51.06385,0.519
16.921,51.06385,0.524
16.923,51.06385,0.532
16.925,51.06385,0.517
16.927,51.06385,0.524
16.929,51.06385,0.549
16.931,51.06385,0.533
16.933,51.06385,0.509
16.935,51.06385,0.529
16.937,51.06385,0.034
16.939,51.06385,0.02
16.941,51.06385,-0.018
16.943,51.06385,-0.006
16.945,51.06385,0.037
16.947,51.06385,0.01
16.949,51.06385,0.035
16.951,51.06385,-0.013
16.953,51.06385,0.067
16.955,51.06385,0.043
16.957,51.06385,0.425
16.959,51.06385,0.446
16.961,51.06385,0.431
16.963,51.06385,0.408
16.965,51.06385,0.448
16.967,51.06385,0.431
16.969,51.06385,0.428
16.971,51.06385,0.409
16.973,51.06385,0.436
16.975,51.06385,0.474
16.977,51.06385,0.425
16.979,51.06385,0.466
16.981,51.06385,0.465
16.983,51.06385,0.453
16.985,51.06385,0.453
16.987,51.06385,0.511
16.989,51.06385,0.491
16.991,51.06385,0.472
16.993,51.06385,0.515
16.995,51.06385,0.494
16.997,51.06385,0.499
16.999,51.06385,0.529
17.001,51.06385,0.481
17.003,51.06385,0.535
17.005,51.06385,0.502
17.007,51.06385,0.514
17.009,51.06385,0.525
17.011,51.06385,0.513
17.013,51.06385,0.56
17.015,51.06385,0.486
17.017,51.06385,0.52
17.019,51.06385,0.501
17.021,51.06385,0.502
17.023,51.06385,0.496
17.025,51.06385,0.513
17.027,51.06385,0.449
17.029,51.06385,0.429
17.031,51.06385,0.428
17.033,51.06385,0.411
17.035,51.06385,0.433
17.037,51.06385,0.413
17.039,51.06385,0.379
17.041,51.06385,0.402
17.043,51.06385,0.396
17.045,51.06385,0.393
17.047,51.06385,0.393
17.049,51.06385,0.425
17.051,51.06385,0.386
17.053,51.06385,0.401
17.055,51.06385,0.461
17.057,51.06385,0.455
17.059,51.06385,0.451
17.061,51.06385,0.453
17.063,51.06385,0.481
17.065,51.06385,0.475
17.067,51.06385,0.449
17.069,51.06385,0.459
17.071,51.06385,0.462
17.073,51.06385,0.468
17.075,51.06385,0.427
17.077,51.06385,0.459
17.079,51.06385,0.458
17.081,51.06385,0.478
17.083,51.06385,0.458
17.085,51.06385,0.466
17.087,51.06385,0.482
17.089,51.06385,0.451
17.091,51.06385,0.493
17.093,51.06385,0.49
17.095,51.06385,0.475
17.097,51.06385,0.54
17.099,51.06385,0.483
17.101,51.06385,0.491
17.103,51.06385,0.525
17.105,51.06385,0.541
17.107,51.06385,0.558
17.109,51.06385,0.573
17.111,51.06385,0.58
17.113,51.06385,0.568
17.115,51.06385,0.564
17.117,51.06385,0.605
17.119,51.06385,0.606
17.121,51.06385,0.587
17.123,51.06385,0.602
17.125,51.06385,0.629
17.127,51.06385,0.59
17.129,51.06385,0.601
17.131,51.06385,0.6
17.133,51.06385,0.621
17.135,51.06385,0.638
17.137,51.06385,0.62
17.139,51.06385,0.597
17.141,51.06385,0.615
17.143,51.06385,0.6
17.145,51.06385,0.618
17.147,51.06385,0.616
17.149,51.06385,0.612
17.151,51.06385,0.589
17.153,51.06385,0.608
17.155,51.06385,0.613
17.157,51.06385,0.624
17.159,51.06385,0.684
17.161,51.06385,0.648
17.163,51.06385,0.616
17.165,51.06385,0.612
17.167,51.06385,0.619
17.169,51.06385,0.605
17.171,51.06385,0.56
17.173,51.06385,0.573
17.175,51.06385,0.6
17.177,51.06385,0.606
17.179,51.06385,0.541
17.181,51.06385,0.569
17.183,51.06385,0.542
17.185,51.06385,0.548
17.187,51.06385,0.546
17.189,51.06385,0.546
17.191,51.06385,0.539
17.193,51.06385,0.512
17.195,51.06385,0.524
17.197,51.06385,0.552
17.199,51.06385,0.495
17.201,51.06385,0.504
17.203,51.06385,0.551
17.205,51.06385,0.521
17.207,51.06385,0.493
17.209,51.06385,0.484
17.211,51.06385,0.506
17.213,51.06385,0.481
17.215,51.06385,0.483
17.217,51.06385,0.528
17.219,51.06385,0.501
17.221,51.06385,0.507
17.223,51.06385,0.537
17.225,51.06385,0.462
17.227,51.06385,0.468
17.229,51.06385,0.474
17.231,51.06385,0.458
17.233,51.06385,0.456
17.235,51.06385,0.452
17.237,51.06385,0.462
17.239,51.06385,0.471
17.241,51.06385,0.45
17.243,51.06385,0.477
17.245,51.06385,0.483
17.247,51.06385,0.458
17.249,51.06385,0.432
16.851,51.06255,0.614
16.853,51.06255,0.564
16.855,51.06255,0.559
16.857,51.06255,0.581
16.859,51.06255,0.616
16.861,51.06255,0.624
16.863,51.06255,0.591
16.865,51.06255,0.59
16.867,51.06255,0.576
16.869,51.06255,0.632
16.871,51.06255,0.622
16.873,51.06255,0.651
16.875,51.06255,0.614
16.877,51.06255,0.609
16.879,51.06255,0.615
16.881,51.06255,0.608
16.883,51.06255,0.584
16.885,51.06255,0.604
16.887,51.06255,0.576
16.889,51.06255,0.598
16.891,51.06255,0.54
16.893,51.06255,0.521
16.895,51.06255,0.516
16.897,51.06255,0.524
16.899,51.06255,0.443
16.901,51.06255,0.511
16.903,51.06255,0.479
16.905,51.06255,0.489
16.907,51.06255,0.494
16.909,51.06255,0.496
16.911,51.06255,0.504
16.913,51.06255,0.512
16.915,51.06255,0.51
16.917,51.06255,0.543
16.919,51.06255,0.494
16.921,51.06255,0.518
16.923,51.06255,0.553
16.925,51.06255,0.545
16.927,51.06255,0.547
16.929,51.06255,0.543
16.931,51.06255,0.514
16.933,51.06255,0.034
16.935,51.06255,0.018
16.937,51.06255,0.051
16.939,51.06255,0.079
16.941,51.06255,0.028
16.943,51.06255,0.015
16.945,51.06255,0.052
16.947,51.06255,0.013
16.949,51.06255,0.038
16.951,51.06255,0.008
16.953,51.06255,0.054
16.955,51.06255,0.475
16.957,51.06255,0.46
16.959,51.06255,0.477
16.961,51.06255,0.472
16.963,51.06255,0.447
16.965,51.06255,0.408
16.967,51.06255,0.433
16.969,51.06255,0.452
16.971,51.06255,0.455
16.973,51.06255,0.417
16.975,51.06255,0.431
16.977,51.06255,0.445
16.979,51.06255,0.444
16.981,51.06255,0.486
16.983,51.06255,0.458
16.985,51.06255,0.484
16.987,51.06255,0.518
16.989,51.06255,0.468
16.991,51.06255,0.516
16.993,51.06255,0.507
16.995,51.06255,0.499
16.997,51.06255,0.51
16.999,51.06255,0.502
17.001,51.06255,0.514
17.003,51.06255,0.532
17.005,51.06255,0.523
17.007,51.06255,0.525
17.009,51.06255,0.549
17.011,51.06255,0.544
17.013,51.06255,0.58
17.015,51.06255,0.516
17.017,51.06255,0.501
17.019,51.06255,0.506
17.021,51.06255,0.492
17.023,51.06255,0.483
17.025,51.06255,0.498
17.027,51.06255,0.482
17.029,51.06255,0.434
17.031,51.06255,0.451
17.033,51.06255,0.43
17.035,51.06255,0.439
17.037,51.06255,0.397
17.039,51.06255,0.404
17.041,51.06255,0.398
17.043,51.06255,0.424
17.045,51.06255,0.388
17.047,51.06255,0.419
17.049,51.06255,0.428
17.051,51.06255,0.425
17.053,51.06255,0.454
17.055,51.06255,0.436
17.057,51.06255,0.44
17.059,51.06255,0.465
17.061,51.06255,0.441
17.063,51.06255,0.433
17.065,51.06255,0.488
17.067,51.06255,0.48
17.069,51.06255,0.47
17.071,51.06255,0.47
17.073,51.06255,0.452
17.075,51.06255,0.455
17.077,51.06255,0.449
17.079,51.06255,0.504
17.081,51.06255,0.505
17.083,51.06255,0.47
17.085,51.06255,0.428
17.087,51.06255,0.463
17.089,51.06255,0.485
17.091,51.06255,0.442
17.093,51.06255,0.492
17.095,51.06255,0.504
17.097,51.06255,0.511
17.099,51.06255,0.528
17.101,51.06255,0.541
17.103,51.06255,0.559
17.105,51.06255,0.512
17.107,51.06255,0.592
17.109,51.06255,0.565
17.111,51.06255,0.551
17.113,51.06255,0.592
17.115,51.06255,0.615
17.117,51.06255,0.604
17.119,51.06255,0.61
17.121,51.06255,0.612
17.123,51.06255,0.592
17.125,51.06255,0.564
17.127,51.06255,0.621
17.129,51.06255,0.593
17.131,51.06255,0.606
17.133,51.06255,0.595
17.135,51.06255,0.565
17.137,51.06255,0.63
17.139,51.06255,0.586
17.141,51.06255,0.611
17.143,51.06255,0.631
17.145,51.06255,0.605
17.147,51.06255,0.629
17.149,51.06255,0.609
17.151,51.06255,0.648
17.153,51.06255,0.635
17.155,51.06255,0.62
17.157,51.06255,0.62
17.159,51.06255,0.633
17.161,51.06255,0.6
17.163,51.06255,0.637
17.165,51.06255,0.612
17.167,51.06255,0.598
17.169,51.06255,0.582
17.171,51.06255,0.627
17.173,51.06255,0.584
17.175,51.06255,0.584
17.177,51.06255,0.571
17.179,51.06255,0.534
17.181,51.06255,0.562
17.183,51.06255,0.581
17.185,51.06255,0.534
17.187,51.06255,0.53
17.189,51.06255,0.514
17.191,51.06255,0.511
17.193,51.06255,0.513
17.195,51.06255,0.517
17.197,51.06255,0.529
17.199,51.06255,0.517
17.201,51.06255,0.491
17.203,51.06255,0.478
17.205,51.06255,0.494
17.207,51.06255,0.488
17.209,51.06255,0.505
17.211,51.06255,0.498
17.213,51.06255,0.483
17.215,51.06255,0.505
17.217,51.06255,0.472
17.219,51.06255,0.478
17.221,51.06255,0.483
17.223,51.06255,0.473
17.225,51.06255,0.515
17.227,51.06255,0.48
17.229,51.06255,0.462
17.231,51.06255,0.486
17.233,51.06255,0.469
17.235,51.06255,0.446
17.237,51.06255,0.439
17.239,51.06255,0.457
17.241,51.06255,0.456
17.243,51.06255,0.484
17.245,51.06255,0.453
17.247,51.06255,0.457
17.249,51.06255,0.433
16.851,51.06125,0.569
16.853,51.06125,0.605
16.855,51.06125,0.617
16.857,51.06125,0.623
16.859,51.06125,0.575
16.861,51.06125,0.616
16.863,51.06125,0.603
16.865,51.06125,0.64
16.867,51.06125,0.622
16.869,51.06125,0.64
16.871,51.06125,0.613
16.873,51.06125,0.625
16.875,51.06125,0.569
16.877,51.06125,0.613
16.879,51.06125,0.589
16.881,51.06125,0.618
16.883,51.06125,0.613
16.885,51.06125,0.545
16.887,51.06125,0.546
16.889,51.06125,0.548
16.891,51.06125,0.543
16.893,51.06125,0.511
16.895,51.06125,0.502
16.897,51.06125,0.545
16.899,51.06125,0.498
16.901,51.06125,0.474
16.903,51.06125,0.487
16.905,51.06125,0.526
16.907,51.06125,0.486
16.909,51.06125,0.503
16.911,51.06125,0.488
16.913,51.06125,0.534
16.915,51.06125,0.496
16.917,51.06125,0.51
16.919,51.06125,0.523
16.921,51.06125,0.52
16.923,51.06125,0.537
16.925,51.06125,0.521
16.927,51.06125,0.546
16.929,51.06125,0.55
16.931,51.06125,0.109
16.933,51.06125,0.071
16.935,51.06125,0.067
16.937,51.06125,0.033
16.939,51.06125,0.059
16.941,51.06125,0.034
16.943,51.06125,-0.025
16.945,51.06125,0.039
16.947,51.06125,0.001
16.949,51.06125,0.019
16.951,51.06125,0.002
16.953,51.06125,0.473
16.955,51.06125,0.462
16.957,51.06125,0.448
16.959,51.06125,0.437
16.961,51.06125,0.42
16.963,51.06125,0.464
16.965,51.06125,0.426
16.967,51.06125,0.435
16.969,51.06125,0.428
16.971,51.06125,0.41
16.973,51.06125,0.493
16.975,51.06125,0.443
16.977,51.06125,0.427
16.979,51.06125,0.473
16.981,51.06125,0.502
16.983,51.06125,0.455
16.985,51.06125,0.455
16.987,51.06125,0.452
16.989,51.06125,0.496
16.991,51.06125,0.462
16.993,51.06125,0.464
16.995,51.06125,0.488
16.997,51.06125,0.514
16.999,51.06125,0.54
17.001,51.06125,0.52
17.003,51.06125,0.528
17.005,51.06125,0.556
17.007,51.06125,0.535
17.009,51.06125,0.524
17.011,51.06125,0.542
17.013,51.06125,0.546
17.015,51.06125,0.516
17.017,51.06125,0.534
17.019,51.06125,0.513
17.021,51.06125,0.53
17.023,51.06125,0.497
17.025,51.06125,0.46
17.027,51.06125,0.498
17.029,51.06125,0.446
17.031,51.06125,0.427
17.033,51.06125,0.476
17.035,51.06125,0.436
17.037,51.06125,0.436
17.039,51.06125,0.46
17.041,51.06125,0.47
17.043,51.06125,0.419
17.045,51.06125,0.43
17.047,51.06125,0.454
17.049,51.06125,0.434
17.051,51.06125,0.478
17.053,51.06125,0.46
17.055,51.06125,0.463
17.057,51.06125,0.481
17.059,51.06125,0.465
17.061,51.06125,0.463
17.063,51.06125,0.475
17.065,51.06125,0.462
17.067,51.06125,0.486
17.069,51.06125,0.482
17.071,51.06125,0.458
17.073,51.06125,0.489
17.075,51.06125,0.485
17.077,51.06125,0.449
17.079,51.06125,0.471
17.081,51.06125,0.464
17.083,51.06125,0.455
17.085,51.06125,0.48
17.087,51.06125,0.497
17.089,51.06125,0.505
17.091,51.06125,0.519
17.093,51.06125,0.505
17.095,51.06125,0.487
17.097,51.06125,0.534
17.099,51.06125,0.526
17.101,51.06125,0.561
17.103,51.06125,0.552
17.105,51.06125,0.602
17.107,51.06125,0.547
17.109,51.06125,0.572
17.111,51.06125,0.552
17.113,51.06125,0.57
17.115,51.06125,0.562
17.117,51.06125,0.603
17.119,51.06125,0.606
17.121,51.06125,0.606
17.123,51.06125,0.625
17.125,51.06125,0.605
17.127,51.06125,0.632
17.129,51.06125,0.581
17.131,51.06125,0.6
17.133,51.06125,0.617
17.135,51.06125,0.622
17.137,51.06125,0.606
17.139,51.06125,0.597
17.141,51.06125,0.608
17.143,51.06125,0.594
17.145,51.06125,0.607
17.147,51.06125,0.624
17.149,51.06125,0.612
17.151,51.06125,0.658
17.153,51.06125,0.648
17.155,51.06125,0.607
17.157,51.06125,0.668
17.159,51.06125,0.654
17.161,51.06125,0.634
17.163,51.06125,0.62
17.165,51.06125,0.571
17.167,51.06125,0.615
17.169,51.06125,0.588
17.171,51.06125,0.618
17.173,51.06125,0.613
17.175,51.06125,0.586
17.177,51.06125,0.585
17.179,51.06125,0.547
17.181,51.06125,0.598
17.183,51.06125,0.546
17.185,51.06125,0.556
17.187,51.06125,0.526
17.189,51.06125,0.537
17.191,51.06125,0.532
17.193,51.06125,0.516
17.195,51.06125,0.533
17.197,51.06125,0.49
17.199,51.06125,0.483
17.201,51.06125,0.479
17.203,51.06125,0.484
17.205,51.06125,0.505
17.207,51.06125,0.536
17.209,51.06125,0.459
17.211,51.06125,0.493
17.213,51.06125,0.518
17.215,51.06125,0.482
17.217,51.06125,0.479
17.219,51.06125,0.429
17.221,51.06125,0.496
17.223,51.06125,0.489
17.225,51.06125,0.478
17.227,51.06125,0.494
17.229,51.06125,0.496
17.231,51.06125,0.449
17.233,51.06125,0.458
17.235,51.06125,0.474
17.237,51.06125,0.464
17.239,51.06125,0.415
17.241,51.06125,0.432
17.243,51.06125,0.469
17.245,51.06125,0.489
17.247,51.06125,0.471
17.249,51.06125,0.483
16.851,51.05995,0.581
16.853,51.05995,0.585
16.855,51.05995,0.599
16.857,51.05995,0.574
16.859,51.05995,0.617
16.861,51.05995,0.604
16.863,51.05995,0.596
16.865,51.05995,0.604
16.867,51.05995,0.658
16.869,51.05995,0.62
16.871,51.05995,0.626
16.873,51.05995,0.6
16.875,51.05995,0.608
16.877,51.05995,0.655
16.879,51.05995,0.584
16.881,51.05995,0.605
16.883,51.05995,0.557
16.885,51.05995,0.6
16.887,51.05995,0.577
16.889,51.05995,0.562
16.891,51.05995,0.584
16.893,51.05995,0.518
16.895,51.05995,0.515
16.897,51.05995,0.523
16.899,51.05995,0.49
16.901,51.05995,0.501
16.903,51.05995,0.497
16.905,51.05995,0.497
16.907,51.05995,0.471
16.909,51.05995,0.472
16.911,51.05995,0.502
16.913,51.05995,0.482
16.915,51.05995,0.534
16.917,51.05995,0.489
16.919,51.05995,0.517
16.921,51.05995,0.514
16.923,51.05995,0.541
16.925,51.05995,0.524
16.927,51.05995,0.519
16.929,51.05995,0.057
16.931,51.05995,-0.015
16.933,51.05995,0.012
16.935,51.05995,-0.005
16.937,51.05995,0.022
16.939,51.05995,0.029
16.941,51.05995,0.013
16.943,51.05995,-0.004
16.945,51.05995,0.047
16.947,51.05995,0.009
16.949,51.05995,-0.004
16.951,51.05995,0.49
16.953,51.05995,0.479
16.955,51.05995,0.478
16.957,51.05995,0.489
16.959,51.05995,0.489
16.961,51.05995,0.409
16.963,51.05995,0.45
16.965,51.05995,0.427
16.967,51.05995,0.405
16.969,51.05995,0.443
16.971,51.05995,0.405
16.973,51.05995,0.42
16.975,51.05995,0.461
16.977,51.05995,0.438
16.979,51.05995,0.42
16.981,51.05995,0.445
16.983,51.05995,0.423
16.985,51.05995,0.464
16.987,51.05995,0.489
16.989,51.05995,0.507
16.991,51.05995,0.503
16.993,51.05995,0.488
16.995,51.05995,0.52
16.997,51.05995,0.485
16.999,51.05995,0.505
17.001,51.05995,0.542
17.003,51.05995,0.476
17.005,51.05995,0.506
17.007,51.05995,0.55
17.009,51.05995,0.556
17.011,51.05995,0.511
17.013,51.05995,0.549
17.015,51.05995,0.565
17.017,51.05995,0.491
17.019,51.05995,0.572
17.021,51.05995,0.501
17.023,51.05995,0.49
17.025,51.05995,0.526
17.027,51.05995,0.508
17.029,51.05995,0.436
17.031,51.05995,0.491
17.033,51.05995,0.46
17.035,51.05995,0.454
17.037,51.05995,0.423
17.039,51.05995,0.431
17.041,51.05995,0.442
17.043,51.05995,0.428
17.045,51.05995,0.422
17.047,51.05995,0.43
17.049,51.05995,0.448
17.051,51.05995,0.428
17.053,51.05995,0.446
17.055,51.05995,0.495
17.057,51.05995,0.499
17.059,51.05995,0.506
17.061,51.05995,0.477
17.063,51.05995,0.477
17.065,51.05995,0.51
17.067,51.05995,0.486
17.069,51.05995,0.472
17.071,51.05995,0.477
17.073,51.05995,0.503
17.075,51.05995,0.459
17.077,51.05995,0.459
17.079,51.05995,0.468
17.081,51.05995,0.448
17.083,51.05995,0.491
17.085,51.05995,0.448
17.087,51.05995,0.522
17.089,51.05995,0.489
17.091,51.05995,0.505
17.093,51.05995,0.511
17.095,51.05995,0.5
17.097,51.05995,0.573
17.099,51.05995,0.548
17.101,51.05995,0.559
17.103,51.05995,0.529
17.105,51.05995,0.56
17.107,51.05995,0.612
17.109,51.05995,0.588
17.111,51.05995,0.558
17.113,51.05995,0.604
17.115,51.05995,0.576
17.117,51.05995,0.613
17.119,51.05995,0.625
17.121,51.05995,0.617
17.123,51.05995,0.61
17.125,51.05995,0.649
17.127,51.05995,0.622
17.129,51.05995,0.602
17.131,51.05995,0.621
17.133,51.05995,0.603
17.135,51.05995,0.618
17.137,51.05995,0.619
17.139,51.05995,0.635
17.141,51.05995,0.6
17.143,51.05995,0.593
17.145,51.05995,0.652
17.147,51.05995,0.61
17.149,51.05995,0.628
17.151,51.05995,0.617
17.153,51.05995,0.65
17.155,51.05995,0.586
17.157,51.05995,0.633
17.159,51.05995,0.598
17.161,51.05995,0.634
17.163,51.05995,0.632
17.165,51.05995,0.611
17.167,51.05995,0.612
17.169,51.05995,0.587
17.171,51.05995,0.656
17.173,51.05995,0.592
17.175,51.05995,0.556
17.177,51.05995,0.579
17.179,51.05995,0.586
17.181,51.05995,0.574
17.183,51.05995,0.533
17.185,51.05995,0.523
17.187,51.05995,0.54
17.189,51.05995,0.53
17.191,51.05995,0.495
17.193,51.05995,0.524
17.195,51.05995,0.502
17.197,51.05995,0.527
17.199,51.05995,0.489
17.201,51.05995,0.477
17.203,51.05995,0.475
17.205,51.05995,0.484
17.207,51.05995,0.482
17.209,51.05995,0.504
17.211,51.05995,0.512
17.213,51.05995,0.479
17.215,51.05995,0.511
17.217,51.05995,0.499
17.219,51.05995,0.464
17.221,51.05995,0.489
17.223,51.05995,0.515
17.225,51.05995,0.518
17.227,51.05995,0.512
17.229,51.05995,0.49
17.231,51.05995,0.465
17.233,51.05995,0.513
17.235,51.05995,0.498
17.237,51.05995,0.48
17.239,51.05995,0.452
17.241,51.05995,0.458
17.243,51.05995,0.496
17.245,51.05995,0.451
17.247,51.05995,0.45
17.249,51.05995,0.492
16.851,51.05865,0.628
16.853,51.05865,0.592
16.855,51.05865,0.608
16.857,51.05865,0.581
16.859,51.05865,0.583
16.861,51.05865,0.602
16.863,51.05865,0.617
16.865,51.05865,0.596
16.867,51.05865,0.611
16.869,51.05865,0.654
16.871,51.05865,0.643
16.873,51.05865,0.666
16.875,51.05865,0.647
16.877,51.05865,0.591
16.879,51.05865,0.607
16.881,51.05865,0.606
16.883,51.05865,0.593
16.885,51.05865,0.601
16.887,51.05865,0.559
16.889,51.05865,0.562
16.891,51.05865,0.507
16.893,51.05865,0.518
16.895,51.05865,0.484
16.897,51.05865,0.495
16.899,51.05865,0.502
16.901,51.05865,0.483
16.903,51.05865,0.485
16.905,51.05865,0.477
16.907,51.05865,0.513
16.909,51.05865,0.466
16.911,51.05865,0.506
16.913,51.05865,0.541
16.915,51.05865,0.522
16.917,51.05865,0.49
16.919,51.05865,0.518
16.921,51.05865,0.496
16.923,51.05865,0.54
16.925,51.05865,0.526
16.927,51.05865,-0.003
16.929,51.05865,0.062
16.931,51.05865,-0.008
16.933,51.05865,0.032
16.935,51.05865,0.075
16.937,51.05865,0.035
16.939,51.05865,0.036
16.941,51.05865,-0.002
16.943,51.05865,0.008
16.945,51.05865,0.028
16.947,51.05865,0.067
16.949,51.05865,0.506
16.951,51.05865,0.498
16.953,51.05865,0.508
16.955,51.05865,0.47
16.957,51.05865,0.448
16.959,51.05865,0.444
16.961,51.05865,0.464
16.963,51.05865,0.441
16.965,51.05865,0.433
16.967,51.05865,0.448
16.969,51.05865,0.465
16.971,51.05865,0.467
16.973,51.05865,0.441
16.975,51.05865,0.474
16.977,51.05865,0.443
16.979,51.05865,0.458
16.981,51.05865,0.436
16.983,51.05865,0.454
16.985,51.05865,0.444
16.987,51.05865,0.479
16.989,51.05865,0.45
16.991,51.05865,0.493
16.993,51.05865,0.499
16.995,51.05865,0.504
16.997,51.05865,0.507
16.999,51.05865,0.506
17.001,51.05865,0.504
17.003,51.05865,0.54
17.005,51.05865,0.514
17.007,51.05865,0.516
17.009,51.05865,0.54
17.011,51.05865,0.555
17.013,51.05865,0.539
17.015,51.05865,0.568
17.017,51.05865,0.563
17.019,51.05865,0.573
17.021,51.05865,0.48
17.023,51.05865,0.532
17.025,51.05865,0.526
17.027,51.05865,0.479
17.029,51.05865,0.472
17.031,51.05865,0.482
17.033,51.05865,0.502
17.035,51.05865,0.472
17.037,51.05865,0.453
17.039,51.05865,0.436
17.041,51.05865,0.434
17.043,51.05865,0.435
17.045,51.05865,0.459
17.047,51.05865,0.474
17.049,51.05865,0.478
17.051,51.05865,0.463
17.053,51.05865,0.486
17.055,51.05865,0.471
17.057,51.05865,0.459
17.059,51.05865,0.53
17.061,51.05865,0.516
17.063,51.05865,0.505
17.065,51.05865,0.518
17.067,51.05865,0.504
17.069,51.05865,0.469
17.071,51.05865,0.494
17.073,51.05865,0.448
17.075,51.05865,0.484
17.077,51.05865,0.462
17.079,51.05865,0.483
17.081,51.05865,0.471
17.083,51.05865,0.485
17.085,51.05865,0.489
17.087,51.05865,0.498
17.089,51.05865,0.494
17.091,51.05865,0.529
17.093,51.05865,0.515
17.095,51.05865,0.53
17.097,51.05865,0.559
17.099,51.05865,0.55
17.101,51.05865,0.548
17.103,51.05865,0.589
17.105,51.05865,0.603
17.107,51.05865,0.562
17.109,51.05865,0.599
17.111,51.05865,0.613
17.113,51.05865,0.592
17.115,51.05865,0.626
17.117,51.05865,0.573
17.119,51.05865,0.629
17.121,51.05865,0.583
17.123,51.05865,0.558
17.125,51.05865,0.582
17.127,51.05865,0.598
17.129,51.05865,0.606
17.131,51.05865,0.588
17.133,51.05865,0.556
17.135,51.05865,0.608
17.137,51.05865,0.577
17.139,51.05865,0.583
17.141,51.05865,0.582
17.143,51.05865,0.64
17.145,51.05865,0.617
17.147,51.05865,0.602
17.149,51.05865,0.645
17.151,51.05865,0.622
17.153,51.05865,0.603
17.155,51.05865,0.645
17.157,51.05865,0.611
17.159,51.05865,0.663
17.161,51.05865,0.628
17.163,51.05865,0.623
17.165,51.05865,0.6
17.167,51.05865,0.597
17.169,51.05865,0.606
17.171,51.05865,0.603
17.173,51.05865,0.637
17.175,51.05865,0.578
17.177,51.05865,0.564
17.179,51.05865,0.561
17.181,51.05865,0.564
17.183,51.05865,0.533
17.185,51.05865,0.547
17.187,51.05865,0.568
17.189,51.05865,0.536
17.191,51.05865,0.508
17.193,51.05865,0.52
17.195,51.05865,0.497
17.197,51.05865,0.515
17.199,51.05865,0.493
17.201,51.05865,0.498
17.203,51.05865,0.504
17.205,51.05865,0.498
17.207,51.05865,0.488
17.209,51.05865,0.495
17.211,51.05865,0.481
17.213,51.05865,0.53
17.215,51.05865,0.517
17.217,51.05865,0.504
17.219,51.05865,0.501
17.221,51.05865,0.485
17.223,51.05865,0.512
17.225,51.05865,0.506
17.227,51.05865,0.46
17.229,51.05865,0.464
17.231,51.05865,0.499
17.233,51.05865,0.525
17.235,51.05865,0.485
17.237,51.05865,0.468
17.239,51.05865,0.456
17.241,51.05865,0.482
17.243,51.05865,0.53
17.245,51.05865,0.474
17.247,51.05865,0.472
17.249,51.05865,0.485
16.851,51.05735,0.624
16.853,51.05735,0.616
16.855,51.05735,0.576
16.857,51.05735,0.575
16.859,51.05735,0.648
16.861,51.05735,0.61
16.863,51.05735,0.615
16.865,51.05735,0.635
16.867,51.05735,0.609
16.869,51.05735,0.608
16.871,51.05735,0.649
16.873,51.05735,0.648
16.875,51.05735,0.632
16.877,51.05735,0.638
16.879,51.05735,0.665
16.881,51.05735,0.604
16.883,51.05735,0.601
16.885,51.05735,0.586
16.887,51.05735,0.558
16.889,51.05735,0.56
16.891,51.05735,0.519
16.893,51.05735,0.525
16.895,51.05735,0.538
16.897,51.05735,0.502
16.899,51.05735,0.484
16.901,51.05735,0.466
16.903,51.05735,0.468
16.905,51.05735,0.515
16.907,51.05735,0.512
16.909,51.05735,0.46
16.911,51.05735,0.522
16.913,51.05735,0.512
16.915,51.05735,0.491
16.917,51.05735,0.505
16.919,51.05735,0.524
16.921,51.05735,0.542
16.923,51.05735,0.522
16.925,51.05735,0.018
16.927,51.05735,0.065
16.929,51.05735,-0.009
16.931,51.05735,0.034
16.933,51.05735,0.062
16.935,51.05735,0.042
16.937,51.05735,0.023
16.939,51.05735,0.047
16.941,51.05735,0.056
16.943,51.05735,0.034
16.945,51.05735,0.02
16.947,51.05735,0.53
16.949,51.05735,0.5
16.951,51.05735,0.509
16.953,51.05735,0.507
16.955,51.05735,0.498
16.957,51.05735,0.463
16.959,51.05735,0.422
16.961,51.05735,0.452
16.963,51.05735,0.47
16.965,51.05735,0.476
16.967,51.05735,0.483
16.969,51.05735,0.46
16.971,51.05735,0.455
16.973,51.05735,0.433
16.975,51.05735,0.429
16.977,51.05735,0.424
16.979,51.05735,0.446
16.981,51.05735,0.443
16.983,51.05735,0.451
16.985,51.05735,0.448
16.987,51.05735,0.454
16.989,51.05735,0.475
16.991,51.05735,0.481
16.993,51.05735,0.472
16.995,51.05735,0.478
16.997,51.05735,0.477
16.999,51.05735,0.495
17.001,51.05735,0.522
17.003,51.05735,0.513
17.005,51.05735,0.528
17.007,51.05735,0.54
17.009,51.05735,0.525
17.011,51.05735,0.585
17.013,51.05735,0.587
17.015,51.05735,0.555
17.017,51.05735,0.528
17.019,51.05735,0.55
17.021,51.05735,0.511
17.023,51.05735,0.544
17.025,51.05735,0.499
17.027,51.05735,0.5
17.029,51.05735,0.506
17.031,51.05735,0.481
17.033,51.05735,0.461
17.035,51.05735,0.436
17.037,51.05735,0.489
17.039,51.05735,0.479
17.041,51.05735,0.458
17.043,51.05735,0.467
17.045,51.05735,0.485
17.047,51.05735,0.453
17.049,51.05735,0.465
17.051,51.05735,0.457
17.053,51.05735,0.534
17.055,51.05735,0.489
17.057,51.05735,0.546
17.059,51.05735,0.514
17.061,51.05735,0.518
17.063,51.05735,0.53
17.065,51.05735,0.53
17.067,51.05735,0.494
17.069,51.05735,0.492
17.071,51.05735,0.438
17.073,51.05735,0.504
17.075,51.05735,0.489
17.077,51.05735,0.482
17.079,51.05735,0.506
17.081,51.05735,0.525
17.083,51.05735,0.491
17.085,51.05735,0.505
17.087,51.05735,0.505
17.089,51.05735,0.542
17.091,51.05735,0.503
17.093,51.05735,0.56
17.095,51.05735,0.538
17.097,51.05735,0.564
17.099,51.05735,0.558
17.101,51.05735,0.591
17.103,51.05735,0.58
17.105,51.05735,0.567
17.107,51.05735,0.596
17.109,51.05735,0.618
17.111,51.05735,0.574
17.113,51.05735,0.613
17.115,51.05735,0.607
17.117,51.05735,0.586
17.119,51.05735,0.603
17.121,51.05735,0.615
17.123,51.05735,0.633
17.125,51.05735,0.578
17.127,51.05735,0.608
17.129,51.05735,0.567
17.131,51.05735,0.614
17.133,51.05735,0.614
17.135,51.05735,0.618
17.137,51.05735,0.614
17.139,51.05735,0.59
17.141,51.05735,0.611
17.143,51.05735,0.589
17.145,51.05735,0.602
17.147,51.05735,0.6
17.149,51.05735,0.638
17.151,51.05735,0.625
17.153,51.05735,0.602
17.155,51.05735,0.621
17.157,51.05735,0.614
17.159,51.05735,0.596
17.161,51.05735,0.608
17.163,51.05735,0.635
17.165,51.05735,0.607
17.167,51.05735,0.621
17.169,51.05735,0.595
17.171,51.05735,0.606
17.173,51.05735,0.608
17.175,51.05735,0.583
17.177,51.05735,0.604
17.179,51.05735,0.55
17.181,51.05735,0.594
17.183,51.05735,0.52
17.185,51.05735,0.513
17.187,51.05735,0.512
17.189,51.05735,0.521
17.191,51.05735,0.515
17.193,51.05735,0.505
17.195,51.05735,0.472
17.197,51.05735,0.499
17.199,51.05735,0.493
17.201,51.05735,0.501
17.203,51.05735,0.53
17.205,51.05735,0.49
17.207,51.05735,0.476
17.209,51.05735,0.493
17.211,51.05735,0.496
17.213,51.05735,0.563
17.215,51.05735,0.525
17.217,51.05735,0.514
17.219,51.05735,0.495
17.221,51.05735,0.494
17.223,51.05735,0.513
17.225,51.05735,0.48
17.227,51.05735,0.548
17.229,51.05735,0.503
17.231,51.05735,0.474
17.233,51.05735,0.48
17.235,51.05735,0.468
17.237,51.05735,0.487
17.239,51.05735,0.458
17.241,51.05735,0.468
17.243,51.05735,0.516
17.245,51.05735,0.46
17.247,51.05735,0.481
17.249,51.05735,0.512
16.851,51.05605,0.609
16.853,51.05605,0.603
16.855,51.05605,0.594
16.857,51.05605,0.625
16.859,51.05605,0.635
16.861,51.05605,0.592
16.863,51.05605,0.624
16.865,51.05605,0.652
16.867,51.05605,0.632
16.869,51.05605,0.658
16.871,51.05605,0.636
16.873,51.05605,0.632
16.875,51.05605,0.638
16.877,51.05605,0.63
16.879,51.05605,0.599
16.881,51.05605,0.635
16.883,51.05605,0.604
16.885,51.05605,0.612
16.887,51.05605,0.54
16.889,51.05605,0.555
16.891,51.05605,0.554
16.893,51.05605,0.476
16.895,51.05605,0.5
16.897,51.05605,0.497
16.899,51.05605,0.481
16.901,51.05605,0.469
16.903,51.05605,0.45
16.905,51.05605,0.468
16.907,51.05605,0.454
16.909,51.05605,0.469
16.911,51.05605,0.487
16.913,51.05605,0.474
16.915,51.05605,0.507
16.917,51.05605,0.49
16.919,51.05605,0.521
16.921,51.05605,0.005
16.923,51.05605,0.042
16.925,51.05605,0.02
16.927,51.05605,0.054
16.929,51.05605,0.024
16.931,51.05605,0.075
16.933,51.05605,0.007
16.935,51.05605,-0.007
16.937,51.05605,0.066
16.939,51.05605,0.064
16.941,51.05605,-0.014
16.943,51.05605,0.537
16.945,51.05605,0.519
16.947,51.05605,0.494
16.949,51.05605,0.51
16.951,51.05605,0.473
16.953,51.05605,0.486
16.955,51.05605,0.478
16.957,51.05605,0.466
16.959,51.05605,0.475
16.961,51.05605,0.453
16.963,51.05605,0.457
16.965,51.05605,0.457
16.967,51.05605,0.461
16.969,51.05605,0.43
16.971,51.05605,0.428
16.973,51.05605,0.416
16.975,51.05605,0.463
16.977,51.05605,0.439
16.979,51.05605,0.409
16.981,51.05605,0.419
16.983,51.05605,0.486
16.985,51.05605,0.432
16.987,51.05605,0.446
16.989,51.05605,0.473
16.991,51.05605,0.456
16.993,51.05605,0.47
16.995,51.05605,0.492
16.997,51.05605,0.424
16.999,51.05605,0.482
17.001,51.05605,0.483
17.003,51.05605,0.513
17.005,51.05605,0.535
17.007,51.05605,0.51
17.009,51.05605,0.549
17.011,51.05605,0.538
17.013,51.05605,0.549
17.015,51.05605,0.551
17.017,51.05605,0.616
17.019,51.05605,0.526
17.021,51.05605,0.566
17.023,51.05605,0.544
17.025,51.05605,0.529
17.027,51.05605,0.525
17.029,51.05605,0.505
17.031,51.05605,0.515
17.033,51.05605,0.47
17.035,51.05605,0.518
17.037,51.05605,0.484
17.039,51.05605,0.489
17.041,51.05605,0.463
17.043,51.05605,0.45
17.045,51.05605,0.462
17.047,51.05605,0.448
17.049,51.05605,0.499
17.051,51.05605,0.521
17.053,51.05605,0.499
17.055,51.05605,0.52
17.057,51.05605,0.525
17.059,51.05605,0.522
17.061,51.05605,0.51
17.063,51.05605,0.486
17.065,51.05605,0.529
17.067,51.05605,0.534
17.069,51.05605,0.512
17.071,51.05605,0.507
17.073,51.05605,0.504
17.075,51.05605,0.486
17.077,51.05605,0.476
17.079,51.05605,0.491
17.081,51.05605,0.505
17.083,51.05605,0.481
17.085,51.05605,0.502
17.087,51.05605,0.491
17.089,51.05605,0.523
17.091,51.05605,0.526
17.093,51.05605,0.548
17.095,51.05605,0.54
17.097,51.05605,0.566
17.099,51.05605,0.576
17.101,51.05605,0.57
17.103,51.05605,0.586
17.105,51.05605,0.599
17.107,51.05605,0.597
17.109,51.05605,0.595
17.111,51.05605,0.593
17.113,51.05605,0.609
17.115,51.05605,0.594
17.117,51.05605,0.627
17.119,51.05605,0.625
17.121,51.05605,0.605
17.123,51.05605,0.613
17.125,51.05605,0.582
17.127,51.05605,0.621
17.129,51.05605,0.596
17.131,51.05605,0.594
17.133,51.05605,0.601
17.135,51.05605,0.578
17.137,51.05605,0.607
17.139,51.05605,0.574
17.141,51.05605,0.595
17.143,51.05605,0.575
17.145,51.05605,0.597
17.147,51.05605,0.599
17.149,51.05605,0.605
17.151,51.05605,0.599
17.153,51.05605,0.599
17.155,51.05605,0.674
17.157,51.05605,0.651
17.159,51.05605,0.623
17.161,51.05605,0.65
17.163,51.05605,0.664
17.165,51.05605,0.616
17.167,51.05605,0.61
17.169,51.05605,0.567
17.171,51.05605,0.608
17.173,51.05605,0.608
17.175,51.05605,0.555
17.177,51.05605,0.541
17.179,51.05605,0.559
17.181,51.05605,0.539
17.183,51.05605,0.581
17.185,51.05605,0.521
17.187,51.05605,0.51
17.189,51.05605,0.525
17.191,51.05605,0.489
17.193,51.05605,0.485
17.195,51.05605,0.537
17.197,51.05605,0.532
17.199,51.05605,0.532
17.201,51.05605,0.49
17.203,51.05605,0.531
17.205,51.05605,0.516
17.207,51.05605,0.503
17.209,51.05605,0.478
17.211,51.05605,0.508
17.213,51.05605,0.487
17.215,51.05605,0.518
17.217,51.05605,0.463
17.219,51.05605,0.525
17.221,51.05605,0.566
17.223,51.05605,0.499
17.225,51.05605,0.489
17.227,51.05605,0.537
17.229,51.05605,0.541
17.231,51.05605,0.485
17.233,51.05605,0.486
17.235,51.05605,0.508
17.237,51.05605,0.518
17.239,51.05605,0.521
17.241,51.05605,0.52
17.243,51.05605,0.524
17.245,51.05605,0.499
17.247,51.05605,0.494
17.249,51.05605,0.506
16.851,51.05475,0.604
16.853,51.05475,0.595
16.855,51.05475,0.608
16.857,51.05475,0.63
16.859,51.05475,0.608
16.861,51.05475,0.633
16.863,51.05475,0.586
16.865,51.05475,0.585
16.867,51.05475,0.615
16.869,51.05475,0.586
16.871,51.05475,0.655
16.873,51.05475,0.609
16.875,51.05475,0.607
16.877,51.05475,0.616
16.879,51.05475,0.65
16.881,51.05475,0.604
16.883,51.05475,0.585
16.885,51.05475,0.577
16.887,51.05475,0.554
16.889,51.05475,0.522
16.891,51.05475,0.5
16.893,51.05475,0.486
16.895,51.05475,0.498
16.897,51.05475,0.526
16.899,51.05475,0.445
16.901,51.05475,0.443
16.903,51.05475,0.45
16.905,51.05475,0.463
16.907,51.05475,0.463
16.909,51.05475,0.474
16.911,51.05475,0.466
16.913,51.05475,0.523
16.915,51.05475,0.481
16.917,51.05475,0.483
16.919,51.05475,0.033
16.921,51.05475,0.007
16.923,51.05475,0.006
16.925,51.05475,0.004
16.927,51.05475,0.054
16.929,51.05475,0.036
16.931,51.05475,0.037
16.933,51.05475,0.021
16.935,51.05475,0.034
16.937,51.05475,-0.043
16.939,51.05475,0.01
16.941,51.05475,0.512
16.943,51.05475,0.529
16.945,51.05475,0.561
16.947,51.05475,0.532
16.949,51.05475,0.505
16.951,51.05475,0.492
16.953,51.05475,0.485
16.955,51.05475,0.495
16.957,51.05475,0.484
16.959,51.05475,0.498
16.961,51.05475,0.455
16.963,51.05475,0.5
16.965,51.05475,0.443
16.967,51.05475,0.45
16.969,51.05475,0.429
16.971,51.05475,0.466
16.973,51.05475,0.437
16.975,51.05475,0.418
16.977,51.05475,0.466
16.979,51.05475,0.468
16.981,51.05475,0.451
16.983,51.05475,0.453
16.985,51.05475,0.433
16.987,51.05475,0.465
16.989,51.05475,0.462
16.991,51.05475,0.486
16.993,51.05475,0.468
16.995,51.05475,0.453
16.997,51.05475,0.488
16.999,51.05475,0.52
17.001,51.05475,0.484
17.003,51.05475,0.496
17.005,51.05475,0.505
17.007,51.05475,0.53
17.009,51.05475,0.527
17.011,51.05475,0.508
17.013,51.05475,0.543
17.015,51.05475,0.522
17.017,51.05475,0.534
17.019,51.05475,0.554
17.021,51.05475,0.553
17.023,51.05475,0.545
17.025,51.05475,0.534
17.027,51.05475,0.557
17.029,51.05475,0.555
17.031,51.05475,0.539
17.033,51.05475,0.503
17.035,51.05475,0.474
17.037,51.05475,0.489
17.039,51.05475,0.488
17.041,51.05475,0.486
17.043,51.05475,0.421
17.045,51.05475,0.486
17.047,51.05475,0.485
17.049,51.05475,0.494
17.051,51.05475,0.472
17.053,51.05475,0.461
17.055,51.05475,0.485
17.057,51.05475,0.506
17.059,51.05475,0.518
17.061,51.05475,0.486
17.063,51.05475,0.525
17.065,51.05475,0.535
17.067,51.05475,0.483
17.069,51.05475,0.49
17.071,51.05475,0.467
17.073,51.05475,0.527
17.075,51.05475,0.484
17.077,51.05475,0.481
17.079,51.05475,0.491
17.081,51.05475,0.466
17.083,51.05475,0.486
17.085,51.05475,0.494
17.087,51.05475,0.509
17.089,51.05475,0.502
17.091,51.05475,0.533
17.093,51.05475,0.545
17.095,51.05475,0.586
17.097,51.05475,0.604
17.099,51.05475,0.567
17.101,51.05475,0.588
17.103,51.05475,0.605
17.105,51.05475,0.608
17.107,51.05475,0.62
17.109,51.05475,0.622
17.111,51.05475,0.63
17.113,51.05475,0.633
17.115,51.05475,0.59
17.117,51.05475,0.634
17.119,51.05475,0.589
17.121,51.05475,0.567
17.123,51.05475,0.613
17.125,51.05475,0.587
17.127,51.05475,0.598
17.129,51.05475,0.59
17.131,51.05475,0.579
17.133,51.05475,0.577
17.135,51.05475,0.579
17.137,51.05475,0.563
17.139,51.05475,0.578
17.141,51.05475,0.588
17.143,51.05475,0.587
17.145,51.05475,0.578
17.147,51.05475,0.563
17.149,51.05475,0.606
17.151,51.05475,0.619
17.153,51.05475,0.614
17.155,51.05475,0.555
17.157,51.05475,0.612
17.159,51.05475,0.635
17.161,51.05475,0.597
17.163,51.05475,0.578
17.165,51.05475,0.601
17.167,51.05475,0.562
17.169,51.05475,0.567
17.171,51.05475,0.559
17.173,51.05475,0.554
17.175,51.05475,0.602
17.177,51.05475,0.539
17.179,51.05475,0.559
17.181,51.05475,0.538
17.183,51.05475,0.526
17.185,51.05475,0.549
17.187,51.05475,0.51
17.189,51.05475,0.495
17.191,51.05475,0.513
17.193,51.05475,0.498
17.195,51.05475,0.489
17.197,51.05475,0.481
17.199,51.05475,0.484
17.201,51.05475,0.499
17.203,51.05475,0.532
17.205,51.05475,0.514
17.207,51.05475,0.517
17.209,51.05475,0.493
17.211,51.05475,0.519
17.213,51.05475,0.495
17.215,51.05475,0.532
17.217,51.05475,0.531
17.219,51.05475,0.513
17.221,51.05475,0.532
17.223,51.05475,0.558
17.225,51.05475,0.508
17.227,51.05475,0.511
17.229,51.05475,0.499
17.231,51.05475,0.509
17.233,51.05475,0.507
17.235,51.05475,0.532
17.237,51.05475,0.491
17.239,51.05475,0.487
17.241,51.05475,0.523
17.243,51.05475,0.456
17.245,51.05475,0.508
17.247,51.05475,0.508
17.249,51.05475,0.515
16.851,51.05345,0.609
16.853,51.05345,0.607
16.855,51.05345,0.627
16.857,51.05345,0.625
16.859,51.05345,0.617
16.861,51.05345,0.6
16.863,51.05345,0.649
16.865,51.05345,0.644
16.867,51.05345,0.636
16.869,51.05345,0.647
16.871,51.05345,0.624
16.873,51.05345,0.629
16.875,51.05345,0.627
16.877,51.05345,0.615
16.879,51.05345,0.595
16.881,51.05345,0.605
16.883,51.05345,0.579
16.885,51.05345,0.601
16.887,51.05345,0.562
16.889,51.05345,0.525
16.891,51.05345,0.526
16.893,51.05345,0.515
16.895,51.05345,0.527
16.897,51.05345,0.5
16.899,51.05345,0.446
16.901,51.05345,0.434
16.903,51.05345,0.453
16.905,51.05345,0.462
16.907,51.05345,0.445
16.909,51.05345,0.441
16.911,51.05345,0.507
16.913,51.05345,0.478
16.915,51.05345,0.542
16.917,51.05345,0.016
16.919,51.05345,0.064
16.921,51.05345,0.059
16.923,51.05345,0.047
16.925,51.05345,0.019
16.927,51.05345,0.024
16.929,51.05345,0.087
16.931,51.05345,-0.013
16.933,51.05345,0.08
16.935,51.05345,0.032
16.937,51.05345,0.076
16.939,51.05345,0.53
16.941,51.05345,0.531
16.943,51.05345,0.521
16.945,51.05345,0.534
16.947,51.05345,0.526
16.949,51.05345,0.521
16.951,51.05345,0.504
16.953,51.05345,0.507
16.955,51.05345,0.495
16.957,51.05345,0.467
16.959,51.05345,0.433
16.961,51.05345,0.455
16.963,51.05345,0.446
16.965,51.05345,0.47
16.967,51.05345,0.421
16.969,51.05345,0.417
16.971,51.05345,0.437
16.973,51.05345,0.44
16.975,51.05345,0.466
16.977,51.05345,0.462
16.979,51.05345,0.448
16.981,51.05345,0.45
16.983,51.05345,0.42
16.985,51.05345,0.441
16.987,51.05345,0.475
16.989,51.05345,0.461
16.991,51.05345,0.488
16.993,51.05345,0.496
16.995,51.05345,0.451
16.997,51.05345,0.504
16.999,51.05345,0.499
17.001,51.05345,0.475
17.003,51.05345,0.496
17.005,51.05345,0.515
17.007,51.05345,0.524
17.009,51.05345,0.507
17.011,51.05345,0.515
17.013,51.05345,0.548
17.015,51.05345,0.545
17.017,51.05345,0.598
17.019,51.05345,0.568
17.021,51.05345,0.55
17.023,51.05345,0.552
17.025,51.05345,0.552
17.027,51.05345,0.55
17.029,51.05345,0.51
17.031,51.05345,0.521
17.033,51.05345,0.526
17.035,51.05345,0.509
17.037,51.05345,0.524
17.039,51.05345,0.508
17.041,51.05345,0.451
17.043,51.05345,0.473
17.045,51.05345,0.47
17.047,51.05345,0.478
17.049,51.05345,0.448
17.051,51.05345,0.432
17.053,51.05345,0.461
17.055,51.05345,0.544
17.057,51.05345,0.494
17.059,51.05345,0.509
17.061,51.05345,0.51
17.063,51.05345,0.531
17.065,51.05345,0.524
17.067,51.05345,0.521
17.069,51.05345,0.52
17.071,51.05345,0.502
17.073,51.05345,0.464
17.075,51.05345,0.492
17.077,51.05345,0.47
17.079,51.05345,0.498
17.081,51.05345,0.494
17.083,51.05345,0.467
17.085,51.05345,0.485
17.087,51.05345,0.483
17.089,51.05345,0.517
17.091,51.05345,0.522
17.093,51.05345,0.547
17.095,51.05345,0.591
17.097,51.05345,0.615
17.099,51.05345,0.551
17.101,51.05345,0.588
17.103,51.05345,0.594
17.105,51.05345,0.609
17.107,51.05345,0.605
17.109,51.05345,0.658
17.111,51.05345,0.581
17.113,51.05345,0.617
17.115,51.05345,0.605
17.117,51.05345,0.623
17.119,51.05345,0.599
17.121,51.05345,0.608
17.123,51.05345,0.595
17.125,51.05345,0.597
17.127,51.05345,0.631
17.129,51.05345,0.621
17.131,51.05345,0.577
17.133,51.05345,0.564
17.135,51.05345,0.566
17.137,51.05345,0.543
17.139,51.05345,0.51
17.141,51.05345,0.544
17.143,51.05345,0.57
17.145,51.05345,0.585
17.147,51.05345,0.577
17.149,51.05345,0.57
17.151,51.05345,0.593
17.153,51.05345,0.562
17.155,51.05345,0.613
17.157,51.05345,0.595
17.159,51.05345,0.609
17.161,51.05345,0.621
17.163,51.05345,0.624
17.165,51.05345,0.586
17.167,51.05345,0.608
17.169,51.05345,0.605
17.171,51.05345,0.592
17.173,51.05345,0.56
17.175,51.05345,0.523
17.177,51.05345,0.541
17.179,51.05345,0.547
17.181,51.05345,0.52
17.183,51.05345,0.515
17.185,51.05345,0.508
17.187,51.05345,0.503
17.189,51.05345,0.507
17.191,51.05345,0.509
17.193,51.05345,0.525
17.195,51.05345,0.515
17.197,51.05345,0.483
17.199,51.05345,0.514
17.201,51.05345,0.498
17.203,51.05345,0.483
17.205,51.05345,0.515
17.207,51.05345,0.478
17.209,51.05345,0.519
17.211,51.05345,0.527
17.213,51.05345,0.524
17.215,51.05345,0.514
17.217,51.05345,0.482
17.219,51.05345,0.526
17.221,51.05345,0.519
17.223,51.05345,0.52
17.225,51.05345,0.524
17.227,51.05345,0.54
17.229,51.05345,0.525
17.231,51.05345,0.492
17.233,51.05345,0.567
17.235,51.05345,0.512
17.237,51.05345,0.521
17.239,51.05345,0.485
17.241,51.05345,0.531
17.243,51.05345,0.527
17.245,51.05345,0.53
17.247,51.05345,0.524
17.249,51.05345,0.541
16.851,51.05215,0.6
16.853,51.05215,0.575
16.855,51.05215,0.589
16.857,51.05215,0.602
16.859,51.05215,0.609
16.861,51.05215,0.621
16.863,51.05215,0.667
16.865,51.05215,0.673
16.867,51.05215,0.615
16.869,51.05215,0.585
16.871,51.05215,0.585
16.873,51.05215,0.614
16.875,51.05215,0.614
16.877,51.05215,0.595
16.879,51.05215,0.629
16.881,51.05215,0.672
16.883,51.05215,0.595
16.885,51.05215,0.569
16.887,51.05215,0.571
16.889,51.05215,0.515
16.891,51.05215,0.53
16.893,51.05215,0.535
16.895,51.05215,0.511
16.897,51.05215,0.457
16.899,51.05215,0.5
16.901,51.05215,0.469
16.903,51.05215,0.476
16.905,51.05215,0.5
16.907,51.05215,0.46
16.909,51.05215,0.443
16.911,51.05215,0.514
16.913,51.05215,0.521
16.915,51.05215,0.026
16.917,51.05215,-0.026
16.919,51.05215,0.049
16.921,51.05215,0.003
16.923,51.05215,0.024
16.925,51.05215,0.001
16.927,51.05215,0.006
16.929,51.05215,-0.027
16.931,51.05215,0.018
16.933,51.05215,0.108
16.935,51.05215,0
16.937,51.05215,0.533
16.939,51.05215,0.528
16.941,51.05215,0.54
16.943,51.05215,0.535
16.945,51.05215,0.504
16.947,51.05215,0.519
16.949,51.05215,0.528
16.951,51.05215,0.547
16.953,51.05215,0.486
16.955,51.05215,0.475
16.957,51.05215,0.515
16.959,51.05215,0.485
16.961,51.05215,0.48
16.963,51.05215,0.458
16.965,51.05215,0.489
16.967,51.05215,0.468
16.969,51.05215,0.442
16.971,51.05215,0.43
16.973,51.05215,0.461
16.975,51.05215,0.437
16.977,51.05215,0.457
16.979,51.05215,0.434
16.981,51.05215,0.436
16.983,51.05215,0.458
16.985,51.05215,0.433
16.987,51.05215,0.473
16.989,51.05215,0.451
16.991,51.05215,0.457
16.993,51.05215,0.466
16.995,51.05215,0.473
16.997,51.05215,0.474
16.999,51.05215,0.469
17.001,51.05215,0.475
17.003,51.05215,0.504
17.005,51.05215,0.518
17.007,51.05215,0.564
17.009,51.05215,0.536
17.011,51.05215,0.535
17.013,51.05215,0.575
17.015,51.05215,0.55
17.017,51.05215,0.582
17.019,51.05215,0.571
17.021,51.05215,0.587
17.023,51.05215,0.516
17.025,51.05215,0.548
17.027,51.05215,0.545
17.029,51.05215,0.519
17.031,51.05215,0.573
17.033,51.05215,0.518
17.035,51.05215,0.525
17.037,51.05215,0.492
17.039,51.05215,0.518
17.041,51.05215,0.525
17.043,51.05215,0.52
17.045,51.05215,0.47
17.047,51.05215,0.493
17.049,51.05215,0.529
17.051,51.05215,0.522
17.053,51.05215,0.502
17.055,51.05215,0.528
17.057,51.05215,0.5
17.059,51.05215,0.549
17.061,51.05215,0.52
17.063,51.05215,0.525
17.065,51.05215,0.504
17.067,51.05215,0.52
17.069,51.05215,0.509
17.071,51.05215,0.513
17.073,51.05215,0.516
17.075,51.05215,0.492
17.077,51.05215,0.478
17.079,51.05215,0.524
17.081,51.05215,0.535
17.083,51.05215,0.495
17.085,51.05215,0.497
17.087,51.05215,0.516
17.089,51.05215,0.547
17.091,51.05215,0.525
17.093,51.05215,0.557
17.095,51.05215,0.563
17.097,51.05215,0.612
17.099,51.05215,0.615
17.101,51.05215,0.584
17.103,51.05215,0.648
17.105,51.05215,0.614
17.107,51.05215,0.601
17.109,51.05215,0.618
17.111,51.05215,0.589
17.113,51.05215,0.631
17.115,51.05215,0.607
17.117,51.05215,0.605
17.119,51.05215,0.634
17.121,51.05215,0.62
17.123,51.05215,0.61
17.125,51.05215,0.575
17.127,51.05215,0.585
17.129,51.05215,0.579
17.131,51.05215,0.536
17.133,51.05215,0.571
17.135,51.05215,0.565
17.137,51.05215,0.562
17.139,51.05215,0.531
17.141,51.05215,0.569
17.143,51.05215,0.562
17.145,51.05215,0.591
17.147,51.05215,0.596
17.149,51.05215,0.598
17.151,51.05215,0.605
17.153,51.05215,0.599
17.155,51.05215,0.595
17.157,51.05215,0.604
17.159,51.05215,0.589
17.161,51.05215,0.593
17.163,51.05215,0.603
17.165,51.05215,0.589
17.167,51.05215,0.602
17.169,51.05215,0.57
17.171,51.05215,0.549
17.173,51.05215,0.566
17.175,51.05215,0.528
17.177,51.05215,0.547
17.179,51.05215,0.549
17.181,51.05215,0.544
17.183,51.05215,0.53
17.185,51.05215,0.495
17.187,51.05215,0.522
17.189,51.05215,0.51
17.191,51.05215,0.484
17.193,51.05215,0.511
17.195,51.05215,0.486
17.197,51.05215,0.52
17.199,51.05215,0.492
17.201,51.05215,0.494
17.203,51.05215,0.544
17.205,51.05215,0.499
17.207,51.05215,0.578
17.209,51.05215,0.53
17.211,51.05215,0.511
17.213,51.05215,0.5
17.215,51.05215,0.527
17.217,51.05215,0.526
17.219,51.05215,0.512
17.221,51.05215,0.54
17.223,51.05215,0.58
17.225,51.05215,0.559
17.227,51.05215,0.525
17.229,51.05215,0.529
17.231,51.05215,0.558
17.233,51.05215,0.535
17.235,51.05215,0.514
17.237,51.05215,0.512
17.239,51.05215,0.543
17.241,51.05215,0.508
17.243,51.05215,0.545
17.245,51.05215,0.486
17.247,51.05215,0.51
17.249,51.05215,0.558
16.851,51.05085,0.619
16.853,51.05085,0.586
16.855,51.05085,0.614
16.857,51.05085,0.65
16.859,51.05085,0.618
16.861,51.05085,0.597
16.863,51.05085,0.618
16.865,51.05085,0.63
16.867,51.05085,0.618
16.869,51.05085,0.639
16.871,51.05085,0.651
16.873,51.05085,0.593
16.875,51.05085,0.633
16.877,51.05085,0.611
16.879,51.05085,0.599
16.881,51.05085,0.617
16.883,51.05085,0.606
16.885,51.05085,0.577
16.887,51.05085,0.533
16.889,51.05085,0.487
16.891,51.05085,0.548
16.893,51.05085,0.519
16.895,51.05085,0.494
16.897,51.05085,0.482
16.899,51.05085,0.44
16.901,51.05085,0.479
16.903,51.05085,0.443
16.905,51.05085,0.478
16.907,51.05085,0.46
16.909,51.05085,0.474
16.911,51.05085,0.519
16.913,51.05085,0.051
16.915,51.05085,0.032
16.917,51.05085,0.044
16.919,51.05085,0.017
16.921,51.05085,0.056
16.923,51.05085,0.063
16.925,51.05085,0.058
16.927,51.05085,0.07
16.929,51.05085,-0.001
16.931,51.05085,0.037
16.933,51.05085,0.056
16.935,51.05085,0.553
16.937,51.05085,0.544
16.939,51.05085,0.552
16.941,51.05085,0.554
16.943,51.05085,0.537
16.945,51.05085,0.531
16.947,51.05085,0.507
16.949,51.05085,0.491
16.951,51.05085,0.5
16.953,51.05085,0.484
16.955,51.05085,0.538
16.957,51.05085,0.508
16.959,51.05085,0.492
16.961,51.05085,0.463
16.963,51.05085,0.47
16.965,51.05085,0.466
16.967,51.05085,0.432
16.969,51.05085,0.489
16.971,51.05085,0.441
16.973,51.05085,0.435
16.975,51.05085,0.43
16.977,51.05085,0.47
16.979,51.05085,0.429
16.981,51.05085,0.449
16.983,51.05085,0.461
16.985,51.05085,0.421
16.987,51.05085,0.438
16.989,51.05085,0.486
16.991,51.05085,0.482
16.993,51.05085,0.464
16.995,51.05085,0.496
16.997,51.05085,0.476
16.999,51.05085,0.538
17.001,51.05085,0.504
17.003,51.05085,0.529
17.005,51.05085,0.488
17.007,51.05085,0.557
17.009,51.05085,0.549
17.011,51.05085,0.541
17.013,51.05085,0.555
17.015,51.05085,0.563
17.017,51.05085,0.605
17.019,51.05085,0.58
17.021,51.05085,0.574
17.023,51.05085,0.512
17.025,51.05085,0.571
17.027,51.05085,0.545
17.029,51.05085,0.553
17.031,51.05085,0.537
17.033,51.05085,0.586
17.035,51.05085,0.525
17.037,51.05085,0.496
17.039,51.05085,0.502
17.041,51.05085,0.495
17.043,51.05085,0.486
17.045,51.05085,0.524
17.047,51.05085,0.548
17.049,51.05085,0.521
17.051,51.05085,0.505
17.053,51.05085,0.516
17.055,51.05085,0.502
17.057,51.05085,0.499
17.059,51.05085,0.545
17.061,51.05085,0.521
17.063,51.05085,0.522
17.065,51.05085,0.501
17.067,51.05085,0.473
17.069,51.05085,0.488
17.071,51.05085,0.473
17.073,51.05085,0.5
17.075,51.05085,0.533
17.077,51.05085,0.469
17.079,51.05085,0.509
17.081,51.05085,0.502
17.083,51.05085,0.502
17.085,51.05085,0.543
17.087,51.05085,0.511
17.089,51.05085,0.579
17.091,51.05085,0.567
17.093,51.05085,0.552
17.095,51.05085,0.572
17.097,51.05085,0.549
17.099,51.05085,0.595
17.101,51.05085,0.626
17.103,51.05085,0.611
17.105,51.05085,0.578
17.107,51.05085,0.622
17.109,51.05085,0.602
17.111,51.05085,0.635
17.113,51.05085,0.609
17.115,51.05085,0.625
17.117,51.05085,0.644
17.119,51.05085,0.621
17.121,51.05085,0.63
17.123,51.05085,0.59
17.125,51.05085,0.578
17.127,51.05085,0.601
17.129,51.05085,0.569
17.131,51.05085,0.568
17.133,51.05085,0.58
17.135,51.05085,0.591
17.137,51.05085,0.556
17.139,51.05085,0.545
17.141,51.05085,0.529
17.143,51.05085,0.523
17.145,51.05085,0.559
17.147,51.05085,0.561
17.149,51.05085,0.581
17.151,51.05085,0.552
17.153,51.05085,0.575
17.155,51.05085,0.55
17.157,51.05085,0.536
17.159,51.05085,0.525
17.161,51.05085,0.563
17.163,51.05085,0.562
17.165,51.05085,0.56
17.167,51.05085,0.554
17.169,51.05085,0.542
17.171,51.05085,0.535
17.173,51.05085,0.558
17.175,51.05085,0.496
17.177,51.05085,0.521
17.179,51.05085,0.508
17.181,51.05085,0.494
17.183,51.05085,0.492
17.185,51.05085,0.477
17.187,51.05085,0.516
17.189,51.05085,0.526
17.191,51.05085,0.463
17.193,51.05085,0.535
17.195,51.05085,0.519
17.197,51.05085,0.494
17.199,51.05085,0.47
17.201,51.05085,0.478
17.203,51.05085,0.514
17.205,51.05085,0.51
17.207,51.05085,0.522
17.209,51.05085,0.495
17.211,51.05085,0.528
17.213,51.05085,0.565
17.215,51.05085,0.504
17.217,51.05085,0.561
17.219,51.05085,0.552
17.221,51.05085,0.534
17.223,51.05085,0.547
17.225,51.05085,0.544
17.227,51.05085,0.546
17.229,51.05085,0.541
17.231,51.05085,0.521
17.233,51.05085,0.58
17.235,51.05085,0.52
17.237,51.05085,0.552
17.239,51.05085,0.556
17.241,51.05085,0.53
17.243,51.05085,0.539
17.245,51.05085,0.537
17.247,51.05085,0.531
17.249,51.05085,0.501
16.851,51.04955,0.565
16.853,51.04955,0.634
16.855,51.04955,0.566
16.857,51.04955,0.561
16.859,51.04955,0.583
16.861,51.04955,0.622
16.863,51.04955,0.638
16.865,51.04955,0.62
16.867,51.04955,0.63
16.869,51.04955,0.613
16.871,51.04955,0.643
16.873,51.04955,0.625
16.875,51.04955,0.643
16.877,51.04955,0.645
16.879,51.04955,0.604
16.881,51.04955,0.564
16.883,51.04955,0.588
16.885,51.04955,0.551
16.887,51.04955,0.534
16.889,51.04955,0.547
16.891,51.04955,0.505
16.893,51.04955,0.518
16.895,51.04955,0.478
16.897,51.04955,0.461
16.899,51.04955,0.451
16.901,51.04955,0.463
16.903,51.04955,0.463
16.905,51.04955,0.449
16.907,51.04955,0.51
16.909,51.04955,0.498
16.911,51.04955,0.09
16.913,51.04955,0.034
16.915,51.04955,0.037
16.917,51.04955,0.042
16.919,51.04955,-0.011
16.921,51.04955,0.026
16.923,51.04955,0.02
16.925,51.04955,0.027
16.927,51.04955,0.024
16.929,51.04955,0.025
16.931,51.04955,0.54
16.933,51.04955,0.553
16.935,51.04955,0.551
16.937,51.04955,0.551
16.939,51.04955,0.549
16.941,51.04955,0.527
16.943,51.04955,0.579
16.945,51.04955,0.531
16.947,51.04955,0.535
16.949,51.04955,0.559
16.951,51.04955,0.514
16.953,51.04955,0.516
16.955,51.04955,0.511
16.957,51.04955,0.511
16.959,51.04955,0.502
16.961,51.04955,0.469
16.963,51.04955,0.456
16.965,51.04955,0.483
16.967,51.04955,0.461
16.969,51.04955,0.431
16.971,51.04955,0.441
16.973,51.04955,0.433
16.975,51.04955,0.44
16.977,51.04955,0.439
16.979,51.04955,0.423
16.981,51.04955,0.41
16.983,51.04955,0.461
16.985,51.04955,0.443
16.987,51.04955,0.452
16.989,51.04955,0.468
16.991,51.04955,0.472
16.993,51.04955,0.476
16.995,51.04955,0.483
16.997,51.04955,0.469
16.999,51.04955,0.487
17.001,51.04955,0.539
17.003,51.04955,0.551
17.005,51.04955,0.501
17.007,51.04955,0.522
17.009,51.04955,0.551
17.011,51.04955,0.567
17.013,51.04955,0.555
17.015,51.04955,0.566
17.017,51.04955,0.526
17.019,51.04955,0.53
17.021,51.04955,0.581
17.023,51.04955,0.504
17.025,51.04955,0.581
17.027,51.04955,0.544
17.029,51.04955,0.528
17.031,51.04955,0.556
17.033,51.04955,0.547
17.035,51.04955,0.517
17.037,51.04955,0.531
17.039,51.04955,0.502
17.041,51.04955,0.492
17.043,51.04955,0.519
17.045,51.04955,0.504
17.047,51.04955,0.523
17.049,51.04955,0.502
17.051,51.04955,0.519
17.053,51.04955,0.536
17.055,51.04955,0.499
17.057,51.04955,0.504
17.059,51.04955,0.535
17.061,51.04955,0.505
17.063,51.04955,0.499
17.065,51.04955,0.54
17.067,51.04955,0.508
17.069,51.04955,0.477
17.071,51.04955,0.47
17.073,51.04955,0.489
17.075,51.04955,0.507
17.077,51.04955,0.482
17.079,51.04955,0.488
17.081,51.04955,0.457
17.083,51.04955,0.515
17.085,51.04955,0.544
17.087,51.04955,0.532
17.089,51.04955,0.539
17.091,51.04955,0.618
17.093,51.04955,0.592
17.095,51.04955,0.618
17.097,51.04955,0.657
17.099,51.04955,0.572
17.101,51.04955,0.635
17.103,51.04955,0.634
17.105,51.04955,0.628
17.107,51.04955,0.669
17.109,51.04955,0.652
17.111,51.04955,0.659
17.113,51.04955,0.656
17.115,51.04955,0.608
17.117,51.04955,0.6
17.119,51.04955,0.645
17.121,51.04955,0.631
17.123,51.04955,0.584
17.125,51.04955,0.579
17.127,51.04955,0.594
17.129,51.04955,0.582
17.131,51.04955,0.574
17.133,51.04955,0.568
17.135,51.04955,0.556
17.137,51.04955,0.552
17.139,51.04955,0.546
17.141,51.04955,0.554
17.143,51.04955,0.538
17.145,51.04955,0.536
17.147,51.04955,0.54
17.149,51.04955,0.514
17.151,51.04955,0.547
17.153,51.04955,0.544
17.155,51.04955,0.555
17.157,51.04955,0.542
17.159,51.04955,0.539
17.161,51.04955,0.545
17.163,51.04955,0.565
17.165,51.04955,0.53
17.167,51.04955,0.538
17.169,51.04955,0.516
17.171,51.04955,0.51
17.173,51.04955,0.55
17.175,51.04955,0.542
17.177,51.04955,0.514
17.179,51.04955,0.488
17.181,51.04955,0.501
17.183,51.04955,0.48
17.185,51.04955,0.488
17.187,51.04955,0.502
17.189,51.04955,0.485
17.191,51.04955,0.499
17.193,51.04955,0.493
17.195,51.04955,0.465
17.197,51.04955,0.517
17.199,51.04955,0.487
17.201,51.04955,0.499
17.203,51.04955,0.497
17.205,51.04955,0.467
17.207,51.04955,0.541
17.209,51.04955,0.499
17.211,51.04955,0.479
17.213,51.04955,0.49
17.215,51.04955,0.499
17.217,51.04955,0.581
17.219,51.04955,0.538
17.221,51.04955,0.54
17.223,51.04955,0.554
17.225,51.04955,0.526
17.227,51.04955,0.573
17.229,51.04955,0.577
17.231,51.04955,0.572
17.233,51.04955,0.578
17.235,51.04955,0.59
17.237,51.04955,0.564
17.239,51.04955,0.54
17.241,51.04955,0.523
17.243,51.04955,0.55
17.245,51.04955,0.541
17.247,51.04955,0.561
17.249,51.04955,0.522
16.851,51.04825,0.633
16.853,51.04825,0.576
16.855,51.04825,0.565
16.857,51.04825,0.605
16.859,51.04825,0.587
16.861,51.04825,0.648
16.863,51.04825,0.597
16.865,51.04825,0.597
16.867,51.04825,0.606
16.869,51.04825,0.605
16.871,51.04825,0.596
16.873,51.04825,0.631
16.875,51.04825,0.607
16.877,51.04825,0.608
16.879,51.04825,0.61
16.881,51.04825,0.597
16.883,51.04825,0.555
16.885,51.04825,0.549
16.887,51.04825,0.538
16.889,51.04825,0.562
16.891,51.04825,0.529
16.893,51.04825,0.516
16.895,51.04825,0.504
16.897,51.04825,0.486
16.899,51.04825,0.462
16.901,51.04825,0.437
16.903,51.04825,0.47
16.905,51.04825,0.489
16.907,51.04825,0.036
16.909,51.04825,0.062
16.911,51.04825,0.01
16.913,51.04825,0.042
16.915,51.04825,0.057
16.917,51.04825,0.012
16.919,51.04825,0.015
16.921,51.04825,0.004
16.923,51.04825,0.064
16.925,51.04825,0.023
16.927,51.04825,0.088
16.929,51.04825,0.567
16.931,51.04825,0.577
16.933,51.04825,0.605
16.935,51.04825,0.583
16.937,51.04825,0.53
16.939,51.04825,0.542
16.941,51.04825,0.541
16.943,51.04825,0.551
16.945,51.04825,0.536
16.947,51.04825,0.533
16.949,51.04825,0.494
16.951,51.04825,0.479
16.953,51.04825,0.492
16.955,51.04825,0.488
16.957,51.04825,0.454
16.959,51.04825,0.5
16.961,51.04825,0.469
16.963,51.04825,0.482
16.965,51.04825,0.471
16.967,51.04825,0.427
16.969,51.04825,0.5
16.971,51.04825,0.441
16.973,51.04825,0.416
16.975,51.04825,0.49
16.977,51.04825,0.463
16.979,51.04825,0.451
16.981,51.04825,0.432
16.983,51.04825,0.439
16.985,51.04825,0.421
16.987,51.04825,0.473
16.989,51.04825,0.473
16.991,51.04825,0.444
16.993,51.04825,0.472
16.995,51.04825,0.485
16.997,51.04825,0.497
16.999,51.04825,0.502
17.001,51.04825,0.525
17.003,51.04825,0.532
17.005,51.04825,0.517
17.007,51.04825,0.533
17.009,51.04825,0.551
17.011,51.04825,0.57
17.013,51.04825,0.529
17.015,51.04825,0.567
17.017,51.04825,0.585
17.019,51.04825,0.554
17.021,51.04825,0.565
17.023,51.04825,0.574
17.025,51.04825,0.563
17.027,51.04825,0.578
17.029,51.04825,0.557
17.031,51.04825,0.549
17.033,51.04825,0.548
17.035,51.04825,0.537
17.037,51.04825,0.506
17.039,51.04825,0.559
17.041,51.04825,0.473
17.043,51.04825,0.517
17.045,51.04825,0.526
17.047,51.04825,0.474
17.049,51.04825,0.532
17.051,51.04825,0.514
17.053,51.04825,0.491
17.055,51.04825,0.51
17.057,51.04825,0.506
17.059,51.04825,0.522
17.061,51.04825,0.519
17.063,51.04825,0.482
17.065,51.04825,0.488
17.067,51.04825,0.506
17.069,51.04825,0.502
17.071,51.04825,0.478
17.073,51.04825,0.471
17.075,51.04825,0.517
17.077,51.04825,0.473
17.079,51.04825,0.49
17.081,51.04825,0.5
17.083,51.04825,0.501
17.085,51.04825,0.512
17.087,51.04825,0.546
17.089,51.04825,0.552
17.091,51.04825,0.554
17.093,51.04825,0.557
17.095,51.04825,0.561
17.097,51.04825,0.582
17.099,51.04825,0.622
17.101,51.04825,0.634
17.103,51.04825,0.668
17.105,51.04825,0.645
17.107,51.04825,0.644
17.109,51.04825,0.648
17.111,51.04825,0.679
17.113,51.04825,0.613
17.115,51.04825,0.638
17.117,51.04825,0.601
17.119,51.04825,0.624
17.121,51.04825,0.586
17.123,51.04825,0.591
17.125,51.04825,0.584
17.127,51.04825,0.567
17.129,51.04825,0.546
17.131,51.04825,0.547
17.133,51.04825,0.503
17.135,51.04825,0.501
17.137,51.04825,0.535
17.139,51.04825,0.519
17.141,51.04825,0.511
17.143,51.04825,0.475
17.145,51.04825,0.475
17.147,51.04825,0.523
17.149,51.04825,0.53
17.151,51.04825,0.552
17.153,51.04825,0.509
17.155,51.04825,0.532
17.157,51.04825,0.503
17.159,51.04825,0.558
17.161,51.04825,0.525
17.163,51.04825,0.525
17.165,51.04825,0.542
17.167,51.04825,0.511
17.169,51.04825,0.517
17.171,51.04825,0.572
17.173,51.04825,0.503
17.175,51.04825,0.518
17.177,51.04825,0.506
17.179,51.04825,0.472
17.181,51.04825,0.479
17.183,51.04825,0.485
17.185,51.04825,0.504
17.187,51.04825,0.477
17.189,51.04825,0.456
17.191,51.04825,0.466
17.193,51.04825,0.456
17.195,51.04825,0.494
17.197,51.04825,0.47
17.199,51.04825,0.499
17.201,51.04825,0.474
17.203,51.04825,0.511
17.205,51.04825,0.469
17.207,51.04825,0.506
17.209,51.04825,0.532
17.211,51.04825,0.536
17.213,51.04825,0.534
17.215,51.04825,0.531
17.217,51.04825,0.548
17.219,51.04825,0.551
17.221,51.04825,0.512
17.223,51.04825,0.546
17.225,51.04825,0.551
17.227,51.04825,0.556
17.229,51.04825,0.578
17.231,51.04825,0.547
17.233,51.04825,0.558
17.235,51.04825,0.567
17.237,51.04825,0.556
17.239,51.04825,0.547
17.241,51.04825,0.553
17.243,51.04825,0.538
17.245,51.04825,0.571
17.247,51.04825,0.559
17.249,51.04825,0.54
16.851,51.04695,0.606
16.853,51.04695,0.622
16.855,51.04695,0.583
16.857,51.04695,0.579
16.859,51.04695,0.569
16.861,51.04695,0.592
16.863,51.04695,0.57
16.865,51.04695,0.632
16.867,51.04695,0.579
16.869,51.04695,0.623
16.871,51.04695,0.607
16.873,51.04695,0.642
16.875,51.04695,0.597
16.877,51.04695,0.592
16.879,51.04695,0.625
16.881,51.04695,0.62
16.883,51.04695,0.568
16.885,51.04695,0.579
16.887,51.04695,0.538
16.889,51.04695,0.533
16.891,51.04695,0.519
16.893,51.04695,0.502
16.895,51.04695,0.489
16.897,51.04695,0.446
16.899,51.04695,0.482
16.901,51.04695,0.495
16.903,51.04695,0.465
16.905,51.04695,0.051
16.907,51.04695,0.035
16.909,51.04695,0.068
16.911,51.04695,0.032
16.913,51.04695,-0.051
16.915,51.04695,0.038
16.917,51.04695,0.049
16.919,51.04695,0.042
16.921,51.04695,-0.007
16.923,51.04695,0.027
16.925,51.04695,-0.025
16.927,51.04695,0.553
16.929,51.04695,0.559
16.931,51.04695,0.531
16.933,51.04695,0.581
16.935,51.04695,0.536
16.937,51.04695,0.565
16.939,51.04695,0.55
16.941,51.04695,0.533
16.943,51.04695,0.538
16.945,51.04695,0.536
16.947,51.04695,0.55
16.949,51.04695,0.551
16.951,51.04695,0.477
16.953,51.04695,0.542
16.955,51.04695,0.494
16.957,51.04695,0.476
16.959,51.04695,0.459
16.961,51.04695,0.485
16.963,51.04695,0.509
16.965,51.04695,0.498
16.967,51.04695,0.453
16.969,51.04695,0.467
16.971,51.04695,0.433
16.973,51.04695,0.454
16.975,51.04695,0.416
16.977,51.04695,0.464
16.979,51.04695,0.418
16.981,51.04695,0.416
16.983,51.04695,0.435
16.985,51.04695,0.439
16.987,51.04695,0.485
16.989,51.04695,0.454
16.991,51.04695,0.488
16.993,51.04695,0.441
16.995,51.04695,0.493
16.997,51.04695,0.488
16.999,51.04695,0.54
17.001,51.04695,0.527
17.003,51.04695,0.531
17.005,51.04695,0.519
17.007,51.04695,0.559
17.009,51.04695,0.587
17.011,51.04695,0.606
17.013,51.04695,0.572
17.015,51.04695,0.543
17.017,51.04695,0.571
17.019,51.04695,0.555
17.021,51.04695,0.554
17.023,51.04695,0.588
17.025,51.04695,0.598
17.027,51.04695,0.587
17.029,51.04695,0.552
17.031,51.04695,0.549
17.033,51.04695,0.548
17.035,51.04695,0.578
17.037,51.04695,0.54
17.039,51.04695,0.5
17.041,51.04695,0.528
17.043,51.04695,0.496
17.045,51.04695,0.531
17.047,51.04695,0.475
17.049,51.04695,0.528
17.051,51.04695,0.516
17.053,51.04695,0.475
17.055,51.04695,0.492
17.057,51.04695,0.509
17.059,51.04695,0.501
17.061,51.04695,0.52
17.063,51.04695,0.533
17.065,51.04695,0.488
17.067,51.04695,0.505
17.069,51.04695,0.444
17.071,51.04695,0.45
17.073,51.04695,0.457
17.075,51.04695,0.494
17.077,51.04695,0.501
17.079,51.04695,0.498
17.081,51.04695,0.509
17.083,51.04695,0.523
17.085,51.04695,0.53
17.087,51.04695,0.576
17.089,51.04695,0.547
17.091,51.04695,0.565
17.093,51.04695,0.565
17.095,51.04695,0.601
17.097,51.04695,0.644
17.099,51.04695,0.632
17.101,51.04695,0.637
17.103,51.04695,0.633
17.105,51.04695,0.614
17.107,51.04695,0.654
17.109,51.04695,0.663
17.111,51.04695,0.632
17.113,51.04695,0.627
17.115,51.04695,0.623
17.117,51.04695,0.653
17.119,51.04695,0.582
17.121,51.04695,0.596
17.123,51.04695,0.595
17.125,51.04695,0.59
17.127,51.04695,0.554
17.129,51.04695,0.576
17.131,51.04695,0.529
17.133,51.04695,0.551
17.135,51.04695,0.516
17.137,51.04695,0.52
17.139,51.04695,0.518
17.141,51.04695,0.526
17.143,51.04695,0.495
17.145,51.04695,0.499
17.147,51.04695,0.507
17.149,51.04695,0.479
17.151,51.04695,0.51
17.153,51.04695,0.468
17.155,51.04695,0.491
17.157,51.04695,0.523
17.159,51.04695,0.495
17.161,51.04695,0.521
17.163,51.04695,0.482
17.165,51.04695,0.545
17.167,51.04695,0.5
17.169,51.04695,0.506
17.171,51.04695,0.492
17.173,51.04695,0.461
17.175,51.04695,0.494
17.177,51.04695,0.475
17.179,51.04695,0.468
17.181,51.04695,0.487
17.183,51.04695,0.484
17.185,51.04695,0.464
17.187,51.04695,0.448
17.189,51.04695,0.477
17.191,51.04695,0.479
17.193,51.04695,0.47
17.195,51.04695,0.463
17.197,51.04695,0.499
17.199,51.04695,0.469
17.201,51.04695,0.439
17.203,51.04695,0.499
17.205,51.04695,0.483
17.207,51.04695,0.531
17.209,51.04695,0.523
17.211,51.04695,0.517
17.213,51.04695,0.525
17.215,51.04695,0.537
17.217,51.04695,0.543
17.219,51.04695,0.568
17.221,51.04695,0.577
17.223,51.04695,0.575
17.225,51.04695,0.556
17.227,51.04695,0.58
17.229,51.04695,0.54
17.231,51.04695,0.586
17.233,51.04695,0.542
17.235,51.04695,0.582
17.237,51.04695,0.57
17.239,51.04695,0.543
17.241,51.04695,0.563
17.243,51.04695,0.547
17.245,51.04695,0.561
17.247,51.04695,0.534
17.249,51.04695,0.563
16.851,51.04565,0.582
16.853,51.04565,0.583
16.855,51.04565,0.582
16.857,51.04565,0.582
16.859,51.04565,0.563
16.861,51.04565,0.611
16.863,51.04565,0.592
16.865,51.04565,0.591
16.867,51.04565,0.577
16.869,51.04565,0.579
16.871,51.04565,0.624
16.873,51.04565,0.624
16.875,51.04565,0.57
16.877,51.04565,0.569
16.879,51.04565,0.569
16.881,51.04565,0.576
16.883,51.04565,0.563
16.885,51.04565,0.56
16.887,51.04565,0.513
16.889,51.04565,0.519
16.891,51.04565,0.51
16.893,51.04565,0.513
16.895,51.04565,0.469
16.897,51.04565,0.454
16.899,51.04565,0.499
16.901,51.04565,0.415
16.903,51.04565,-0.012
16.905,51.04565,0.038
16.907,51.04565,-0.036
16.909,51.04565,0.016
16.911,51.04565,0.064
16.913,51.04565,-0.001
16.915,51.04565,-0.001
16.917,51.04565,0.049
16.919,51.04565,0.048
16.921,51.04565,0.066
16.923,51.04565,0.041
16.925,51.04565,0.534
16.927,51.04565,0.579
16.929,51.04565,0.569
16.931,51.04565,0.549
16.933,51.04565,0.573
16.935,51.04565,0.54
16.937,51.04565,0.527
16.939,51.04565,0.546
16.941,51.04565,0.549
16.943,51.04565,0.507
16.945,51.04565,0.505
16.947,51.04565,0.534
16.949,51.04565,0.512
16.951,51.04565,0.483
16.953,51.04565,0.507
16.955,51.04565,0.492
16.957,51.04565,0.494
16.959,51.04565,0.506
16.961,51.04565,0.452
16.963,51.04565,0.504
16.965,51.04565,0.463
16.967,51.04565,0.48
16.969,51.04565,0.465
16.971,51.04565,0.493
16.973,51.04565,0.444
16.975,51.04565,0.476
16.977,51.04565,0.451
16.979,51.04565,0.434
16.981,51.04565,0.474
16.983,51.04565,0.477
16.985,51.04565,0.481
16.987,51.04565,0.463
16.989,51.04565,0.469
16.991,51.04565,0.493
16.993,51.04565,0.487
16.995,51.04565,0.5
16.997,51.04565,0.532
16.999,51.04565,0.52
17.001,51.04565,0.537
17.003,51.04565,0.555
17.005,51.04565,0.542
17.007,51.04565,0.553
17.009,51.04565,0.587
17.011,51.04565,0.592
17.013,51.04565,0.55
17.015,51.04565,0.57
17.017,51.04565,0.556
17.019,51.04565,0.575
17.021,51.04565,0.579
17.023,51.04565,0.606
17.025,51.04565,0.604
17.027,51.04565,0.543
17.029,51.04565,0.597
17.031,51.04565,0.579
17.033,51.04565,0.555
17.035,51.04565,0.539
17.037,51.04565,0.551
17.039,51.04565,0.505
17.041,51.04565,0.489
17.043,51.04565,0.53
17.045,51.04565,0.532
17.047,51.04565,0.504
17.049,51.04565,0.519
17.051,51.04565,0.502
17.053,51.04565,0.507
17.055,51.04565,0.501
17.057,51.04565,0.482
17.059,51.04565,0.494
17.061,51.04565,0.489
17.063,51.04565,0.485
17.065,51.04565,0.449
17.067,51.04565,0.5
17.069,51.04565,0.465
17.071,51.04565,0.473
17.073,51.04565,0.481
17.075,51.04565,0.523
17.077,51.04565,0.459
17.079,51.04565,0.494
17.081,51.04565,0.505
17.083,51.04565,0.504
17.085,51.04565,0.522
17.087,51.04565,0.559
17.089,51.04565,0.605
17.091,51.04565,0.597
17.093,51.04565,0.626
17.095,51.04565,0.576
17.097,51.04565,0.621
17.099,51.04565,0.621
17.101,51.04565,0.639
17.103,51.04565,0.677
17.105,51.04565,0.645
17.107,51.04565,0.663
17.109,51.04565,0.644
17.111,51.04565,0.614
17.113,51.04565,0.679
17.115,51.04565,0.651
17.117,51.04565,0.618
17.119,51.04565,0.593
17.121,51.04565,0.642
17.123,51.04565,0.615
17.125,51.04565,0.555
17.127,51.04565,0.55
17.129,51.04565,0.57
17.131,51.04565,0.534
17.133,51.04565,0.465
17.135,51.04565,0.501
17.137,51.04565,0.497
17.139,51.04565,0.536
17.141,51.04565,0.471
17.143,51.04565,0.486
17.145,51.04565,0.494
17.147,51.04565,0.487
17.149,51.04565,0.477
17.151,51.04565,0.453
17.153,51.04565,0.454
17.155,51.04565,0.463
17.157,51.04565,0.455
17.159,51.04565,0.473
17.161,51.04565,0.497
17.163,51.04565,0.469
17.165,51.04565,0.491
17.167,51.04565,0.492
17.169,51.04565,0.508
17.171,51.04565,0.479
17.173,51.04565,0.479
17.175,51.04565,0.475
17.177,51.04565,0.483
17.179,51.04565,0.472
17.181,51.04565,0.462
17.183,51.04565,0.442
17.185,51.04565,0.457
17.187,51.04565,0.432
17.189,51.04565,0.45
17.191,51.04565,0.475
17.193,51.04565,0.472
17.195,51.04565,0.477
17.197,51.04565,0.452
17.199,51.04565,0.493
17.201,51.04565,0.465
17.203,51.04565,0.482
17.205,51.04565,0.472
17.207,51.04565,0.49
17.209,51.04565,0.498
17.211,51.04565,0.504
17.213,51.04565,0.547
17.215,51.04565,0.582
17.217,51.04565,0.536
17.219,51.04565,0.552
17.221,51.04565,0.576
17.223,51.04565,0.563
17.225,51.04565,0.54
17.227,51.04565,0.57
17.229,51.04565,0.614
17.231,51.04565,0.557
17.233,51.04565,0.553
17.235,51.04565,0.578
17.237,51.04565,0.552
17.239,51.04565,0.571
17.241,51.04565,0.547
17.243,51.04565,0.554
17.245,51.04565,0.579
17.247,51.04565,0.544
17.249,51.04565,0.555
16.851,51.04435,0.629
16.853,51.04435,0.555
16.855,51.04435,0.572
16.857,51.04435,0.593
16.859,51.04435,0.623
16.861,51.04435,0.573
16.863,51.04435,0.58
16.865,51.04435,0.634
16.867,51.04435,0.543
16.869,51.04435,0.584
16.871,51.04435,0.586
16.873,51.04435,0.575
16.875,51.04435,0.584
16.877,51.04435,0.587
16.879,51.04435,0.588
16.881,51.04435,0.594
16.883,51.04435,0.529
16.885,51.04435,0.548
16.887,51.04435,0.587
16.889,51.04435,0.52
16.891,51.04435,0.481
16.893,51.04435,0.552
16.895,51.04435,0.501
16.897,51.04435,0.487
16.899,51.04435,0.448
16.901,51.04435,0.095
16.903,51.04435,0.062
16.905,51.04435,0.051
16.907,51.04435,0.08
16.909,51.04435,0.063
16.911,51.04435,0.051
16.913,51.04435,0.071
16.915,51.04435,0.028
16.917,51.04435,0.022
16.919,51.04435,0.067
16.921,51.04435,0.012
16.923,51.04435,0.591
16.925,51.04435,0.576
16.927,51.04435,0.595
16.929,51.04435,0.57
16.931,51.04435,0.578
16.933,51.04435,0.526
16.935,51.04435,0.586
16.937,51.04435,0.547
16.939,51.04435,0.521
16.941,51.04435,0.485
16.943,51.04435,0.531
16.945,51.04435,0.512
16.947,51.04435,0.503
16.949,51.04435,0.494
16.951,51.04435,0.481
16.953,51.04435,0.482
16.955,51.04435,0.486
16.957,51.04435,0.48
16.959,51.04435,0.495
16.961,51.04435,0.465
16.963,51.04435,0.481
16.965,51.04435,0.45
16.967,51.04435,0.486
16.969,51.04435,0.427
16.971,51.04435,0.452
16.973,51.04435,0.45
16.975,51.04435,0.446
16.977,51.04435,0.416
16.979,51.04435,0.469
16.981,51.04435,0.458
16.983,51.04435,0.495
16.985,51.04435,0.438
16.987,51.04435,0.47
16.989,51.04435,0.508
16.991,51.04435,0.53
16.993,51.04435,0.449
16.995,51.04435,0.522
16.997,51.04435,0.533
16.999,51.04435,0.54
17.001,51.04435,0.533
17.003,51.04435,0.559
17.005,51.04435,0.559
17.007,51.04435,0.586
17.009,51.04435,0.597
17.011,51.04435,0.583
17.013,51.04435,0.584
17.015,51.04435,0.584
17.017,51.04435,0.595
17.019,51.04435,0.571
17.021,51.04435,0.588
17.023,51.04435,0.571
17.025,51.04435,0.585
17.027,51.04435,0.59
17.029,51.04435,0.557
17.031,51.04435,0.588
17.033,51.04435,0.551
17.035,51.04435,0.535
17.037,51.04435,0.571
17.039,51.04435,0.557
17.041,51.04435,0.537
17.043,51.04435,0.485
17.045,51.04435,0.492
17.047,51.04435,0.483
17.049,51.04435,0.47
17.051,51.04435,0.503
17.053,51.04435,0.469
17.055,51.04435,0.501
17.057,51.04435,0.461
17.059,51.04435,0.457
17.061,51.04435,0.466
17.063,51.04435,0.477
17.065,51.04435,0.438
17.067,51.04435,0.476
17.069,51.04435,0.48
17.071,51.04435,0.434
17.073,51.04435,0.447
17.075,51.04435,0.506
17.077,51.04435,0.488
17.079,51.04435,0.462
17.081,51.04435,0.501
17.083,51.04435,0.541
17.085,51.04435,0.51
17.087,51.04435,0.551
17.089,51.04435,0.507
17.091,51.04435,0.58
17.093,51.04435,0.593
17.095,51.04435,0.619
17.097,51.04435,0.63
17.099,51.04435,0.642
17.101,51.04435,0.658
17.103,51.04435,0.675
17.105,51.04435,0.625
17.107,51.04435,0.659
17.109,51.04435,0.68
17.111,51.04435,0.647
17.113,51.04435,0.641
17.115,51.04435,0.642
17.117,51.04435,0.633
17.119,51.04435,0.61
17.121,51.04435,0.622
17.123,51.04435,0.597
17.125,51.04435,0.585
17.127,51.04435,0.567
17.129,51.04435,0.542
17.131,51.04435,0.516
17.133,51.04435,0.494
17.135,51.04435,0.508
17.137,51.04435,0.487
17.139,51.04435,0.47
17.141,51.04435,0.451
17.143,51.04435,0.477
17.145,51.04435,0.449
17.147,51.04435,0.431
17.149,51.04435,0.46
17.151,51.04435,0.455
17.153,51.04435,0.492
17.155,51.04435,0.483
17.157,51.04435,0.471
17.159,51.04435,0.461
17.161,51.04435,0.436
17.163,51.04435,0.431
17.165,51.04435,0.456
17.167,51.04435,0.444
17.169,51.04435,0.492
17.171,51.04435,0.448
17.173,51.04435,0.437
17.175,51.04435,0.476
17.177,51.04435,0.452
17.179,51.04435,0.427
17.181,51.04435,0.421
17.183,51.04435,0.422
17.185,51.04435,0.432
17.187,51.04435,0.43
17.189,51.04435,0.45
17.191,51.04435,0.468
17.193,51.04435,0.459
17.195,51.04435,0.475
17.197,51.04435,0.441
17.199,51.04435,0.445
17.201,51.04435,0.444
17.203,51.04435,0.51
17.205,51.04435,0.471
17.207,51.04435,0.492
17.209,51.04435,0.509
17.211,51.04435,0.534
17.213,51.04435,0.529
17.215,51.04435,0.552
17.217,51.04435,0.585
17.219,51.04435,0.549
17.221,51.04435,0.56
17.223,51.04435,0.603
17.225,51.04435,0.585
17.227,51.04435,0.592
17.229,51.04435,0.543
17.231,51.04435,0.583
17.233,51.04435,0.582
17.235,51.04435,0.57
17.237,51.04435,0.552
17.239,51.04435,0.6
17.241,51.04435,0.589
17.243,51.04435,0.56
17.245,51.04435,0.59
17.247,51.04435,0.58
17.249,51.04435,0.576
16.851,51.04305,0.55
16.853,51.04305,0.586
16.855,51.04305,0.564
16.857,51.04305,0.571
16.859,51.04305,0.616
16.861,51.04305,0.558
16.863,51.04305,0.576
16.865,51.04305,0.582
16.867,51.04305,0.566
16.869,51.04305,0.588
16.871,51.04305,0.562
16.873,51.04305,0.584
16.875,51.04305,0.571
16.877,51.04305,0.6
16.879,51.04305,0.582
16.881,51.04305,0.555
16.883,51.04305,0.522
16.885,51.04305,0.521
16.887,51.04305,0.514
16.889,51.04305,0.491
16.891,51.04305,0.537
16.893,51.04305,0.49
16.895,51.04305,0.493
16.897,51.04305,0.493
16.899,51.04305,0.015
16.901,51.04305,-0.025
16.903,51.04305,0.022
16.905,51.04305,0.031
16.907,51.04305,0.066
16.909,51.04305,0.053
16.911,51.04305,0.025
16.913,51.04305,-0.01
16.915,51.04305,0.05
16.917,51.04305,-0.013
16.919,51.04305,0.054
16.921,51.04305,0.576
16.923,51.04305,0.558
16.925,51.04305,0.554
16.927,51.04305,0.543
16.929,51.04305,0.562
16.931,51.04305,0.556
16.933,51.04305,0.561
16.935,51.04305,0.534
16.937,51.04305,0.545
16.939,51.04305,0.523
16.941,51.04305,0.522
16.943,51.04305,0.511
16.945,51.04305,0.511
16.947,51.04305,0.454
16.949,51.04305,0.518
16.951,51.04305,0.495
16.953,51.04305,0.492
16.955,51.04305,0.461
16.957,51.04305,0.469
16.959,51.04305,0.455
16.961,51.04305,0.49
16.963,51.04305,0.481
16.965,51.04305,0.497
16.967,51.04305,0.444
16.969,51.04305,0.486
16.971,51.04305,0.437
16.973,51.04305,0.447
16.975,51.04305,0.445
16.977,51.04305,0.46
16.979,51.04305,0.481
16.981,51.04305,0.434
16.983,51.04305,0.477
16.985,51.04305,0.518
16.987,51.04305,0.477
16.989,51.04305,0.498
16.991,51.04305,0.515
16.993,51.04305,0.515
16.995,51.04305,0.524
16.997,51.04305,0.562
16.999,51.04305,0.56
17.001,51.04305,0.577
17.003,51.04305,0.577
17.005,51.04305,0.599
17.007,51.04305,0.592
17.009,51.04305,0.614
17.011,51.04305,0.586
17.013,51.04305,0.575
17.015,51.04305,0.567
17.017,51.04305,0.578
17.019,51.04305,0.583
17.021,51.04305,0.585
17.023,51.04305,0.626
17.025,51.04305,0.578
17.027,51.04305,0.583
17.029,51.04305,0.557
17.031,51.04305,0.555
17.033,51.04305,0.548
17.035,51.04305,0.519
17.037,51.04305,0.566
17.039,51.04305,0.511
17.041,51.04305,0.516
17.043,51.04305,0.51
17.045,51.04305,0.467
17.047,51.04305,0.487
17.049,51.04305,0.456
17.051,51.04305,0.51
17.053,51.04305,0.451
17.055,51.04305,0.486
17.057,51.04305,0.454
17.059,51.04305,0.476
17.061,51.04305,0.462
17.063,51.04305,0.444
17.065,51.04305,0.491
17.067,51.04305,0.477
17.069,51.04305,0.44
17.071,51.04305,0.456
17.073,51.04305,0.452
17.075,51.04305,0.467
17.077,51.04305,0.48
17.079,51.04305,0.492
17.081,51.04305,0.51
17.083,51.04305,0.51
17.085,51.04305,0.51
17.087,51.04305,0.534
17.089,51.04305,0.593
17.091,51.04305,0.562
17.093,51.04305,0.576
17.095,51.04305,0.615
17.097,51.04305,0.604
17.099,51.04305,0.624
17.101,51.04305,0.625
17.103,51.04305,0.632
17.105,51.04305,0.664
17.107,51.04305,0.64
17.109,51.04305,0.676
17.111,51.04305,0.633
17.113,51.04305,0.653
17.115,51.04305,0.644
17.117,51.04305,0.634
17.119,51.04305,0.619
17.121,51.04305,0.627
17.123,51.04305,0.617
17.125,51.04305,0.558
17.127,51.04305,0.565
17.129,51.04305,0.554
17.131,51.04305,0.541
17.133,51.04305,0.505
17.135,51.04305,0.497
17.137,51.04305,0.456
17.139,51.04305,0.504
17.141,51.04305,0.409
17.143,51.04305,0.448
17.145,51.04305,0.455
17.147,51.04305,0.463
17.149,51.04305,0.431
17.151,51.04305,0.425
17.153,51.04305,0.442
17.155,51.04305,0.413
17.157,51.04305,0.414
17.159,51.04305,0.486
17.161,51.04305,0.442
17.163,51.04305,0.443
17.165,51.04305,0.43
17.167,51.04305,0.439
17.169,51.04305,0.434
17.171,51.04305,0.425
17.173,51.04305,0.476
17.175,51.04305,0.418
17.177,51.04305,0.456
17.179,51.04305,0.422
17.181,51.04305,0.436
17.183,51.04305,0.414
17.185,51.04305,0.444
17.187,51.04305,0.435
17.189,51.04305,0.42
17.191,51.04305,0.436
17.193,51.04305,0.443
17.195,51.04305,0.444
17.197,51.04305,0.46
17.199,51.04305,0.473
17.201,51.04305,0.453
17.203,51.04305,0.475
17.205,51.04305,0.509
17.207,51.04305,0.489
17.209,51.04305,0.507
17.211,51.04305,0.517
17.213,51.04305,0.515
17.215,51.04305,0.525
17.217,51.04305,0.58
17.219,51.04305,0.56
17.221,51.04305,0.602
17.223,51.04305,0.603
17.225,51.04305,0.59
17.227,51.04305,0.58
17.229,51.04305,0.592
17.231,51.04305,0.604
17.233,51.04305,0.6
17.235,51.04305,0.639
17.237,51.04305,0.59
17.239,51.04305,0.583
17.241,51.04305,0.571
17.243,51.04305,0.58
17.245,51.04305,0.579
17.247,51.04305,0.582
17.249,51.04305,0.584
16.851,51.04175,0.564
16.853,51.04175,0.601
16.855,51.04175,0.572
16.857,51.04175,0.594
16.859,51.04175,0.601
16.861,51.04175,0.588
16.863,51.04175,0.598
16.865,51.04175,0.596
16.867,51.04175,0.567
16.869,51.04175,0.587
16.871,51.04175,0.569
16.873,51.04175,0.54
16.875,51.04175,0.579
16.877,51.04175,0.558
16.879,51.04175,0.551
16.881,51.04175,0.549
16.883,51.04175,0.523
16.885,51.04175,0.504
16.887,51.04175,0.519
16.889,51.04175,0.517
16.891,51.04175,0.516
16.893,51.04175,0.515
16.895,51.04175,0.508
16.897,51.04175,0.038
16.899,51.04175,-0.026
16.901,51.04175,0.028
16.903,51.04175,-0.038
16.905,51.04175,0.068
16.907,51.04175,0.079
16.909,51.04175,0.045
16.911,51.04175,0.03
16.913,51.04175,0.023
16.915,51.04175,0.015
16.917,51.04175,0.568
16.919,51.04175,0.568
16.921,51.04175,0.593
16.923,51.04175,0.592
16.925,51.04175,0.587
16.927,51.04175,0.553
16.929,51.04175,0.565
16.931,51.04175,0.56
16.933,51.04175,0.526
16.935,51.04175,0.52
16.937,51.04175,0.546
16.939,51.04175,0.557
16.941,51.04175,0.514
16.943,51.04175,0.52
16.945,51.04175,0.525
16.947,51.04175,0.516
16.949,51.04175,0.512
16.951,51.04175,0.5
16.953,51.04175,0.472
16.955,51.04175,0.464
16.957,51.04175,0.521
16.959,51.04175,0.462
16.961,51.04175,0.509
16.963,51.04175,0.476
16.965,51.04175,0.44
16.967,51.04175,0.466
16.969,51.04175,0.467
16.971,51.04175,0.454
16.973,51.04175,0.443
16.975,51.04175,0.426
16.977,51.04175,0.503
16.979,51.04175,0.426
16.981,51.04175,0.463
16.983,51.04175,0.44
16.985,51.04175,0.475
16.987,51.04175,0.504
16.989,51.04175,0.54
16.991,51.04175,0.539
16.993,51.04175,0.534
16.995,51.04175,0.577
16.997,51.04175,0.566
16.999,51.04175,0.616
17.001,51.04175,0.55
17.003,51.04175,0.559
17.005,51.04175,0.604
17.007,51.04175,0.622
17.009,51.04175,0.58
17.011,51.04175,0.626
17.013,51.04175,0.617
17.015,51.04175,0.596
17.017,51.04175,0.59
17.019,51.04175,0.593
17.021,51.04175,0.604
17.023,51.04175,0.576
17.025,51.04175,0.607
17.027,51.04175,0.599
17.029,51.04175,0.577
17.031,51.04175,0.564
17.033,51.04175,0.57
17.035,51.04175,0.544
17.037,51.04175,0.521
17.039,51.04175,0.536
17.041,51.04175,0.512
17.043,51.04175,0.539
17.045,51.04175,0.515
17.047,51.04175,0.524
17.049,51.04175,0.489
17.051,51.04175,0.502
17.053,51.04175,0.481
17.055,51.04175,0.49
17.057,51.04175,0.456
17.059,51.04175,0.451
17.061,51.04175,0.426
17.063,51.04175,0.42
17.065,51.04175,0.431
17.067,51.04175,0.44
17.069,51.04175,0.432
17.071,51.04175,0.424
17.073,51.04175,0.423
17.075,51.04175,0.476
17.077,51.04175,0.493
17.079,51.04175,0.485
17.081,51.04175,0.5
17.083,51.04175,0.512
17.085,51.04175,0.536
17.087,51.04175,0.547
17.089,51.04175,0.559
17.091,51.04175,0.562
17.093,51.04175,0.59
17.095,51.04175,0.603
17.097,51.04175,0.623
17.099,51.04175,0.608
17.101,51.04175,0.613
17.103,51.04175,0.62
17.105,51.04175,0.678
17.107,51.04175,0.645
17.109,51.04175,0.643
17.111,51.04175,0.681
17.113,51.04175,0.644
17.115,51.04175,0.639
17.117,51.04175,0.64
17.119,51.04175,0.637
17.121,51.04175,0.638
17.123,51.04175,0.564
17.125,51.04175,0.568
17.127,51.04175,0.566
17.129,51.04175,0.535
17.131,51.04175,0.508
17.133,51.04175,0.517
17.135,51.04175,0.485
17.137,51.04175,0.493
17.139,51.04175,0.441
17.141,51.04175,0.43
17.143,51.04175,0.422
17.145,51.04175,0.382
17.147,51.04175,0.41
17.149,51.04175,0.41
17.151,51.04175,0.434
17.153,51.04175,0.435
17.155,51.04175,0.407
17.157,51.04175,0.403
17.159,51.04175,0.416
17.161,51.04175,0.388
17.163,51.04175,0.461
17.165,51.04175,0.413
17.167,51.04175,0.415
17.169,51.04175,0.432
17.171,51.04175,0.452
17.173,51.04175,0.43
17.175,51.04175,0.422
17.177,51.04175,0.401
17.179,51.04175,0.421
17.181,51.04175,0.428
17.183,51.04175,0.459
17.185,51.04175,0.4
17.187,51.04175,0.431
17.189,51.04175,0.424
17.191,51.04175,0.416
17.193,51.04175,0.449
17.195,51.04175,0.462
17.197,51.04175,0.454
17.199,51.04175,0.463
17.201,51.04175,0.462
17.203,51.04175,0.493
17.205,51.04175,0.496
17.207,51.04175,0.486
17.209,51.04175,0.488
17.211,51.04175,0.518
17.213,51.04175,0.519
17.215,51.04175,0.56
17.217,51.04175,0.562
17.219,51.04175,0.518
17.221,51.04175,0.557
17.223,51.04175,0.584
17.225,51.04175,0.577
17.227,51.04175,0.61
17.229,51.04175,0.588
17.231,51.04175,0.599
17.233,51.04175,0.573
17.235,51.04175,0.576
17.237,51.04175,0.579
17.239,51.04175,0.6
17.241,51.04175,0.611
17.243,51.04175,0.585
17.245,51.04175,0.607
17.247,51.04175,0.612
17.249,51.04175,0.58
16.851,51.04045,0.593
16.853,51.04045,0.581
16.855,51.04045,0.573
16.857,51.04045,0.549
16.859,51.04045,0.574
16.861,51.04045,0.569
16.863,51.04045,0.563
16.865,51.04045,0.55
16.867,51.04045,0.56
16.869,51.04045,0.59
16.871,51.04045,0.576
16.873,51.04045,0.562
16.875,51.04045,0.567
16.877,51.04045,0.61
16.879,51.04045,0.56
16.881,51.04045,0.577
16.883,51.04045,0.564
16.885,51.04045,0.546
16.887,51.04045,0.546
16.889,51.04045,0.519
16.891,51.04045,0.501
16.893,51.04045,0.063
16.895,51.04045,0.073
16.897,51.04045,0.017
16.899,51.04045,0.036
16.901,51.04045,0.009
16.903,51.04045,0.066
16.905,51.04045,0.072
16.907,51.04045,0.005
16.909,51.04045,0.093
16.911,51.04045,0.033
16.913,51.04045,0.02
16.915,51.04045,0.579
16.917,51.04045,0.599
16.919,51.04045,0.571
16.921,51.04045,0.587
16.923,51.04045,0.598
16.925,51.04045,0.543
16.927,51.04045,0.592
16.929,51.04045,0.59
16.931,51.04045,0.567
16.933,51.04045,0.575
16.935,51.04045,0.586
16.937,51.04045,0.533
16.939,51.04045,0.549
16.941,51.04045,0.506
16.943,51.04045,0.495
16.945,51.04045,0.485
16.947,51.04045,0.493
16.949,51.04045,0.52
16.951,51.04045,0.507
16.953,51.04045,0.505
16.955,51.04045,0.486
16.957,51.04045,0.483
16.959,51.04045,0.49
16.961,51.04045,0.459
16.963,51.04045,0.487
16.965,51.04045,0.483
16.967,51.04045,0.479
16.969,51.04045,0.462
16.971,51.04045,0.462
16.973,51.04045,0.454
16.975,51.04045,0.386
16.977,51.04045,0.489
16.979,51.04045,0.486
16.981,51.04045,0.48
16.983,51.04045,0.51
16.985,51.04045,0.497
16.987,51.04045,0.501
16.989,51.04045,0.507
16.991,51.04045,0.552
16.993,51.04045,0.541
16.995,51.04045,0.585
16.997,51.04045,0.584
16.999,51.04045,0.582
17.001,51.04045,0.603
17.003,51.04045,0.617
17.005,51.04045,0.573
17.007,51.04045,0.628
17.009,51.04045,0.604
17.011,51.04045,0.626
17.013,51.04045,0.617
17.015,51.04045,0.626
17.017,51.04045,0.64
17.019,51.04045,0.621
17.021,51.04045,0.577
17.023,51.04045,0.588
17.025,51.04045,0.594
17.027,51.04045,0.593
17.029,51.04045,0.599
17.031,51.04045,0.569
17.033,51.04045,0.619
17.035,51.04045,0.551
17.037,51.04045,0.574
17.039,51.04045,0.497
17.041,51.04045,0.539
17.043,51.04045,0.524
17.045,51.04045,0.479
17.047,51.04045,0.508
17.049,51.04045,0.479
17.051,51.04045,0.479
17.053,51.04045,0.466
17.055,51.04045,0.443
17.057,51.04045,0.437
17.059,51.04045,0.427
17.061,51.04045,0.443
17.063,51.04045,0.453
17.065,51.04045,0.392
17.067,51.04045,0.47
17.069,51.04045,0.408
17.071,51.04045,0.473
17.073,51.04045,0.454
17.075,51.04045,0.464
17.077,51.04045,0.476
17.079,51.04045,0.496
17.081,51.04045,0.496
17.083,51.04045,0.514
17.085,51.04045,0.532
17.087,51.04045,0.518
17.089,51.04045,0.521
17.091,51.04045,0.519
17.093,51.04045,0.587
17.095,51.04045,0.605
17.097,51.04045,0.632
17.099,51.04045,0.637
17.101,51.04045,0.645
17.103,51.04045,0.641
17.105,51.04045,0.591
17.107,51.04045,0.648
17.109,51.04045,0.62
17.111,51.04045,0.6
17.113,51.04045,0.653
17.115,51.04045,0.647
17.117,51.04045,0.679
17.119,51.04045,0.625
17.121,51.04045,0.566
17.123,51.04045,0.57
17.125,51.04045,0.564
17.127,51.04045,0.569
17.129,51.04045,0.532
17.131,51.04045,0.507
17.133,51.04045,0.5
17.135,51.04045,0.432
17.137,51.04045,0.475
17.139,51.04045,0.431
17.141,51.04045,0.398
17.143,51.04045,0.438
17.145,51.04045,0.422
17.147,51.04045,0.449
17.149,51.04045,0.374
17.151,51.04045,0.36
17.153,51.04045,0.384
17.155,51.04045,0.415
17.157,51.04045,0.42
17.159,51.04045,0.387
17.161,51.04045,0.419
17.163,51.04045,0.401
17.165,51.04045,0.408
17.167,51.04045,0.439
17.169,51.04045,0.416
17.171,51.04045,0.383
17.173,51.04045,0.42
17.175,51.04045,0.436
17.177,51.04045,0.428
17.179,51.04045,0.421
17.181,51.04045,0.432
17.183,51.04045,0.443
17.185,51.04045,0.412
17.187,51.04045,0.438
17.189,51.04045,0.439
17.191,51.04045,0.455
17.193,51.04045,0.415
17.195,51.04045,0.422
17.197,51.04045,0.453
17.199,51.04045,0.416
17.201,51.04045,0.455
17.203,51.04045,0.462
17.205,51.04045,0.454
17.207,51.04045,0.496
17.209,51.04045,0.498
17.211,51.04045,0.524
17.213,51.04045,0.55
17.215,51.04045,0.524
17.217,51.04045,0.524
17.219,51.04045,0.576
17.221,51.04045,0.596
17.223,51.04045,0.585
17.225,51.04045,0.587
17.227,51.04045,0.643
17.229,51.04045,0.59
17.231,51.04045,0.602
17.233,51.04045,0.596
17.235,51.04045,0.601
17.237,51.04045,0.597
17.239,51.04045,0.624
17.241,51.04045,0.629
17.243,51.04045,0.601
17.245,51.04045,0.549
17.247,51.04045,0.601
17.249,51.04045,0.579
16.851,51.03915,0.562
16.853,51.03915,0.557
16.855,51.03915,0.557
16.857,51.03915,0.575
16.859,51.03915,0.613
16.861,51.03915,0.564
16.863,51.03915,0.587
16.865,51.03915,0.599
16.867,51.03915,0.565
16.869,51.03915,0.55
16.871,51.03915,0.56
16.873,51.03915,0.572
16.875,51.03915,0.574
16.877,51.03915,0.56
16.879,51.03915,0.562
16.881,51.03915,0.545
16.883,51.03915,0.519
16.885,51.03915,0.513
16.887,51.03915,0.526
16.889,51.03915,0.503
16.891,51.03915,0.046
16.893,51.03915,0.025
16.895,51.03915,0.041
16.897,51.03915,0.011
16.899,51.03915,0.006
16.901,51.03915,0.063
16.903,51.03915,0.007
16.905,51.03915,0.008
16.907,51.03915,0.01
16.909,51.03915,0.04
16.911,51.03915,0.032
16.913,51.03915,0.534
16.915,51.03915,0.553
16.917,51.03915,0.569
16.919,51.03915,0.603
16.921,51.03915,0.609
16.923,51.03915,0.591
16.925,51.03915,0.589
16.927,51.03915,0.57
16.929,51.03915,0.557
16.931,51.03915,0.584
16.933,51.03915,0.569
16.935,51.03915,0.568
16.937,51.03915,0.504
16.939,51.03915,0.505
16.941,51.03915,0.507
16.943,51.03915,0.538
16.945,51.03915,0.503
16.947,51.03915,0.497
16.949,51.03915,0.472
16.951,51.03915,0.471
16.953,51.03915,0.48
16.955,51.03915,0.487
16.957,51.03915,0.466
16.959,51.03915,0.516
16.961,51.03915,0.495
16.963,51.03915,0.47
16.965,51.03915,0.468
16.967,51.03915,0.474
16.969,51.03915,0.459
16.971,51.03915,0.481
16.973,51.03915,0.491
16.975,51.03915,0.494
16.977,51.03915,0.462
16.979,51.03915,0.461
16.981,51.03915,0.476
16.983,51.03915,0.505
16.985,51.03915,0.501
16.987,51.03915,0.525
16.989,51.03915,0.529
16.991,51.03915,0.569
16.993,51.03915,0.546
16.995,51.03915,0.577
16.997,51.03915,0.596
16.999,51.03915,0.582
17.001,51.03915,0.619
17.003,51.03915,0.6
17.005,51.03915,0.642
17.007,51.03915,0.611
17.009,51.03915,0.623
17.011,51.03915,0.615
17.013,51.03915,0.604
17.015,51.03915,0.644
17.017,51.03915,0.621
17.019,51.03915,0.612
17.021,51.03915,0.569
17.023,51.03915,0.633
17.025,51.03915,0.616
17.027,51.03915,0.607
17.029,51.03915,0.571
17.031,51.03915,0.599
17.033,51.03915,0.567
17.035,51.03915,0.556
17.037,51.03915,0.562
17.039,51.03915,0.569
17.041,51.03915,0.544
17.043,51.03915,0.552
17.045,51.03915,0.511
17.047,51.03915,0.492
17.049,51.03915,0.466
17.051,51.03915,0.457
17.053,51.03915,0.452
17.055,51.03915,0.508
17.057,51.03915,0.43
17.059,51.03915,0.393
17.061,51.03915,0.407
17.063,51.03915,0.437
17.065,51.03915,0.426
17.067,51.03915,0.471
17.069,51.03915,0.406
17.071,51.03915,0.413
17.073,51.03915,0.476
17.075,51.03915,0.435
17.077,51.03915,0.469
17.079,51.03915,0.475
17.081,51.03915,0.502
17.083,51.03915,0.53
17.085,51.03915,0.5
17.087,51.03915,0.557
17.089,51.03915,0.564
17.091,51.03915,0.531
17.093,51.03915,0.566
17.095,51.03915,0.584
17.097,51.03915,0.588
17.099,51.03915,0.614
17.101,51.03915,0.609
17.103,51.03915,0.603
17.105,51.03915,0.658
17.107,51.03915,0.656
17.109,51.03915,0.682
17.111,51.03915,0.623
17.113,51.03915,0.634
17.115,51.03915,0.6
17.117,51.03915,0.578
17.119,51.03915,0.59
17.121,51.03915,0.55
17.123,51.03915,0.587
17.125,51.03915,0.554
17.127,51.03915,0.551
17.129,51.03915,0.534
17.131,51.03915,0.486
17.133,51.03915,0.495
17.135,51.03915,0.473
17.137,51.03915,0.431
17.139,51.03915,0.455
17.141,51.03915,0.43
17.143,51.03915,0.429
17.145,51.03915,0.406
17.147,51.03915,0.397
17.149,51.03915,0.391
17.151,51.03915,0.403
17.153,51.03915,0.38
17.155,51.03915,0.389
17.157,51.03915,0.396
17.159,51.03915,0.373
17.161,51.03915,0.395
17.163,51.03915,0.414
17.165,51.03915,0.419
17.167,51.03915,0.465
17.169,51.03915,0.445
17.171,51.03915,0.385
17.173,51.03915,0.393
17.175,51.03915,0.427
17.177,51.03915,0.444
17.179,51.03915,0.459
17.181,51.03915,0.426
17.183,51.03915,0.409
17.185,51.03915,0.408
17.187,51.03915,0.443
17.189,51.03915,0.473
17.191,51.03915,0.408
17.193,51.03915,0.419
17.195,51.03915,0.422
17.197,51.03915,0.455
17.199,51.03915,0.434
17.201,51.03915,0.47
17.203,51.03915,0.497
17.205,51.03915,0.483
17.207,51.03915,0.524
17.209,51.03915,0.49
17.211,51.03915,0.509
17.213,51.03915,0.557
17.215,51.03915,0.581
17.217,51.03915,0.546
17.219,51.03915,0.576
17.221,51.03915,0.544
17.223,51.03915,0.603
17.225,51.03915,0.6
17.227,51.03915,0.631
17.229,51.03915,0.621
17.231,51.03915,0.577
17.233,51.03915,0.594
17.235,51.03915,0.648
17.237,51.03915,0.607
17.239,51.03915,0.608
17.241,51.03915,0.592
17.243,51.03915,0.582
17.245,51.03915,0.624
17.247,51.03915,0.571
17.249,51.03915,0.593
16.851,51.03785,0.556
16.853,51.03785,0.601
16.855,51.03785,0.593
16.857,51.03785,0.611
16.859,51.03785,0.582
16.861,51.03785,0.598
16.863,51.03785,0.56
16.865,51.03785,0.584
16.867,51.03785,0.594
16.869,51.03785,0.605
16.871,51.03785,0.59
16.873,51.03785,0.588
16.875,51.03785,0.557
16.877,51.03785,0.569
16.879,51.03785,0.568
16.881,51.03785,0.558
16.883,51.03785,0.561
16.885,51.03785,0.513
16.887,51.03785,0.51
16.889,51.03785,0.022
16.891,51.03785,0.021
16.893,51.03785,0.102
16.895,51.03785,0.046
16.897,51.03785,0.03
16.899,51.03785,0.034
16.901,51.03785,-0.001
16.903,51.03785,0.052
16.905,51.03785,0.068
16.907,51.03785,0.024
16.909,51.03785,0.018
16.911,51.03785,0.545
16.913,51.03785,0.57
16.915,51.03785,0.547
16.917,51.03785,0.595
16.919,51.03785,0.624
16.921,51.03785,0.602
16.923,51.03785,0.581
16.925,51.03785,0.589
16.927,51.03785,0.61
16.929,51.03785,0.604
16.931,51.03785,0.593
16.933,51.03785,0.566
16.935,51.03785,0.547
16.937,51.03785,0.533
16.939,51.03785,0.514
16.941,51.03785,0.547
16.943,51.03785,0.518
16.945,51.03785,0.529
16.947,51.03785,0.531
16.949,51.03785,0.514
16.951,51.03785,0.495
16.953,51.03785,0.496
16.955,51.03785,0.495
16.957,51.03785,0.457
16.959,51.03785,0.498
16.961,51.03785,0.46
16.963,51.03785,0.511
16.965,51.03785,0.515
16.967,51.03785,0.484
16.969,51.03785,0.506
16.971,51.03785,0.494
16.973,51.03785,0.495
16.975,51.03785,0.495
16.977,51.03785,0.488
16.979,51.03785,0.479
16.981,51.03785,0.506
16.983,51.03785,0.506
16.985,51.03785,0.494
16.987,51.03785,0.568
16.989,51.03785,0.537
16.991,51.03785,0.58
16.993,51.03785,0.587
16.995,51.03785,0.597
16.997,51.03785,0.571
16.999,51.03785,0.615
17.001,51.03785,0.581
17.003,51.03785,0.612
17.005,51.03785,0.607
17.007,51.03785,0.63
17.009,51.03785,0.625
17.011,51.03785,0.606
17.013,51.03785,0.616
17.015,51.03785,0.586
17.017,51.03785,0.629
17.019,51.03785,0.606
17.021,51.03785,0.574
17.023,51.03785,0.581
17.025,51.03785,0.595
17.027,51.03785,0.641
17.029,51.03785,0.6
17.031,51.03785,0.607
17.033,51.03785,0.59
17.035,51.03785,0.528
17.037,51.03785,0.562
17.039,51.03785,0.542
17.041,51.03785,0.524
17.043,51.03785,0.508
17.045,51.03785,0.519
17.047,51.03785,0.499
17.049,51.03785,0.471
17.051,51.03785,0.499
17.053,51.03785,0.461
17.055,51.03785,0.465
17.057,51.03785,0.465
17.059,51.03785,0.401
17.061,51.03785,0.417
17.063,51.03785,0.397
17.065,51.03785,0.388
17.067,51.03785,0.411
17.069,51.03785,0.44
17.071,51.03785,0.437
17.073,51.03785,0.458
17.075,51.03785,0.444
17.077,51.03785,0.469
17.079,51.03785,0.46
17.081,51.03785,0.465
17.083,51.03785,0.577
17.085,51.03785,0.543
17.087,51.03785,0.534
17.089,51.03785,0.563
17.091,51.03785,0.575
17.093,51.03785,0.566
17.095,51.03785,0.557
17.097,51.03785,0.607
17.099,51.03785,0.604
17.101,51.03785,0.601
17.103,51.03785,0.636
17.105,51.03785,0.619
17.107,51.03785,0.642
17.109,51.03785,0.681
17.111,51.03785,0.625
17.113,51.03785,0.625
17.115,51.03785,0.613
17.117,51.03785,0.591
17.119,51.03785,0.612
17.121,51.03785,0.584
17.123,51.03785,0.563
17.125,51.03785,0.574
17.127,51.03785,0.538
17.129,51.03785,0.499
17.131,51.03785,0.507
17.133,51.03785,0.437
17.135,51.03785,0.453
17.137,51.03785,0.425
17.139,51.03785,0.419
17.141,51.03785,0.405
17.143,51.03785,0.453
17.145,51.03785,0.404
17.147,51.03785,0.388
17.149,51.03785,0.355
17.151,51.03785,0.434
17.153,51.03785,0.377
17.155,51.03785,0.381
17.157,51.03785,0.374
17.159,51.03785,0.395
17.161,51.03785,0.397
17.163,51.03785,0.389
17.165,51.03785,0.43
17.167,51.03785,0.439
17.169,51.03785,0.415
17.171,51.03785,0.363
17.173,51.03785,0.41
17.175,51.03785,0.44
17.177,51.03785,0.398
17.179,51.03785,0.392
17.181,51.03785,0.448
17.183,51.03785,0.421
17.185,51.03785,0.435
17.187,51.03785,0.426
17.189,51.03785,0.451
17.191,51.03785,0.428
17.193,51.03785,0.385
17.195,51.03785,0.447
17.197,51.03785,0.448
17.199,51.03785,0.456
17.201,51.03785,0.439
17.203,51.03785,0.459
17.205,51.03785,0.461
17.207,51.03785,0.532
17.209,51.03785,0.51
17.211,51.03785,0.518
17.213,51.03785,0.558
17.215,51.03785,0.572
17.217,51.03785,0.541
17.219,51.03785,0.562
17.221,51.03785,0.612
17.223,51.03785,0.587
17.225,51.03785,0.587
17.227,51.03785,0.607
17.229,51.03785,0.628
17.231,51.03785,0.616
17.233,51.03785,0.614
17.235,51.03785,0.591
17.237,51.03785,0.609
17.239,51.03785,0.596
17.241,51.03785,0.616
17.243,51.03785,0.598
17.245,51.03785,0.606
17.247,51.03785,0.609
17.249,51.03785,0.6
16.851,51.03655,0.558
16.853,51.03655,0.554
16.855,51.03655,0.608
16.857,51.03655,0.575
16.859,51.03655,0.563
16.861,51.03655,0.601
16.863,51.03655,0.625
16.865,51.03655,0.589
16.867,51.03655,0.62
16.869,51.03655,0.555
16.871,51.03655,0.587
16.873,51.03655,0.54
16.875,51.03655,0.561
16.877,51.03655,0.579
16.879,51.03655,0.53
16.881,51.03655,0.567
16.883,51.03655,0.551
16.885,51.03655,0.557
16.887,51.03655,0.006
16.889,51.03655,0.028
16.891,51.03655,0.046
16.893,51.03655,-0.007
16.895,51.03655,0.026
16.897,51.03655,0.06
16.899,51.03655,-0.016
16.901,51.03655,0.062
16.903,51.03655,0.001
16.905,51.03655,-0.013
16.907,51.03655,0.047
16.909,51.03655,0.545
16.911,51.03655,0.554
16.913,51.03655,0.542
16.915,51.03655,0.55
16.917,51.03655,0.585
16.919,51.03655,0.595
16.921,51.03655,0.611
16.923,51.03655,0.625
16.925,51.03655,0.648
16.927,51.03655,0.605
16.929,51.03655,0.57
16.931,51.03655,0.576
16.933,51.03655,0.555
16.935,51.03655,0.569
16.937,51.03655,0.54
16.939,51.03655,0.536
16.941,51.03655,0.526
16.943,51.03655,0.55
16.945,51.03655,0.522
16.947,51.03655,0.538
16.949,51.03655,0.515
16.951,51.03655,0.526
16.953,51.03655,0.488
16.955,51.03655,0.507
16.957,51.03655,0.519
16.959,51.03655,0.5
16.961,51.03655,0.509
16.963,51.03655,0.5
16.965,51.03655,0.527
16.967,51.03655,0.47
16.969,51.03655,0.485
16.971,51.03655,0.515
16.973,51.03655,0.476
16.975,51.03655,0.542
16.977,51.03655,0.489
16.979,51.03655,0.475
16.981,51.03655,0.531
16.983,51.03655,0.541
16.985,51.03655,0.57
16.987,51.03655,0.568
16.989,51.03655,0.592
16.991,51.03655,0.574
16.993,51.03655,0.561
16.995,51.03655,0.602
16.997,51.03655,0.619
16.999,51.03655,0.602
17.001,51.03655,0.58
17.003,51.03655,0.635
17.005,51.03655,0.582
17.007,51.03655,0.595
17.009,51.03655,0.6
17.011,51.03655,0.608
17.013,51.03655,0.598
17.015,51.03655,0.605
17.017,51.03655,0.59
17.019,51.03655,0.607
17.021,51.03655,0.639
17.023,51.03655,0.596
17.025,51.03655,0.588
17.027,51.03655,0.609
17.029,51.03655,0.629
17.031,51.03655,0.579
17.033,51.03655,0.565
17.035,51.03655,0.57
17.037,51.03655,0.588
17.039,51.03655,0.531
17.041,51.03655,0.545
17.043,51.03655,0.533
17.045,51.03655,0.499
17.047,51.03655,0.52
17.049,51.03655,0.451
17.051,51.03655,0.464
17.053,51.03655,0.438
17.055,51.03655,0.43
17.057,51.03655,0.435
17.059,51.03655,0.368
17.061,51.03655,0.413
17.063,51.03655,0.435
17.065,51.03655,0.398
17.067,51.03655,0.403
17.069,51.03655,0.434
17.071,51.03655,0.419
17.073,51.03655,0.458
17.075,51.03655,0.478
17.077,51.03655,0.465
17.079,51.03655,0.497
17.081,51.03655,0.492
17.083,51.03655,0.499
17.085,51.03655,0.531
17.087,51.03655,0.536
17.089,51.03655,0.559
17.091,51.03655,0.561
17.093,51.03655,0.568
17.095,51.03655,0.588
17.097,51.03655,0.572
17.099,51.03655,0.635
17.101,51.03655,0.591
17.103,51.03655,0.627
17.105,51.03655,0.585
17.107,51.03655,0.614
17.109,51.03655,0.634
17.111,51.03655,0.614
17.113,51.03655,0.586
17.115,51.03655,0.613
17.117,51.03655,0.56
17.119,51.03655,0.597
17.121,51.03655,0.584
17.123,51.03655,0.544
17.125,51.03655,0.568
17.127,51.03655,0.517
17.129,51.03655,0.449
17.131,51.03655,0.52
17.133,51.03655,0.444
17.135,51.03655,0.448
17.137,51.03655,0.426
17.139,51.03655,0.402
17.141,51.03655,0.411
17.143,51.03655,0.362
17.145,51.03655,0.375
17.147,51.03655,0.41
17.149,51.03655,0.407
17.151,51.03655,0.438
17.153,51.03655,0.395
17.155,51.03655,0.403
17.157,51.03655,0.356
17.159,51.03655,0.363
17.161,51.03655,0.444
17.163,51.03655,0.452
17.165,51.03655,0.385
17.167,51.03655,0.436
17.169,51.03655,0.4
17.171,51.03655,0.435
17.173,51.03655,0.421
17.175,51.03655,0.42
17.177,51.03655,0.409
17.179,51.03655,0.435
17.181,51.03655,0.4
17.183,51.03655,0.445
17.185,51.03655,0.439
17.187,51.03655,0.442
17.189,51.03655,0.422
17.191,51.03655,0.436
17.193,51.03655,0.42
17.195,51.03655,0.452
17.197,51.03655,0.445
17.199,51.03655,0.415
17.201,51.03655,0.438
17.203,51.03655,0.482
17.205,51.03655,0.469
17.207,51.03655,0.505
17.209,51.03655,0.519
17.211,51.03655,0.525
17.213,51.03655,0.5
17.215,51.03655,0.594
17.217,51.03655,0.562
17.219,51.03655,0.566
17.221,51.03655,0.587
17.223,51.03655,0.591
17.225,51.03655,0.611
17.227,51.03655,0.571
17.229,51.03655,0.602
17.231,51.03655,0.587
17.233,51.03655,0.584
17.235,51.03655,0.608
17.237,51.03655,0.613
17.239,51.03655,0.592
17.241,51.03655,0.584
17.243,51.03655,0.564
17.245,51.03655,0.621
17.247,51.03655,0.548
17.249,51.03655,0.615
16.851,51.03525,0.648
16.853,51.03525,0.562
16.855,51.03525,0.612
16.857,51.03525,0.585
16.859,51.03525,0.632
16.861,51.03525,0.612
16.863,51.03525,0.535
16.865,51.03525,0.574
16.867,51.03525,0.614
16.869,51.03525,0.595
16.871,51.03525,0.592
16.873,51.03525,0.55
16.875,51.03525,0.577
16.877,51.03525,0.536
16.879,51.03525,0.568
16.881,51.03525,0.569
16.883,51.03525,0.554
16.885,51.03525,0.037
16.887,51.03525,0.03
16.889,51.03525,0.025
16.891,51.03525,0.035
16.893,51.03525,0.052
16.895,51.03525,0.005
16.897,51.03525,-0.008
16.899,51.03525,0.007
16.901,51.03525,-0.045
16.903,51.03525,0.035
16.905,51.03525,0.52
16.907,51.03525,0.568
16.909,51.03525,0.566
16.911,51.03525,0.559
16.913,51.03525,0.591
16.915,51.03525,0.602
16.917,51.03525,0.583
16.919,51.03525,0.636
16.921,51.03525,0.621
16.923,51.03525,0.667
16.925,51.03525,0.632
16.927,51.03525,0.58
16.929,51.03525,0.615
16.931,51.03525,0.585
16.933,51.03525,0.586
16.935,51.03525,0.581
16.937,51.03525,0.549
16.939,51.03525,0.532
16.941,51.03525,0.564
16.943,51.03525,0.55
16.945,51.03525,0.531
16.947,51.03525,0.537
16.949,51.03525,0.522
16.951,51.03525,0.529
16.953,51.03525,0.527
16.955,51.03525,0.499
16.957,51.03525,0.536
16.959,51.03525,0.516
16.961,51.03525,0.504
16.963,51.03525,0.534
16.965,51.03525,0.486
16.967,51.03525,0.49
16.969,51.03525,0.494
16.971,51.03525,0.497
16.973,51.03525,0.526
16.975,51.03525,0.528
16.977,51.03525,0.535
16.979,51.03525,0.492
16.981,51.03525,0.543
16.983,51.03525,0.532
16.985,51.03525,0.567
16.987,51.03525,0.546
16.989,51.03525,0.597
16.991,51.03525,0.576
16.993,51.03525,0.572
16.995,51.03525,0.569
16.997,51.03525,0.555
16.999,51.03525,0.56
17.001,51.03525,0.624
17.003,51.03525,0.602
17.005,51.03525,0.607
17.007,51.03525,0.609
17.009,51.03525,0.626
17.011,51.03525,0.616
17.013,51.03525,0.618
17.015,51.03525,0.619
17.017,51.03525,0.623
17.019,51.03525,0.605
17.021,51.03525,0.608
17.023,51.03525,0.619
17.025,51.03525,0.592
17.027,51.03525,0.612
17.029,51.03525,0.571
17.031,51.03525,0.59
17.033,51.03525,0.577
17.035,51.03525,0.58
17.037,51.03525,0.563
17.039,51.03525,0.58
17.041,51.03525,0.564
17.043,51.03525,0.519
17.045,51.03525,0.506
17.047,51.03525,0.45
17.049,51.03525,0.478
17.051,51.03525,0.461
17.053,51.03525,0.473
17.055,51.03525,0.401
17.057,51.03525,0.404
17.059,51.03525,0.396
17.061,51.03525,0.407
17.063,51.03525,0.383
17.065,51.03525,0.383
17.067,51.03525,0.431
17.069,51.03525,0.384
17.071,51.03525,0.437
17.073,51.03525,0.463
17.075,51.03525,0.455
17.077,51.03525,0.49
17.079,51.03525,0.487
17.081,51.03525,0.515
17.083,51.03525,0.517
17.085,51.03525,0.501
17.087,51.03525,0.57
17.089,51.03525,0.546
17.091,51.03525,0.542
17.093,51.03525,0.568
17.095,51.03525,0.593
17.097,51.03525,0.537
17.099,51.03525,0.571
17.101,51.03525,0.57
17.103,51.03525,0.622
17.105,51.03525,0.578
17.107,51.03525,0.576
17.109,51.03525,0.6
17.111,51.03525,0.566
17.113,51.03525,0.635
17.115,51.03525,0.576
17.117,51.03525,0.574
17.119,51.03525,0.579
17.121,51.03525,0.59
17.123,51.03525,0.606
17.125,51.03525,0.517
17.127,51.03525,0.512
17.129,51.03525,0.511
17.131,51.03525,0.499
17.133,51.03525,0.5
17.135,51.03525,0.471
17.137,51.03525,0.449
17.139,51.03525,0.427
17.141,51.03525,0.404
17.143,51.03525,0.412
17.145,51.03525,0.39
17.147,51.03525,0.386
17.149,51.03525,0.433
17.151,51.03525,0.394
17.153,51.03525,0.424
17.155,51.03525,0.413
17.157,51.03525,0.396
17.159,51.03525,0.398
17.161,51.03525,0.382
17.163,51.03525,0.402
17.165,51.03525,0.391
17.167,51.03525,0.423
17.169,51.03525,0.437
17.171,51.03525,0.375
17.173,51.03525,0.406
17.175,51.03525,0.421
17.177,51.03525,0.432
17.179,51.03525,0.453
17.181,51.03525,0.447
17.183,51.03525,0.429
17.185,51.03525,0.458
17.187,51.03525,0.43
17.189,51.03525,0.444
17.191,51.03525,0.447
17.193,51.03525,0.444
17.195,51.03525,0.458
17.197,51.03525,0.452
17.199,51.03525,0.427
17.201,51.03525,0.47
17.203,51.03525,0.441
17.205,51.03525,0.506
17.207,51.03525,0.49
17.209,51.03525,0.527
17.211,51.03525,0.541
17.213,51.03525,0.51
17.215,51.03525,0.584
17.217,51.03525,0.571
17.219,51.03525,0.603
17.221,51.03525,0.591
17.223,51.03525,0.601
17.225,51.03525,0.641
17.227,51.03525,0.61
17.229,51.03525,0.618
17.231,51.03525,0.606
17.233,51.03525,0.571
17.235,51.03525,0.611
17.237,51.03525,0.607
17.239,51.03525,0.603
17.241,51.03525,0.628
17.243,51.03525,0.619
17.245,51.03525,0.605
17.247,51.03525,0.582
17.249,51.03525,0.585
16.851,51.03395,0.606
16.853,51.03395,0.658
16.855,51.03395,0.617
16.857,51.03395,0.585
16.859,51.03395,0.598
16.861,51.03395,0.591
16.863,51.03395,0.581
16.865,51.03395,0.602
16.867,51.03395,0.578
16.869,51.03395,0.57
16.871,51.03395,0.586
16.873,51.03395,0.559
16.875,51.03395,0.605
16.877,51.03395,0.501
16.879,51.03395,0.525
16.881,51.03395,0.035
16.883,51.03395,0.045
16.885,51.03395,0.025
16.887,51.03395,0.029
16.889,51.03395,0.007
16.891,51.03395,-0.003
16.893,51.03395,0.007
16.895,51.03395,0.012
16.897,51.03395,0.011
16.899,51.03395,0.048
16.901,51.03395,0.063
16.903,51.03395,0.545
16.905,51.03395,0.542
16.907,51.03395,0.55
16.909,51.03395,0.565
16.911,51.03395,0.544
16.913,51.03395,0.592
16.915,51.03395,0.591
16.917,51.03395,0.622
16.919,51.03395,0.615
16.921,51.03395,0.647
16.923,51.03395,0.639
16.925,51.03395,0.594
16.927,51.03395,0.608
16.929,51.03395,0.575
16.931,51.03395,0.593
16.933,51.03395,0.606
16.935,51.03395,0.554
16.937,51.03395,0.579
16.939,51.03395,0.548
16.941,51.03395,0.513
16.943,51.03395,0.54
16.945,51.03395,0.569
16.947,51.03395,0.505
16.949,51.03395,0.511
16.951,51.03395,0.541
16.953,51.03395,0.519
16.955,51.03395,0.541
16.957,51.03395,0.502
16.959,51.03395,0.52
16.961,51.03395,0.538
16.963,51.03395,0.505
16.965,51.03395,0.539
16.967,51.03395,0.521
16.969,51.03395,0.541
16.971,51.03395,0.541
16.973,51.03395,0.535
16.975,51.03395,0.548
16.977,51.03395,0.564
16.979,51.03395,0.558
16.981,51.03395,0.533
16.983,51.03395,0.537
16.985,51.03395,0.617
16.987,51.03395,0.575
16.989,51.03395,0.521
16.991,51.03395,0.575
16.993,51.03395,0.575
16.995,51.03395,0.617
16.997,51.03395,0.626
16.999,51.03395,0.59
17.001,51.03395,0.62
17.003,51.03395,0.59
17.005,51.03395,0.617
17.007,51.03395,0.597
17.009,51.03395,0.61
17.011,51.03395,0.598
17.013,51.03395,0.63
17.015,51.03395,0.598
17.017,51.03395,0.586
17.019,51.03395,0.635
17.021,51.03395,0.623
17.023,51.03395,0.571
17.025,51.03395,0.607
17.027,51.03395,0.565
17.029,51.03395,0.565
17.031,51.03395,0.579
17.033,51.03395,0.563
17.035,51.03395,0.619
17.037,51.03395,0.595
17.039,51.03395,0.563
17.041,51.03395,0.569
17.043,51.03395,0.543
17.045,51.03395,0.529
17.047,51.03395,0.499
17.049,51.03395,0.478
17.051,51.03395,0.449
17.053,51.03395,0.476
17.055,51.03395,0.393
17.057,51.03395,0.381
17.059,51.03395,0.396
17.061,51.03395,0.401
17.063,51.03395,0.366
17.065,51.03395,0.438
17.067,51.03395,0.431
17.069,51.03395,0.425
17.071,51.03395,0.4
17.073,51.03395,0.458
17.075,51.03395,0.472
17.077,51.03395,0.465
17.079,51.03395,0.509
17.081,51.03395,0.523
17.083,51.03395,0.506
17.085,51.03395,0.506
17.087,51.03395,0.564
17.089,51.03395,0.532
17.091,51.03395,0.554
17.093,51.03395,0.526
17.095,51.03395,0.562
17.097,51.03395,0.576
17.099,51.03395,0.572
17.101,51.03395,0.587
17.103,51.03395,0.617
17.105,51.03395,0.568
17.107,51.03395,0.552
17.109,51.03395,0.586
17.111,51.03395,0.544
17.113,51.03395,0.613
17.115,51.03395,0.591
17.117,51.03395,0.571
17.119,51.03395,0.59
17.121,51.03395,0.538
17.123,51.03395,0.532
17.125,51.03395,0.558
17.127,51.03395,0.547
17.129,51.03395,0.485
17.131,51.03395,0.49
17.133,51.03395,0.457
17.135,51.03395,0.491
17.137,51.03395,0.43
17.139,51.03395,0.444
17.141,51.03395,0.407
17.143,51.03395,0.42
17.145,51.03395,0.393
17.147,51.03395,0.404
17.149,51.03395,0.421
17.151,51.03395,0.402
17.153,51.03395,0.423
17.155,51.03395,0.425
17.157,51.03395,0.422
17.159,51.03395,0.383
17.161,51.03395,0.408
17.163,51.03395,0.413
17.165,51.03395,0.427
17.167,51.03395,0.421
17.169,51.03395,0.459
17.171,51.03395,0.448
17.173,51.03395,0.441
17.175,51.03395,0.437
17.177,51.03395,0.43
17.179,51.03395,0.464
17.181,51.03395,0.423
17.183,51.03395,0.461
17.185,51.03395,0.44
17.187,51.03395,0.437
17.189,51.03395,0.429
17.191,51.03395,0.401
17.193,51.03395,0.451
17.195,51.03395,0.416
17.197,51.03395,0.453
17.199,51.03395,0.451
17.201,51.03395,0.464
17.203,51.03395,0.44
17.205,51.03395,0.458
17.207,51.03395,0.528
17.209,51.03395,0.503
17.211,51.03395,0.516
17.213,51.03395,0.556
17.215,51.03395,0.557
17.217,51.03395,0.564
17.219,51.03395,0.561
17.221,51.03395,0.602
17.223,51.03395,0.623
17.225,51.03395,0.594
17.227,51.03395,0.595
17.229,51.03395,0.603
17.231,51.03395,0.616
17.233,51.03395,0.622
17.235,51.03395,0.61
17.237,51.03395,0.626
17.239,51.03395,0.636
17.241,51.03395,0.641
17.243,51.03395,0.604
17.245,51.03395,0.607
17.247,51.03395,0.616
17.249,51.03395,0.626
16.851,51.03265,0.59
16.853,51.03265,0.645
16.855,51.03265,0.611
16.857,51.03265,0.641
16.859,51.03265,0.617
16.861,51.03265,0.622
16.863,51.03265,0.62
16.865,51.03265,0.667
16.867,51.03265,0.602
16.869,51.03265,0.582
16.871,51.03265,0.553
16.873,51.03265,0.569
16.875,51.03265,0.539
16.877,51.03265,0.557
16.879,51.03265,0.041
16.881,51.03265,0.008
16.883,51.03265,-0.007
16.885,51.03265,0.017
16.887,51.03265,0.027
16.889,51.03265,0.05
16.891,51.03265,0.014
16.893,51.03265,0.003
16.895,51.03265,0.081
16.897,51.03265,0.006
16.899,51.03265,0.041
16.901,51.03265,0.523
16.903,51.03265,0.535
16.905,51.03265,0.551
16.907,51.03265,0.574
16.909,51.03265,0.576
16.911,51.03265,0.562
16.913,51.03265,0.624
16.915,51.03265,0.59
16.917,51.03265,0.628
16.919,51.03265,0.602
16.921,51.03265,0.665
16.923,51.03265,0.648
16.925,51.03265,0.614
16.927,51.03265,0.668
16.929,51.03265,0.605
16.931,51.03265,0.598
16.933,51.03265,0.58
16.935,51.03265,0.566
16.937,51.03265,0.601
16.939,51.03265,0.539
16.941,51.03265,0.534
16.943,51.03265,0.534
16.945,51.03265,0.551
16.947,51.03265,0.535
16.949,51.03265,0.54
16.951,51.03265,0.552
16.953,51.03265,0.553
16.955,51.03265,0.563
16.957,51.03265,0.565
16.959,51.03265,0.54
16.961,51.03265,0.525
16.963,51.03265,0.56
16.965,51.03265,0.543
16.967,51.03265,0.533
16.969,51.03265,0.531
16.971,51.03265,0.554
16.973,51.03265,0.519
16.975,51.03265,0.555
16.977,51.03265,0.534
16.979,51.03265,0.559
16.981,51.03265,0.59
16.983,51.03265,0.568
16.985,51.03265,0.57
16.987,51.03265,0.547
16.989,51.03265,0.567
16.991,51.03265,0.582
16.993,51.03265,0.608
16.995,51.03265,0.598
16.997,51.03265,0.589
16.999,51.03265,0.6
17.001,51.03265,0.613
17.003,51.03265,0.604
17.005,51.03265,0.588
17.007,51.03265,0.622
17.009,51.03265,0.618
17.011,51.03265,0.582
17.013,51.03265,0.616
17.015,51.03265,0.596
17.017,51.03265,0.655
17.019,51.03265,0.583
17.021,51.03265,0.618
17.023,51.03265,0.587
17.025,51.03265,0.609
17.027,51.03265,0.59
17.029,51.03265,0.609
17.031,51.03265,0.571
17.033,51.03265,0.603
17.035,51.03265,0.567
17.037,51.03265,0.592
17.039,51.03265,0.561
17.041,51.03265,0.515
17.043,51.03265,0.494
17.045,51.03265,0.524
17.047,51.03265,0.504
17.049,51.03265,0.51
17.051,51.03265,0.475
17.053,51.03265,0.425
17.055,51.03265,0.429
17.057,51.03265,0.411
17.059,51.03265,0.396
17.061,51.03265,0.401
17.063,51.03265,0.371
17.065,51.03265,0.412
17.067,51.03265,0.379
17.069,51.03265,0.416
17.071,51.03265,0.404
17.073,51.03265,0.431
17.075,51.03265,0.459
17.077,51.03265,0.486
17.079,51.03265,0.521
17.081,51.03265,0.477
17.083,51.03265,0.506
17.085,51.03265,0.545
17.087,51.03265,0.522
17.089,51.03265,0.506
17.091,51.03265,0.536
17.093,51.03265,0.521
17.095,51.03265,0.55
17.097,51.03265,0.547
17.099,51.03265,0.548
17.101,51.03265,0.505
17.103,51.03265,0.555
17.105,51.03265,0.616
17.107,51.03265,0.545
17.109,51.03265,0.579
17.111,51.03265,0.607
17.113,51.03265,0.556
17.115,51.03265,0.563
17.117,51.03265,0.566
17.119,51.03265,0.558
17.121,51.03265,0.592
17.123,51.03265,0.53
17.125,51.03265,0.519
17.127,51.03265,0.512
17.129,51.03265,0.482
17.131,51.03265,0.502
17.133,51.03265,0.434
17.135,51.03265,0.441
17.137,51.03265,0.438
17.139,51.03265,0.426
17.141,51.03265,0.401
17.143,51.03265,0.408
17.145,51.03265,0.38
17.147,51.03265,0.389
17.149,51.03265,0.419
17.151,51.03265,0.395
17.153,51.03265,0.429
17.155,51.03265,0.442
17.157,51.03265,0.427
17.159,51.03265,0.422
17.161,51.03265,0.432
17.163,51.03265,0.411
17.165,51.03265,0.437
17.167,51.03265,0.43
17.169,51.03265,0.435
17.171,51.03265,0.401
17.173,51.03265,0.425
17.175,51.03265,0.434
17.177,51.03265,0.464
17.179,51.03265,0.46
17.181,51.03265,0.435
17.183,51.03265,0.459
17.185,51.03265,0.452
17.187,51.03265,0.436
17.189,51.03265,0.445
17.191,51.03265,0.437
17.193,51.03265,0.417
17.195,51.03265,0.465
17.197,51.03265,0.444
17.199,51.03265,0.469
17.201,51.03265,0.444
17.203,51.03265,0.488
17.205,51.03265,0.511
17.207,51.03265,0.492
17.209,51.03265,0.484
17.211,51.03265,0.529
17.213,51.03265,0.531
17.215,51.03265,0.579
17.217,51.03265,0.589
17.219,51.03265,0.565
17.221,51.03265,0.599
17.223,51.03265,0.595
17.225,51.03265,0.598
17.227,51.03265,0.603
17.229,51.03265,0.595
17.231,51.03265,0.599
17.233,51.03265,0.611
17.235,51.03265,0.576
17.237,51.03265,0.584
17.239,51.03265,0.576
17.241,51.03265,0.606
17.243,51.03265,0.572
17.245,51.03265,0.599
17.247,51.03265,0.633
17.249,51.03265,0.591
16.851,51.03135,0.688
16.853,51.03135,0.687
16.855,51.03135,0.628
16.857,51.03135,0.629
16.859,51.03135,0.65
16.861,51.03135,0.609
16.863,51.03135,0.615
16.865,51.03135,0.623
16.867,51.03135,0.609
16.869,51.03135,0.63
16.871,51.03135,0.605
16.873,51.03135,0.572
16.875,51.03135,0.56
16.877,51.03135,-0.004
16.879,51.03135,0.036
16.881,51.03135,-0.008
16.883,51.03135,0.056
16.885,51.03135,-0.002
16.887,51.03135,0.089
16.889,51.03135,0.054
16.891,51.03135,0.038
16.893,51.03135,0.063
16.895,51.03135,0.012
16.897,51.03135,0.045
16.899,51.03135,0.531
16.901,51.03135,0.557
16.903,51.03135,0.574
16.905,51.03135,0.54
16.907,51.03135,0.562
16.909,51.03135,0.605
16.911,51.03135,0.612
16.913,51.03135,0.601
16.915,51.03135,0.606
16.917,51.03135,0.656
16.919,51.03135,0.633
16.921,51.03135,0.619
16.923,51.03135,0.609
16.925,51.03135,0.628
16.927,51.03135,0.615
16.929,51.03135,0.612
16.931,51.03135,0.624
16.933,51.03135,0.617
16.935,51.03135,0.611
16.937,51.03135,0.584
16.939,51.03135,0.577
16.941,51.03135,0.574
16.943,51.03135,0.588
16.945,51.03135,0.576
16.947,51.03135,0.552
16.949,51.03135,0.535
16.951,51.03135,0.588
16.953,51.03135,0.577
16.955,51.03135,0.551
16.957,51.03135,0.538
16.959,51.03135,0.553
16.961,51.03135,0.508
16.963,51.03135,0.552
16.965,51.03135,0.549
16.967,51.03135,0.553
16.969,51.03135,0.529
16.971,51.03135,0.512
16.973,51.03135,0.576
16.975,51.03135,0.58
16.977,51.03135,0.585
16.979,51.03135,0.589
16.981,51.03135,0.585
16.983,51.03135,0.557
16.985,51.03135,0.586
16.987,51.03135,0.583
16.989,51.03135,0.583
16.991,51.03135,0.555
16.993,51.03135,0.621
16.995,51.03135,0.586
16.997,51.03135,0.563
16.999,51.03135,0.607
17.001,51.03135,0.549
17.003,51.03135,0.606
17.005,51.03135,0.614
17.007,51.03135,0.597
17.009,51.03135,0.591
17.011,51.03135,0.62
17.013,51.03135,0.627
17.015,51.03135,0.602
17.017,51.03135,0.589
17.019,51.03135,0.6
17.021,51.03135,0.599
17.023,51.03135,0.594
17.025,51.03135,0.628
17.027,51.03135,0.653
17.029,51.03135,0.619
17.031,51.03135,0.618
17.033,51.03135,0.618
17.035,51.03135,0.639
17.037,51.03135,0.616
17.039,51.03135,0.574
17.041,51.03135,0.589
17.043,51.03135,0.563
17.045,51.03135,0.509
17.047,51.03135,0.484
17.049,51.03135,0.469
17.051,51.03135,0.462
17.053,51.03135,0.42
17.055,51.03135,0.445
17.057,51.03135,0.406
17.059,51.03135,0.428
17.061,51.03135,0.42
17.063,51.03135,0.394
17.065,51.03135,0.39
17.067,51.03135,0.428
17.069,51.03135,0.431
17.071,51.03135,0.462
17.073,51.03135,0.462
17.075,51.03135,0.418
17.077,51.03135,0.451
17.079,51.03135,0.521
17.081,51.03135,0.502
17.083,51.03135,0.487
17.085,51.03135,0.528
17.087,51.03135,0.482
17.089,51.03135,0.499
17.091,51.03135,0.551
17.093,51.03135,0.553
17.095,51.03135,0.542
17.097,51.03135,0.521
17.099,51.03135,0.542
17.101,51.03135,0.539
17.103,51.03135,0.541
17.105,51.03135,0.54
17.107,51.03135,0.542
17.109,51.03135,0.555
17.111,51.03135,0.583
17.113,51.03135,0.554
17.115,51.03135,0.61
17.117,51.03135,0.508
17.119,51.03135,0.559
17.121,51.03135,0.556
17.123,51.03135,0.491
17.125,51.03135,0.524
17.127,51.03135,0.481
17.129,51.03135,0.489
17.131,51.03135,0.496
17.133,51.03135,0.434
17.135,51.03135,0.405
17.137,51.03135,0.408
17.139,51.03135,0.449
17.141,51.03135,0.407
17.143,51.03135,0.427
17.145,51.03135,0.395
17.147,51.03135,0.393
17.149,51.03135,0.451
17.151,51.03135,0.449
17.153,51.03135,0.42
17.155,51.03135,0.432
17.157,51.03135,0.449
17.159,51.03135,0.462
17.161,51.03135,0.472
17.163,51.03135,0.457
17.165,51.03135,0.458
17.167,51.03135,0.428
17.169,51.03135,0.428
17.171,51.03135,0.483
17.173,51.03135,0.465
17.175,51.03135,0.444
17.177,51.03135,0.469
17.179,51.03135,0.447
17.181,51.03135,0.469
17.183,51.03135,0.456
17.185,51.03135,0.463
17.187,51.03135,0.461
17.189,51.03135,0.421
17.191,51.03135,0.456
17.193,51.03135,0.448
17.195,51.03135,0.425
17.197,51.03135,0.449
17.199,51.03135,0.453
17.201,51.03135,0.466
17.203,51.03135,0.463
17.205,51.03135,0.489
17.207,51.03135,0.497
17.209,51.03135,0.492
17.211,51.03135,0.514
17.213,51.03135,0.534
17.215,51.03135,0.568
17.217,51.03135,0.561
17.219,51.03135,0.569
17.221,51.03135,0.59
17.223,51.03135,0.581
17.225,51.03135,0.586
17.227,51.03135,0.598
17.229,51.03135,0.612
17.231,51.03135,0.62
17.233,51.03135,0.595
17.235,51.03135,0.606
17.237,51.03135,0.621
17.239,51.03135,0.607
17.241,51.03135,0.606
17.243,51.03135,0.586
17.245,51.03135,0.601
17.247,51.03135,0.6
17.249,51.03135,0.575
16.851,51.03005,0.658
16.853,51.03005,0.669
16.855,51.03005,0.631
16.857,51.03005,0.637
16.859,51.03005,0.623
16.861,51.03005,0.599
16.863,51.03005,0.618
16.865,51.03005,0.63
16.867,51.03005,0.629
16.869,51.03005,0.633
16.871,51.03005,0.585
16.873,51.03005,0.601
16.875,51.03005,0.005
16.877,51.03005,0.025
16.879,51.03005,0.066
16.881,51.03005,0.065
16.883,51.03005,0.017
16.885,51.03005,0.031
16.887,51.03005,0.02
16.889,51.03005,0.049
16.891,51.03005,0.026
16.893,51.03005,0.007
16.895,51.03005,0.005
16.897,51.03005,0.531
16.899,51.03005,0.518
16.901,51.03005,0.533
16.903,51.03005,0.552
16.905,51.03005,0.571
16.907,51.03005,0.571
16.909,51.03005,0.563
16.911,51.03005,0.609
16.913,51.03005,0.64
16.915,51.03005,0.653
16.917,51.03005,0.633
16.919,51.03005,0.63
16.921,51.03005,0.629
16.923,51.03005,0.653
16.925,51.03005,0.65
16.927,51.03005,0.655
16.929,51.03005,0.642
16.931,51.03005,0.659
16.933,51.03005,0.643
16.935,51.03005,0.608
16.937,51.03005,0.561
16.939,51.03005,0.563
16.941,51.03005,0.569
16.943,51.03005,0.587
16.945,51.03005,0.573
16.947,51.03005,0.554
16.949,51.03005,0.584
16.951,51.03005,0.56
16.953,51.03005,0.574
16.955,51.03005,0.58
16.957,51.03005,0.54
16.959,51.03005,0.574
16.961,51.03005,0.512
16.963,51.03005,0.553
16.965,51.03005,0.555
16.967,51.03005,0.556
16.969,51.03005,0.575
16.971,51.03005,0.551
16.973,51.03005,0.601
16.975,51.03005,0.583
16.977,51.03005,0.609
16.979,51.03005,0.565
16.981,51.03005,0.586
16.983,51.03005,0.589
16.985,51.03005,0.567
16.987,51.03005,0.612
16.989,51.03005,0.621
16.991,51.03005,0.568
16.993,51.03005,0.573
16.995,51.03005,0.593
16.997,51.03005,0.626
16.999,51.03005,0.611
17.001,51.03005,0.594
17.003,51.03005,0.586
17.005,51.03005,0.598
17.007,51.03005,0.578
17.009,51.03005,0.576
17.011,51.03005,0.636
17.013,51.03005,0.618
17.015,51.03005,0.57
17.017,51.03005,0.606
17.019,51.03005,0.609
17.021,51.03005,0.64
17.023,51.03005,0.577
17.025,51.03005,0.615
17.027,51.03005,0.626
17.029,51.03005,0.617
17.031,51.03005,0.607
17.033,51.03005,0.582
17.035,51.03005,0.589
17.037,51.03005,0.564
17.039,51.03005,0.627
17.041,51.03005,0.538
17.043,51.03005,0.511
17.045,51.03005,0.543
17.047,51.03005,0.496
17.049,51.03005,0.484
17.051,51.03005,0.445
17.053,51.03005,0.457
17.055,51.03005,0.415
17.057,51.03005,0.374
17.059,51.03005,0.4
17.061,51.03005,0.389
17.063,51.03005,0.403
17.065,51.03005,0.403
17.067,51.03005,0.413
17.069,51.03005,0.415
17.071,51.03005,0.455
17.073,51.03005,0.438
17.075,51.03005,0.458
17.077,51.03005,0.459
17.079,51.03005,0.499
17.081,51.03005,0.543
17.083,51.03005,0.488
17.085,51.03005,0.51
17.087,51.03005,0.537
17.089,51.03005,0.529
17.091,51.03005,0.556
17.093,51.03005,0.538
17.095,51.03005,0.502
17.097,51.03005,0.573
17.099,51.03005,0.549
17.101,51.03005,0.572
17.103,51.03005,0.54
17.105,51.03005,0.562
17.107,51.03005,0.555
17.109,51.03005,0.53
17.111,51.03005,0.518
17.113,51.03005,0.517
17.115,51.03005,0.518
17.117,51.03005,0.526
17.119,51.03005,0.543
17.121,51.03005,0.542
17.123,51.03005,0.509
17.125,51.03005,0.495
17.127,51.03005,0.499
17.129,51.03005,0.504
17.131,51.03005,0.474
17.133,51.03005,0.465
17.135,51.03005,0.444
17.137,51.03005,0.46
17.139,51.03005,0.473
17.141,51.03005,0.424
17.143,51.03005,0.419
17.145,51.03005,0.47
17.147,51.03005,0.444
17.149,51.03005,0.454
17.151,51.03005,0.43
17.153,51.03005,0.429
17.155,51.03005,0.447
17.157,51.03005,0.467
17.159,51.03005,0.461
17.161,51.03005,0.477
17.163,51.03005,0.492
17.165,51.03005,0.481
17.167,51.03005,0.46
17.169,51.03005,0.464
17.171,51.03005,0.509
17.173,51.03005,0.453
17.175,51.03005,0.485
17.177,51.03005,0.49
17.179,51.03005,0.45
17.181,51.03005,0.447
17.183,51.03005,0.43
17.185,51.03005,0.456
17.187,51.03005,0.466
17.189,51.03005,0.443
17.191,51.03005,0.49
17.193,51.03005,0.5
17.195,51.03005,0.437
17.197,51.03005,0.436
17.199,51.03005,0.465
17.201,51.03005,0.44
17.203,51.03005,0.481
17.205,51.03005,0.469
17.207,51.03005,0.456
17.209,51.03005,0.518
17.211,51.03005,0.524
17.213,51.03005,0.582
17.215,51.03005,0.561
17.217,51.03005,0.55
17.219,51.03005,0.562
17.221,51.03005,0.584
17.223,51.03005,0.574
17.225,51.03005,0.588
17.227,51.03005,0.595
17.229,51.03005,0.611
17.231,51.03005,0.601
17.233,51.03005,0.624
17.235,51.03005,0.608
17.237,51.03005,0.583
17.239,51.03005,0.591
17.241,51.03005,0.611
17.243,51.03005,0.585
17.245,51.03005,0.606
17.247,51.03005,0.559
17.249,51.03005,0.608
16.851,51.02875,0.659
16.853,51.02875,0.692
16.855,51.02875,0.667
16.857,51.02875,0.658
16.859,51.02875,0.624
16.861,51.02875,0.685
16.863,51.02875,0.619
16.865,51.02875,0.634
16.867,51.02875,0.634
16.869,51.02875,0.628
16.871,51.02875,0.611
16.873,51.02875,0.039
16.875,51.02875,0.03
16.877,51.02875,-0.038
16.879,51.02875,0.049
16.881,51.02875,0.023
16.883,51.02875,0.038
16.885,51.02875,0.042
16.887,51.02875,0.026
16.889,51.02875,0.024
16.891,51.02875,0.044
16.893,51.02875,0.004
16.895,51.02875,0.474
16.897,51.02875,0.563
16.899,51.02875,0.531
16.901,51.02875,0.505
16.903,51.02875,0.563
16.905,51.02875,0.587
16.907,51.02875,0.576
16.909,51.02875,0.618
16.911,51.02875,0.61
16.913,51.02875,0.611
16.915,51.02875,0.651
16.917,51.02875,0.587
16.919,51.02875,0.624
16.921,51.02875,0.652
16.923,51.02875,0.638
16.925,51.02875,0.644
16.927,51.02875,0.63
16.929,51.02875,0.643
16.931,51.02875,0.606
16.933,51.02875,0.627
16.935,51.02875,0.598
16.937,51.02875,0.627
16.939,51.02875,0.643
16.941,51.02875,0.598
16.943,51.02875,0.591
16.945,51.02875,0.58
16.947,51.02875,0.574
16.949,51.02875,0.553
16.951,51.02875,0.615
16.953,51.02875,0.578
16.955,51.02875,0.569
16.957,51.02875,0.522
16.959,51.02875,0.586
16.961,51.02875,0.565
16.963,51.02875,0.622
16.965,51.02875,0.543
16.967,51.02875,0.558
16.969,51.02875,0.586
16.971,51.02875,0.59
16.973,51.02875,0.57
16.975,51.02875,0.598
16.977,51.02875,0.561
16.979,51.02875,0.604
16.981,51.02875,0.602
16.983,51.02875,0.572
16.985,51.02875,0.595
16.987,51.02875,0.584
16.989,51.02875,0.608
16.991,51.02875,0.572
16.993,51.02875,0.587
16.995,51.02875,0.63
16.997,51.02875,0.613
16.999,51.02875,0.564
17.001,51.02875,0.576
17.003,51.02875,0.581
17.005,51.02875,0.585
17.007,51.02875,0.574
17.009,51.02875,0.569
17.011,51.02875,0.621
17.013,51.02875,0.612
17.015,51.02875,0.647
17.017,51.02875,0.618
17.019,51.02875,0.608
17.021,51.02875,0.591
17.023,51.02875,0.575
17.025,51.02875,0.576
17.027,51.02875,0.627
17.029,51.02875,0.616
17.031,51.02875,0.601
17.033,51.02875,0.624
17.035,51.02875,0.593
17.037,51.02875,0.618
17.039,51.02875,0.549
17.041,51.02875,0.57
17.043,51.02875,0.536
17.045,51.02875,0.556
17.047,51.02875,0.507
17.049,51.02875,0.504
17.051,51.02875,0.501
17.053,51.02875,0.452
17.055,51.02875,0.447
17.057,51.02875,0.417
17.059,51.02875,0.425
17.061,51.02875,0.441
17.063,51.02875,0.389
17.065,51.02875,0.441
17.067,51.02875,0.413
17.069,51.02875,0.421
17.071,51.02875,0.422
17.073,51.02875,0.427
17.075,51.02875,0.476
17.077,51.02875,0.465
17.079,51.02875,0.502
17.081,51.02875,0.517
17.083,51.02875,0.515
17.085,51.02875,0.543
17.087,51.02875,0.495
17.089,51.02875,0.503
17.091,51.02875,0.511
17.093,51.02875,0.528
17.095,51.02875,0.54
17.097,51.02875,0.506
17.099,51.02875,0.55
17.101,51.02875,0.543
17.103,51.02875,0.513
17.105,51.02875,0.552
17.107,51.02875,0.527
17.109,51.02875,0.507
17.111,51.02875,0.571
17.113,51.02875,0.563
17.115,51.02875,0.515
17.117,51.02875,0.54
17.119,51.02875,0.54
17.121,51.02875,0.52
17.123,51.02875,0.49
17.125,51.02875,0.49
17.127,51.02875,0.459
17.129,51.02875,0.501
17.131,51.02875,0.459
17.133,51.02875,0.438
17.135,51.02875,0.443
17.137,51.02875,0.417
17.139,51.02875,0.419
17.141,51.02875,0.435
17.143,51.02875,0.408
17.145,51.02875,0.433
17.147,51.02875,0.465
17.149,51.02875,0.45
17.151,51.02875,0.442
17.153,51.02875,0.456
17.155,51.02875,0.457
17.157,51.02875,0.495
17.159,51.02875,0.484
17.161,51.02875,0.495
17.163,51.02875,0.506
17.165,51.02875,0.445
17.167,51.02875,0.5
17.169,51.02875,0.488
17.171,51.02875,0.51
17.173,51.02875,0.498
17.175,51.02875,0.512
17.177,51.02875,0.47
17.179,51.02875,0.484
17.181,51.02875,0.495
17.183,51.02875,0.493
17.185,51.02875,0.455
17.187,51.02875,0.481
17.189,51.02875,0.451
17.191,51.02875,0.47
17.193,51.02875,0.462
17.195,51.02875,0.413
17.197,51.02875,0.488
17.199,51.02875,0.44
17.201,51.02875,0.479
17.203,51.02875,0.493
17.205,51.02875,0.507
17.207,51.02875,0.468
17.209,51.02875,0.515
17.211,51.02875,0.527
17.213,51.02875,0.537
17.215,51.02875,0.572
17.217,51.02875,0.549
17.219,51.02875,0.572
17.221,51.02875,0.579
17.223,51.02875,0.58
17.225,51.02875,0.593
17.227,51.02875,0.606
17.229,51.02875,0.6
17.231,51.02875,0.599
17.233,51.02875,0.623
17.235,51.02875,0.585
17.237,51.02875,0.579
17.239,51.02875,0.597
17.241,51.02875,0.621
17.243,51.02875,0.636
17.245,51.02875,0.613
17.247,51.02875,0.623
17.249,51.02875,0.613
16.851,51.02745,0.67
16.853,51.02745,0.669
16.855,51.02745,0.684
16.857,51.02745,0.652
16.859,51.02745,0.707
16.861,51.02745,0.633
16.863,51.02745,0.639
16.865,51.02745,0.608
16.867,51.02745,0.646
16.869,51.02745,0.086
16.871,51.02745,0.038
16.873,51.02745,0.03
16.875,51.02745,0.021
16.877,51.02745,0.019
16.879,51.02745,0.028
16.881,51.02745,0.033
16.883,51.02745,0.033
16.885,51.02745,0.04
16.887,51.02745,-0.009
16.889,51.02745,0.068
16.891,51.02745,0.549
16.893,51.02745,0.529
16.895,51.02745,0.543
16.897,51.02745,0.582
16.899,51.02745,0.547
16.901,51.02745,0.579
16.903,51.02745,0.522
16.905,51.02745,0.577
16.907,51.02745,0.555
16.909,51.02745,0.592
16.911,51.02745,0.585
16.913,51.02745,0.591
16.915,51.02745,0.628
16.917,51.02745,0.633
16.919,51.02745,0.666
16.921,51.02745,0.666
16.923,51.02745,0.651
16.925,51.02745,0.652
16.927,51.02745,0.661
16.929,51.02745,0.644
16.931,51.02745,0.624
16.933,51.02745,0.638
16.935,51.02745,0.643
16.937,51.02745,0.613
16.939,51.02745,0.584
16.941,51.02745,0.581
16.943,51.02745,0.585
16.945,51.02745,0.578
16.947,51.02745,0.571
16.949,51.02745,0.589
16.951,51.02745,0.58
16.953,51.02745,0.584
16.955,51.02745,0.565
16.957,51.02745,0.57
16.959,51.02745,0.555
16.961,51.02745,0.611
16.963,51.02745,0.571
16.965,51.02745,0.589
16.967,51.02745,0.592
16.969,51.02745,0.584
16.971,51.02745,0.6
16.973,51.02745,0.592
16.975,51.02745,0.618
16.977,51.02745,0.571
16.979,51.02745,0.584
16.981,51.02745,0.55
16.983,51.02745,0.622
16.985,51.02745,0.584
16.987,51.02745,0.595
16.989,51.02745,0.585
16.991,51.02745,0.568
16.993,51.02745,0.6
16.995,51.02745,0.599
16.997,51.02745,0.596
16.999,51.02745,0.58
17.001,51.02745,0.598
17.003,51.02745,0.645
17.005,51.02745,0.57
17.007,51.02745,0.575
17.009,51.02745,0.577
17.011,51.02745,0.567
17.013,51.02745,0.598
17.015,51.02745,0.616
17.017,51.02745,0.598
17.019,51.02745,0.62
17.021,51.02745,0.616
17.023,51.02745,0.58
17.025,51.02745,0.594
17.027,51.02745,0.613
17.029,51.02745,0.596
17.031,51.02745,0.612
17.033,51.02745,0.615
17.035,51.02745,0.642
17.037,51.02745,0.632
17.039,51.02745,0.569
17.041,51.02745,0.58
17.043,51.02745,0.59
17.045,51.02745,0.505
17.047,51.02745,0.505
17.049,51.02745,0.534
17.051,51.02745,0.488
17.053,51.02745,0.484
17.055,51.02745,0.448
17.057,51.02745,0.398
17.059,51.02745,0.428
17.061,51.02745,0.414
17.063,51.02745,0.415
17.065,51.02745,0.412
17.067,51.02745,0.45
17.069,51.02745,0.455
17.071,51.02745,0.416
17.073,51.02745,0.452
17.075,51.02745,0.499
17.077,51.02745,0.495
17.079,51.02745,0.497
17.081,51.02745,0.51
17.083,51.02745,0.515
17.085,51.02745,0.487
17.087,51.02745,0.518
17.089,51.02745,0.511
17.091,51.02745,0.519
17.093,51.02745,0.504
17.095,51.02745,0.524
17.097,51.02745,0.525
17.099,51.02745,0.561
17.101,51.02745,0.564
17.103,51.02745,0.536
17.105,51.02745,0.557
17.107,51.02745,0.488
17.109,51.02745,0.51
17.111,51.02745,0.511
17.113,51.02745,0.539
17.115,51.02745,0.496
17.117,51.02745,0.517
17.119,51.02745,0.496
17.121,51.02745,0.497
17.123,51.02745,0.465
17.125,51.02745,0.509
17.127,51.02745,0.452
17.129,51.02745,0.449
17.131,51.02745,0.462
17.133,51.02745,0.452
17.135,51.02745,0.453
17.137,51.02745,0.447
17.139,51.02745,0.442
17.141,51.02745,0.442
17.143,51.02745,0.44
17.145,51.02745,0.404
17.147,51.02745,0.424
17.149,51.02745,0.468
17.151,51.02745,0.479
17.153,51.02745,0.456
17.155,51.02745,0.433
17.157,51.02745,0.517
17.159,51.02745,0.513
17.161,51.02745,0.506
17.163,51.02745,0.493
17.165,51.02745,0.504
17.167,51.02745,0.482
17.169,51.02745,0.518
17.171,51.02745,0.486
17.173,51.02745,0.475
17.175,51.02745,0.497
17.177,51.02745,0.52
17.179,51.02745,0.491
17.181,51.02745,0.486
17.183,51.02745,0.494
17.185,51.02745,0.501
17.187,51.02745,0.473
17.189,51.02745,0.449
17.191,51.02745,0.424
17.193,51.02745,0.454
17.195,51.02745,0.478
17.197,51.02745,0.436
17.199,51.02745,0.465
17.201,51.02745,0.475
17.203,51.02745,0.481
17.205,51.02745,0.502
17.207,51.02745,0.509
17.209,51.02745,0.516
17.211,51.02745,0.533
17.213,51.02745,0.519
17.215,51.02745,0.561
17.217,51.02745,0.559
17.219,51.02745,0.558
17.221,51.02745,0.602
17.223,51.02745,0.558
17.225,51.02745,0.597
17.227,51.02745,0.594
17.229,51.02745,0.615
17.231,51.02745,0.609
17.233,51.02745,0.616
17.235,51.02745,0.601
17.237,51.02745,0.624
17.239,51.02745,0.597
17.241,51.02745,0.62
17.243,51.02745,0.581
17.245,51.02745,0.555
17.247,51.02745,0.578
17.249,51.02745,0.556
16.851,51.02615,0.716
16.853,51.02615,0.67
16.855,51.02615,0.677
16.857,51.02615,0.668
16.859,51.02615,0.669
16.861,51.02615,0.706
16.863,51.02615,0.673
16.865,51.02615,0.641
16.867,51.02615,0.019
16.869,51.02615,0.045
16.871,51.02615,-0.026
16.873,51.02615,0.044
16.875,51.02615,0.073
16.877,51.02615,0.008
16.879,51.02615,0.023
16.881,51.02615,0.043
16.883,51.02615,0.011
16.885,51.02615,0.028
16.887,51.02615,0.009
16.889,51.02615,0.553
16.891,51.02615,0.548
16.893,51.02615,0.571
16.895,51.02615,0.558
16.897,51.02615,0.551
16.899,51.02615,0.539
16.901,51.02615,0.554
16.903,51.02615,0.567
16.905,51.02615,0.58
16.907,51.02615,0.56
16.909,51.02615,0.597
16.911,51.02615,0.611
16.913,51.02615,0.622
16.915,51.02615,0.628
16.917,51.02615,0.612
16.919,51.02615,0.626
16.921,51.02615,0.625
16.923,51.02615,0.642
16.925,51.02615,0.627
16.927,51.02615,0.576
16.929,51.02615,0.65
16.931,51.02615,0.621
16.933,51.02615,0.649
16.935,51.02615,0.621
16.937,51.02615,0.639
16.939,51.02615,0.599
16.941,51.02615,0.594
16.943,51.02615,0.601
16.945,51.02615,0.624
16.947,51.02615,0.591
16.949,51.02615,0.583
16.951,51.02615,0.594
16.953,51.02615,0.606
16.955,51.02615,0.605
16.957,51.02615,0.596
16.959,51.02615,0.601
16.961,51.02615,0.626
16.963,51.02615,0.593
16.965,51.02615,0.615
16.967,51.02615,0.596
16.969,51.02615,0.622
16.971,51.02615,0.662
16.973,51.02615,0.581
16.975,51.02615,0.612
16.977,51.02615,0.575
16.979,51.02615,0.577
16.981,51.02615,0.604
16.983,51.02615,0.586
16.985,51.02615,0.593
16.987,51.02615,0.565
16.989,51.02615,0.582
16.991,51.02615,0.624
16.993,51.02615,0.583
16.995,51.02615,0.57
16.997,51.02615,0.574
16.999,51.02615,0.576
17.001,51.02615,0.585
17.003,51.02615,0.618
17.005,51.02615,0.574
17.007,51.02615,0.566
17.009,51.02615,0.601
17.011,51.02615,0.557
17.013,51.02615,0.602
17.015,51.02615,0.59
17.017,51.02615,0.609
17.019,51.02615,0.586
17.021,51.02615,0.6
17.023,51.02615,0.605
17.025,51.02615,0.598
17.027,51.02615,0.625
17.029,51.02615,0.598
17.031,51.02615,0.588
17.033,51.02615,0.606
17.035,51.02615,0.604
17.037,51.02615,0.612
17.039,51.02615,0.596
17.041,51.02615,0.564
17.043,51.02615,0.564
17.045,51.02615,0.552
17.047,51.02615,0.555
17.049,51.02615,0.503
17.051,51.02615,0.491
17.053,51.02615,0.466
17.055,51.02615,0.445
17.057,51.02615,0.443
17.059,51.02615,0.44
17.061,51.02615,0.405
17.063,51.02615,0.41
17.065,51.02615,0.454
17.067,51.02615,0.428
17.069,51.02615,0.432
17.071,51.02615,0.466
17.073,51.02615,0.461
17.075,51.02615,0.464
17.077,51.02615,0.486
17.079,51.02615,0.493
17.081,51.02615,0.483
17.083,51.02615,0.536
17.085,51.02615,0.511
17.087,51.02615,0.507
17.089,51.02615,0.494
17.091,51.02615,0.529
17.093,51.02615,0.574
17.095,51.02615,0.498
17.097,51.02615,0.537
17.099,51.02615,0.515
17.101,51.02615,0.541
17.103,51.02615,0.53
17.105,51.02615,0.494
17.107,51.02615,0.511
17.109,51.02615,0.505
17.111,51.02615,0.527
17.113,51.02615,0.488
17.115,51.02615,0.525
17.117,51.02615,0.537
17.119,51.02615,0.498
17.121,51.02615,0.501
17.123,51.02615,0.478
17.125,51.02615,0.474
17.127,51.02615,0.424
17.129,51.02615,0.425
17.131,51.02615,0.413
17.133,51.02615,0.478
17.135,51.02615,0.452
17.137,51.02615,0.464
17.139,51.02615,0.428
17.141,51.02615,0.461
17.143,51.02615,0.43
17.145,51.02615,0.413
17.147,51.02615,0.518
17.149,51.02615,0.457
17.151,51.02615,0.479
17.153,51.02615,0.464
17.155,51.02615,0.496
17.157,51.02615,0.51
17.159,51.02615,0.49
17.161,51.02615,0.463
17.163,51.02615,0.5
17.165,51.02615,0.531
17.167,51.02615,0.514
17.169,51.02615,0.498
17.171,51.02615,0.503
17.173,51.02615,0.52
17.175,51.02615,0.526
17.177,51.02615,0.527
17.179,51.02615,0.496
17.181,51.02615,0.455
17.183,51.02615,0.5
17.185,51.02615,0.463
17.187,51.02615,0.506
17.189,51.02615,0.505
17.191,51.02615,0.492
17.193,51.02615,0.488
17.195,51.02615,0.463
17.197,51.02615,0.419
17.199,51.02615,0.476
17.201,51.02615,0.439
17.203,51.02615,0.456
17.205,51.02615,0.467
17.207,51.02615,0.432
17.209,51.02615,0.507
17.211,51.02615,0.525
17.213,51.02615,0.535
17.215,51.02615,0.528
17.217,51.02615,0.514
17.219,51.02615,0.554
17.221,51.02615,0.577
17.223,51.02615,0.568
17.225,51.02615,0.535
17.227,51.02615,0.58
17.229,51.02615,0.584
17.231,51.02615,0.592
17.233,51.02615,0.59
17.235,51.02615,0.594
17.237,51.02615,0.568
17.239,51.02615,0.605
17.241,51.02615,0.625
17.243,51.02615,0.568
17.245,51.02615,0.573
17.247,51.02615,0.586
17.249,51.02615,0.58
16.851,51.02485,0.66
16.853,51.02485,0.688
16.855,51.02485,0.679
16.857,51.02485,0.675
16.859,51.02485,0.682
16.861,51.02485,0.693
16.863,51.02485,0.667
16.865,51.02485,0.087
16.867,51.02485,0.009
16.869,51.02485,0.042
16.871,51.02485,0.011
16.873,51.02485,0.058
16.875,51.02485,0.057
16.877,51.02485,0.011
16.879,51.02485,0.074
16.881,51.02485,0.038
16.883,51.02485,0.071
16.885,51.02485,0.044
16.887,51.02485,0.553
16.889,51.02485,0.609
16.891,51.02485,0.557
16.893,51.02485,0.566
16.895,51.02485,0.612
16.897,51.02485,0.551
16.899,51.02485,0.542
16.901,51.02485,0.551
16.903,51.02485,0.567
16.905,51.02485,0.587
16.907,51.02485,0.588
16.909,51.02485,0.602
16.911,51.02485,0.627
16.913,51.02485,0.614
16.915,51.02485,0.644
16.917,51.02485,0.631
16.919,51.02485,0.608
16.921,51.02485,0.625
16.923,51.02485,0.684
16.925,51.02485,0.677
16.927,51.02485,0.658
16.929,51.02485,0.618
16.931,51.02485,0.594
16.933,51.02485,0.613
16.935,51.02485,0.622
16.937,51.02485,0.575
16.939,51.02485,0.588
16.941,51.02485,0.582
16.943,51.02485,0.609
16.945,51.02485,0.611
16.947,51.02485,0.622
16.949,51.02485,0.585
16.951,51.02485,0.603
16.953,51.02485,0.61
16.955,51.02485,0.588
16.957,51.02485,0.584
16.959,51.02485,0.597
16.961,51.02485,0.632
16.963,51.02485,0.612
16.965,51.02485,0.588
16.967,51.02485,0.616
16.969,51.02485,0.644
16.971,51.02485,0.636
16.973,51.02485,0.628
16.975,51.02485,0.647
16.977,51.02485,0.603
16.979,51.02485,0.622
16.981,51.02485,0.648
16.983,51.02485,0.622
16.985,51.02485,0.602
16.987,51.02485,0.594
16.989,51.02485,0.575
16.991,51.02485,0.605
16.993,51.02485,0.612
16.995,51.02485,0.583
16.997,51.02485,0.581
16.999,51.02485,0.584
17.001,51.02485,0.596
17.003,51.02485,0.598
17.005,51.02485,0.597
17.007,51.02485,0.585
17.009,51.02485,0.594
17.011,51.02485,0.588
17.013,51.02485,0.541
17.015,51.02485,0.574
17.017,51.02485,0.587
17.019,51.02485,0.569
17.021,51.02485,0.584
17.023,51.02485,0.598
17.025,51.02485,0.572
17.027,51.02485,0.586
17.029,51.02485,0.604
17.031,51.02485,0.579
17.033,51.02485,0.618
17.035,51.02485,0.594
17.037,51.02485,0.595
17.039,51.02485,0.574
17.041,51.02485,0.586
17.043,51.02485,0.57
17.045,51.02485,0.554
17.047,51.02485,0.551
17.049,51.02485,0.516
17.051,51.02485,0.545
17.053,51.02485,0.517
17.055,51.02485,0.478
17.057,51.02485,0.494
17.059,51.02485,0.463
17.061,51.02485,0.44
17.063,51.02485,0.401
17.065,51.02485,0.465
17.067,51.02485,0.431
17.069,51.02485,0.439
17.071,51.02485,0.455
17.073,51.02485,0.459
17.075,51.02485,0.498
17.077,51.02485,0.463
17.079,51.02485,0.494
17.081,51.02485,0.5
17.083,51.02485,0.511
17.085,51.02485,0.522
17.087,51.02485,0.503
17.089,51.02485,0.483
17.091,51.02485,0.529
17.093,51.02485,0.548
17.095,51.02485,0.521
17.097,51.02485,0.56
17.099,51.02485,0.555
17.101,51.02485,0.519
17.103,51.02485,0.552
17.105,51.02485,0.529
17.107,51.02485,0.527
17.109,51.02485,0.528
17.111,51.02485,0.517
17.113,51.02485,0.51
17.115,51.02485,0.446
17.117,51.02485,0.507
17.119,51.02485,0.479
17.121,51.02485,0.498
17.123,51.02485,0.441
17.125,51.02485,0.47
17.127,51.02485,0.46
17.129,51.02485,0.444
17.131,51.02485,0.471
17.133,51.02485,0.456
17.135,51.02485,0.439
17.137,51.02485,0.475
17.139,51.02485,0.46
17.141,51.02485,0.401
17.143,51.02485,0.472
17.145,51.02485,0.48
17.147,51.02485,0.453
17.149,51.02485,0.48
17.151,51.02485,0.465
17.153,51.02485,0.485
17.155,51.02485,0.513
17.157,51.02485,0.487
17.159,51.02485,0.522
17.161,51.02485,0.489
17.163,51.02485,0.534
17.165,51.02485,0.494
17.167,51.02485,0.505
17.169,51.02485,0.556
17.171,51.02485,0.514
17.173,51.02485,0.518
17.175,51.02485,0.539
17.177,51.02485,0.537
17.179,51.02485,0.542
17.181,51.02485,0.509
17.183,51.02485,0.499
17.185,51.02485,0.482
17.187,51.02485,0.499
17.189,51.02485,0.489
17.191,51.02485,0.487
17.193,51.02485,0.446
17.195,51.02485,0.454
17.197,51.02485,0.487
17.199,51.02485,0.462
17.201,51.02485,0.458
17.203,51.02485,0.481
17.205,51.02485,0.456
17.207,51.02485,0.452
17.209,51.02485,0.487
17.211,51.02485,0.521
17.213,51.02485,0.54
17.215,51.02485,0.542
17.217,51.02485,0.548
17.219,51.02485,0.551
17.221,51.02485,0.566
17.223,51.02485,0.591
17.225,51.02485,0.548
17.227,51.02485,0.585
17.229,51.02485,0.576
17.231,51.02485,0.574
17.233,51.02485,0.557
17.235,51.02485,0.595
17.237,51.02485,0.618
17.239,51.02485,0.607
17.241,51.02485,0.586
17.243,51.02485,0.557
17.245,51.02485,0.582
17.247,51.02485,0.569
17.249,51.02485,0.594
16.851,51.02355,0.688
16.853,51.02355,0.697
16.855,51.02355,0.718
16.857,51.02355,0.738
16.859,51.02355,0.666
16.861,51.02355,0.667
16.863,51.02355,-0.019
16.865,51.02355,0.082
16.867,51.02355,0.075
16.869,51.02355,0.044
16.871,51.02355,0.016
16.873,51.02355,-0.003
16.875,51.02355,0.04
16.877,51.02355,0.039
16.879,51.02355,0.021
16.881,51.02355,0.026
16.883,51.02355,-0.002
16.885,51.02355,0.568
16.887,51.02355,0.581
16.889,51.02355,0.566
16.891,51.02355,0.549
16.893,51.02355,0.575
16.895,51.02355,0.592
16.897,51.02355,0.56
16.899,51.02355,0.586
16.901,51.02355,0.584
16.903,51.02355,0.547
16.905,51.02355,0.539
16.907,51.02355,0.617
16.909,51.02355,0.579
16.911,51.02355,0.623
16.913,51.02355,0.622
16.915,51.02355,0.635
16.917,51.02355,0.638
16.919,51.02355,0.608
16.921,51.02355,0.632
16.923,51.02355,0.618
16.925,51.02355,0.656
16.927,51.02355,0.671
16.929,51.02355,0.613
16.931,51.02355,0.624
16.933,51.02355,0.586
16.935,51.02355,0.586
16.937,51.02355,0.592
16.939,51.02355,0.589
16.941,51.02355,0.577
16.943,51.02355,0.601
16.945,51.02355,0.596
16.947,51.02355,0.609
16.949,51.02355,0.559
16.951,51.02355,0.593
16.953,51.02355,0.616
16.955,51.02355,0.567
16.957,51.02355,0.638
16.959,51.02355,0.631
16.961,51.02355,0.631
16.963,51.02355,0.614
16.965,51.02355,0.616
16.967,51.02355,0.636
16.969,51.02355,0.64
16.971,51.02355,0.593
16.973,51.02355,0.641
16.975,51.02355,0.645
16.977,51.02355,0.631
16.979,51.02355,0.655
16.981,51.02355,0.623
16.983,51.02355,0.611
16.985,51.02355,0.614
16.987,51.02355,0.597
16.989,51.02355,0.61
16.991,51.02355,0.609
16.993,51.02355,0.612
16.995,51.02355,0.589
16.997,51.02355,0.599
16.999,51.02355,0.58
17.001,51.02355,0.583
17.003,51.02355,0.584
17.005,51.02355,0.62
17.007,51.02355,0.574
17.009,51.02355,0.577
17.011,51.02355,0.617
17.013,51.02355,0.585
17.015,51.02355,0.587
17.017,51.02355,0.562
17.019,51.02355,0.622
17.021,51.02355,0.614
17.023,51.02355,0.617
17.025,51.02355,0.609
17.027,51.02355,0.573
17.029,51.02355,0.606
17.031,51.02355,0.613
17.033,51.02355,0.583
17.035,51.02355,0.613
17.037,51.02355,0.59
17.039,51.02355,0.6
17.041,51.02355,0.553
17.043,51.02355,0.582
17.045,51.02355,0.594
17.047,51.02355,0.58
17.049,51.02355,0.555
17.051,51.02355,0.529
17.053,51.02355,0.507
17.055,51.02355,0.489
17.057,51.02355,0.483
17.059,51.02355,0.432
17.061,51.02355,0.435
17.063,51.02355,0.454
17.065,51.02355,0.488
17.067,51.02355,0.464
17.069,51.02355,0.495
17.071,51.02355,0.515
17.073,51.02355,0.423
17.075,51.02355,0.507
17.077,51.02355,0.477
17.079,51.02355,0.518
17.081,51.02355,0.508
17.083,51.02355,0.484
17.085,51.02355,0.54
17.087,51.02355,0.518
17.089,51.02355,0.524
17.091,51.02355,0.546
17.093,51.02355,0.562
17.095,51.02355,0.563
17.097,51.02355,0.513
17.099,51.02355,0.537
17.101,51.02355,0.509
17.103,51.02355,0.504
17.105,51.02355,0.554
17.107,51.02355,0.469
17.109,51.02355,0.499
17.111,51.02355,0.517
17.113,51.02355,0.482
17.115,51.02355,0.506
17.117,51.02355,0.507
17.119,51.02355,0.5
17.121,51.02355,0.496
17.123,51.02355,0.446
17.125,51.02355,0.459
17.127,51.02355,0.468
17.129,51.02355,0.432
17.131,51.02355,0.444
17.133,51.02355,0.422
17.135,51.02355,0.45
17.137,51.02355,0.431
17.139,51.02355,0.444
17.141,51.02355,0.443
17.143,51.02355,0.466
17.145,51.02355,0.467
17.147,51.02355,0.463
17.149,51.02355,0.488
17.151,51.02355,0.475
17.153,51.02355,0.497
17.155,51.02355,0.495
17.157,51.02355,0.54
17.159,51.02355,0.536
17.161,51.02355,0.491
17.163,51.02355,0.534
17.165,51.02355,0.513
17.167,51.02355,0.554
17.169,51.02355,0.521
17.171,51.02355,0.546
17.173,51.02355,0.558
17.175,51.02355,0.546
17.177,51.02355,0.51
17.179,51.02355,0.548
17.181,51.02355,0.533
17.183,51.02355,0.499
17.185,51.02355,0.502
17.187,51.02355,0.455
17.189,51.02355,0.481
17.191,51.02355,0.512
17.193,51.02355,0.489
17.195,51.02355,0.453
17.197,51.02355,0.506
17.199,51.02355,0.48
17.201,51.02355,0.463
17.203,51.02355,0.461
17.205,51.02355,0.477
17.207,51.02355,0.508
17.209,51.02355,0.487
17.211,51.02355,0.507
17.213,51.02355,0.511
17.215,51.02355,0.522
17.217,51.02355,0.542
17.219,51.02355,0.59
17.221,51.02355,0.546
17.223,51.02355,0.558
17.225,51.02355,0.554
17.227,51.02355,0.562
17.229,51.02355,0.563
17.231,51.02355,0.538
17.233,51.02355,0.529
17.235,51.02355,0.574
17.237,51.02355,0.594
17.239,51.02355,0.59
17.241,51.02355,0.563
17.243,51.02355,0.545
17.245,51.02355,0.552
17.247,51.02355,0.555
17.249,51.02355,0.565
16.851,51.02225,0.679
16.853,51.02225,0.663
16.855,51.02225,0.723
16.857,51.02225,0.665
16.859,51.02225,0.676
16.861,51.02225,0.028
16.863,51.02225,0.027
16.865,51.02225,0.029
16.867,51.02225,0.046
16.869,51.02225,0.022
16.871,51.02225,0.052
16.873,51.02225,-0.014
16.875,51.02225,0.036
16.877,51.02225,0.072
16.879,51.02225,-0.009
16.881,51.02225,-0.017
16.883,51.02225,0.581
16.885,51.02225,0.587
16.887,51.02225,0.543
16.889,51.02225,0.555
16.891,51.02225,0.564
16.893,51.02225,0.578
16.895,51.02225,0.577
16.897,51.02225,0.588
16.899,51.02225,0.6
16.901,51.02225,0.57
16.903,51.02225,0.567
16.905,51.02225,0.584
16.907,51.02225,0.601
16.909,51.02225,0.574
16.911,51.02225,0.638
16.913,51.02225,0.612
16.915,51.02225,0.623
16.917,51.02225,0.623
16.919,51.02225,0.618
16.921,51.02225,0.624
16.923,51.02225,0.63
16.925,51.02225,0.608
16.927,51.02225,0.634
16.929,51.02225,0.588
16.931,51.02225,0.614
16.933,51.02225,0.635
16.935,51.02225,0.63
16.937,51.02225,0.617
16.939,51.02225,0.583
16.941,51.02225,0.582
16.943,51.02225,0.578
16.945,51.02225,0.621
16.947,51.02225,0.633
16.949,51.02225,0.588
16.951,51.02225,0.568
16.953,51.02225,0.619
16.955,51.02225,0.586
16.957,51.02225,0.621
16.959,51.02225,0.636
16.961,51.02225,0.621
16.963,51.02225,0.611
16.965,51.02225,0.613
16.967,51.02225,0.63
16.969,51.02225,0.618
16.971,51.02225,0.656
16.973,51.02225,0.632
16.975,51.02225,0.618
16.977,51.02225,0.63
16.979,51.02225,0.644
16.981,51.02225,0.659
16.983,51.02225,0.637
16.985,51.02225,0.654
16.987,51.02225,0.602
16.989,51.02225,0.641
16.991,51.02225,0.604
16.993,51.02225,0.617
16.995,51.02225,0.597
16.997,51.02225,0.6
16.999,51.02225,0.575
17.001,51.02225,0.606
17.003,51.02225,0.573
17.005,51.02225,0.605
17.007,51.02225,0.593
17.009,51.02225,0.564
17.011,51.02225,0.574
17.013,51.02225,0.598
17.015,51.02225,0.571
17.017,51.02225,0.581
17.019,51.02225,0.585
17.021,51.02225,0.569
17.023,51.02225,0.538
17.025,51.02225,0.593
17.027,51.02225,0.624
17.029,51.02225,0.588
17.031,51.02225,0.601
17.033,51.02225,0.61
17.035,51.02225,0.568
17.037,51.02225,0.597
17.039,51.02225,0.61
17.041,51.02225,0.617
17.043,51.02225,0.579
17.045,51.02225,0.569
17.047,51.02225,0.551
17.049,51.02225,0.543
17.051,51.02225,0.549
17.053,51.02225,0.51
17.055,51.02225,0.512
17.057,51.02225,0.491
17.059,51.02225,0.46
17.061,51.02225,0.477
17.063,51.02225,0.447
17.065,51.02225,0.474
17.067,51.02225,0.469
17.069,51.02225,0.49
17.071,51.02225,0.503
17.073,51.02225,0.458
17.075,51.02225,0.479
17.077,51.02225,0.534
17.079,51.02225,0.463
17.081,51.02225,0.489
17.083,51.02225,0.525
17.085,51.02225,0.523
17.087,51.02225,0.562
17.089,51.02225,0.505
17.091,51.02225,0.527
17.093,51.02225,0.546
17.095,51.02225,0.51
17.097,51.02225,0.539
17.099,51.02225,0.533
17.101,51.02225,0.504
17.103,51.02225,0.542
17.105,51.02225,0.517
17.107,51.02225,0.537
17.109,51.02225,0.522
17.111,51.02225,0.503
17.113,51.02225,0.506
17.115,51.02225,0.466
17.117,51.02225,0.462
17.119,51.02225,0.456
17.121,51.02225,0.508
17.123,51.02225,0.484
17.125,51.02225,0.482
17.127,51.02225,0.437
17.129,51.02225,0.448
17.131,51.02225,0.422
17.133,51.02225,0.39
17.135,51.02225,0.437
17.137,51.02225,0.468
17.139,51.02225,0.438
17.141,51.02225,0.438
17.143,51.02225,0.448
17.145,51.02225,0.437
17.147,51.02225,0.457
17.149,51.02225,0.5
17.151,51.02225,0.481
17.153,51.02225,0.495
17.155,51.02225,0.474
17.157,51.02225,0.517
17.159,51.02225,0.535
17.161,51.02225,0.53
17.163,51.02225,0.516
17.165,51.02225,0.555
17.167,51.02225,0.559
17.169,51.02225,0.568
17.171,51.02225,0.517
17.173,51.02225,0.551
17.175,51.02225,0.541
17.177,51.02225,0.514
17.179,51.02225,0.523
17.181,51.02225,0.525
17.183,51.02225,0.495
17.185,51.02225,0.532
17.187,51.02225,0.547
17.189,51.02225,0.449
17.191,51.02225,0.498
17.193,51.02225,0.471
17.195,51.02225,0.448
17.197,51.02225,0.483
17.199,51.02225,0.471
17.201,51.02225,0.46
17.203,51.02225,0.475
17.205,51.02225,0.457
17.207,51.02225,0.478
17.209,51.02225,0.505
17.211,51.02225,0.5
17.213,51.02225,0.55
17.215,51.02225,0.522
17.217,51.02225,0.522
17.219,51.02225,0.494
17.221,51.02225,0.562
17.223,51.02225,0.537
17.225,51.02225,0.564
17.227,51.02225,0.564
17.229,51.02225,0.576
17.231,51.02225,0.552
17.233,51.02225,0.566
17.235,51.02225,0.573
17.237,51.02225,0.532
17.239,51.02225,0.555
17.241,51.02225,0.578
17.243,51.02225,0.541
17.245,51.02225,0.56
17.247,51.02225,0.537
17.249,51.02225,0.536
16.851,51.02095,0.654
16.853,51.02095,0.717
16.855,51.02095,0.673
16.857,51.02095,0.697
16.859,51.02095,0.037
16.861,51.02095,0.054
16.863,51.02095,0.074
16.865,51.02095,0.06
16.867,51.02095,0.031
16.869,51.02095,-0.002
16.871,51.02095,-0.016
16.873,51.02095,0.003
16.875,51.02095,0.052
16.877,51.02095,0.031
16.879,51.02095,0.586
16.881,51.02095,0.613
16.883,51.02095,0.582
16.885,51.02095,0.616
16.887,51.02095,0.585
16.889,51.02095,0.597
16.891,51.02095,0.58
16.893,51.02095,0.589
16.895,51.02095,0.567
16.897,51.02095,0.56
16.899,51.02095,0.558
16.901,51.02095,0.588
16.903,51.02095,0.581
16.905,51.02095,0.652
16.907,51.02095,0.569
16.909,51.02095,0.56
16.911,51.02095,0.632
16.913,51.02095,0.642
16.915,51.02095,0.594
16.917,51.02095,0.62
16.919,51.02095,0.616
16.921,51.02095,0.662
16.923,51.02095,0.581
16.925,51.02095,0.625
16.927,51.02095,0.598
16.929,51.02095,0.591
16.931,51.02095,0.583
16.933,51.02095,0.609
16.935,51.02095,0.608
16.937,51.02095,0.62
16.939,51.02095,0.561
16.941,51.02095,0.608
16.943,51.02095,0.598
16.945,51.02095,0.599
16.947,51.02095,0.554
16.949,51.02095,0.63
16.951,51.02095,0.579
16.953,51.02095,0.594
16.955,51.02095,0.578
16.957,51.02095,0.61
16.959,51.02095,0.628
16.961,51.02095,0.624
16.963,51.02095,0.673
16.965,51.02095,0.615
16.967,51.02095,0.632
16.969,51.02095,0.635
16.971,51.02095,0.652
16.973,51.02095,0.631
16.975,51.02095,0.641
16.977,51.02095,0.656
16.979,51.02095,0.648
16.981,51.02095,0.612
16.983,51.02095,0.621
16.985,51.02095,0.603
16.987,51.02095,0.645
16.989,51.02095,0.627
16.991,51.02095,0.616
16.993,51.02095,0.621
16.995,51.02095,0.613
16.997,51.02095,0.576
16.999,51.02095,0.581
17.001,51.02095,0.577
17.003,51.02095,0.572
17.005,51.02095,0.542
17.007,51.02095,0.619
17.009,51.02095,0.579
17.011,51.02095,0.571
17.013,51.02095,0.594
17.015,51.02095,0.57
17.017,51.02095,0.604
17.019,51.02095,0.573
17.021,51.02095,0.571
17.023,51.02095,0.578
17.025,51.02095,0.589
17.027,51.02095,0.59
17.029,51.02095,0.596
17.031,51.02095,0.582
17.033,51.02095,0.64
17.035,51.02095,0.617
17.037,51.02095,0.604
17.039,51.02095,0.616
17.041,51.02095,0.608
17.043,51.02095,0.575
17.045,51.02095,0.588
17.047,51.02095,0.544
17.049,51.02095,0.582
17.051,51.02095,0.555
17.053,51.02095,0.56
17.055,51.02095,0.529
17.057,51.02095,0.491
17.059,51.02095,0.472
17.061,51.02095,0.489
17.063,51.02095,0.464
17.065,51.02095,0.492
17.067,51.02095,0.484
17.069,51.02095,0.501
17.071,51.02095,0.475
17.073,51.02095,0.5
17.075,51.02095,0.494
17.077,51.02095,0.494
17.079,51.02095,0.499
17.081,51.02095,0.519
17.083,51.02095,0.516
17.085,51.02095,0.516
17.087,51.02095,0.551
17.089,51.02095,0.544
17.091,51.02095,0.537
17.093,51.02095,0.541
17.095,51.02095,0.559
17.097,51.02095,0.556
17.099,51.02095,0.563
17.101,51.02095,0.518
17.103,51.02095,0.562
17.105,51.02095,0.542
17.107,51.02095,0.551
17.109,51.02095,0.512
17.111,51.02095,0.52
17.113,51.02095,0.483
17.115,51.02095,0.467
17.117,51.02095,0.476
17.119,51.02095,0.508
17.121,51.02095,0.47
17.123,51.02095,0.433
17.125,51.02095,0.473
17.127,51.02095,0.452
17.129,51.02095,0.442
17.131,51.02095,0.462
17.133,51.02095,0.422
17.135,51.02095,0.426
17.137,51.02095,0.453
17.139,51.02095,0.453
17.141,51.02095,0.477
17.143,51.02095,0.456
17.145,51.02095,0.48
17.147,51.02095,0.439
17.149,51.02095,0.477
17.151,51.02095,0.483
17.153,51.02095,0.479
17.155,51.02095,0.501
17.157,51.02095,0.52
17.159,51.02095,0.55
17.161,51.02095,0.543
17.163,51.02095,0.53
17.165,51.02095,0.545
17.167,51.02095,0.565
17.169,51.02095,0.529
17.171,51.02095,0.552
17.173,51.02095,0.576
17.175,51.02095,0.571
17.177,51.02095,0.515
17.179,51.02095,0.532
17.181,51.02095,0.557
17.183,51.02095,0.537
17.185,51.02095,0.536
17.187,51.02095,0.528
17.189,51.02095,0.503
17.191,51.02095,0.51
17.193,51.02095,0.497
17.195,51.02095,0.499
17.197,51.02095,0.482
17.199,51.02095,0.474
17.201,51.02095,0.467
17.203,51.02095,0.506
17.205,51.02095,0.458
17.207,51.02095,0.455
17.209,51.02095,0.459
17.211,51.02095,0.468
17.213,51.02095,0.519
17.215,51.02095,0.523
17.217,51.02095,0.561
17.219,51.02095,0.522
17.221,51.02095,0.518
17.223,51.02095,0.563
17.225,51.02095,0.541
17.227,51.02095,0.566
17.229,51.02095,0.545
17.231,51.02095,0.543
17.233,51.02095,0.559
17.235,51.02095,0.539
17.237,51.02095,0.563
17.239,51.02095,0.558
17.241,51.02095,0.58
17.243,51.02095,0.588
17.245,51.02095,0.566
17.247,51.02095,0.539
17.249,51.02095,0.553
16.851,51.01965,0.656
16.853,51.01965,0.669
16.855,51.01965,0.043
16.857,51.01965,0.032
16.859,51.01965,0.04
16.861,51.01965,0.01
16.863,51.01965,0.014
16.865,51.01965,0.061
16.867,51.01965,0.051
16.869,51.01965,0.042
16.871,51.01965,0.087
16.873,51.01965,0.022
16.875,51.01965,0.04
16.877,51.01965,0.64
16.879,51.01965,0.585
16.881,51.01965,0.595
16.883,51.01965,0.597
16.885,51.01965,0.618
16.887,51.01965,0.583
16.889,51.01965,0.592
16.891,51.01965,0.562
16.893,51.01965,0.566
16.895,51.01965,0.553
16.897,51.01965,0.586
16.899,51.01965,0.574
16.901,51.01965,0.576
16.903,51.01965,0.568
16.905,51.01965,0.621
16.907,51.01965,0.57
16.909,51.01965,0.59
16.911,51.01965,0.576
16.913,51.01965,0.586
16.915,51.01965,0.602
16.917,51.01965,0.596
16.919,51.01965,0.591
16.921,51.01965,0.611
16.923,51.01965,0.59
16.925,51.01965,0.594
16.927,51.01965,0.545
16.929,51.01965,0.545
16.931,51.01965,0.602
16.933,51.01965,0.57
16.935,51.01965,0.553
16.937,51.01965,0.548
16.939,51.01965,0.579
16.941,51.01965,0.612
16.943,51.01965,0.585
16.945,51.01965,0.59
16.947,51.01965,0.626
16.949,51.01965,0.615
16.951,51.01965,0.613
16.953,51.01965,0.591
16.955,51.01965,0.605
16.957,51.01965,0.644
16.959,51.01965,0.572
16.961,51.01965,0.621
16.963,51.01965,0.636
16.965,51.01965,0.577
16.967,51.01965,0.628
16.969,51.01965,0.664
16.971,51.01965,0.631
16.973,51.01965,0.633
16.975,51.01965,0.657
16.977,51.01965,0.612
16.979,51.01965,0.614
16.981,51.01965,0.663
16.983,51.01965,0.609
16.985,51.01965,0.639
16.987,51.01965,0.596
16.989,51.01965,0.597
16.991,51.01965,0.616
16.993,51.01965,0.632
16.995,51.01965,0.612
16.997,51.01965,0.616
16.999,51.01965,0.645
17.001,51.01965,0.575
17.003,51.01965,0.58
17.005,51.01965,0.573
17.007,51.01965,0.567
17.009,51.01965,0.554
17.011,51.01965,0.576
17.013,51.01965,0.577
17.015,51.01965,0.618
17.017,51.01965,0.599
17.019,51.01965,0.596
17.021,51.01965,0.593
17.023,51.01965,0.568
17.025,51.01965,0.585
17.027,51.01965,0.57
17.029,51.01965,0.562
17.031,51.01965,0.612
17.033,51.01965,0.594
17.035,51.01965,0.597
17.037,51.01965,0.544
17.039,51.01965,0.628
17.041,51.01965,0.624
17.043,51.01965,0.583
17.045,51.01965,0.59
17.047,51.01965,0.553
17.049,51.01965,0.587
17.051,51.01965,0.571
17.053,51.01965,0.562
17.055,51.01965,0.526
17.057,51.01965,0.576
17.059,51.01965,0.52
17.061,51.01965,0.509
17.063,51.01965,0.474
17.065,51.01965,0.517
17.067,51.01965,0.509
17.069,51.01965,0.496
17.071,51.01965,0.506
17.073,51.01965,0.486
17.075,51.01965,0.507
17.077,51.01965,0.478
17.079,51.01965,0.503
17.081,51.01965,0.512
17.083,51.01965,0.531
17.085,51.01965,0.546
17.087,51.01965,0.535
17.089,51.01965,0.565
17.091,51.01965,0.549
17.093,51.01965,0.531
17.095,51.01965,0.56
17.097,51.01965,0.591
17.099,51.01965,0.531
17.101,51.01965,0.545
17.103,51.01965,0.52
17.105,51.01965,0.539
17.107,51.01965,0.541
17.109,51.01965,0.539
17.111,51.01965,0.52
17.113,51.01965,0.504
17.115,51.01965,0.496
17.117,51.01965,0.465
17.119,51.01965,0.463
17.121,51.01965,0.452
17.123,51.01965,0.469
17.125,51.01965,0.457
17.127,51.01965,0.427
17.129,51.01965,0.445
17.131,51.01965,0.443
17.133,51.01965,0.458
17.135,51.01965,0.405
17.137,51.01965,0.444
17.139,51.01965,0.429
17.141,51.01965,0.466
17.143,51.01965,0.439
17.145,51.01965,0.44
17.147,51.01965,0.453
17.149,51.01965,0.486
17.151,51.01965,0.486
17.153,51.01965,0.502
17.155,51.01965,0.525
17.157,51.01965,0.513
17.159,51.01965,0.545
17.161,51.01965,0.539
17.163,51.01965,0.52
17.165,51.01965,0.552
17.167,51.01965,0.547
17.169,51.01965,0.558
17.171,51.01965,0.564
17.173,51.01965,0.552
17.175,51.01965,0.534
17.177,51.01965,0.524
17.179,51.01965,0.553
17.181,51.01965,0.488
17.183,51.01965,0.562
17.185,51.01965,0.52
17.187,51.01965,0.508
17.189,51.01965,0.497
17.191,51.01965,0.469
17.193,51.01965,0.492
17.195,51.01965,0.497
17.197,51.01965,0.493
17.199,51.01965,0.489
17.201,51.01965,0.479
17.203,51.01965,0.464
17.205,51.01965,0.487
17.207,51.01965,0.484
17.209,51.01965,0.489
17.211,51.01965,0.475
17.213,51.01965,0.488
17.215,51.01965,0.533
17.217,51.01965,0.494
17.219,51.01965,0.548
17.221,51.01965,0.532
17.223,51.01965,0.506
17.225,51.01965,0.519
17.227,51.01965,0.524
17.229,51.01965,0.574
17.231,51.01965,0.529
17.233,51.01965,0.511
17.235,51.01965,0.554
17.237,51.01965,0.552
17.239,51.01965,0.557
17.241,51.01965,0.586
17.243,51.01965,0.544
17.245,51.01965,0.567
17.247,51.01965,0.541
17.249,51.01965,0.527
16.851,51.01835,0.641
16.853,51.01835,0.028
16.855,51.01835,-0.017
16.857,51.01835,0.049
16.859,51.01835,0.009
16.861,51.01835,0.02
16.863,51.01835,0.04
16.865,51.01835,0.035
16.867,51.01835,0.022
16.869,51.01835,0.025
16.871,51.01835,0.009
16.873,51.01835,-0.027
16.875,51.01835,0.602
16.877,51.01835,0.614
16.879,51.01835,0.584
16.881,51.01835,0.579
16.883,51.01835,0.55
16.885,51.01835,0.614
16.887,51.01835,0.556
16.889,51.01835,0.598
16.891,51.01835,0.557
16.893,51.01835,0.581
16.895,51.01835,0.606
16.897,51.01835,0.576
16.899,51.01835,0.618
16.901,51.01835,0.591
16.903,51.01835,0.58
16.905,51.01835,0.618
16.907,51.01835,0.606
16.909,51.01835,0.618
16.911,51.01835,0.56
16.913,51.01835,0.617
16.915,51.01835,0.574
16.917,51.01835,0.57
16.919,51.01835,0.642
16.921,51.01835,0.604
16.923,51.01835,0.612
16.925,51.01835,0.594
16.927,51.01835,0.559
16.929,51.01835,0.567
16.931,51.01835,0.575
16.933,51.01835,0.546
16.935,51.01835,0.606
16.937,51.01835,0.551
16.939,51.01835,0.547
16.941,51.01835,0.559
16.943,51.01835,0.567
16.945,51.01835,0.567
16.947,51.01835,0.59
16.949,51.01835,0.585
16.951,51.01835,0.58
16.953,51.01835,0.604
16.955,51.01835,0.632
16.957,51.01835,0.636
16.959,51.01835,0.604
16.961,51.01835,0.617
16.963,51.01835,0.603
16.965,51.01835,0.637
16.967,51.01835,0.634
16.969,51.01835,0.621
16.971,51.01835,0.606
16.973,51.01835,0.617
16.975,51.01835,0.616
16.977,51.01835,0.619
16.979,51.01835,0.644
16.981,51.01835,0.681
16.983,51.01835,0.611
16.985,51.01835,0.596
16.987,51.01835,0.602
16.989,51.01835,0.629
16.991,51.01835,0.632
16.993,51.01835,0.624
16.995,51.01835,0.638
16.997,51.01835,0.631
16.999,51.01835,0.606
17.001,51.01835,0.568
17.003,51.01835,0.605
17.005,51.01835,0.604
17.007,51.01835,0.621
17.009,51.01835,0.593
17.011,51.01835,0.558
17.013,51.01835,0.574
17.015,51.01835,0.571
17.017,51.01835,0.583
17.019,51.01835,0.573
17.021,51.01835,0.57
17.023,51.01835,0.601
17.025,51.01835,0.606
17.027,51.01835,0.554
17.029,51.01835,0.603
17.031,51.01835,0.585
17.033,51.01835,0.642
17.035,51.01835,0.623
17.037,51.01835,0.64
17.039,51.01835,0.641
17.041,51.01835,0.615
17.043,51.01835,0.599
17.045,51.01835,0.598
17.047,51.01835,0.58
17.049,51.01835,0.583
17.051,51.01835,0.554
17.053,51.01835,0.543
17.055,51.01835,0.555
17.057,51.01835,0.549
17.059,51.01835,0.534
17.061,51.01835,0.526
17.063,51.01835,0.503
17.065,51.01835,0.496
17.067,51.01835,0.53
17.069,51.01835,0.525
17.071,51.01835,0.538
17.073,51.01835,0.497
17.075,51.01835,0.521
17.077,51.01835,0.529
17.079,51.01835,0.526
17.081,51.01835,0.497
17.083,51.01835,0.581
17.085,51.01835,0.522
17.087,51.01835,0.588
17.089,51.01835,0.572
17.091,51.01835,0.557
17.093,51.01835,0.563
17.095,51.01835,0.562
17.097,51.01835,0.568
17.099,51.01835,0.603
17.101,51.01835,0.567
17.103,51.01835,0.585
17.105,51.01835,0.534
17.107,51.01835,0.525
17.109,51.01835,0.538
17.111,51.01835,0.518
17.113,51.01835,0.489
17.115,51.01835,0.505
17.117,51.01835,0.491
17.119,51.01835,0.433
17.121,51.01835,0.453
17.123,51.01835,0.452
17.125,51.01835,0.445
17.127,51.01835,0.438
17.129,51.01835,0.414
17.131,51.01835,0.441
17.133,51.01835,0.459
17.135,51.01835,0.443
17.137,51.01835,0.433
17.139,51.01835,0.44
17.141,51.01835,0.429
17.143,51.01835,0.447
17.145,51.01835,0.443
17.147,51.01835,0.507
17.149,51.01835,0.494
17.151,51.01835,0.481
17.153,51.01835,0.474
17.155,51.01835,0.52
17.157,51.01835,0.539
17.159,51.01835,0.573
17.161,51.01835,0.505
17.163,51.01835,0.511
17.165,51.01835,0.573
17.167,51.01835,0.528
17.169,51.01835,0.537
17.171,51.01835,0.568
17.173,51.01835,0.546
17.175,51.01835,0.518
17.177,51.01835,0.554
17.179,51.01835,0.562
17.181,51.01835,0.517
17.183,51.01835,0.53
17.185,51.01835,0.511
17.187,51.01835,0.512
17.189,51.01835,0.509
17.191,51.01835,0.485
17.193,51.01835,0.497
17.195,51.01835,0.474
17.197,51.01835,0.506
17.199,51.01835,0.478
17.201,51.01835,0.496
17.203,51.01835,0.48
17.205,51.01835,0.442
17.207,51.01835,0.46
17.209,51.01835,0.501
17.211,51.01835,0.503
17.213,51.01835,0.527
17.215,51.01835,0.467
17.217,51.01835,0.472
17.219,51.01835,0.508
17.221,51.01835,0.513
17.223,51.01835,0.532
17.225,51.01835,0.489
17.227,51.01835,0.558
17.229,51.01835,0.519
17.231,51.01835,0.515
17.233,51.01835,0.526
17.235,51.01835,0.56
17.237,51.01835,0.504
17.239,51.01835,0.535
17.241,51.01835,0.512
17.243,51.01835,0.561
17.245,51.01835,0.564
17.247,51.01835,0.565
17.249,51.01835,0.536
16.851,51.01705,0.025
16.853,51.01705,0.04
16.855,51.01705,0.055
16.857,51.01705,0.032
16.859,51.01705,0.022
16.861,51.01705,0.038
16.863,51.01705,-0.029
16.865,51.01705,-0.015
16.867,51.01705,0
16.869,51.01705,0.024
16.871,51.01705,0.06
16.873,51.01705,0.619
16.875,51.01705,0.616
16.877,51.01705,0.587
16.879,51.01705,0.599
16.881,51.01705,0.598
16.883,51.01705,0.579
16.885,51.01705,0.589
16.887,51.01705,0.581
16.889,51.01705,0.574
16.891,51.01705,0.584
16.893,51.01705,0.614
16.895,51.01705,0.571
16.897,51.01705,0.593
16.899,51.01705,0.586
16.901,51.01705,0.576
16.903,51.01705,0.622
16.905,51.01705,0.584
16.907,51.01705,0.613
16.909,51.01705,0.642
16.911,51.01705,0.59
16.913,51.01705,0.558
16.915,51.01705,0.569
16.917,51.01705,0.558
16.919,51.01705,0.561
16.921,51.01705,0.565
16.923,51.01705,0.606
16.925,51.01705,0.528
16.927,51.01705,0.581
16.929,51.01705,0.543
16.931,51.01705,0.547
16.933,51.01705,0.555
16.935,51.01705,0.553
16.937,51.01705,0.557
16.939,51.01705,0.561
16.941,51.01705,0.568
16.943,51.01705,0.566
16.945,51.01705,0.569
16.947,51.01705,0.592
16.949,51.01705,0.578
16.951,51.01705,0.587
16.953,51.01705,0.601
16.955,51.01705,0.57
16.957,51.01705,0.593
16.959,51.01705,0.573
16.961,51.01705,0.599
16.963,51.01705,0.604
16.965,51.01705,0.626
16.967,51.01705,0.599
16.969,51.01705,0.63
16.971,51.01705,0.616
16.973,51.01705,0.638
16.975,51.01705,0.627
16.977,51.01705,0.648
16.979,51.01705,0.602
16.981,51.01705,0.596
16.983,51.01705,0.622
16.985,51.01705,0.638
16.987,51.01705,0.627
16.989,51.01705,0.623
16.991,51.01705,0.605
16.993,51.01705,0.658
16.995,51.01705,0.624
16.997,51.01705,0.599
16.999,51.01705,0.582
17.001,51.01705,0.6
17.003,51.01705,0.611
17.005,51.01705,0.581
17.007,51.01705,0.601
17.009,51.01705,0.596
17.011,51.01705,0.605
17.013,51.01705,0.567
17.015,51.01705,0.579
17.017,51.01705,0.615
17.019,51.01705,0.575
17.021,51.01705,0.589
17.023,51.01705,0.583
17.025,51.01705,0.603
17.027,51.01705,0.598
17.029,51.01705,0.586
17.031,51.01705,0.582
17.033,51.01705,0.637
17.035,51.01705,0.613
17.037,51.01705,0.582
17.039,51.01705,0.605
17.041,51.01705,0.638
17.043,51.01705,0.571
17.045,51.01705,0.58
17.047,51.01705,0.58
17.049,51.01705,0.592
17.051,51.01705,0.626
17.053,51.01705,0.545
17.055,51.01705,0.537
17.057,51.01705,0.559
17.059,51.01705,0.539
17.061,51.01705,0.524
17.063,51.01705,0.493
17.065,51.01705,0.556
17.067,51.01705,0.539
17.069,51.01705,0.542
17.071,51.01705,0.479
17.073,51.01705,0.516
17.075,51.01705,0.536
17.077,51.01705,0.509
17.079,51.01705,0.538
17.081,51.01705,0.527
17.083,51.01705,0.559
17.085,51.01705,0.556
17.087,51.01705,0.545
17.089,51.01705,0.572
17.091,51.01705,0.558
17.093,51.01705,0.569
17.095,51.01705,0.573
17.097,51.01705,0.566
17.099,51.01705,0.549
17.101,51.01705,0.575
17.103,51.01705,0.571
17.105,51.01705,0.589
17.107,51.01705,0.582
17.109,51.01705,0.513
17.111,51.01705,0.503
17.113,51.01705,0.53
17.115,51.01705,0.497
17.117,51.01705,0.484
17.119,51.01705,0.527
17.121,51.01705,0.438
17.123,51.01705,0.465
17.125,51.01705,0.474
17.127,51.01705,0.535
17.129,51.01705,0.443
17.131,51.01705,0.428
17.133,51.01705,0.47
17.135,51.01705,0.436
17.137,51.01705,0.436
17.139,51.01705,0.438
17.141,51.01705,0.442
17.143,51.01705,0.457
17.145,51.01705,0.439
17.147,51.01705,0.483
17.149,51.01705,0.465
17.151,51.01705,0.501
17.153,51.01705,0.514
17.155,51.01705,0.527
17.157,51.01705,0.535
17.159,51.01705,0.57
17.161,51.01705,0.499
17.163,51.01705,0.529
17.165,51.01705,0.579
17.167,51.01705,0.572
17.169,51.01705,0.581
17.171,51.01705,0.569
17.173,51.01705,0.571
17.175,51.01705,0.508
17.177,51.01705,0.549
17.179,51.01705,0.551
17.181,51.01705,0.526
17.183,51.01705,0.547
17.185,51.01705,0.523
17.187,51.01705,0.501
17.189,51.01705,0.51
17.191,51.01705,0.515
17.193,51.01705,0.482
17.195,51.01705,0.483
17.197,51.01705,0.472
17.199,51.01705,0.478
17.201,51.01705,0.507
17.203,51.01705,0.508
17.205,51.01705,0.509
17.207,51.01705,0.424
17.209,51.01705,0.494
17.211,51.01705,0.53
17.213,51.01705,0.44
17.215,51.01705,0.477
17.217,51.01705,0.494
17.219,51.01705,0.488
17.221,51.01705,0.513
17.223,51.01705,0.49
17.225,51.01705,0.51
17.227,51.01705,0.568
17.229,51.01705,0.528
17.231,51.01705,0.495
17.233,51.01705,0.52
17.235,51.01705,0.51
17.237,51.01705,0.55
17.239,51.01705,0.531
17.241,51.01705,0.522
17.243,51.01705,0.511
17.245,51.01705,0.563
17.247,51.01705,0.527
17.249,51.01705,0.552
16.851,51.01575,0.018
16.853,51.01575,-0.011
16.855,51.01575,0.005
16.857,51.01575,0.006
16.859,51.01575,0.003
16.861,51.01575,0.024
16.863,51.01575,0.048
16.865,51.01575,0.08
16.867,51.01575,0.08
16.869,51.01575,0.027
16.871,51.01575,0.597
16.873,51.01575,0.625
16.875,51.01575,0.607
16.877,51.01575,0.578
16.879,51.01575,0.566
16.881,51.01575,0.562
16.883,51.01575,0.61
16.885,51.01575,0.6
16.887,51.01575,0.614
16.889,51.01575,0.583
16.891,51.01575,0.578
16.893,51.01575,0.594
16.895,51.01575,0.558
16.897,51.01575,0.596
16.899,51.01575,0.564
16.901,51.01575,0.611
16.903,51.01575,0.614
16.905,51.01575,0.573
16.907,51.01575,0.637
16.909,51.01575,0.559
16.911,51.01575,0.538
16.913,51.01575,0.591
16.915,51.01575,0.596
16.917,51.01575,0.562
16.919,51.01575,0.546
16.921,51.01575,0.545
16.923,51.01575,0.571
16.925,51.01575,0.566
16.927,51.01575,0.558
16.929,51.01575,0.574
16.931,51.01575,0.533
16.933,51.01575,0.546
16.935,51.01575,0.527
16.937,51.01575,0.548
16.939,51.01575,0.602
16.941,51.01575,0.578
16.943,51.01575,0.57
16.945,51.01575,0.611
16.947,51.01575,0.538
16.949,51.01575,0.578
16.951,51.01575,0.581
16.953,51.01575,0.556
16.955,51.01575,0.616
16.957,51.01575,0.58
16.959,51.01575,0.616
16.961,51.01575,0.628
16.963,51.01575,0.6
16.965,51.01575,0.631
16.967,51.01575,0.625
16.969,51.01575,0.6
16.971,51.01575,0.625
16.973,51.01575,0.642
16.975,51.01575,0.606
16.977,51.01575,0.644
16.979,51.01575,0.641
16.981,51.01575,0.6
16.983,51.01575,0.656
16.985,51.01575,0.621
16.987,51.01575,0.602
16.989,51.01575,0.653
16.991,51.01575,0.642
16.993,51.01575,0.609
16.995,51.01575,0.622
16.997,51.01575,0.585
16.999,51.01575,0.599
17.001,51.01575,0.604
17.003,51.01575,0.604
17.005,51.01575,0.586
17.007,51.01575,0.6
17.009,51.01575,0.582
17.011,51.01575,0.576
17.013,51.01575,0.605
17.015,51.01575,0.558
17.017,51.01575,0.595
17.019,51.01575,0.59
17.021,51.01575,0.58
17.023,51.01575,0.561
17.025,51.01575,0.564
17.027,51.01575,0.579
17.029,51.01575,0.619
17.031,51.01575,0.619
17.033,51.01575,0.625
17.035,51.01575,0.635
17.037,51.01575,0.592
17.039,51.01575,0.596
17.041,51.01575,0.576
17.043,51.01575,0.548
17.045,51.01575,0.628
17.047,51.01575,0.606
17.049,51.01575,0.609
17.051,51.01575,0.584
17.053,51.01575,0.561
17.055,51.01575,0.574
17.057,51.01575,0.591
17.059,51.01575,0.59
17.061,51.01575,0.568
17.063,51.01575,0.498
17.065,51.01575,0.581
17.067,51.01575,0.554
17.069,51.01575,0.533
17.071,51.01575,0.51
17.073,51.01575,0.529
17.075,51.01575,0.505
17.077,51.01575,0.506
17.079,51.01575,0.503
17.081,51.01575,0.557
17.083,51.01575,0.553
17.085,51.01575,0.56
17.087,51.01575,0.572
17.089,51.01575,0.561
17.091,51.01575,0.581
17.093,51.01575,0.603
17.095,51.01575,0.584
17.097,51.01575,0.569
17.099,51.01575,0.596
17.101,51.01575,0.598
17.103,51.01575,0.574
17.105,51.01575,0.568
17.107,51.01575,0.56
17.109,51.01575,0.559
17.111,51.01575,0.533
17.113,51.01575,0.52
17.115,51.01575,0.509
17.117,51.01575,0.536
17.119,51.01575,0.491
17.121,51.01575,0.461
17.123,51.01575,0.481
17.125,51.01575,0.452
17.127,51.01575,0.462
17.129,51.01575,0.439
17.131,51.01575,0.461
17.133,51.01575,0.425
17.135,51.01575,0.432
17.137,51.01575,0.445
17.139,51.01575,0.475
17.141,51.01575,0.456
17.143,51.01575,0.453
17.145,51.01575,0.453
17.147,51.01575,0.472
17.149,51.01575,0.5
17.151,51.01575,0.512
17.153,51.01575,0.51
17.155,51.01575,0.539
17.157,51.01575,0.497
17.159,51.01575,0.52
17.161,51.01575,0.546
17.163,51.01575,0.548
17.165,51.01575,0.54
17.167,51.01575,0.545
17.169,51.01575,0.572
17.171,51.01575,0.547
17.173,51.01575,0.553
17.175,51.01575,0.55
17.177,51.01575,0.527
17.179,51.01575,0.564
17.181,51.01575,0.552
17.183,51.01575,0.548
17.185,51.01575,0.519
17.187,51.01575,0.499
17.189,51.01575,0.554
17.191,51.01575,0.538
17.193,51.01575,0.513
17.195,51.01575,0.466
17.197,51.01575,0.48
17.199,51.01575,0.457
17.201,51.01575,0.499
17.203,51.01575,0.468
17.205,51.01575,0.498
17.207,51.01575,0.451
17.209,51.01575,0.448
17.211,51.01575,0.469
17.213,51.01575,0.474
17.215,51.01575,0.482
17.217,51.01575,0.476
17.219,51.01575,0.491
17.221,51.01575,0.517
17.223,51.01575,0.498
17.225,51.01575,0.532
17.227,51.01575,0.524
17.229,51.01575,0.509
17.231,51.01575,0.506
17.233,51.01575,0.54
17.235,51.01575,0.517
17.237,51.01575,0.522
17.239,51.01575,0.509
17.241,51.01575,0.527
17.243,51.01575,0.521
17.245,51.01575,0.518
17.247,51.01575,0.508
17.249,51.01575,0.516
16.851,51.01445,0.006
16.853,51.01445,0.088
16.855,51.01445,0.043
16.857,51.01445,0.024
16.859,51.01445,0.055
16.861,51.01445,0.021
16.863,51.01445,0.065
16.865,51.01445,0.003
16.867,51.01445,0.023
16.869,51.01445,0.611
16.871,51.01445,0.635
16.873,51.01445,0.601
16.875,51.01445,0.624
16.877,51.01445,0.621
16.879,51.01445,0.573
16.881,51.01445,0.573
16.883,51.01445,0.582
16.885,51.01445,0.595
16.887,51.01445,0.561
16.889,51.01445,0.547
16.891,51.01445,0.595
16.893,51.01445,0.629
16.895,51.01445,0.591
16.897,51.01445,0.611
16.899,51.01445,0.589
16.901,51.01445,0.574
16.903,51.01445,0.587
16.905,51.01445,0.623
16.907,51.01445,0.579
16.909,51.01445,0.612
16.911,51.01445,0.578
16.913,51.01445,0.574
16.915,51.01445,0.553
16.917,51.01445,0.532
16.919,51.01445,0.541
16.921,51.01445,0.522
16.923,51.01445,0.568
16.925,51.01445,0.536
16.927,51.01445,0.536
16.929,51.01445,0.511
16.931,51.01445,0.488
16.933,51.01445,0.55
16.935,51.01445,0.548
16.937,51.01445,0.562
16.939,51.01445,0.551
16.941,51.01445,0.537
16.943,51.01445,0.539
16.945,51.01445,0.569
16.947,51.01445,0.557
16.949,51.01445,0.567
16.951,51.01445,0.58
16.953,51.01445,0.597
16.955,51.01445,0.611
16.957,51.01445,0.595
16.959,51.01445,0.617
16.961,51.01445,0.643
16.963,51.01445,0.622
16.965,51.01445,0.625
16.967,51.01445,0.623
16.969,51.01445,0.665
16.971,51.01445,0.612
16.973,51.01445,0.64
16.975,51.01445,0.634
16.977,51.01445,0.629
16.979,51.01445,0.645
16.981,51.01445,0.594
16.983,51.01445,0.615
16.985,51.01445,0.65
16.987,51.01445,0.608
16.989,51.01445,0.618
16.991,51.01445,0.634
16.993,51.01445,0.577
16.995,51.01445,0.642
16.997,51.01445,0.648
16.999,51.01445,0.624
17.001,51.01445,0.583
17.003,51.01445,0.551
17.005,51.01445,0.615
17.007,51.01445,0.606
17.009,51.01445,0.596
17.011,51.01445,0.586
17.013,51.01445,0.598
17.015,51.01445,0.596
17.017,51.01445,0.611
17.019,51.01445,0.596
17.021,51.01445,0.581
17.023,51.01445,0.57
17.025,51.01445,0.593
17.027,51.01445,0.612
17.029,51.01445,0.609
17.031,51.01445,0.57
17.033,51.01445,0.606
17.035,51.01445,0.567
17.037,51.01445,0.602
17.039,51.01445,0.605
17.041,51.01445,0.626
17.043,51.01445,0.641
17.045,51.01445,0.638
17.047,51.01445,0.576
17.049,51.01445,0.617
17.051,51.01445,0.566
17.053,51.01445,0.544
17.055,51.01445,0.559
17.057,51.01445,0.597
17.059,51.01445,0.586
17.061,51.01445,0.56
17.063,51.01445,0.561
17.065,51.01445,0.519
17.067,51.01445,0.575
17.069,51.01445,0.554
17.071,51.01445,0.562
17.073,51.01445,0.508
17.075,51.01445,0.533
17.077,51.01445,0.547
17.079,51.01445,0.568
17.081,51.01445,0.54
17.083,51.01445,0.56
17.085,51.01445,0.567
17.087,51.01445,0.563
17.089,51.01445,0.575
17.091,51.01445,0.572
17.093,51.01445,0.597
17.095,51.01445,0.593
17.097,51.01445,0.643
17.099,51.01445,0.633
17.101,51.01445,0.608
17.103,51.01445,0.613
17.105,51.01445,0.615
17.107,51.01445,0.576
17.109,51.01445,0.521
17.111,51.01445,0.566
17.113,51.01445,0.533
17.115,51.01445,0.521
17.117,51.01445,0.509
17.119,51.01445,0.474
17.121,51.01445,0.474
17.123,51.01445,0.454
17.125,51.01445,0.451
17.127,51.01445,0.459
17.129,51.01445,0.462
17.131,51.01445,0.446
17.133,51.01445,0.409
17.135,51.01445,0.431
17.137,51.01445,0.465
17.139,51.01445,0.453
17.141,51.01445,0.472
17.143,51.01445,0.446
17.145,51.01445,0.481
17.147,51.01445,0.457
17.149,51.01445,0.481
17.151,51.01445,0.484
17.153,51.01445,0.521
17.155,51.01445,0.495
17.157,51.01445,0.525
17.159,51.01445,0.543
17.161,51.01445,0.483
17.163,51.01445,0.545
17.165,51.01445,0.585
17.167,51.01445,0.56
17.169,51.01445,0.552
17.171,51.01445,0.602
17.173,51.01445,0.593
17.175,51.01445,0.531
17.177,51.01445,0.54
17.179,51.01445,0.546
17.181,51.01445,0.521
17.183,51.01445,0.538
17.185,51.01445,0.526
17.187,51.01445,0.494
17.189,51.01445,0.534
17.191,51.01445,0.469
17.193,51.01445,0.49
17.195,51.01445,0.483
17.197,51.01445,0.49
17.199,51.01445,0.472
17.201,51.01445,0.526
17.203,51.01445,0.467
17.205,51.01445,0.489
17.207,51.01445,0.443
17.209,51.01445,0.486
17.211,51.01445,0.463
17.213,51.01445,0.471
17.215,51.01445,0.467
17.217,51.01445,0.429
17.219,51.01445,0.459
17.221,51.01445,0.467
17.223,51.01445,0.472
17.225,51.01445,0.516
17.227,51.01445,0.492
17.229,51.01445,0.477
17.231,51.01445,0.496
17.233,51.01445,0.494
17.235,51.01445,0.479
17.237,51.01445,0.528
17.239,51.01445,0.503
17.241,51.01445,0.488
17.243,51.01445,0.502
17.245,51.01445,0.508
17.247,51.01445,0.511
17.249,51.01445,0.54
16.851,51.01315,0.007
16.853,51.01315,-0.04
16.855,51.01315,0.017
16.857,51.01315,0.012
16.859,51.01315,-0.006
16.861,51.01315,0.022
16.863,51.01315,0.037
16.865,51.01315,0.591
16.867,51.01315,0.584
16.869,51.01315,0.593
16.871,51.01315,0.589
16.873,51.01315,0.629
16.875,51.01315,0.588
16.877,51.01315,0.569
16.879,51.01315,0.558
16.881,51.01315,0.553
16.883,51.01315,0.548
16.885,51.01315,0.557
16.887,51.01315,0.567
16.889,51.01315,0.588
16.891,51.01315,0.575
16.893,51.01315,0.55
16.895,51.01315,0.605
16.897,51.01315,0.578
16.899,51.01315,0.561
16.901,51.01315,0.557
16.903,51.01315,0.585
16.905,51.01315,0.572
16.907,51.01315,0.556
16.909,51.01315,0.521
16.911,51.01315,0.567
16.913,51.01315,0.57
16.915,51.01315,0.53
16.917,51.01315,0.55
16.919,51.01315,0.547
16.921,51.01315,0.532
16.923,51.01315,0.559
16.925,51.01315,0.498
16.927,51.01315,0.536
16.929,51.01315,0.519
16.931,51.01315,0.548
16.933,51.01315,0.517
16.935,51.01315,0.49
16.937,51.01315,0.55
16.939,51.01315,0.585
16.941,51.01315,0.521
16.943,51.01315,0.574
16.945,51.01315,0.538
16.947,51.01315,0.544
16.949,51.01315,0.585
16.951,51.01315,0.595
16.953,51.01315,0.61
16.955,51.01315,0.607
16.957,51.01315,0.631
16.959,51.01315,0.608
16.961,51.01315,0.597
16.963,51.01315,0.616
16.965,51.01315,0.599
16.967,51.01315,0.626
16.969,51.01315,0.607
16.971,51.01315,0.601
16.973,51.01315,0.609
16.975,51.01315,0.645
16.977,51.01315,0.606
16.979,51.01315,0.613
16.981,51.01315,0.646
16.983,51.01315,0.612
16.985,51.01315,0.643
16.987,51.01315,0.592
16.989,51.01315,0.583
16.991,51.01315,0.611
16.993,51.01315,0.585
16.995,51.01315,0.611
16.997,51.01315,0.639
16.999,51.01315,0.611
17.001,51.01315,0.653
17.003,51.01315,0.587
17.005,51.01315,0.616
17.007,51.01315,0.634
17.009,51.01315,0.564
17.011,51.01315,0.605
17.013,51.01315,0.607
17.015,51.01315,0.613
17.017,51.01315,0.553
17.019,51.01315,0.576
17.021,51.01315,0.59
17.023,51.01315,0.583
17.025,51.01315,0.579
17.027,51.01315,0.586
17.029,51.01315,0.534
17.031,51.01315,0.563
17.033,51.01315,0.589
17.035,51.01315,0.629
17.037,51.01315,0.621
17.039,51.01315,0.654
17.041,51.01315,0.616
17.043,51.01315,0.609
17.045,51.01315,0.618
17.047,51.01315,0.58
17.049,51.01315,0.613
17.051,51.01315,0.607
17.053,51.01315,0.592
17.055,51.01315,0.601
17.057,51.01315,0.592
17.059,51.01315,0.602
17.061,51.01315,0.597
17.063,51.01315,0.575
17.065,51.01315,0.555
17.067,51.01315,0.557
17.069,51.01315,0.557
17.071,51.01315,0.551
17.073,51.01315,0.562
17.075,51.01315,0.544
17.077,51.01315,0.551
17.079,51.01315,0.502
17.081,51.01315,0.521
17.083,51.01315,0.543
17.085,51.01315,0.567
17.087,51.01315,0.553
17.089,51.01315,0.624
17.091,51.01315,0.585
17.093,51.01315,0.593
17.095,51.01315,0.631
17.097,51.01315,0.589
17.099,51.01315,0.577
17.101,51.01315,0.599
17.103,51.01315,0.605
17.105,51.01315,0.562
17.107,51.01315,0.559
17.109,51.01315,0.54
17.111,51.01315,0.597
17.113,51.01315,0.51
17.115,51.01315,0.517
17.117,51.01315,0.474
17.119,51.01315,0.515
17.121,51.01315,0.487
17.123,51.01315,0.463
17.125,51.01315,0.463
17.127,51.01315,0.449
17.129,51.01315,0.47
17.131,51.01315,0.482
17.133,51.01315,0.463
17.135,51.01315,0.474
17.137,51.01315,0.414
17.139,51.01315,0.46
17.141,51.01315,0.465
17.143,51.01315,0.467
17.145,51.01315,0.448
17.147,51.01315,0.463
17.149,51.01315,0.492
17.151,51.01315,0.493
17.153,51.01315,0.522
17.155,51.01315,0.541
17.157,51.01315,0.521
17.159,51.01315,0.526
17.161,51.01315,0.496
17.163,51.01315,0.533
17.165,51.01315,0.524
17.167,51.01315,0.559
17.169,51.01315,0.59
17.171,51.01315,0.561
17.173,51.01315,0.546
17.175,51.01315,0.557
17.177,51.01315,0.546
17.179,51.01315,0.585
17.181,51.01315,0.57
17.183,51.01315,0.55
17.185,51.01315,0.505
17.187,51.01315,0.531
17.189,51.01315,0.512
17.191,51.01315,0.466
17.193,51.01315,0.457
17.195,51.01315,0.464
17.197,51.01315,0.488
17.199,51.01315,0.472
17.201,51.01315,0.474
17.203,51.01315,0.506
17.205,51.01315,0.463
17.207,51.01315,0.477
17.209,51.01315,0.462
17.211,51.01315,0.444
17.213,51.01315,0.477
17.215,51.01315,0.458
17.217,51.01315,0.457
17.219,51.01315,0.465
17.221,51.01315,0.461
17.223,51.01315,0.44
17.225,51.01315,0.469
17.227,51.01315,0.503
17.229,51.01315,0.486
17.231,51.01315,0.471
17.233,51.01315,0.481
17.235,51.01315,0.531
17.237,51.01315,0.523
17.239,51.01315,0.516
17.241,51.01315,0.506
17.243,51.01315,0.539
17.245,51.01315,0.51
17.247,51.01315,0.544
17.249,51.01315,0.498
16.851,51.01185,0.057
16.853,51.01185,0.042
16.855,51.01185,0.047
16.857,51.01185,0.004
16.859,51.01185,0.016
16.861,51.01185,0.041
16.863,51.01185,0.62
16.865,51.01185,0.622
16.867,51.01185,0.628
16.869,51.01185,0.577
16.871,51.01185,0.573
16.873,51.01185,0.573
16.875,51.01185,0.617
16.877,51.01185,0.559
16.879,51.01185,0.581
16.881,51.01185,0.567
16.883,51.01185,0.542
16.885,51.01185,0.581
16.887,51.01185,0.565
16.889,51.01185,0.555
16.891,51.01185,0.596
16.893,51.01185,0.574
16.895,51.01185,0.538
16.897,51.01185,0.59
16.899,51.01185,0.578
16.901,51.01185,0.546
16.903,51.01185,0.572
16.905,51.01185,0.562
16.907,51.01185,0.532
16.909,51.01185,0.57
16.911,51.01185,0.533
16.913,51.01185,0.564
16.915,51.01185,0.523
16.917,51.01185,0.543
16.919,51.01185,0.498
16.921,51.01185,0.528
16.923,51.01185,0.508
16.925,51.01185,0.523
16.927,51.01185,0.506
16.929,51.01185,0.534
16.931,51.01185,0.502
16.933,51.01185,0.525
16.935,51.01185,0.546
16.937,51.01185,0.547
16.939,51.01185,0.559
16.941,51.01185,0.542
16.943,51.01185,0.541
16.945,51.01185,0.542
16.947,51.01185,0.631
16.949,51.01185,0.564
16.951,51.01185,0.595
16.953,51.01185,0.628
16.955,51.01185,0.605
16.957,51.01185,0.611
16.959,51.01185,0.581
16.961,51.01185,0.606
16.963,51.01185,0.6
16.965,51.01185,0.635
16.967,51.01185,0.603
16.969,51.01185,0.612
16.971,51.01185,0.597
16.973,51.01185,0.623
16.975,51.01185,0.618
16.977,51.01185,0.594
16.979,51.01185,0.597
16.981,51.01185,0.596
16.983,51.01185,0.542
16.985,51.01185,0.605
16.987,51.01185,0.627
16.989,51.01185,0.658
16.991,51.01185,0.63
16.993,51.01185,0.638
16.995,51.01185,0.604
16.997,51.01185,0.63
16.999,51.01185,0.636
17.001,51.01185,0.621
17.003,51.01185,0.578
17.005,51.01185,0.594
17.007,51.01185,0.624
17.009,51.01185,0.602
17.011,51.01185,0.606
17.013,51.01185,0.589
17.015,51.01185,0.561
17.017,51.01185,0.64
17.019,51.01185,0.566
17.021,51.01185,0.558
17.023,51.01185,0.578
17.025,51.01185,0.592
17.027,51.01185,0.569
17.029,51.01185,0.596
17.031,51.01185,0.582
17.033,51.01185,0.6
17.035,51.01185,0.624
17.037,51.01185,0.578
17.039,51.01185,0.61
17.041,51.01185,0.637
17.043,51.01185,0.627
17.045,51.01185,0.573
17.047,51.01185,0.634
17.049,51.01185,0.632
17.051,51.01185,0.633
17.053,51.01185,0.629
17.055,51.01185,0.612
17.057,51.01185,0.646
17.059,51.01185,0.618
17.061,51.01185,0.589
17.063,51.01185,0.593
17.065,51.01185,0.609
17.067,51.01185,0.575
17.069,51.01185,0.561
17.071,51.01185,0.542
17.073,51.01185,0.535
17.075,51.01185,0.555
17.077,51.01185,0.536
17.079,51.01185,0.576
17.081,51.01185,0.538
17.083,51.01185,0.522
17.085,51.01185,0.514
17.087,51.01185,0.57
17.089,51.01185,0.58
17.091,51.01185,0.588
17.093,51.01185,0.639
17.095,51.01185,0.597
17.097,51.01185,0.62
17.099,51.01185,0.638
17.101,51.01185,0.599
17.103,51.01185,0.602
17.105,51.01185,0.58
17.107,51.01185,0.58
17.109,51.01185,0.577
17.111,51.01185,0.532
17.113,51.01185,0.52
17.115,51.01185,0.51
17.117,51.01185,0.507
17.119,51.01185,0.494
17.121,51.01185,0.441
17.123,51.01185,0.494
17.125,51.01185,0.457
17.127,51.01185,0.492
17.129,51.01185,0.48
17.131,51.01185,0.439
17.133,51.01185,0.47
17.135,51.01185,0.444
17.137,51.01185,0.456
17.139,51.01185,0.461
17.141,51.01185,0.432
17.143,51.01185,0.48
17.145,51.01185,0.491
17.147,51.01185,0.48
17.149,51.01185,0.473
17.151,51.01185,0.469
17.153,51.01185,0.478
17.155,51.01185,0.532
17.157,51.01185,0.556
17.159,51.01185,0.527
17.161,51.01185,0.569
17.163,51.01185,0.579
17.165,51.01185,0.563
17.167,51.01185,0.533
17.169,51.01185,0.55
17.171,51.01185,0.577
17.173,51.01185,0.525
17.175,51.01185,0.578
17.177,51.01185,0.55
17.179,51.01185,0.548
17.181,51.01185,0.528
17.183,51.01185,0.515
17.185,51.01185,0.494
17.187,51.01185,0.53
17.189,51.01185,0.505
17.191,51.01185,0.472
17.193,51.01185,0.481
17.195,51.01185,0.491
17.197,51.01185,0.496
17.199,51.01185,0.453
17.201,51.01185,0.459
17.203,51.01185,0.467
17.205,51.01185,0.506
17.207,51.01185,0.502
17.209,51.01185,0.476
17.211,51.01185,0.472
17.213,51.01185,0.458
17.215,51.01185,0.463
17.217,51.01185,0.466
17.219,51.01185,0.458
17.221,51.01185,0.451
17.223,51.01185,0.484
17.225,51.01185,0.489
17.227,51.01185,0.494
17.229,51.01185,0.495
17.231,51.01185,0.496
17.233,51.01185,0.467
17.235,51.01185,0.538
17.237,51.01185,0.505
17.239,51.01185,0.507
17.241,51.01185,0.516
17.243,51.01185,0.512
17.245,51.01185,0.528
17.247,51.01185,0.519
17.249,51.01185,0.5
16.851,51.01055,0.048
16.853,51.01055,0.065
16.855,51.01055,-0.008
16.857,51.01055,0.031
16.859,51.01055,0.096
16.861,51.01055,0.622
16.863,51.01055,0.625
16.865,51.01055,0.581
16.867,51.01055,0.586
16.869,51.01055,0.576
16.871,51.01055,0.543
16.873,51.01055,0.563
16.875,51.01055,0.58
16.877,51.01055,0.561
16.879,51.01055,0.56
16.881,51.01055,0.551
16.883,51.01055,0.556
16.885,51.01055,0.579
16.887,51.01055,0.518
16.889,51.01055,0.565
16.891,51.01055,0.549
16.893,51.01055,0.55
16.895,51.01055,0.546
16.897,51.01055,0.53
16.899,51.01055,0.546
16.901,51.01055,0.569
16.903,51.01055,0.561
16.905,51.01055,0.574
16.907,51.01055,0.52
16.909,51.01055,0.507
16.911,51.01055,0.521
16.913,51.01055,0.475
16.915,51.01055,0.536
16.917,51.01055,0.504
16.919,51.01055,0.526
16.921,51.01055,0.493
16.923,51.01055,0.495
16.925,51.01055,0.488
16.927,51.01055,0.537
16.929,51.01055,0.521
16.931,51.01055,0.498
16.933,51.01055,0.527
16.935,51.01055,0.548
16.937,51.01055,0.566
16.939,51.01055,0.535
16.941,51.01055,0.527
16.943,51.01055,0.569
16.945,51.01055,0.561
16.947,51.01055,0.564
16.949,51.01055,0.586
16.951,51.01055,0.59
16.953,51.01055,0.594
16.955,51.01055,0.568
16.957,51.01055,0.599
16.959,51.01055,0.619
16.961,51.01055,0.615
16.963,51.01055,0.643
16.965,51.01055,0.611
16.967,51.01055,0.591
16.969,51.01055,0.643
16.971,51.01055,0.616
16.973,51.01055,0.617
16.975,51.01055,0.585
16.977,51.01055,0.607
16.979,51.01055,0.609
16.981,51.01055,0.613
16.983,51.01055,0.613
16.985,51.01055,0.6
16.987,51.01055,0.577
16.989,51.01055,0.615
16.991,51.01055,0.598
16.993,51.01055,0.607
16.995,51.01055,0.591
16.997,51.01055,0.629
16.999,51.01055,0.607
17.001,51.01055,0.631
17.003,51.01055,0.605
17.005,51.01055,0.61
17.007,51.01055,0.56
17.009,51.01055,0.614
17.011,51.01055,0.61
17.013,51.01055,0.607
17.015,51.01055,0.584
17.017,51.01055,0.571
17.019,51.01055,0.57
17.021,51.01055,0.642
17.023,51.01055,0.609
17.025,51.01055,0.594
17.027,51.01055,0.583
17.029,51.01055,0.628
17.031,51.01055,0.637
17.033,51.01055,0.611
17.035,51.01055,0.615
17.037,51.01055,0.604
17.039,51.01055,0.634
17.041,51.01055,0.617
17.043,51.01055,0.613
17.045,51.01055,0.601
17.047,51.01055,0.609
17.049,51.01055,0.578
17.051,51.01055,0.606
17.053,51.01055,0.633
17.055,51.01055,0.611
17.057,51.01055,0.599
17.059,51.01055,0.617
17.061,51.01055,0.591
17.063,51.01055,0.595
17.065,51.01055,0.595
17.067,51.01055,0.579
17.069,51.01055,0.564
17.071,51.01055,0.56
17.073,51.01055,0.565
17.075,51.01055,0.557
17.077,51.01055,0.538
17.079,51.01055,0.53
17.081,51.01055,0.54
17.083,51.01055,0.547
17.085,51.01055,0.533
17.087,51.01055,0.568
17.089,51.01055,0.605
17.091,51.01055,0.581
17.093,51.01055,0.637
17.095,51.01055,0.625
17.097,51.01055,0.6
17.099,51.01055,0.606
17.101,51.01055,0.58
17.103,51.01055,0.625
17.105,51.01055,0.603
17.107,51.01055,0.605
17.109,51.01055,0.523
17.111,51.01055,0.562
17.113,51.01055,0.508
17.115,51.01055,0.533
17.117,51.01055,0.522
17.119,51.01055,0.469
17.121,51.01055,0.468
17.123,51.01055,0.45
17.125,51.01055,0.457
17.127,51.01055,0.454
17.129,51.01055,0.46
17.131,51.01055,0.45
17.133,51.01055,0.448
17.135,51.01055,0.461
17.137,51.01055,0.441
17.139,51.01055,0.49
17.141,51.01055,0.48
17.143,51.01055,0.491
17.145,51.01055,0.457
17.147,51.01055,0.502
17.149,51.01055,0.473
17.151,51.01055,0.518
17.153,51.01055,0.534
17.155,51.01055,0.545
17.157,51.01055,0.499
17.159,51.01055,0.521
17.161,51.01055,0.54
17.163,51.01055,0.527
17.165,51.01055,0.567
17.167,51.01055,0.541
17.169,51.01055,0.541
17.171,51.01055,0.56
17.173,51.01055,0.572
17.175,51.01055,0.555
17.177,51.01055,0.594
17.179,51.01055,0.522
17.181,51.01055,0.567
17.183,51.01055,0.508
17.185,51.01055,0.543
17.187,51.01055,0.53
17.189,51.01055,0.534
17.191,51.01055,0.493
17.193,51.01055,0.512
17.195,51.01055,0.481
17.197,51.01055,0.51
17.199,51.01055,0.448
17.201,51.01055,0.466
17.203,51.01055,0.49
17.205,51.01055,0.429
17.207,51.01055,0.444
17.209,51.01055,0.446
17.211,51.01055,0.443
17.213,51.01055,0.471
17.215,51.01055,0.443
17.217,51.01055,0.437
17.219,51.01055,0.487
17.221,51.01055,0.491
17.223,51.01055,0.434
17.225,51.01055,0.484
17.227,51.01055,0.5
17.229,51.01055,0.489
17.231,51.01055,0.501
17.233,51.01055,0.489
17.235,51.01055,0.484
17.237,51.01055,0.526
17.239,51.01055,0.514
17.241,51.01055,0.542
17.243,51.01055,0.503
17.245,51.01055,0.478
17.247,51.01055,0.52
17.249,51.01055,0.523
16.851,51.00925,0.056
16.853,51.00925,0.04
16.855,51.00925,0.017
16.857,51.00925,0.04
16.859,51.00925,0.618
16.861,51.00925,0.58
16.863,51.00925,0.578
16.865,51.00925,0.584
16.867,51.00925,0.573
16.869,51.00925,0.56
16.871,51.00925,0.561
16.873,51.00925,0.572
16.875,51.00925,0.548
16.877,51.00925,0.552
16.879,51.00925,0.511
16.881,51.00925,0.51
16.883,51.00925,0.529
16.885,51.00925,0.536
16.887,51.00925,0.518
16.889,51.00925,0.518
16.891,51.00925,0.494
16.893,51.00925,0.526
16.895,51.00925,0.535
16.897,51.00925,0.496
16.899,51.00925,0.549
16.901,51.00925,0.535
16.903,51.00925,0.53
16.905,51.00925,0.535
16.907,51.00925,0.556
16.909,51.00925,0.531
16.911,51.00925,0.521
16.913,51.00925,0.517
16.915,51.00925,0.493
16.917,51.00925,0.51
16.919,51.00925,0.495
16.921,51.00925,0.515
16.923,51.00925,0.498
16.925,51.00925,0.494
16.927,51.00925,0.455
16.929,51.00925,0.498
16.931,51.00925,0.537
16.933,51.00925,0.52
16.935,51.00925,0.547
16.937,51.00925,0.564
16.939,51.00925,0.552
16.941,51.00925,0.546
16.943,51.00925,0.548
16.945,51.00925,0.571
16.947,51.00925,0.547
16.949,51.00925,0.584
16.951,51.00925,0.598
16.953,51.00925,0.59
16.955,51.00925,0.57
16.957,51.00925,0.616
16.959,51.00925,0.594
16.961,51.00925,0.59
16.963,51.00925,0.646
16.965,51.00925,0.624
16.967,51.00925,0.595
16.969,51.00925,0.595
16.971,51.00925,0.598
16.973,51.00925,0.558
16.975,51.00925,0.562
16.977,51.00925,0.616
16.979,51.00925,0.581
16.981,51.00925,0.585
16.983,51.00925,0.565
16.985,51.00925,0.595
16.987,51.00925,0.586
16.989,51.00925,0.608
16.991,51.00925,0.625
16.993,51.00925,0.612
16.995,51.00925,0.609
16.997,51.00925,0.605
16.999,51.00925,0.601
17.001,51.00925,0.616
17.003,51.00925,0.608
17.005,51.00925,0.616
17.007,51.00925,0.624
17.009,51.00925,0.629
17.011,51.00925,0.61
17.013,51.00925,0.614
17.015,51.00925,0.578
17.017,51.00925,0.625
17.019,51.00925,0.62
17.021,51.00925,0.574
17.023,51.00925,0.574
17.025,51.00925,0.582
17.027,51.00925,0.59
17.029,51.00925,0.59
17.031,51.00925,0.589
17.033,51.00925,0.589
17.035,51.00925,0.603
17.037,51.00925,0.63
17.039,51.00925,0.627
17.041,51.00925,0.643
17.043,51.00925,0.646
17.045,51.00925,0.654
17.047,51.00925,0.583
17.049,51.00925,0.623
17.051,51.00925,0.584
17.053,51.00925,0.644
17.055,51.00925,0.619
17.057,51.00925,0.647
17.059,51.00925,0.622
17.061,51.00925,0.611
17.063,51.00925,0.643
17.065,51.00925,0.619
17.067,51.00925,0.581
17.069,51.00925,0.565
17.071,51.00925,0.596
17.073,51.00925,0.552
17.075,51.00925,0.573
17.077,51.00925,0.526
17.079,51.00925,0.527
17.081,51.00925,0.57
17.083,51.00925,0.579
17.085,51.00925,0.567
17.087,51.00925,0.551
17.089,51.00925,0.57
17.091,51.00925,0.588
17.093,51.00925,0.611
17.095,51.00925,0.607
17.097,51.00925,0.588
17.099,51.00925,0.617
17.101,51.00925,0.589
17.103,51.00925,0.62
17.105,51.00925,0.609
17.107,51.00925,0.567
17.109,51.00925,0.543
17.111,51.00925,0.544
17.113,51.00925,0.48
17.115,51.00925,0.499
17.117,51.00925,0.489
17.119,51.00925,0.469
17.121,51.00925,0.473
17.123,51.00925,0.489
17.125,51.00925,0.486
17.127,51.00925,0.474
17.129,51.00925,0.466
17.131,51.00925,0.463
17.133,51.00925,0.494
17.135,51.00925,0.44
17.137,51.00925,0.489
17.139,51.00925,0.515
17.141,51.00925,0.512
17.143,51.00925,0.504
17.145,51.00925,0.493
17.147,51.00925,0.533
17.149,51.00925,0.512
17.151,51.00925,0.521
17.153,51.00925,0.459
17.155,51.00925,0.525
17.157,51.00925,0.525
17.159,51.00925,0.544
17.161,51.00925,0.541
17.163,51.00925,0.556
17.165,51.00925,0.562
17.167,51.00925,0.56
17.169,51.00925,0.562
17.171,51.00925,0.556
17.173,51.00925,0.55
17.175,51.00925,0.574
17.177,51.00925,0.557
17.179,51.00925,0.54
17.181,51.00925,0.558
17.183,51.00925,0.517
17.185,51.00925,0.565
17.187,51.00925,0.529
17.189,51.00925,0.49
17.191,51.00925,0.493
17.193,51.00925,0.511
17.195,51.00925,0.518
17.197,51.00925,0.478
17.199,51.00925,0.47
17.201,51.00925,0.46
17.203,51.00925,0.445
17.205,51.00925,0.462
17.207,51.00925,0.435
17.209,51.00925,0.467
17.211,51.00925,0.433
17.213,51.00925,0.485
17.215,51.00925,0.484
17.217,51.00925,0.492
17.219,51.00925,0.462
17.221,51.00925,0.468
17.223,51.00925,0.455
17.225,51.00925,0.496
17.227,51.00925,0.508
17.229,51.00925,0.536
17.231,51.00925,0.515
17.233,51.00925,0.514
17.235,51.00925,0.528
17.237,51.00925,0.534
17.239,51.00925,0.497
17.241,51.00925,0.528
17.243,51.00925,0.519
17.245,51.00925,0.492
17.247,51.00925,0.523
17.249,51.00925,0.531
16.851,51.00795,0
16.853,51.00795,0.013
16.855,51.00795,0.064
16.857,51.00795,0.627
16.859,51.00795,0.624
16.861,51.00795,0.586
16.863,51.00795,0.607
16.865,51.00795,0.589
16.867,51.00795,0.596
16.869,51.00795,0.578
16.871,51.00795,0.534
16.873,51.00795,0.546
16.875,51.00795,0.55
16.877,51.00795,0.569
16.879,51.00795,0.498
16.881,51.00795,0.5
16.883,51.00795,0.513
16.885,51.00795,0.486
16.887,51.00795,0.492
16.889,51.00795,0.486
16.891,51.00795,0.502
16.893,51.00795,0.495
16.895,51.00795,0.5
16.897,51.00795,0.535
16.899,51.00795,0.502
16.901,51.00795,0.541
16.903,51.00795,0.482
16.905,51.00795,0.552
16.907,51.00795,0.491
16.909,51.00795,0.512
16.911,51.00795,0.438
16.913,51.00795,0.503
16.915,51.00795,0.49
16.917,51.00795,0.5
16.919,51.00795,0.511
16.921,51.00795,0.48
16.923,51.00795,0.46
16.925,51.00795,0.455
16.927,51.00795,0.491
16.929,51.00795,0.496
16.931,51.00795,0.55
16.933,51.00795,0.508
16.935,51.00795,0.565
16.937,51.00795,0.577
16.939,51.00795,0.547
16.941,51.00795,0.542
16.943,51.00795,0.589
16.945,51.00795,0.588
16.947,51.00795,0.645
16.949,51.00795,0.602
16.951,51.00795,0.601
16.953,51.00795,0.608
16.955,51.00795,0.641
16.957,51.00795,0.618
16.959,51.00795,0.613
16.961,51.00795,0.622
16.963,51.00795,0.614
16.965,51.00795,0.613
16.967,51.00795,0.587
16.969,51.00795,0.574
16.971,51.00795,0.606
16.973,51.00795,0.623
16.975,51.00795,0.585
16.977,51.00795,0.599
16.979,51.00795,0.558
16.981,51.00795,0.601
16.983,51.00795,0.577
16.985,51.00795,0.595
16.987,51.00795,0.594
16.989,51.00795,0.598
16.991,51.00795,0.579
16.993,51.00795,0.607
16.995,51.00795,0.568
16.997,51.00795,0.596
16.999,51.00795,0.618
17.001,51.00795,0.621
17.003,51.00795,0.6
17.005,51.00795,0.591
17.007,51.00795,0.607
17.009,51.00795,0.594
17.011,51.00795,0.609
17.013,51.00795,0.619
17.015,51.00795,0.551
17.017,51.00795,0.577
17.019,51.00795,0.591
17.021,51.00795,0.603
17.023,51.00795,0.594
17.025,51.00795,0.589
17.027,51.00795,0.604
17.029,51.00795,0.637
17.031,51.00795,0.57
17.033,51.00795,0.608
17.035,51.00795,0.625
17.037,51.00795,0.636
17.039,51.00795,0.58
17.041,51.00795,0.599
17.043,51.00795,0.627
17.045,51.00795,0.581
17.047,51.00795,0.598
17.049,51.00795,0.596
17.051,51.00795,0.603
17.053,51.00795,0.664
17.055,51.00795,0.651
17.057,51.00795,0.629
17.059,51.00795,0.617
17.061,51.00795,0.586
17.063,51.00795,0.613
17.065,51.00795,0.588
17.067,51.00795,0.586
17.069,51.00795,0.607
17.071,51.00795,0.562
17.073,51.00795,0.589
17.075,51.00795,0.516
17.077,51.00795,0.563
17.079,51.00795,0.572
17.081,51.00795,0.552
17.083,51.00795,0.579
17.085,51.00795,0.599
17.087,51.00795,0.606
17.089,51.00795,0.554
17.091,51.00795,0.573
17.093,51.00795,0.56
17.095,51.00795,0.604
17.097,51.00795,0.631
17.099,51.00795,0.634
17.101,51.00795,0.622
17.103,51.00795,0.613
17.105,51.00795,0.602
17.107,51.00795,0.584
17.109,51.00795,0.571
17.111,51.00795,0.544
17.113,51.00795,0.544
17.115,51.00795,0.514
17.117,51.00795,0.487
17.119,51.00795,0.471
17.121,51.00795,0.506
17.123,51.00795,0.438
17.125,51.00795,0.454
17.127,51.00795,0.45
17.129,51.00795,0.484
17.131,51.00795,0.505
17.133,51.00795,0.5
17.135,51.00795,0.511
17.137,51.00795,0.551
17.139,51.00795,0.507
17.141,51.00795,0.533
17.143,51.00795,0.526
17.145,51.00795,0.485
17.147,51.00795,0.501
17.149,51.00795,0.552
17.151,51.00795,0.534
17.153,51.00795,0.544
17.155,51.00795,0.532
17.157,51.00795,0.53
17.159,51.00795,0.539
17.161,51.00795,0.588
17.163,51.00795,0.546
17.165,51.00795,0.553
17.167,51.00795,0.589
17.169,51.00795,0.565
17.171,51.00795,0.517
17.173,51.00795,0.532
17.175,51.00795,0.55
17.177,51.00795,0.581
17.179,51.00795,0.58
17.181,51.00795,0.545
17.183,51.00795,0.549
17.185,51.00795,0.518
17.187,51.00795,0.499
17.189,51.00795,0.524
17.191,51.00795,0.489
17.193,51.00795,0.488
17.195,51.00795,0.484
17.197,51.00795,0.447
17.199,51.00795,0.461
17.201,51.00795,0.44
17.203,51.00795,0.484
17.205,51.00795,0.475
17.207,51.00795,0.448
17.209,51.00795,0.468
17.211,51.00795,0.443
17.213,51.00795,0.441
17.215,51.00795,0.472
17.217,51.00795,0.476
17.219,51.00795,0.477
17.221,51.00795,0.508
17.223,51.00795,0.464
17.225,51.00795,0.53
17.227,51.00795,0.478
17.229,51.00795,0.509
17.231,51.00795,0.497
17.233,51.00795,0.511
17.235,51.00795,0.504
17.237,51.00795,0.539
17.239,51.00795,0.528
17.241,51.00795,0.516
17.243,51.00795,0.574
17.245,51.00795,0.512
17.247,51.00795,0.508
17.249,51.00795,0.557
16.851,51.00665,0.024
16.853,51.00665,0.034
16.855,51.00665,0.624
16.857,51.00665,0.645
16.859,51.00665,0.625
16.861,51.00665,0.618
16.863,51.00665,0.589
16.865,51.00665,0.546
16.867,51.00665,0.556
16.869,51.00665,0.557
16.871,51.00665,0.549
16.873,51.00665,0.548
16.875,51.00665,0.507
16.877,51.00665,0.535
16.879,51.00665,0.5
16.881,51.00665,0.477
16.883,51.00665,0.464
16.885,51.00665,0.498
16.887,51.00665,0.481
16.889,51.00665,0.486
16.891,51.00665,0.488
16.893,51.00665,0.499
16.895,51.00665,0.502
16.897,51.00665,0.478
16.899,51.00665,0.488
16.901,51.00665,0.514
16.903,51.00665,0.489
16.905,51.00665,0.475
16.907,51.00665,0.468
16.909,51.00665,0.487
16.911,51.00665,0.488
16.913,51.00665,0.459
16.915,51.00665,0.466
16.917,51.00665,0.45
16.919,51.00665,0.49
16.921,51.00665,0.485
16.923,51.00665,0.502
16.925,51.00665,0.514
16.927,51.00665,0.5
16.929,51.00665,0.521
16.931,51.00665,0.507
16.933,51.00665,0.549
16.935,51.00665,0.51
16.937,51.00665,0.533
16.939,51.00665,0.557
16.941,51.00665,0.547
16.943,51.00665,0.603
16.945,51.00665,0.569
16.947,51.00665,0.623
16.949,51.00665,0.58
16.951,51.00665,0.61
16.953,51.00665,0.654
16.955,51.00665,0.637
16.957,51.00665,0.634
16.959,51.00665,0.548
16.961,51.00665,0.577
16.963,51.00665,0.602
16.965,51.00665,0.611
16.967,51.00665,0.598
16.969,51.00665,0.605
16.971,51.00665,0.59
16.973,51.00665,0.588
16.975,51.00665,0.561
16.977,51.00665,0.558
16.979,51.00665,0.541
16.981,51.00665,0.568
16.983,51.00665,0.578
16.985,51.00665,0.587
16.987,51.00665,0.587
16.989,51.00665,0.589
16.991,51.00665,0.575
16.993,51.00665,0.601
16.995,51.00665,0.596
16.997,51.00665,0.587
16.999,51.00665,0.593
17.001,51.00665,0.605
17.003,51.00665,0.593
17.005,51.00665,0.606
17.007,51.00665,0.651
17.009,51.00665,0.619
17.011,51.00665,0.558
17.013,51.00665,0.595
17.015,51.00665,0.588
17.017,51.00665,0.54
17.019,51.00665,0.571
17.021,51.00665,0.608
17.023,51.00665,0.602
17.025,51.00665,0.604
17.027,51.00665,0.601
17.029,51.00665,0.6
17.031,51.00665,0.59
17.033,51.00665,0.596
17.035,51.00665,0.6
17.037,51.00665,0.611
17.039,51.00665,0.609
17.041,51.00665,0.626
17.043,51.00665,0.65
17.045,51.00665,0.618
17.047,51.00665,0.634
17.049,51.00665,0.61
17.051,51.00665,0.618
17.053,51.00665,0.616
17.055,51.00665,0.578
17.057,51.00665,0.618
17.059,51.00665,0.619
17.061,51.00665,0.6
17.063,51.00665,0.557
17.065,51.00665,0.601
17.067,51.00665,0.585
17.069,51.00665,0.565
17.071,51.00665,0.548
17.073,51.00665,0.553
17.075,51.00665,0.577
17.077,51.00665,0.587
17.079,51.00665,0.571
17.081,51.00665,0.525
17.083,51.00665,0.585
17.085,51.00665,0.558
17.087,51.00665,0.599
17.089,51.00665,0.606
17.091,51.00665,0.594
17.093,51.00665,0.583
17.095,51.00665,0.588
17.097,51.00665,0.605
17.099,51.00665,0.59
17.101,51.00665,0.589
17.103,51.00665,0.59
17.105,51.00665,0.574
17.107,51.00665,0.59
17.109,51.00665,0.574
17.111,51.00665,0.548
17.113,51.00665,0.554
17.115,51.00665,0.537
17.117,51.00665,0.483
17.119,51.00665,0.468
17.121,51.00665,0.482
17.123,51.00665,0.463
17.125,51.00665,0.485
17.127,51.00665,0.468
17.129,51.00665,0.458
17.131,51.00665,0.496
17.133,51.00665,0.535
17.135,51.00665,0.552
17.137,51.00665,0.525
17.139,51.00665,0.531
17.141,51.00665,0.521
17.143,51.00665,0.518
17.145,51.00665,0.558
17.147,51.00665,0.529
17.149,51.00665,0.558
17.151,51.00665,0.52
17.153,51.00665,0.57
17.155,51.00665,0.553
17.157,51.00665,0.536
17.159,51.00665,0.529
17.161,51.00665,0.543
17.163,51.00665,0.544
17.165,51.00665,0.537
17.167,51.00665,0.545
17.169,51.00665,0.548
17.171,51.00665,0.572
17.173,51.00665,0.566
17.175,51.00665,0.566
17.177,51.00665,0.573
17.179,51.00665,0.525
17.181,51.00665,0.575
17.183,51.00665,0.547
17.185,51.00665,0.56
17.187,51.00665,0.554
17.189,51.00665,0.475
17.191,51.00665,0.523
17.193,51.00665,0.487
17.195,51.00665,0.507
17.197,51.00665,0.47
17.199,51.00665,0.458
17.201,51.00665,0.465
17.203,51.00665,0.479
17.205,51.00665,0.421
17.207,51.00665,0.482
17.209,51.00665,0.463
17.211,51.00665,0.506
17.213,51.00665,0.448
17.215,51.00665,0.459
17.217,51.00665,0.489
17.219,51.00665,0.506
17.221,51.00665,0.485
17.223,51.00665,0.481
17.225,51.00665,0.498
17.227,51.00665,0.49
17.229,51.00665,0.515
17.231,51.00665,0.514
17.233,51.00665,0.518
17.235,51.00665,0.491
17.237,51.00665,0.567
17.239,51.00665,0.526
17.241,51.00665,0.54
17.243,51.00665,0.526
17.245,51.00665,0.538
17.247,51.00665,0.571
17.249,51.00665,0.541
16.851,51.00535,0.675
16.853,51.00535,0.643
16.855,51.00535,0.65
16.857,51.00535,0.662
16.859,51.00535,0.636
16.861,51.00535,0.598
16.863,51.00535,0.611
16.865,51.00535,0.539
16.867,51.00535,0.561
16.869,51.00535,0.554
16.871,51.00535,0.557
16.873,51.00535,0.534
16.875,51.00535,0.458
16.877,51.00535,0.496
16.879,51.00535,0.546
16.881,51.00535,0.476
16.883,51.00535,0.509
16.885,51.00535,0.459
16.887,51.00535,0.427
16.889,51.00535,0.462
16.891,51.00535,0.497
16.893,51.00535,0.484
16.895,51.00535,0.503
16.897,51.00535,0.465
16.899,51.00535,0.447
16.901,51.00535,0.455
16.903,51.00535,0.479
16.905,51.00535,0.47
16.907,51.00535,0.423
16.909,51.00535,0.425
16.911,51.00535,0.434
16.913,51.00535,0.455
16.915,51.00535,0.476
16.917,51.00535,0.462
16.919,51.00535,0.463
16.921,51.00535,0.478
16.923,51.00535,0.463
16.925,51.00535,0.493
16.927,51.00535,0.5
16.929,51.00535,0.489
16.931,51.00535,0.516
16.933,51.00535,0.523
16.935,51.00535,0.541
16.937,51.00535,0.557
16.939,51.00535,0.59
16.941,51.00535,0.584
16.943,51.00535,0.593
16.945,51.00535,0.617
16.947,51.00535,0.601
16.949,51.00535,0.615
16.951,51.00535,0.633
16.953,51.00535,0.578
16.955,51.00535,0.64
16.957,51.00535,0.61
16.959,51.00535,0.64
16.961,51.00535,0.631
16.963,51.00535,0.586
16.965,51.00535,0.602
16.967,51.00535,0.586
16.969,51.00535,0.599
16.971,51.00535,0.581
16.973,51.00535,0.555
16.975,51.00535,0.603
16.977,51.00535,0.593
16.979,51.00535,0.589
16.981,51.00535,0.543
16.983,51.00535,0.55
16.985,51.00535,0.571
16.987,51.00535,0.543
16.989,51.00535,0.588
16.991,51.00535,0.573
16.993,51.00535,0.579
16.995,51.00535,0.592
16.997,51.00535,0.622
16.999,51.00535,0.584
17.001,51.00535,0.627
17.003,51.00535,0.591
17.005,51.00535,0.598
17.007,51.00535,0.604
17.009,51.00535,0.616
17.011,51.00535,0.588
17.013,51.00535,0.576
17.015,51.00535,0.595
17.017,51.00535,0.582
17.019,51.00535,0.585
17.021,51.00535,0.563
17.023,51.00535,0.59
17.025,51.00535,0.586
17.027,51.00535,0.603
17.029,51.00535,0.611
17.031,51.00535,0.626
17.033,51.00535,0.641
17.035,51.00535,0.597
17.037,51.00535,0.609
17.039,51.00535,0.599
17.041,51.00535,0.611
17.043,51.00535,0.641
17.045,51.00535,0.627
17.047,51.00535,0.629
17.049,51.00535,0.624
17.051,51.00535,0.639
17.053,51.00535,0.639
17.055,51.00535,0.639
17.057,51.00535,0.641
17.059,51.00535,0.595
17.061,51.00535,0.599
17.063,51.00535,0.601
17.065,51.00535,0.597
17.067,51.00535,0.587
17.069,51.00535,0.577
17.071,51.00535,0.629
17.073,51.00535,0.601
17.075,51.00535,0.552
17.077,51.00535,0.571
17.079,51.00535,0.572
17.081,51.00535,0.548
17.083,51.00535,0.554
17.085,51.00535,0.575
17.087,51.00535,0.624
17.089,51.00535,0.632
17.091,51.00535,0.558
17.093,51.00535,0.62
17.095,51.00535,0.581
17.097,51.00535,0.596
17.099,51.00535,0.587
17.101,51.00535,0.621
17.103,51.00535,0.58
17.105,51.00535,0.565
17.107,51.00535,0.579
17.109,51.00535,0.526
17.111,51.00535,0.535
17.113,51.00535,0.486
17.115,51.00535,0.526
17.117,51.00535,0.528
17.119,51.00535,0.5
17.121,51.00535,0.468
17.123,51.00535,0.484
17.125,51.00535,0.465
17.127,51.00535,0.5
17.129,51.00535,0.494
17.131,51.00535,0.517
17.133,51.00535,0.511
17.135,51.00535,0.56
17.137,51.00535,0.562
17.139,51.00535,0.541
17.141,51.00535,0.59
17.143,51.00535,0.543
17.145,51.00535,0.555
17.147,51.00535,0.553
17.149,51.00535,0.545
17.151,51.00535,0.559
17.153,51.00535,0.561
17.155,51.00535,0.595
17.157,51.00535,0.549
17.159,51.00535,0.558
17.161,51.00535,0.578
17.163,51.00535,0.561
17.165,51.00535,0.575
17.167,51.00535,0.562
17.169,51.00535,0.585
17.171,51.00535,0.57
17.173,51.00535,0.575
17.175,51.00535,0.556
17.177,51.00535,0.527
17.179,51.00535,0.563
17.181,51.00535,0.558
17.183,51.00535,0.558
17.185,51.00535,0.555
17.187,51.00535,0.548
17.189,51.00535,0.53
17.191,51.00535,0.491
17.193,51.00535,0.461
17.195,51.00535,0.502
17.197,51.00535,0.504
17.199,51.00535,0.455
17.201,51.00535,0.452
17.203,51.00535,0.463
17.205,51.00535,0.487
17.207,51.00535,0.473
17.209,51.00535,0.461
17.211,51.00535,0.454
17.213,51.00535,0.449
17.215,51.00535,0.457
17.217,51.00535,0.495
17.219,51.00535,0.456
17.221,51.00535,0.501
17.223,51.00535,0.491
17.225,51.00535,0.511
17.227,51.00535,0.532
17.229,51.00535,0.498
17.231,51.00535,0.566
17.233,51.00535,0.537
17.235,51.00535,0.532
17.237,51.00535,0.502
17.239,51.00535,0.553
17.241,51.00535,0.557
17.243,51.00535,0.517
17.245,51.00535,0.535
17.247,51.00535,0.561
17.249,51.00535,0.554
16.851,51.00405,0.63
16.853,51.00405,0.64
16.855,51.00405,0.606
16.857,51.00405,0.651
16.859,51.00405,0.594
16.861,51.00405,0.614
16.863,51.00405,0.59
16.865,51.00405,0.551
16.867,51.00405,0.562
16.869,51.00405,0.548
16.871,51.00405,0.541
16.873,51.00405,0.514
16.875,51.00405,0.479
16.877,51.00405,0.485
16.879,51.00405,0.469
16.881,51.00405,0.507
16.883,51.00405,0.472
16.885,51.00405,0.433
16.887,51.00405,0.427
16.889,51.00405,0.445
16.891,51.00405,0.443
16.893,51.00405,0.44
16.895,51.00405,0.441
16.897,51.00405,0.429
16.899,51.00405,0.47
16.901,51.00405,0.457
16.903,51.00405,0.467
16.905,51.00405,0.42
16.907,51.00405,0.478
16.909,51.00405,0.417
16.911,51.00405,0.468
16.913,51.00405,0.44
16.915,51.00405,0.489
16.917,51.00405,0.458
16.919,51.00405,0.454
16.921,51.00405,0.476
16.923,51.00405,0.505
16.925,51.00405,0.513
16.927,51.00405,0.505
16.929,51.00405,0.493
16.931,51.00405,0.521
16.933,51.00405,0.53
16.935,51.00405,0.559
16.937,51.00405,0.554
16.939,51.00405,0.555
16.941,51.00405,0.588
16.943,51.00405,0.573
16.945,51.00405,0.592
16.947,51.00405,0.609
16.949,51.00405,0.662
16.951,51.00405,0.626
16.953,51.00405,0.597
16.955,51.00405,0.609
16.957,51.00405,0.599
16.959,51.00405,0.644
16.961,51.00405,0.6
16.963,51.00405,0.614
16.965,51.00405,0.579
16.967,51.00405,0.596
16.969,51.00405,0.579
16.971,51.00405,0.594
16.973,51.00405,0.583
16.975,51.00405,0.565
16.977,51.00405,0.574
16.979,51.00405,0.556
16.981,51.00405,0.553
16.983,51.00405,0.55
16.985,51.00405,0.586
16.987,51.00405,0.54
16.989,51.00405,0.566
16.991,51.00405,0.61
16.993,51.00405,0.561
16.995,51.00405,0.578
16.997,51.00405,0.608
16.999,51.00405,0.626
17.001,51.00405,0.585
17.003,51.00405,0.575
17.005,51.00405,0.586
17.007,51.00405,0.576
17.009,51.00405,0.594
17.011,51.00405,0.578
17.013,51.00405,0.563
17.015,51.00405,0.583
17.017,51.00405,0.588
17.019,51.00405,0.592
17.021,51.00405,0.597
17.023,51.00405,0.6
17.025,51.00405,0.587
17.027,51.00405,0.589
17.029,51.00405,0.573
17.031,51.00405,0.563
17.033,51.00405,0.597
17.035,51.00405,0.619
17.037,51.00405,0.589
17.039,51.00405,0.619
17.041,51.00405,0.585
17.043,51.00405,0.582
17.045,51.00405,0.593
17.047,51.00405,0.591
17.049,51.00405,0.6
17.051,51.00405,0.622
17.053,51.00405,0.659
17.055,51.00405,0.609
17.057,51.00405,0.6
17.059,51.00405,0.618
17.061,51.00405,0.627
17.063,51.00405,0.638
17.065,51.00405,0.611
17.067,51.00405,0.587
17.069,51.00405,0.589
17.071,51.00405,0.59
17.073,51.00405,0.558
17.075,51.00405,0.602
17.077,51.00405,0.587
17.079,51.00405,0.552
17.081,51.00405,0.601
17.083,51.00405,0.566
17.085,51.00405,0.586
17.087,51.00405,0.604
17.089,51.00405,0.58
17.091,51.00405,0.603
17.093,51.00405,0.574
17.095,51.00405,0.591
17.097,51.00405,0.581
17.099,51.00405,0.586
17.101,51.00405,0.598
17.103,51.00405,0.549
17.105,51.00405,0.566
17.107,51.00405,0.533
17.109,51.00405,0.529
17.111,51.00405,0.497
17.113,51.00405,0.476
17.115,51.00405,0.534
17.117,51.00405,0.514
17.119,51.00405,0.488
17.121,51.00405,0.481
17.123,51.00405,0.497
17.125,51.00405,0.498
17.127,51.00405,0.481
17.129,51.00405,0.502
17.131,51.00405,0.518
17.133,51.00405,0.539
17.135,51.00405,0.524
17.137,51.00405,0.554
17.139,51.00405,0.569
17.141,51.00405,0.594
17.143,51.00405,0.589
17.145,51.00405,0.599
17.147,51.00405,0.6
17.149,51.00405,0.562
17.151,51.00405,0.556
17.153,51.00405,0.59
17.155,51.00405,0.535
17.157,51.00405,0.55
17.159,51.00405,0.582
17.161,51.00405,0.561
17.163,51.00405,0.545
17.165,51.00405,0.575
17.167,51.00405,0.521
17.169,51.00405,0.542
17.171,51.00405,0.574
17.173,51.00405,0.57
17.175,51.00405,0.544
17.177,51.00405,0.565
17.179,51.00405,0.581
17.181,51.00405,0.542
17.183,51.00405,0.545
17.185,51.00405,0.542
17.187,51.00405,0.556
17.189,51.00405,0.519
17.191,51.00405,0.484
17.193,51.00405,0.482
17.195,51.00405,0.483
17.197,51.00405,0.475
17.199,51.00405,0.469
17.201,51.00405,0.489
17.203,51.00405,0.434
17.205,51.00405,0.461
17.207,51.00405,0.478
17.209,51.00405,0.481
17.211,51.00405,0.468
17.213,51.00405,0.48
17.215,51.00405,0.465
17.217,51.00405,0.484
17.219,51.00405,0.48
17.221,51.00405,0.504
17.223,51.00405,0.485
17.225,51.00405,0.511
17.227,51.00405,0.51
17.229,51.00405,0.471
17.231,51.00405,0.523
17.233,51.00405,0.543
17.235,51.00405,0.537
17.237,51.00405,0.546
17.239,51.00405,0.555
17.241,51.00405,0.558
17.243,51.00405,0.551
17.245,51.00405,0.562
17.247,51.00405,0.541
17.249,51.00405,0.555
16.851,51.00275,0.677
16.853,51.00275,0.652
16.855,51.00275,0.66
16.857,51.00275,0.614
16.859,51.00275,0.639
16.861,51.00275,0.61
16.863,51.00275,0.587
16.865,51.00275,0.56
16.867,51.00275,0.615
16.869,51.00275,0.549
16.871,51.00275,0.532
16.873,51.00275,0.525
16.875,51.00275,0.477
16.877,51.00275,0.494
16.879,51.00275,0.424
16.881,51.00275,0.461
16.883,51.00275,0.432
16.885,51.00275,0.448
16.887,51.00275,0.413
16.889,51.00275,0.409
16.891,51.00275,0.42
16.893,51.00275,0.458
16.895,51.00275,0.429
16.897,51.00275,0.443
16.899,51.00275,0.419
16.901,51.00275,0.449
16.903,51.00275,0.444
16.905,51.00275,0.427
16.907,51.00275,0.405
16.909,51.00275,0.414
16.911,51.00275,0.416
16.913,51.00275,0.432
16.915,51.00275,0.404
16.917,51.00275,0.432
16.919,51.00275,0.445
16.921,51.00275,0.456
16.923,51.00275,0.478
16.925,51.00275,0.485
16.927,51.00275,0.475
16.929,51.00275,0.516
16.931,51.00275,0.517
16.933,51.00275,0.534
16.935,51.00275,0.562
16.937,51.00275,0.559
16.939,51.00275,0.59
16.941,51.00275,0.599
16.943,51.00275,0.602
16.945,51.00275,0.55
16.947,51.00275,0.6
16.949,51.00275,0.603
16.951,51.00275,0.623
16.953,51.00275,0.614
16.955,51.00275,0.631
16.957,51.00275,0.623
16.959,51.00275,0.588
16.961,51.00275,0.595
16.963,51.00275,0.609
16.965,51.00275,0.592
16.967,51.00275,0.61
16.969,51.00275,0.583
16.971,51.00275,0.568
16.973,51.00275,0.553
16.975,51.00275,0.567
16.977,51.00275,0.555
16.979,51.00275,0.557
16.981,51.00275,0.598
16.983,51.00275,0.583
16.985,51.00275,0.538
16.987,51.00275,0.552
16.989,51.00275,0.552
16.991,51.00275,0.562
16.993,51.00275,0.598
16.995,51.00275,0.58
16.997,51.00275,0.533
16.999,51.00275,0.592
17.001,51.00275,0.63
17.003,51.00275,0.59
17.005,51.00275,0.581
17.007,51.00275,0.568
17.009,51.00275,0.586
17.011,51.00275,0.61
17.013,51.00275,0.586
17.015,51.00275,0.572
17.017,51.00275,0.639
17.019,51.00275,0.591
17.021,51.00275,0.607
17.023,51.00275,0.574
17.025,51.00275,0.579
17.027,51.00275,0.581
17.029,51.00275,0.617
17.031,51.00275,0.587
17.033,51.00275,0.598
17.035,51.00275,0.583
17.037,51.00275,0.59
17.039,51.00275,0.623
17.041,51.00275,0.634
17.043,51.00275,0.608
17.045,51.00275,0.593
17.047,51.00275,0.624
17.049,51.00275,0.627
17.051,51.00275,0.593
17.053,51.00275,0.624
17.055,51.00275,0.658
17.057,51.00275,0.609
17.059,51.00275,0.613
17.061,51.00275,0.606
17.063,51.00275,0.59
17.065,51.00275,0.571
17.067,51.00275,0.605
17.069,51.00275,0.596
17.071,51.00275,0.55
17.073,51.00275,0.595
17.075,51.00275,0.575
17.077,51.00275,0.591
17.079,51.00275,0.586
17.081,51.00275,0.583
17.083,51.00275,0.592
17.085,51.00275,0.535
17.087,51.00275,0.578
17.089,51.00275,0.601
17.091,51.00275,0.591
17.093,51.00275,0.575
17.095,51.00275,0.597
17.097,51.00275,0.571
17.099,51.00275,0.578
17.101,51.00275,0.587
17.103,51.00275,0.533
17.105,51.00275,0.539
17.107,51.00275,0.515
17.109,51.00275,0.536
17.111,51.00275,0.505
17.113,51.00275,0.516
17.115,51.00275,0.487
17.117,51.00275,0.504
17.119,51.00275,0.478
17.121,51.00275,0.499
17.123,51.00275,0.496
17.125,51.00275,0.492
17.127,51.00275,0.519
17.129,51.00275,0.515
17.131,51.00275,0.54
17.133,51.00275,0.568
17.135,51.00275,0.534
17.137,51.00275,0.581
17.139,51.00275,0.575
17.141,51.00275,0.579
17.143,51.00275,0.581
17.145,51.00275,0.587
17.147,51.00275,0.575
17.149,51.00275,0.573
17.151,51.00275,0.567
17.153,51.00275,0.594
17.155,51.00275,0.537
17.157,51.00275,0.568
17.159,51.00275,0.554
17.161,51.00275,0.559
17.163,51.00275,0.533
17.165,51.00275,0.563
17.167,51.00275,0.527
17.169,51.00275,0.553
17.171,51.00275,0.575
17.173,51.00275,0.56
17.175,51.00275,0.532
17.177,51.00275,0.541
17.179,51.00275,0.582
17.181,51.00275,0.522
17.183,51.00275,0.534
17.185,51.00275,0.54
17.187,51.00275,0.534
17.189,51.00275,0.501
17.191,51.00275,0.514
17.193,51.00275,0.492
17.195,51.00275,0.498
17.197,51.00275,0.459
17.199,51.00275,0.499
17.201,51.00275,0.44
17.203,51.00275,0.42
17.205,51.00275,0.494
17.207,51.00275,0.478
17.209,51.00275,0.459
17.211,51.00275,0.493
17.213,51.00275,0.512
17.215,51.00275,0.474
17.217,51.00275,0.484
17.219,51.00275,0.505
17.221,51.00275,0.53
17.223,51.00275,0.515
17.225,51.00275,0.519
17.227,51.00275,0.528
17.229,51.00275,0.532
17.231,51.00275,0.541
17.233,51.00275,0.508
17.235,51.00275,0.589
17.237,51.00275,0.573
17.239,51.00275,0.594
17.241,51.00275,0.569
17.243,51.00275,0.557
17.245,51.00275,0.587
17.247,51.00275,0.585
17.249,51.00275,0.568
16.851,51.00145,0.647
16.853,51.00145,0.618
16.855,51.00145,0.656
16.857,51.00145,0.619
16.859,51.00145,0.615
16.861,51.00145,0.586
16.863,51.00145,0.537
16.865,51.00145,0.54
16.867,51.00145,0.55
16.869,51.00145,0.539
16.871,51.00145,0.514
16.873,51.00145,0.508
16.875,51.00145,0.486
16.877,51.00145,0.489
16.879,51.00145,0.472
16.881,51.00145,0.44
16.883,51.00145,0.45
16.885,51.00145,0.442
16.887,51.00145,0.383
16.889,51.00145,0.406
16.891,51.00145,0.385
16.893,51.00145,0.412
16.895,51.00145,0.423
16.897,51.00145,0.388
16.899,51.00145,0.401
16.901,51.00145,0.396
16.903,51.00145,0.421
16.905,51.00145,0.387
16.907,51.00145,0.439
16.909,51.00145,0.428
16.911,51.00145,0.43
16.913,51.00145,0.406
16.915,51.00145,0.442
16.917,51.00145,0.46
16.919,51.00145,0.473
16.921,51.00145,0.422
16.923,51.00145,0.476
16.925,51.00145,0.485
16.927,51.00145,0.491
16.929,51.00145,0.508
16.931,51.00145,0.509
16.933,51.00145,0.51
16.935,51.00145,0.576
16.937,51.00145,0.594
16.939,51.00145,0.602
16.941,51.00145,0.573
16.943,51.00145,0.579
16.945,51.00145,0.64
16.947,51.00145,0.565
16.949,51.00145,0.6
16.951,51.00145,0.635
16.953,51.00145,0.613
16.955,51.00145,0.571
16.957,51.00145,0.613
16.959,51.00145,0.586
16.961,51.00145,0.587
16.963,51.00145,0.58
16.965,51.00145,0.558
16.967,51.00145,0.566
16.969,51.00145,0.583
16.971,51.00145,0.559
16.973,51.00145,0.561
16.975,51.00145,0.583
16.977,51.00145,0.544
16.979,51.00145,0.583
16.981,51.00145,0.554
16.983,51.00145,0.489
16.985,51.00145,0.551
16.987,51.00145,0.545
16.989,51.00145,0.556
16.991,51.00145,0.542
16.993,51.00145,0.537
16.995,51.00145,0.578
16.997,51.00145,0.571
16.999,51.00145,0.574
17.001,51.00145,0.582
17.003,51.00145,0.571
17.005,51.00145,0.564
17.007,51.00145,0.577
17.009,51.00145,0.59
17.011,51.00145,0.61
17.013,51.00145,0.603
17.015,51.00145,0.602
17.017,51.00145,0.603
17.019,51.00145,0.584
17.021,51.00145,0.582
17.023,51.00145,0.579
17.025,51.00145,0.6
17.027,51.00145,0.615
17.029,51.00145,0.614
17.031,51.00145,0.604
17.033,51.00145,0.626
17.035,51.00145,0.589
17.037,51.00145,0.594
17.039,51.00145,0.588
17.041,51.00145,0.603
17.043,51.00145,0.624
17.045,51.00145,0.606
17.047,51.00145,0.615
17.049,51.00145,0.633
17.051,51.00145,0.596
17.053,51.00145,0.558
17.055,51.00145,0.571
17.057,51.00145,0.617
17.059,51.00145,0.539
17.061,51.00145,0.621
17.063,51.00145,0.574
17.065,51.00145,0.61
17.067,51.00145,0.589
17.069,51.00145,0.575
17.071,51.00145,0.598
17.073,51.00145,0.569
17.075,51.00145,0.602
17.077,51.00145,0.592
17.079,51.00145,0.571
17.081,51.00145,0.574
17.083,51.00145,0.58
17.085,51.00145,0.551
17.087,51.00145,0.578
17.089,51.00145,0.576
17.091,51.00145,0.576
17.093,51.00145,0.565
17.095,51.00145,0.57
17.097,51.00145,0.571
17.099,51.00145,0.533
17.101,51.00145,0.564
17.103,51.00145,0.582
17.105,51.00145,0.528
17.107,51.00145,0.56
17.109,51.00145,0.532
17.111,51.00145,0.494
17.113,51.00145,0.488
17.115,51.00145,0.489
17.117,51.00145,0.484
17.119,51.00145,0.506
17.121,51.00145,0.496
17.123,51.00145,0.478
17.125,51.00145,0.492
17.127,51.00145,0.529
17.129,51.00145,0.498
17.131,51.00145,0.565
17.133,51.00145,0.585
17.135,51.00145,0.576
17.137,51.00145,0.601
17.139,51.00145,0.601
17.141,51.00145,0.604
17.143,51.00145,0.609
17.145,51.00145,0.588
17.147,51.00145,0.595
17.149,51.00145,0.626
17.151,51.00145,0.54
17.153,51.00145,0.581
17.155,51.00145,0.584
17.157,51.00145,0.551
17.159,51.00145,0.537
17.161,51.00145,0.535
17.163,51.00145,0.567
17.165,51.00145,0.557
17.167,51.00145,0.532
17.169,51.00145,0.543
17.171,51.00145,0.548
17.173,51.00145,0.582
17.175,51.00145,0.545
17.177,51.00145,0.594
17.179,51.00145,0.561
17.181,51.00145,0.552
17.183,51.00145,0.529
17.185,51.00145,0.509
17.187,51.00145,0.514
17.189,51.00145,0.539
17.191,51.00145,0.496
17.193,51.00145,0.494
17.195,51.00145,0.455
17.197,51.00145,0.478
17.199,51.00145,0.494
17.201,51.00145,0.451
17.203,51.00145,0.434
17.205,51.00145,0.499
17.207,51.00145,0.47
17.209,51.00145,0.459
17.211,51.00145,0.483
17.213,51.00145,0.495
17.215,51.00145,0.482
17.217,51.00145,0.512
17.219,51.00145,0.523
17.221,51.00145,0.521
17.223,51.00145,0.535
17.225,51.00145,0.539
17.227,51.00145,0.557
17.229,51.00145,0.552
17.231,51.00145,0.554
17.233,51.00145,0.565
17.235,51.00145,0.522
17.237,51.00145,0.568
17.239,51.00145,0.585
17.241,51.00145,0.602
17.243,51.00145,0.63
17.245,51.00145,0.561
17.247,51.00145,0.587
17.249,51.00145,0.572
16.851,51.00015,0.647
16.853,51.00015,0.62
16.855,51.00015,0.635
16.857,51.00015,0.625
16.859,51.00015,0.633
16.861,51.00015,0.599
16.863,51.00015,0.571
16.865,51.00015,0.585
16.867,51.00015,0.552
16.869,51.00015,0.501
16.871,51.00015,0.52
16.873,51.00015,0.479
16.875,51.00015,0.445
16.877,51.00015,0.481
16.879,51.00015,0.465
16.881,51.00015,0.432
16.883,51.00015,0.427
16.885,51.00015,0.434
16.887,51.00015,0.428
16.889,51.00015,0.4
16.891,51.00015,0.394
16.893,51.00015,0.423
16.895,51.00015,0.396
16.897,51.00015,0.414
16.899,51.00015,0.377
16.901,51.00015,0.392
16.903,51.00015,0.405
16.905,51.00015,0.418
16.907,51.00015,0.445
16.909,51.00015,0.432
16.911,51.00015,0.431
16.913,51.00015,0.39
16.915,51.00015,0.441
16.917,51.00015,0.448
16.919,51.00015,0.486
16.921,51.00015,0.49
16.923,51.00015,0.488
16.925,51.00015,0.492
16.927,51.00015,0.505
16.929,51.00015,0.467
16.931,51.00015,0.532
16.933,51.00015,0.528
16.935,51.00015,0.545
16.937,51.00015,0.624
16.939,51.00015,0.585
16.941,51.00015,0.622
16.943,51.00015,0.589
16.945,51.00015,0.633
16.947,51.00015,0.627
16.949,51.00015,0.586
16.951,51.00015,0.666
16.953,51.00015,0.568
16.955,51.00015,0.611
16.957,51.00015,0.58
16.959,51.00015,0.563
16.961,51.00015,0.578
16.963,51.00015,0.607
16.965,51.00015,0.611
16.967,51.00015,0.579
16.969,51.00015,0.582
16.971,51.00015,0.546
16.973,51.00015,0.584
16.975,51.00015,0.523
16.977,51.00015,0.559
16.979,51.00015,0.546
16.981,51.00015,0.518
16.983,51.00015,0.499
16.985,51.00015,0.513
16.987,51.00015,0.554
16.989,51.00015,0.55
16.991,51.00015,0.542
16.993,51.00015,0.544
16.995,51.00015,0.573
16.997,51.00015,0.571
16.999,51.00015,0.567
17.001,51.00015,0.559
17.003,51.00015,0.575
17.005,51.00015,0.536
17.007,51.00015,0.544
17.009,51.00015,0.587
17.011,51.00015,0.586
17.013,51.00015,0.602
17.015,51.00015,0.607
17.017,51.00015,0.576
17.019,51.00015,0.6
17.021,51.00015,0.588
17.023,51.00015,0.589
17.025,51.00015,0.565
17.027,51.00015,0.593
17.029,51.00015,0.603
17.031,51.00015,0.593
17.033,51.00015,0.588
17.035,51.00015,0.596
17.037,51.00015,0.597
17.039,51.00015,0.587
17.041,51.00015,0.623
17.043,51.00015,0.617
17.045,51.00015,0.625
17.047,51.00015,0.592
17.049,51.00015,0.64
17.051,51.00015,0.606
17.053,51.00015,0.595
17.055,51.00015,0.607
17.057,51.00015,0.587
17.059,51.00015,0.613
17.061,51.00015,0.642
17.063,51.00015,0.572
17.065,51.00015,0.571
17.067,51.00015,0.582
17.069,51.00015,0.581
17.071,51.00015,0.57
17.073,51.00015,0.565
17.075,51.00015,0.555
17.077,51.00015,0.602
17.079,51.00015,0.568
17.081,51.00015,0.557
17.083,51.00015,0.56
17.085,51.00015,0.587
17.087,51.00015,0.6
17.089,51.00015,0.59
17.091,51.00015,0.574
17.093,51.00015,0.595
17.095,51.00015,0.559
17.097,51.00015,0.571
17.099,51.00015,0.56
17.101,51.00015,0.553
17.103,51.00015,0.563
17.105,51.00015,0.507
17.107,51.00015,0.5
17.109,51.00015,0.497
17.111,51.00015,0.515
17.113,51.00015,0.481
17.115,51.00015,0.497
17.117,51.00015,0.474
17.119,51.00015,0.511
17.121,51.00015,0.49
17.123,51.00015,0.482
17.125,51.00015,0.535
17.127,51.00015,0.522
17.129,51.00015,0.553
17.131,51.00015,0.601
17.133,51.00015,0.61
17.135,51.00015,0.591
17.137,51.00015,0.606
17.139,51.00015,0.591
17.141,51.00015,0.615
17.143,51.00015,0.604
17.145,51.00015,0.582
17.147,51.00015,0.59
17.149,51.00015,0.609
17.151,51.00015,0.606
17.153,51.00015,0.571
17.155,51.00015,0.581
17.157,51.00015,0.552
17.159,51.00015,0.565
17.161,51.00015,0.561
17.163,51.00015,0.54
17.165,51.00015,0.541
17.167,51.00015,0.534
17.169,51.00015,0.601
17.171,51.00015,0.571
17.173,51.00015,0.547
17.175,51.00015,0.542
17.177,51.00015,0.524
17.179,51.00015,0.569
17.181,51.00015,0.571
17.183,51.00015,0.51
17.185,51.00015,0.554
17.187,51.00015,0.549
17.189,51.00015,0.502
17.191,51.00015,0.504
17.193,51.00015,0.469
17.195,51.00015,0.456
17.197,51.00015,0.469
17.199,51.00015,0.437
17.201,51.00015,0.467
17.203,51.00015,0.465
17.205,51.00015,0.537
17.207,51.00015,0.458
17.209,51.00015,0.488
17.211,51.00015,0.474
17.213,51.00015,0.525
17.215,51.00015,0.505
17.217,51.00015,0.482
17.219,51.00015,0.52
17.221,51.00015,0.523
17.223,51.00015,0.547
17.225,51.00015,0.55
17.227,51.00015,0.53
17.229,51.00015,0.533
17.231,51.00015,0.52
17.233,51.00015,0.581
17.235,51.00015,0.567
17.237,51.00015,0.552
17.239,51.00015,0.574
17.241,51.00015,0.604
17.243,51.00015,0.604
17.245,51.00015,0.575
17.247,51.00015,0.603
17.249,51.00015,0.597
16.851,50.99885,0.647
16.853,50.99885,0.63
16.855,50.99885,0.617
16.857,50.99885,0.63
16.859,50.99885,0.613
16.861,50.99885,0.623
16.863,50.99885,0.618
16.865,50.99885,0.579
16.867,50.99885,0.509
16.869,50.99885,0.518
16.871,50.99885,0.531
16.873,50.99885,0.499
16.875,50.99885,0.452
16.877,50.99885,0.446
16.879,50.99885,0.476
16.881,50.99885,0.409
16.883,50.99885,0.423
16.885,50.99885,0.438
16.887,50.99885,0.373
16.889,50.99885,0.387
16.891,50.99885,0.416
16.893,50.99885,0.373
16.895,50.99885,0.357
16.897,50.99885,0.363
16.899,50.99885,0.394
16.901,50.99885,0.379
16.903,50.99885,0.383
16.905,50.99885,0.382
16.907,50.99885,0.408
16.909,50.99885,0.46
16.911,50.99885,0.376
16.913,50.99885,0.426
16.915,50.99885,0.462
16.917,50.99885,0.453
16.919,50.99885,0.434
16.921,50.99885,0.468
16.923,50.99885,0.453
16.925,50.99885,0.492
16.927,50.99885,0.54
16.929,50.99885,0.498
16.931,50.99885,0.517
16.933,50.99885,0.535
16.935,50.99885,0.536
16.937,50.99885,0.564
16.939,50.99885,0.55
16.941,50.99885,0.6
16.943,50.99885,0.579
16.945,50.99885,0.588
16.947,50.99885,0.57
16.949,50.99885,0.603
16.951,50.99885,0.596
16.953,50.99885,0.581
16.955,50.99885,0.594
16.957,50.99885,0.583
16.959,50.99885,0.596
16.961,50.99885,0.547
16.963,50.99885,0.563
16.965,50.99885,0.583
16.967,50.99885,0.525
16.969,50.99885,0.569
16.971,50.99885,0.551
16.973,50.99885,0.53
16.975,50.99885,0.545
16.977,50.99885,0.538
16.979,50.99885,0.532
16.981,50.99885,0.552
16.983,50.99885,0.526
16.985,50.99885,0.553
16.987,50.99885,0.513
16.989,50.99885,0.528
16.991,50.99885,0.538
16.993,50.99885,0.534
16.995,50.99885,0.58
16.997,50.99885,0.516
16.999,50.99885,0.559
17.001,50.99885,0.556
17.003,50.99885,0.538
17.005,50.99885,0.579
17.007,50.99885,0.575
17.009,50.99885,0.572
17.011,50.99885,0.55
17.013,50.99885,0.564
17.015,50.99885,0.624
17.017,50.99885,0.565
17.019,50.99885,0.635
17.021,50.99885,0.538
17.023,50.99885,0.59
17.025,50.99885,0.585
17.027,50.99885,0.589
17.029,50.99885,0.568
17.031,50.99885,0.583
17.033,50.99885,0.586
17.035,50.99885,0.643
17.037,50.99885,0.579
17.039,50.99885,0.625
17.041,50.99885,0.575
17.043,50.99885,0.599
17.045,50.99885,0.569
17.047,50.99885,0.585
17.049,50.99885,0.585
17.051,50.99885,0.583
17.053,50.99885,0.573
17.055,50.99885,0.577
17.057,50.99885,0.599
17.059,50.99885,0.566
17.061,50.99885,0.577
17.063,50.99885,0.583
17.065,50.99885,0.649
17.067,50.99885,0.597
17.069,50.99885,0.6
17.071,50.99885,0.573
17.073,50.99885,0.601
17.075,50.99885,0.598
17.077,50.99885,0.598
17.079,50.99885,0.582
17.081,50.99885,0.614
17.083,50.99885,0.58
17.085,50.99885,0.573
17.087,50.99885,0.58
17.089,50.99885,0.58
17.091,50.99885,0.571
17.093,50.99885,0.589
17.095,50.99885,0.539
17.097,50.99885,0.522
17.099,50.99885,0.538
17.101,50.99885,0.53
17.103,50.99885,0.548
17.105,50.99885,0.52
17.107,50.99885,0.517
17.109,50.99885,0.516
17.111,50.99885,0.485
17.113,50.99885,0.46
17.115,50.99885,0.491
17.117,50.99885,0.502
17.119,50.99885,0.469
17.121,50.99885,0.481
17.123,50.99885,0.543
17.125,50.99885,0.482
17.127,50.99885,0.535
17.129,50.99885,0.554
17.131,50.99885,0.58
17.133,50.99885,0.614
17.135,50.99885,0.58
17.137,50.99885,0.627
17.139,50.99885,0.592
17.141,50.99885,0.601
17.143,50.99885,0.588
17.145,50.99885,0.607
17.147,50.99885,0.598
17.149,50.99885,0.591
17.151,50.99885,0.591
17.153,50.99885,0.551
17.155,50.99885,0.584
17.157,50.99885,0.553
17.159,50.99885,0.566
17.161,50.99885,0.573
17.163,50.99885,0.509
17.165,50.99885,0.508
17.167,50.99885,0.5
17.169,50.99885,0.54
17.171,50.99885,0.549
17.173,50.99885,0.554
17.175,50.99885,0.579
17.177,50.99885,0.568
17.179,50.99885,0.533
17.181,50.99885,0.553
17.183,50.99885,0.55
17.185,50.99885,0.562
17.187,50.99885,0.566
17.189,50.99885,0.512
17.191,50.99885,0.512
17.193,50.99885,0.525
17.195,50.99885,0.47
17.197,50.99885,0.482
17.199,50.99885,0.483
17.201,50.99885,0.507
17.203,50.99885,0.44
17.205,50.99885,0.509
17.207,50.99885,0.52
17.209,50.99885,0.473
17.211,50.99885,0.477
17.213,50.99885,0.516
17.215,50.99885,0.516
17.217,50.99885,0.473
17.219,50.99885,0.485
17.221,50.99885,0.571
17.223,50.99885,0.537
17.225,50.99885,0.565
17.227,50.99885,0.533
17.229,50.99885,0.558
17.231,50.99885,0.57
17.233,50.99885,0.556
17.235,50.99885,0.605
17.237,50.99885,0.567
17.239,50.99885,0.554
17.241,50.99885,0.591
17.243,50.99885,0.533
17.245,50.99885,0.559
17.247,50.99885,0.558
17.249,50.99885,0.547
16.851,50.99755,0.629
16.853,50.99755,0.641
16.855,50.99755,0.604
16.857,50.99755,0.631
16.859,50.99755,0.596
16.861,50.99755,0.578
16.863,50.99755,0.589
16.865,50.99755,0.571
16.867,50.99755,0.539
16.869,50.99755,0.517
16.871,50.99755,0.473
16.873,50.99755,0.511
16.875,50.99755,0.468
16.877,50.99755,0.445
16.879,50.99755,0.455
16.881,50.99755,0.429
16.883,50.99755,0.433
16.885,50.99755,0.396
16.887,50.99755,0.378
16.889,50.99755,0.385
16.891,50.99755,0.374
16.893,50.99755,0.36
16.895,50.99755,0.413
16.897,50.99755,0.387
16.899,50.99755,0.357
16.901,50.99755,0.404
16.903,50.99755,0.4
16.905,50.99755,0.363
16.907,50.99755,0.428
16.909,50.99755,0.435
16.911,50.99755,0.453
16.913,50.99755,0.409
16.915,50.99755,0.486
16.917,50.99755,0.488
16.919,50.99755,0.476
16.921,50.99755,0.467
16.923,50.99755,0.493
16.925,50.99755,0.528
16.927,50.99755,0.522
16.929,50.99755,0.565
16.931,50.99755,0.511
16.933,50.99755,0.559
16.935,50.99755,0.558
16.937,50.99755,0.595
16.939,50.99755,0.587
16.941,50.99755,0.619
16.943,50.99755,0.605
16.945,50.99755,0.596
16.947,50.99755,0.624
16.949,50.99755,0.6
16.951,50.99755,0.62
16.953,50.99755,0.558
16.955,50.99755,0.577
16.957,50.99755,0.562
16.959,50.99755,0.556
16.961,50.99755,0.572
16.963,50.99755,0.554
16.965,50.99755,0.607
16.967,50.99755,0.539
16.969,50.99755,0.527
16.971,50.99755,0.534
16.973,50.99755,0.534
16.975,50.99755,0.554
16.977,50.99755,0.561
16.979,50.99755,0.533
16.981,50.99755,0.495
16.983,50.99755,0.524
16.985,50.99755,0.515
16.987,50.99755,0.547
16.989,50.99755,0.54
16.991,50.99755,0.545
16.993,50.99755,0.522
16.995,50.99755,0.566
16.997,50.99755,0.532
16.999,50.99755,0.558
17.001,50.99755,0.527
17.003,50.99755,0.572
17.005,50.99755,0.57
17.007,50.99755,0.577
17.009,50.99755,0.558
17.011,50.99755,0.588
17.013,50.99755,0.562
17.015,50.99755,0.548
17.017,50.99755,0.558
17.019,50.99755,0.586
17.021,50.99755,0.592
17.023,50.99755,0.568
17.025,50.99755,0.592
17.027,50.99755,0.569
17.029,50.99755,0.594
17.031,50.99755,0.592
17.033,50.99755,0.563
17.035,50.99755,0.578
17.037,50.99755,0.571
17.039,50.99755,0.58
17.041,50.99755,0.578
17.043,50.99755,0.59
17.045,50.99755,0.576
17.047,50.99755,0.609
17.049,50.99755,0.571
17.051,50.99755,0.542
17.053,50.99755,0.584
17.055,50.99755,0.551
17.057,50.99755,0.582
17.059,50.99755,0.571
17.061,50.99755,0.538
17.063,50.99755,0.548
17.065,50.99755,0.574
17.067,50.99755,0.602
17.069,50.99755,0.61
17.071,50.99755,0.64
17.073,50.99755,0.575
17.075,50.99755,0.571
17.077,50.99755,0.586
17.079,50.99755,0.589
17.081,50.99755,0.604
17.083,50.99755,0.592
17.085,50.99755,0.603
17.087,50.99755,0.576
17.089,50.99755,0.584
17.091,50.99755,0.579
17.093,50.99755,0.566
17.095,50.99755,0.552
17.097,50.99755,0.53
17.099,50.99755,0.518
17.101,50.99755,0.527
17.103,50.99755,0.505
17.105,50.99755,0.501
17.107,50.99755,0.479
17.109,50.99755,0.47
17.111,50.99755,0.495
17.113,50.99755,0.495
17.115,50.99755,0.452
17.117,50.99755,0.5
17.119,50.99755,0.509
17.121,50.99755,0.506
17.123,50.99755,0.522
17.125,50.99755,0.536
17.127,50.99755,0.568
17.129,50.99755,0.574
17.131,50.99755,0.56
17.133,50.99755,0.551
17.135,50.99755,0.616
17.137,50.99755,0.596
17.139,50.99755,0.598
17.141,50.99755,0.63
17.143,50.99755,0.632
17.145,50.99755,0.596
17.147,50.99755,0.576
17.149,50.99755,0.622
17.151,50.99755,0.564
17.153,50.99755,0.558
17.155,50.99755,0.566
17.157,50.99755,0.519
17.159,50.99755,0.557
17.161,50.99755,0.581
17.163,50.99755,0.542
17.165,50.99755,0.551
17.167,50.99755,0.538
17.169,50.99755,0.546
17.171,50.99755,0.548
17.173,50.99755,0.581
17.175,50.99755,0.556
17.177,50.99755,0.554
17.179,50.99755,0.523
17.181,50.99755,0.514
17.183,50.99755,0.539
17.185,50.99755,0.546
17.187,50.99755,0.524
17.189,50.99755,0.518
17.191,50.99755,0.542
17.193,50.99755,0.518
17.195,50.99755,0.465
17.197,50.99755,0.489
17.199,50.99755,0.497
17.201,50.99755,0.501
17.203,50.99755,0.486
17.205,50.99755,0.472
17.207,50.99755,0.47
17.209,50.99755,0.497
17.211,50.99755,0.47
17.213,50.99755,0.513
17.215,50.99755,0.51
17.217,50.99755,0.497
17.219,50.99755,0.486
17.221,50.99755,0.547
17.223,50.99755,0.575
17.225,50.99755,0.563
17.227,50.99755,0.542
17.229,50.99755,0.571
17.231,50.99755,0.537
17.233,50.99755,0.561
17.235,50.99755,0.581
17.237,50.99755,0.514
17.239,50.99755,0.537
17.241,50.99755,0.524
17.243,50.99755,0.568
17.245,50.99755,0.594
17.247,50.99755,0.564
17.249,50.99755,0.612
16.851,50.99625,0.644
16.853,50.99625,0.618
16.855,50.99625,0.593
16.857,50.99625,0.614
16.859,50.99625,0.586
16.861,50.99625,0.609
16.863,50.99625,0.539
16.865,50.99625,0.607
16.867,50.99625,0.545
16.869,50.99625,0.494
16.871,50.99625,0.475
16.873,50.99625,0.496
16.875,50.99625,0.453
16.877,50.99625,0.454
16.879,50.99625,0.44
16.881,50.99625,0.426
16.883,50.99625,0.4
16.885,50.99625,0.417
16.887,50.99625,0.379
16.889,50.99625,0.396
16.891,50.99625,0.415
16.893,50.99625,0.334
16.895,50.99625,0.33
16.897,50.99625,0.384
16.899,50.99625,0.407
16.901,50.99625,0.392
16.903,50.99625,0.351
16.905,50.99625,0.377
16.907,50.99625,0.372
16.909,50.99625,0.389
16.911,50.99625,0.454
16.913,50.99625,0.466
16.915,50.99625,0.438
16.917,50.99625,0.427
16.919,50.99625,0.457
16.921,50.99625,0.451
16.923,50.99625,0.512
16.925,50.99625,0.495
16.927,50.99625,0.545
16.929,50.99625,0.516
16.931,50.99625,0.541
16.933,50.99625,0.574
16.935,50.99625,0.561
16.937,50.99625,0.569
16.939,50.99625,0.561
16.941,50.99625,0.579
16.943,50.99625,0.59
16.945,50.99625,0.559
16.947,50.99625,0.573
16.949,50.99625,0.576
16.951,50.99625,0.591
16.953,50.99625,0.584
16.955,50.99625,0.586
16.957,50.99625,0.573
16.959,50.99625,0.545
16.961,50.99625,0.576
16.963,50.99625,0.542
16.965,50.99625,0.532
16.967,50.99625,0.559
16.969,50.99625,0.583
16.971,50.99625,0.544
16.973,50.99625,0.511
16.975,50.99625,0.536
16.977,50.99625,0.52
16.979,50.99625,0.493
16.981,50.99625,0.541
16.983,50.99625,0.536
16.985,50.99625,0.537
16.987,50.99625,0.537
16.989,50.99625,0.584
16.991,50.99625,0.537
16.993,50.99625,0.531
16.995,50.99625,0.542
16.997,50.99625,0.577
16.999,50.99625,0.566
17.001,50.99625,0.52
17.003,50.99625,0.54
17.005,50.99625,0.535
17.007,50.99625,0.59
17.009,50.99625,0.55
17.011,50.99625,0.541
17.013,50.99625,0.579
17.015,50.99625,0.612
17.017,50.99625,0.568
17.019,50.99625,0.546
17.021,50.99625,0.574
17.023,50.99625,0.56
17.025,50.99625,0.567
17.027,50.99625,0.558
17.029,50.99625,0.572
17.031,50.99625,0.57
17.033,50.99625,0.591
17.035,50.99625,0.58
17.037,50.99625,0.571
17.039,50.99625,0.553
17.041,50.99625,0.578
17.043,50.99625,0.596
17.045,50.99625,0.562
17.047,50.99625,0.594
17.049,50.99625,0.563
17.051,50.99625,0.561
17.053,50.99625,0.53
17.055,50.99625,0.574
17.057,50.99625,0.554
17.059,50.99625,0.577
17.061,50.99625,0.531
17.063,50.99625,0.554
17.065,50.99625,0.542
17.067,50.99625,0.573
17.069,50.99625,0.565
17.071,50.99625,0.593
17.073,50.99625,0.593
17.075,50.99625,0.581
17.077,50.99625,0.569
17.079,50.99625,0.607
17.081,50.99625,0.586
17.083,50.99625,0.6
17.085,50.99625,0.578
17.087,50.99625,0.613
17.089,50.99625,0.581
17.091,50.99625,0.549
17.093,50.99625,0.542
17.095,50.99625,0.543
17.097,50.99625,0.504
17.099,50.99625,0.547
17.101,50.99625,0.486
17.103,50.99625,0.48
17.105,50.99625,0.517
17.107,50.99625,0.511
17.109,50.99625,0.486
17.111,50.99625,0.485
17.113,50.99625,0.466
17.115,50.99625,0.517
17.117,50.99625,0.476
17.119,50.99625,0.484
17.121,50.99625,0.478
17.123,50.99625,0.512
17.125,50.99625,0.518
17.127,50.99625,0.548
17.129,50.99625,0.568
17.131,50.99625,0.559
17.133,50.99625,0.599
17.135,50.99625,0.588
17.137,50.99625,0.568
17.139,50.99625,0.624
17.141,50.99625,0.614
17.143,50.99625,0.599
17.145,50.99625,0.604
17.147,50.99625,0.599
17.149,50.99625,0.568
17.151,50.99625,0.623
17.153,50.99625,0.587
17.155,50.99625,0.541
17.157,50.99625,0.563
17.159,50.99625,0.545
17.161,50.99625,0.572
17.163,50.99625,0.56
17.165,50.99625,0.524
17.167,50.99625,0.565
17.169,50.99625,0.578
17.171,50.99625,0.528
17.173,50.99625,0.56
17.175,50.99625,0.582
17.177,50.99625,0.539
17.179,50.99625,0.528
17.181,50.99625,0.554
17.183,50.99625,0.554
17.185,50.99625,0.528
17.187,50.99625,0.508
17.189,50.99625,0.49
17.191,50.99625,0.495
17.193,50.99625,0.508
17.195,50.99625,0.475
17.197,50.99625,0.53
17.199,50.99625,0.508
17.201,50.99625,0.46
17.203,50.99625,0.49
17.205,50.99625,0.495
17.207,50.99625,0.507
17.209,50.99625,0.526
17.211,50.99625,0.509
17.213,50.99625,0.478
17.215,50.99625,0.551
17.217,50.99625,0.552
17.219,50.99625,0.509
17.221,50.99625,0.521
17.223,50.99625,0.516
17.225,50.99625,0.567
17.227,50.99625,0.564
17.229,50.99625,0.588
17.231,50.99625,0.539
17.233,50.99625,0.535
17.235,50.99625,0.565
17.237,50.99625,0.551
17.239,50.99625,0.557
17.241,50.99625,0.546
17.243,50.99625,0.536
17.245,50.99625,0.529
17.247,50.99625,0.549
17.249,50.99625,0.578
16.851,50.99495,0.621
16.853,50.99495,0.606
16.855,50.99495,0.621
16.857,50.99495,0.596
16.859,50.99495,0.598
16.861,50.99495,0.595
16.863,50.99495,0.579
16.865,50.99495,0.53
16.867,50.99495,0.565
16.869,50.99495,0.513
16.871,50.99495,0.527
16.873,50.99495,0.495
16.875,50.99495,0.495
16.877,50.99495,0.513
16.879,50.99495,0.464
16.881,50.99495,0.422
16.883,50.99495,0.399
16.885,50.99495,0.396
16.887,50.99495,0.408
16.889,50.99495,0.391
16.891,50.99495,0.394
16.893,50.99495,0.432
16.895,50.99495,0.369
16.897,50.99495,0.393
16.899,50.99495,0.368
16.901,50.99495,0.389
16.903,50.99495,0.396
16.905,50.99495,0.394
16.907,50.99495,0.389
16.909,50.99495,0.413
16.911,50.99495,0.441
16.913,50.99495,0.404
16.915,50.99495,0.407
16.917,50.99495,0.469
16.919,50.99495,0.472
16.921,50.99495,0.474
16.923,50.99495,0.476
16.925,50.99495,0.483
16.927,50.99495,0.533
16.929,50.99495,0.514
16.931,50.99495,0.509
16.933,50.99495,0.507
16.935,50.99495,0.534
16.937,50.99495,0.556
16.939,50.99495,0.559
16.941,50.99495,0.575
16.943,50.99495,0.563
16.945,50.99495,0.559
16.947,50.99495,0.56
16.949,50.99495,0.571
16.951,50.99495,0.533
16.953,50.99495,0.549
16.955,50.99495,0.536
16.957,50.99495,0.549
16.959,50.99495,0.56
16.961,50.99495,0.533
16.963,50.99495,0.562
16.965,50.99495,0.545
16.967,50.99495,0.55
16.969,50.99495,0.513
16.971,50.99495,0.507
16.973,50.99495,0.518
16.975,50.99495,0.552
16.977,50.99495,0.524
16.979,50.99495,0.505
16.981,50.99495,0.56
16.983,50.99495,0.533
16.985,50.99495,0.576
16.987,50.99495,0.53
16.989,50.99495,0.528
16.991,50.99495,0.558
16.993,50.99495,0.564
16.995,50.99495,0.544
16.997,50.99495,0.524
16.999,50.99495,0.551
17.001,50.99495,0.553
17.003,50.99495,0.528
17.005,50.99495,0.555
17.007,50.99495,0.576
17.009,50.99495,0.561
17.011,50.99495,0.579
17.013,50.99495,0.568
17.015,50.99495,0.522
17.017,50.99495,0.586
17.019,50.99495,0.573
17.021,50.99495,0.565
17.023,50.99495,0.524
17.025,50.99495,0.545
17.027,50.99495,0.561
17.029,50.99495,0.559
17.031,50.99495,0.588
17.033,50.99495,0.577
17.035,50.99495,0.602
17.037,50.99495,0.591
17.039,50.99495,0.583
17.041,50.99495,0.581
17.043,50.99495,0.574
17.045,50.99495,0.584
17.047,50.99495,0.532
17.049,50.99495,0.576
17.051,50.99495,0.526
17.053,50.99495,0.558
17.055,50.99495,0.547
17.057,50.99495,0.57
17.059,50.99495,0.516
17.061,50.99495,0.553
17.063,50.99495,0.566
17.065,50.99495,0.553
17.067,50.99495,0.581
17.069,50.99495,0.576
17.071,50.99495,0.602
17.073,50.99495,0.602
17.075,50.99495,0.595
17.077,50.99495,0.601
17.079,50.99495,0.593
17.081,50.99495,0.606
17.083,50.99495,0.644
17.085,50.99495,0.606
17.087,50.99495,0.583
17.089,50.99495,0.566
17.091,50.99495,0.587
17.093,50.99495,0.569
17.095,50.99495,0.573
17.097,50.99495,0.505
17.099,50.99495,0.507
17.101,50.99495,0.488
17.103,50.99495,0.475
17.105,50.99495,0.473
17.107,50.99495,0.468
17.109,50.99495,0.456
17.111,50.99495,0.461
17.113,50.99495,0.501
17.115,50.99495,0.491
17.117,50.99495,0.494
17.119,50.99495,0.481
17.121,50.99495,0.496
17.123,50.99495,0.513
17.125,50.99495,0.535
17.127,50.99495,0.556
17.129,50.99495,0.579
17.131,50.99495,0.567
17.133,50.99495,0.577
17.135,50.99495,0.554
17.137,50.99495,0.608
17.139,50.99495,0.601
17.141,50.99495,0.619
17.143,50.99495,0.638
17.145,50.99495,0.599
17.147,50.99495,0.568
17.149,50.99495,0.579
17.151,50.99495,0.566
17.153,50.99495,0.554
17.155,50.99495,0.582
17.157,50.99495,0.565
17.159,50.99495,0.54
17.161,50.99495,0.538
17.163,50.99495,0.529
17.165,50.99495,0.544
17.167,50.99495,0.533
17.169,50.99495,0.56
17.171,50.99495,0.56
17.173,50.99495,0.574
17.175,50.99495,0.532
17.177,50.99495,0.554
17.179,50.99495,0.576
17.181,50.99495,0.532
17.183,50.99495,0.544
17.185,50.99495,0.544
17.187,50.99495,0.55
17.189,50.99495,0.524
17.191,50.99495,0.514
17.193,50.99495,0.547
17.195,50.99495,0.497
17.197,50.99495,0.484
17.199,50.99495,0.489
17.201,50.99495,0.498
17.203,50.99495,0.504
17.205,50.99495,0.518
17.207,50.99495,0.497
17.209,50.99495,0.523
17.211,50.99495,0.534
17.213,50.99495,0.525
17.215,50.99495,0.534
17.217,50.99495,0.555
17.219,50.99495,0.547
17.221,50.99495,0.583
17.223,50.99495,0.542
17.225,50.99495,0.568
17.227,50.99495,0.565
17.229,50.99495,0.562
17.231,50.99495,0.567
17.233,50.99495,0.58
17.235,50.99495,0.559
17.237,50.99495,0.563
17.239,50.99495,0.548
17.241,50.99495,0.557
17.243,50.99495,0.561
17.245,50.99495,0.53
17.247,50.99495,0.533
17.249,50.99495,0.543
16.851,50.99365,0.606
16.853,50.99365,0.606
16.855,50.99365,0.602
16.857,50.99365,0.621
16.859,50.99365,0.592
16.861,50.99365,0.568
16.863,50.99365,0.559
16.865,50.99365,0.519
16.867,50.99365,0.547
16.869,50.99365,0.542
16.871,50.99365,0.543
16.873,50.99365,0.496
16.875,50.99365,0.492
16.877,50.99365,0.45
16.879,50.99365,0.47
16.881,50.99365,0.435
16.883,50.99365,0.44
16.885,50.99365,0.431
16.887,50.99365,0.405
16.889,50.99365,0.412
16.891,50.99365,0.405
16.893,50.99365,0.366
16.895,50.99365,0.371
16.897,50.99365,0.368
16.899,50.99365,0.398
16.901,50.99365,0.38
16.903,50.99365,0.346
16.905,50.99365,0.391
16.907,50.99365,0.398
16.909,50.99365,0.432
16.911,50.99365,0.437
16.913,50.99365,0.48
16.915,50.99365,0.426
16.917,50.99365,0.525
16.919,50.99365,0.497
16.921,50.99365,0.475
16.923,50.99365,0.498
16.925,50.99365,0.518
16.927,50.99365,0.527
16.929,50.99365,0.511
16.931,50.99365,0.543
16.933,50.99365,0.561
16.935,50.99365,0.527
16.937,50.99365,0.544
16.939,50.99365,0.558
16.941,50.99365,0.559
16.943,50.99365,0.544
16.945,50.99365,0.548
16.947,50.99365,0.525
16.949,50.99365,0.546
16.951,50.99365,0.522
16.953,50.99365,0.524
16.955,50.99365,0.524
16.957,50.99365,0.517
16.959,50.99365,0.531
16.961,50.99365,0.538
16.963,50.99365,0.528
16.965,50.99365,0.531
16.967,50.99365,0.524
16.969,50.99365,0.506
16.971,50.99365,0.554
16.973,50.99365,0.556
16.975,50.99365,0.547
16.977,50.99365,0.528
16.979,50.99365,0.518
16.981,50.99365,0.506
16.983,50.99365,0.533
16.985,50.99365,0.529
16.987,50.99365,0.525
16.989,50.99365,0.525
16.991,50.99365,0.516
16.993,50.99365,0.605
16.995,50.99365,0.505
16.997,50.99365,0.57
16.999,50.99365,0.529
17.001,50.99365,0.556
17.003,50.99365,0.515
17.005,50.99365,0.535
17.007,50.99365,0.55
17.009,50.99365,0.56
17.011,50.99365,0.556
17.013,50.99365,0.529
17.015,50.99365,0.536
17.017,50.99365,0.564
17.019,50.99365,0.549
17.021,50.99365,0.546
17.023,50.99365,0.563
17.025,50.99365,0.583
17.027,50.99365,0.58
17.029,50.99365,0.542
17.031,50.99365,0.559
17.033,50.99365,0.58
17.035,50.99365,0.572
17.037,50.99365,0.566
17.039,50.99365,0.559
17.041,50.99365,0.549
17.043,50.99365,0.557
17.045,50.99365,0.559
17.047,50.99365,0.567
17.049,50.99365,0.561
17.051,50.99365,0.546
17.053,50.99365,0.506
17.055,50.99365,0.561
17.057,50.99365,0.509
17.059,50.99365,0.534
17.061,50.99365,0.534
17.063,50.99365,0.603
17.065,50.99365,0.54
17.067,50.99365,0.575
17.069,50.99365,0.573
17.071,50.99365,0.581
17.073,50.99365,0.56
17.075,50.99365,0.609
17.077,50.99365,0.596
17.079,50.99365,0.612
17.081,50.99365,0.613
17.083,50.99365,0.582
17.085,50.99365,0.61
17.087,50.99365,0.588
17.089,50.99365,0.565
17.091,50.99365,0.527
17.093,50.99365,0.54
17.095,50.99365,0.513
17.097,50.99365,0.485
17.099,50.99365,0.495
17.101,50.99365,0.507
17.103,50.99365,0.464
17.105,50.99365,0.459
17.107,50.99365,0.478
17.109,50.99365,0.488
17.111,50.99365,0.464
17.113,50.99365,0.499
17.115,50.99365,0.507
17.117,50.99365,0.469
17.119,50.99365,0.464
17.121,50.99365,0.469
17.123,50.99365,0.532
17.125,50.99365,0.555
17.127,50.99365,0.575
17.129,50.99365,0.544
17.131,50.99365,0.571
17.133,50.99365,0.574
17.135,50.99365,0.616
17.137,50.99365,0.634
17.139,50.99365,0.633
17.141,50.99365,0.576
17.143,50.99365,0.546
17.145,50.99365,0.591
17.147,50.99365,0.606
17.149,50.99365,0.574
17.151,50.99365,0.6
17.153,50.99365,0.534
17.155,50.99365,0.521
17.157,50.99365,0.539
17.159,50.99365,0.519
17.161,50.99365,0.524
17.163,50.99365,0.518
17.165,50.99365,0.514
17.167,50.99365,0.531
17.169,50.99365,0.518
17.171,50.99365,0.517
17.173,50.99365,0.543
17.175,50.99365,0.526
17.177,50.99365,0.575
17.179,50.99365,0.521
17.181,50.99365,0.508
17.183,50.99365,0.554
17.185,50.99365,0.58
17.187,50.99365,0.537
17.189,50.99365,0.52
17.191,50.99365,0.496
17.193,50.99365,0.511
17.195,50.99365,0.483
17.197,50.99365,0.484
17.199,50.99365,0.5
17.201,50.99365,0.495
17.203,50.99365,0.503
17.205,50.99365,0.505
17.207,50.99365,0.504
17.209,50.99365,0.504
17.211,50.99365,0.499
17.213,50.99365,0.551
17.215,50.99365,0.562
17.217,50.99365,0.564
17.219,50.99365,0.526
17.221,50.99365,0.579
17.223,50.99365,0.555
17.225,50.99365,0.591
17.227,50.99365,0.585
17.229,50.99365,0.6
17.231,50.99365,0.577
17.233,50.99365,0.589
17.235,50.99365,0.551
17.237,50.99365,0.551
17.239,50.99365,0.549
17.241,50.99365,0.538
17.243,50.99365,0.531
17.245,50.99365,0.535
17.247,50.99365,0.564
17.249,50.99365,0.509
16.851,50.99235,0.615
16.853,50.99235,0.606
16.855,50.99235,0.635
16.857,50.99235,0.597
16.859,50.99235,0.571
16.861,50.99235,0.607
16.863,50.99235,0.526
16.865,50.99235,0.567
16.867,50.99235,0.571
16.869,50.99235,0.558
16.871,50.99235,0.543
16.873,50.99235,0.509
16.875,50.99235,0.521
16.877,50.99235,0.449
16.879,50.99235,0.508
16.881,50.99235,0.425
16.883,50.99235,0.439
16.885,50.99235,0.425
16.887,50.99235,0.43
16.889,50.99235,0.422
16.891,50.99235,0.414
16.893,50.99235,0.398
16.895,50.99235,0.415
16.897,50.99235,0.44
16.899,50.99235,0.379
16.901,50.99235,0.399
16.903,50.99235,0.425
16.905,50.99235,0.443
16.907,50.99235,0.436
16.909,50.99235,0.434
16.911,50.99235,0.408
16.913,50.99235,0.468
16.915,50.99235,0.472
16.917,50.99235,0.482
16.919,50.99235,0.467
16.921,50.99235,0.478
16.923,50.99235,0.53
16.925,50.99235,0.518
16.927,50.99235,0.544
16.929,50.99235,0.505
16.931,50.99235,0.553
16.933,50.99235,0.526
16.935,50.99235,0.539
16.937,50.99235,0.574
16.939,50.99235,0.545
16.941,50.99235,0.527
16.943,50.99235,0.556
16.945,50.99235,0.511
16.947,50.99235,0.539
16.949,50.99235,0.535
16.951,50.99235,0.554
16.953,50.99235,0.531
16.955,50.99235,0.52
16.957,50.99235,0.534
16.959,50.99235,0.53
16.961,50.99235,0.518
16.963,50.99235,0.513
16.965,50.99235,0.526
16.967,50.99235,0.527
16.969,50.99235,0.531
16.971,50.99235,0.542
16.973,50.99235,0.521
16.975,50.99235,0.522
16.977,50.99235,0.532
16.979,50.99235,0.52
16.981,50.99235,0.527
16.983,50.99235,0.537
16.985,50.99235,0.563
16.987,50.99235,0.534
16.989,50.99235,0.53
16.991,50.99235,0.541
16.993,50.99235,0.53
16.995,50.99235,0.535
16.997,50.99235,0.533
16.999,50.99235,0.569
17.001,50.99235,0.541
17.003,50.99235,0.517
17.005,50.99235,0.524
17.007,50.99235,0.567
17.009,50.99235,0.546
17.011,50.99235,0.548
17.013,50.99235,0.54
17.015,50.99235,0.561
17.017,50.99235,0.545
17.019,50.99235,0.56
17.021,50.99235,0.49
17.023,50.99235,0.576
17.025,50.99235,0.524
17.027,50.99235,0.544
17.029,50.99235,0.599
17.031,50.99235,0.573
17.033,50.99235,0.555
17.035,50.99235,0.567
17.037,50.99235,0.581
17.039,50.99235,0.569
17.041,50.99235,0.571
17.043,50.99235,0.549
17.045,50.99235,0.518
17.047,50.99235,0.542
17.049,50.99235,0.531
17.051,50.99235,0.554
17.053,50.99235,0.529
17.055,50.99235,0.514
17.057,50.99235,0.53
17.059,50.99235,0.495
17.061,50.99235,0.536
17.063,50.99235,0.541
17.065,50.99235,0.566
17.067,50.99235,0.544
17.069,50.99235,0.54
17.071,50.99235,0.579
17.073,50.99235,0.628
17.075,50.99235,0.609
17.077,50.99235,0.614
17.079,50.99235,0.626
17.081,50.99235,0.623
17.083,50.99235,0.625
17.085,50.99235,0.595
17.087,50.99235,0.579
17.089,50.99235,0.575
17.091,50.99235,0.554
17.093,50.99235,0.514
17.095,50.99235,0.49
17.097,50.99235,0.52
17.099,50.99235,0.475
17.101,50.99235,0.454
17.103,50.99235,0.466
17.105,50.99235,0.448
17.107,50.99235,0.438
17.109,50.99235,0.479
17.111,50.99235,0.464
17.113,50.99235,0.459
17.115,50.99235,0.485
17.117,50.99235,0.512
17.119,50.99235,0.562
17.121,50.99235,0.477
17.123,50.99235,0.499
17.125,50.99235,0.54
17.127,50.99235,0.532
17.129,50.99235,0.546
17.131,50.99235,0.563
17.133,50.99235,0.553
17.135,50.99235,0.594
17.137,50.99235,0.593
17.139,50.99235,0.613
17.141,50.99235,0.575
17.143,50.99235,0.616
17.145,50.99235,0.539
17.147,50.99235,0.547
17.149,50.99235,0.534
17.151,50.99235,0.553
17.153,50.99235,0.564
17.155,50.99235,0.519
17.157,50.99235,0.561
17.159,50.99235,0.531
17.161,50.99235,0.507
17.163,50.99235,0.51
17.165,50.99235,0.529
17.167,50.99235,0.501
17.169,50.99235,0.541
17.171,50.99235,0.505
17.173,50.99235,0.529
17.175,50.99235,0.483
17.177,50.99235,0.526
17.179,50.99235,0.559
17.181,50.99235,0.586
17.183,50.99235,0.507
17.185,50.99235,0.543
17.187,50.99235,0.528
17.189,50.99235,0.534
17.191,50.99235,0.542
17.193,50.99235,0.496
17.195,50.99235,0.497
17.197,50.99235,0.493
17.199,50.99235,0.475
17.201,50.99235,0.46
17.203,50.99235,0.533
17.205,50.99235,0.489
17.207,50.99235,0.554
17.209,50.99235,0.548
17.211,50.99235,0.565
17.213,50.99235,0.56
17.215,50.99235,0.548
17.217,50.99235,0.583
17.219,50.99235,0.556
17.221,50.99235,0.584
17.223,50.99235,0.618
17.225,50.99235,0.586
17.227,50.99235,0.557
17.229,50.99235,0.56
17.231,50.99235,0.553
17.233,50.99235,0.576
17.235,50.99235,0.547
17.237,50.99235,0.551
17.239,50.99235,0.569
17.241,50.99235,0.523
17.243,50.99235,0.513
17.245,50.99235,0.512
17.247,50.99235,0.548
17.249,50.99235,0.533
16.851,50.99105,0.604
16.853,50.99105,0.617
16.855,50.99105,0.605
16.857,50.99105,0.61
16.859,50.99105,0.575
16.861,50.99105,0.579
16.863,50.99105,0.587
16.865,50.99105,0.563
16.867,50.99105,0.559
16.869,50.99105,0.557
16.871,50.99105,0.58
16.873,50.99105,0.533
16.875,50.99105,0.514
16.877,50.99105,0.49
16.879,50.99105,0.491
16.881,50.99105,0.467
16.883,50.99105,0.46
16.885,50.99105,0.439
16.887,50.99105,0.437
16.889,50.99105,0.418
16.891,50.99105,0.411
16.893,50.99105,0.389
16.895,50.99105,0.393
16.897,50.99105,0.396
16.899,50.99105,0.395
16.901,50.99105,0.403
16.903,50.99105,0.415
16.905,50.99105,0.395
16.907,50.99105,0.407
16.909,50.99105,0.449
16.911,50.99105,0.486
16.913,50.99105,0.477
16.915,50.99105,0.473
16.917,50.99105,0.489
16.919,50.99105,0.519
16.921,50.99105,0.473
16.923,50.99105,0.474
16.925,50.99105,0.521
16.927,50.99105,0.559
16.929,50.99105,0.525
16.931,50.99105,0.503
16.933,50.99105,0.53
16.935,50.99105,0.535
16.937,50.99105,0.555
16.939,50.99105,0.509
16.941,50.99105,0.519
16.943,50.99105,0.509
16.945,50.99105,0.519
16.947,50.99105,0.521
16.949,50.99105,0.546
16.951,50.99105,0.511
16.953,50.99105,0.502
16.955,50.99105,0.51
16.957,50.99105,0.53
16.959,50.99105,0.519
16.961,50.99105,0.529
16.963,50.99105,0.501
16.965,50.99105,0.48
16.967,50.99105,0.515
16.969,50.99105,0.532
16.971,50.99105,0.502
16.973,50.99105,0.527
16.975,50.99105,0.509
16.977,50.99105,0.528
16.979,50.99105,0.549
16.981,50.99105,0.512
16.983,50.99105,0.561
16.985,50.99105,0.539
16.987,50.99105,0.55
16.989,50.99105,0.572
16.991,50.99105,0.538
16.993,50.99105,0.521
16.995,50.99105,0.564
16.997,50.99105,0.513
16.999,50.99105,0.549
17.001,50.99105,0.578
17.003,50.99105,0.544
17.005,50.99105,0.564
17.007,50.99105,0.554
17.009,50.99105,0.561
17.011,50.99105,0.591
17.013,50.99105,0.56
17.015,50.99105,0.53
17.017,50.99105,0.538
17.019,50.99105,0.562
17.021,50.99105,0.546
17.023,50.99105,0.551
17.025,50.99105,0.514
17.027,50.99105,0.552
17.029,50.99105,0.574
17.031,50.99105,0.561
17.033,50.99105,0.55
17.035,50.99105,0.583
17.037,50.99105,0.569
17.039,50.99105,0.539
17.041,50.99105,0.536
17.043,50.99105,0.524
17.045,50.99105,0.514
17.047,50.99105,0.523
17.049,50.99105,0.54
17.051,50.99105,0.558
17.053,50.99105,0.502
17.055,50.99105,0.506
17.057,50.99105,0.506
17.059,50.99105,0.548
17.061,50.99105,0.518
17.063,50.99105,0.539
17.065,50.99105,0.539
17.067,50.99105,0.536
17.069,50.99105,0.571
17.071,50.99105,0.572
17.073,50.99105,0.623
17.075,50.99105,0.617
17.077,50.99105,0.606
17.079,50.99105,0.593
17.081,50.99105,0.632
17.083,50.99105,0.6
17.085,50.99105,0.563
17.087,50.99105,0.568
17.089,50.99105,0.545
17.091,50.99105,0.556
17.093,50.99105,0.526
17.095,50.99105,0.513
17.097,50.99105,0.48
17.099,50.99105,0.492
17.101,50.99105,0.489
17.103,50.99105,0.488
17.105,50.99105,0.467
17.107,50.99105,0.457
17.109,50.99105,0.448
17.111,50.99105,0.471
17.113,50.99105,0.441
17.115,50.99105,0.495
17.117,50.99105,0.473
17.119,50.99105,0.488
17.121,50.99105,0.53
17.123,50.99105,0.531
17.125,50.99105,0.539
17.127,50.99105,0.528
17.129,50.99105,0.592
17.131,50.99105,0.569
17.133,50.99105,0.59
17.135,50.99105,0.602
17.137,50.99105,0.606
17.139,50.99105,0.609
17.141,50.99105,0.564
17.143,50.99105,0.578
17.145,50.99105,0.541
17.147,50.99105,0.526
17.149,50.99105,0.575
17.151,50.99105,0.557
17.153,50.99105,0.56
17.155,50.99105,0.5
17.157,50.99105,0.505
17.159,50.99105,0.527
17.161,50.99105,0.509
17.163,50.99105,0.495
17.165,50.99105,0.528
17.167,50.99105,0.525
17.169,50.99105,0.544
17.171,50.99105,0.509
17.173,50.99105,0.56
17.175,50.99105,0.567
17.177,50.99105,0.573
17.179,50.99105,0.547
17.181,50.99105,0.565
17.183,50.99105,0.542
17.185,50.99105,0.566
17.187,50.99105,0.546
17.189,50.99105,0.534
17.191,50.99105,0.532
17.193,50.99105,0.496
17.195,50.99105,0.539
17.197,50.99105,0.516
17.199,50.99105,0.496
17.201,50.99105,0.504
17.203,50.99105,0.494
17.205,50.99105,0.54
17.207,50.99105,0.557
17.209,50.99105,0.564
17.211,50.99105,0.549
17.213,50.99105,0.585
17.215,50.99105,0.59
17.217,50.99105,0.562
17.219,50.99105,0.566
17.221,50.99105,0.603
17.223,50.99105,0.598
17.225,50.99105,0.627
17.227,50.99105,0.567
17.229,50.99105,0.574
17.231,50.99105,0.569
17.233,50.99105,0.562
17.235,50.99105,0.557
17.237,50.99105,0.539
17.239,50.99105,0.57
17.241,50.99105,0.541
17.243,50.99105,0.491
17.245,50.99105,0.511
17.247,50.99105,0.515
17.249,50.99105,0.555
16.851,50.98975,0.582
16.853,50.98975,0.596
16.855,50.98975,0.619
16.857,50.98975,0.614
16.859,50.98975,0.602
16.861,50.98975,0.54
16.863,50.98975,0.558
16.865,50.98975,0.571
16.867,50.98975,0.501
16.869,50.98975,0.555
16.871,50.98975,0.527
16.873,50.98975,0.581
16.875,50.98975,0.5
16.877,50.98975,0.509
16.879,50.98975,0.454
16.881,50.98975,0.477
16.883,50.98975,0.462
16.885,50.98975,0.467
16.887,50.98975,0.434
16.889,50.98975,0.461
16.891,50.98975,0.414
16.893,50.98975,0.394
16.895,50.98975,0.415
16.897,50.98975,0.399
16.899,50.98975,0.38
16.901,50.98975,0.394
16.903,50.98975,0.419
16.905,50.98975,0.406
16.907,50.98975,0.417
16.909,50.98975,0.44
16.911,50.98975,0.454
16.913,50.98975,0.464
16.915,50.98975,0.45
16.917,50.98975,0.517
16.919,50.98975,0.493
16.921,50.98975,0.524
16.923,50.98975,0.547
16.925,50.98975,0.486
16.927,50.98975,0.54
16.929,50.98975,0.538
16.931,50.98975,0.58
16.933,50.98975,0.559
16.935,50.98975,0.529
16.937,50.98975,0.547
16.939,50.98975,0.508
16.941,50.98975,0.564
16.943,50.98975,0.526
16.945,50.98975,0.528
16.947,50.98975,0.522
16.949,50.98975,0.451
16.951,50.98975,0.49
16.953,50.98975,0.458
16.955,50.98975,0.518
16.957,50.98975,0.484
16.959,50.98975,0.473
16.961,50.98975,0.5
16.963,50.98975,0.49
16.965,50.98975,0.47
16.967,50.98975,0.527
16.969,50.98975,0.549
16.971,50.98975,0.527
16.973,50.98975,0.525
16.975,50.98975,0.522
16.977,50.98975,0.514
16.979,50.98975,0.556
16.981,50.98975,0.556
16.983,50.98975,0.533
16.985,50.98975,0.577
16.987,50.98975,0.575
16.989,50.98975,0.558
16.991,50.98975,0.589
16.993,50.98975,0.538
16.995,50.98975,0.518
16.997,50.98975,0.564
16.999,50.98975,0.523
17.001,50.98975,0.548
17.003,50.98975,0.562
17.005,50.98975,0.553
17.007,50.98975,0.57
17.009,50.98975,0.573
17.011,50.98975,0.539
17.013,50.98975,0.511
17.015,50.98975,0.508
17.017,50.98975,0.554
17.019,50.98975,0.573
17.021,50.98975,0.537
17.023,50.98975,0.528
17.025,50.98975,0.536
17.027,50.98975,0.525
17.029,50.98975,0.562
17.031,50.98975,0.553
17.033,50.98975,0.549
17.035,50.98975,0.545
17.037,50.98975,0.55
17.039,50.98975,0.567
17.041,50.98975,0.528
17.043,50.98975,0.531
17.045,50.98975,0.539
17.047,50.98975,0.513
17.049,50.98975,0.467
17.051,50.98975,0.502
17.053,50.98975,0.478
17.055,50.98975,0.481
17.057,50.98975,0.512
17.059,50.98975,0.51
17.061,50.98975,0.498
17.063,50.98975,0.518
17.065,50.98975,0.525
17.067,50.98975,0.519
17.069,50.98975,0.568
17.071,50.98975,0.575
17.073,50.98975,0.617
17.075,50.98975,0.577
17.077,50.98975,0.611
17.079,50.98975,0.603
17.081,50.98975,0.61
17.083,50.98975,0.583
17.085,50.98975,0.577
17.087,50.98975,0.595
17.089,50.98975,0.571
17.091,50.98975,0.544
17.093,50.98975,0.529
17.095,50.98975,0.512
17.097,50.98975,0.487
17.099,50.98975,0.496
17.101,50.98975,0.475
17.103,50.98975,0.466
17.105,50.98975,0.427
17.107,50.98975,0.476
17.109,50.98975,0.487
17.111,50.98975,0.447
17.113,50.98975,0.487
17.115,50.98975,0.481
17.117,50.98975,0.497
17.119,50.98975,0.528
17.121,50.98975,0.512
17.123,50.98975,0.544
17.125,50.98975,0.537
17.127,50.98975,0.573
17.129,50.98975,0.553
17.131,50.98975,0.563
17.133,50.98975,0.536
17.135,50.98975,0.578
17.137,50.98975,0.581
17.139,50.98975,0.537
17.141,50.98975,0.565
17.143,50.98975,0.583
17.145,50.98975,0.547
17.147,50.98975,0.508
17.149,50.98975,0.548
17.151,50.98975,0.499
17.153,50.98975,0.484
17.155,50.98975,0.55
17.157,50.98975,0.491
17.159,50.98975,0.494
17.161,50.98975,0.518
17.163,50.98975,0.513
17.165,50.98975,0.534
17.167,50.98975,0.56
17.169,50.98975,0.514
17.171,50.98975,0.508
17.173,50.98975,0.521
17.175,50.98975,0.528
17.177,50.98975,0.551
17.179,50.98975,0.562
17.181,50.98975,0.503
17.183,50.98975,0.562
17.185,50.98975,0.536
17.187,50.98975,0.559
17.189,50.98975,0.554
17.191,50.98975,0.52
17.193,50.98975,0.536
17.195,50.98975,0.551
17.197,50.98975,0.472
17.199,50.98975,0.517
17.201,50.98975,0.51
17.203,50.98975,0.523
17.205,50.98975,0.494
17.207,50.98975,0.528
17.209,50.98975,0.556
17.211,50.98975,0.582
17.213,50.98975,0.575
17.215,50.98975,0.566
17.217,50.98975,0.586
17.219,50.98975,0.587
17.221,50.98975,0.621
17.223,50.98975,0.578
17.225,50.98975,0.592
17.227,50.98975,0.588
17.229,50.98975,0.562
17.231,50.98975,0.555
17.233,50.98975,0.57
17.235,50.98975,0.536
17.237,50.98975,0.527
17.239,50.98975,0.546
17.241,50.98975,0.517
17.243,50.98975,0.512
17.245,50.98975,0.552
17.247,50.98975,0.525
17.249,50.98975,0.531
16.851,50.98845,0.583
16.853,50.98845,0.602
16.855,50.98845,0.613
16.857,50.98845,0.572
16.859,50.98845,0.579
16.861,50.98845,0.564
16.863,50.98845,0.551
16.865,50.98845,0.519
16.867,50.98845,0.574
16.869,50.98845,0.556
16.871,50.98845,0.564
16.873,50.98845,0.527
16.875,50.98845,0.537
16.877,50.98845,0.523
16.879,50.98845,0.48
16.881,50.98845,0.469
16.883,50.98845,0.457
16.885,50.98845,0.464
16.887,50.98845,0.444
16.889,50.98845,0.454
16.891,50.98845,0.442
16.893,50.98845,0.422
16.895,50.98845,0.372
16.897,50.98845,0.452
16.899,50.98845,0.396
16.901,50.98845,0.422
16.903,50.98845,0.408
16.905,50.98845,0.458
16.907,50.98845,0.412
16.909,50.98845,0.416
16.911,50.98845,0.46
16.913,50.98845,0.474
16.915,50.98845,0.453
16.917,50.98845,0.526
16.919,50.98845,0.533
16.921,50.98845,0.533
16.923,50.98845,0.497
16.925,50.98845,0.493
16.927,50.98845,0.534
16.929,50.98845,0.559
16.931,50.98845,0.56
16.933,50.98845,0.562
16.935,50.98845,0.553
16.937,50.98845,0.526
16.939,50.98845,0.516
16.941,50.98845,0.488
16.943,50.98845,0.527
16.945,50.98845,0.517
16.947,50.98845,0.508
16.949,50.98845,0.476
16.951,50.98845,0.442
16.953,50.98845,0.459
16.955,50.98845,0.494
16.957,50.98845,0.474
16.959,50.98845,0.5
16.961,50.98845,0.483
16.963,50.98845,0.492
16.965,50.98845,0.487
16.967,50.98845,0.524
16.969,50.98845,0.515
16.971,50.98845,0.521
16.973,50.98845,0.511
16.975,50.98845,0.536
16.977,50.98845,0.589
16.979,50.98845,0.568
16.981,50.98845,0.534
16.983,50.98845,0.545
16.985,50.98845,0.547
16.987,50.98845,0.568
16.989,50.98845,0.564
16.991,50.98845,0.563
16.993,50.98845,0.58
16.995,50.98845,0.548
16.997,50.98845,0.538
16.999,50.98845,0.531
17.001,50.98845,0.525
17.003,50.98845,0.521
17.005,50.98845,0.541
17.007,50.98845,0.542
17.009,50.98845,0.551
17.011,50.98845,0.527
17.013,50.98845,0.517
17.015,50.98845,0.542
17.017,50.98845,0.508
17.019,50.98845,0.53
17.021,50.98845,0.546
17.023,50.98845,0.544
17.025,50.98845,0.536
17.027,50.98845,0.548
17.029,50.98845,0.548
17.031,50.98845,0.551
17.033,50.98845,0.55
17.035,50.98845,0.589
17.037,50.98845,0.54
17.039,50.98845,0.52
17.041,50.98845,0.538
17.043,50.98845,0.531
17.045,50.98845,0.508
17.047,50.98845,0.507
17.049,50.98845,0.508
17.051,50.98845,0.488
17.053,50.98845,0.479
17.055,50.98845,0.459
17.057,50.98845,0.487
17.059,50.98845,0.478
17.061,50.98845,0.515
17.063,50.98845,0.518
17.065,50.98845,0.508
17.067,50.98845,0.543
17.069,50.98845,0.562
17.071,50.98845,0.585
17.073,50.98845,0.611
17.075,50.98845,0.63
17.077,50.98845,0.63
17.079,50.98845,0.617
17.081,50.98845,0.616
17.083,50.98845,0.583
17.085,50.98845,0.581
17.087,50.98845,0.563
17.089,50.98845,0.53
17.091,50.98845,0.528
17.093,50.98845,0.52
17.095,50.98845,0.483
17.097,50.98845,0.477
17.099,50.98845,0.5
17.101,50.98845,0.447
17.103,50.98845,0.443
17.105,50.98845,0.418
17.107,50.98845,0.458
17.109,50.98845,0.443
17.111,50.98845,0.45
17.113,50.98845,0.477
17.115,50.98845,0.433
17.117,50.98845,0.461
17.119,50.98845,0.526
17.121,50.98845,0.524
17.123,50.98845,0.532
17.125,50.98845,0.527
17.127,50.98845,0.558
17.129,50.98845,0.551
17.131,50.98845,0.567
17.133,50.98845,0.607
17.135,50.98845,0.555
17.137,50.98845,0.54
17.139,50.98845,0.596
17.141,50.98845,0.559
17.143,50.98845,0.584
17.145,50.98845,0.561
17.147,50.98845,0.545
17.149,50.98845,0.565
17.151,50.98845,0.521
17.153,50.98845,0.521
17.155,50.98845,0.512
17.157,50.98845,0.512
17.159,50.98845,0.506
17.161,50.98845,0.504
17.163,50.98845,0.497
17.165,50.98845,0.48
17.167,50.98845,0.48
17.169,50.98845,0.525
17.171,50.98845,0.502
17.173,50.98845,0.56
17.175,50.98845,0.553
17.177,50.98845,0.569
17.179,50.98845,0.515
17.181,50.98845,0.557
17.183,50.98845,0.546
17.185,50.98845,0.565
17.187,50.98845,0.541
17.189,50.98845,0.539
17.191,50.98845,0.526
17.193,50.98845,0.504
17.195,50.98845,0.502
17.197,50.98845,0.519
17.199,50.98845,0.498
17.201,50.98845,0.53
17.203,50.98845,0.532
17.205,50.98845,0.523
17.207,50.98845,0.572
17.209,50.98845,0.547
17.211,50.98845,0.537
17.213,50.98845,0.56
17.215,50.98845,0.605
17.217,50.98845,0.613
17.219,50.98845,0.601
17.221,50.98845,0.633
17.223,50.98845,0.611
17.225,50.98845,0.585
17.227,50.98845,0.562
17.229,50.98845,0.553
17.231,50.98845,0.57
17.233,50.98845,0.56
17.235,50.98845,0.505
17.237,50.98845,0.536
17.239,50.98845,0.513
17.241,50.98845,0.529
17.243,50.98845,0.488
17.245,50.98845,0.512
17.247,50.98845,0.486
17.249,50.98845,0.485
16.851,50.98715,0.605
16.853,50.98715,0.601
16.855,50.98715,0.571
16.857,50.98715,0.59
16.859,50.98715,0.539
16.861,50.98715,0.531
16.863,50.98715,0.554
16.865,50.98715,0.546
16.867,50.98715,0.601
16.869,50.98715,0.579
16.871,50.98715,0.543
16.873,50.98715,0.561
16.875,50.98715,0.522
16.877,50.98715,0.559
16.879,50.98715,0.526
16.881,50.98715,0.46
16.883,50.98715,0.48
16.885,50.98715,0.433
16.887,50.98715,0.448
16.889,50.98715,0.496
16.891,50.98715,0.423
16.893,50.98715,0.449
16.895,50.98715,0.448
16.897,50.98715,0.443
16.899,50.98715,0.456
16.901,50.98715,0.463
16.903,50.98715,0.428
16.905,50.98715,0.437
16.907,50.98715,0.471
16.909,50.98715,0.469
16.911,50.98715,0.46
16.913,50.98715,0.472
16.915,50.98715,0.513
16.917,50.98715,0.492
16.919,50.98715,0.521
16.921,50.98715,0.534
16.923,50.98715,0.518
16.925,50.98715,0.485
16.927,50.98715,0.521
16.929,50.98715,0.54
16.931,50.98715,0.515
16.933,50.98715,0.509
16.935,50.98715,0.533
16.937,50.98715,0.519
16.939,50.98715,0.478
16.941,50.98715,0.5
16.943,50.98715,0.516
16.945,50.98715,0.516
16.947,50.98715,0.452
16.949,50.98715,0.481
16.951,50.98715,0.441
16.953,50.98715,0.472
16.955,50.98715,0.468
16.957,50.98715,0.488
16.959,50.98715,0.473
16.961,50.98715,0.505
16.963,50.98715,0.481
16.965,50.98715,0.493
16.967,50.98715,0.489
16.969,50.98715,0.474
16.971,50.98715,0.465
16.973,50.98715,0.531
16.975,50.98715,0.533
16.977,50.98715,0.512
16.979,50.98715,0.563
16.981,50.98715,0.536
16.983,50.98715,0.505
16.985,50.98715,0.551
16.987,50.98715,0.546
16.989,50.98715,0.559
16.991,50.98715,0.512
16.993,50.98715,0.546
16.995,50.98715,0.568
16.997,50.98715,0.549
16.999,50.98715,0.564
17.001,50.98715,0.58
17.003,50.98715,0.527
17.005,50.98715,0.544
17.007,50.98715,0.535
17.009,50.98715,0.506
17.011,50.98715,0.506
17.013,50.98715,0.533
17.015,50.98715,0.497
17.017,50.98715,0.58
17.019,50.98715,0.494
17.021,50.98715,0.521
17.023,50.98715,0.543
17.025,50.98715,0.502
17.027,50.98715,0.569
17.029,50.98715,0.535
17.031,50.98715,0.56
17.033,50.98715,0.535
17.035,50.98715,0.542
17.037,50.98715,0.561
17.039,50.98715,0.538
17.041,50.98715,0.532
17.043,50.98715,0.537
17.045,50.98715,0.491
17.047,50.98715,0.488
17.049,50.98715,0.514
17.051,50.98715,0.525
17.053,50.98715,0.444
17.055,50.98715,0.463
17.057,50.98715,0.481
17.059,50.98715,0.496
17.061,50.98715,0.505
17.063,50.98715,0.542
17.065,50.98715,0.493
17.067,50.98715,0.535
17.069,50.98715,0.559
17.071,50.98715,0.604
17.073,50.98715,0.607
17.075,50.98715,0.604
17.077,50.98715,0.626
17.079,50.98715,0.649
17.081,50.98715,0.607
17.083,50.98715,0.616
17.085,50.98715,0.63
17.087,50.98715,0.581
17.089,50.98715,0.594
17.091,50.98715,0.553
17.093,50.98715,0.51
17.095,50.98715,0.504
17.097,50.98715,0.485
17.099,50.98715,0.449
17.101,50.98715,0.482
17.103,50.98715,0.429
17.105,50.98715,0.42
17.107,50.98715,0.422
17.109,50.98715,0.429
17.111,50.98715,0.433
17.113,50.98715,0.45
17.115,50.98715,0.482
17.117,50.98715,0.512
17.119,50.98715,0.5
17.121,50.98715,0.487
17.123,50.98715,0.529
17.125,50.98715,0.559
17.127,50.98715,0.556
17.129,50.98715,0.535
17.131,50.98715,0.533
17.133,50.98715,0.553
17.135,50.98715,0.577
17.137,50.98715,0.552
17.139,50.98715,0.57
17.141,50.98715,0.54
17.143,50.98715,0.567
17.145,50.98715,0.565
17.147,50.98715,0.522
17.149,50.98715,0.534
17.151,50.98715,0.54
17.153,50.98715,0.504
17.155,50.98715,0.471
17.157,50.98715,0.526
17.159,50.98715,0.506
17.161,50.98715,0.48
17.163,50.98715,0.479
17.165,50.98715,0.483
17.167,50.98715,0.51
17.169,50.98715,0.499
17.171,50.98715,0.517
17.173,50.98715,0.569
17.175,50.98715,0.508
17.177,50.98715,0.555
17.179,50.98715,0.556
17.181,50.98715,0.534
17.183,50.98715,0.546
17.185,50.98715,0.562
17.187,50.98715,0.537
17.189,50.98715,0.525
17.191,50.98715,0.53
17.193,50.98715,0.488
17.195,50.98715,0.545
17.197,50.98715,0.537
17.199,50.98715,0.537
17.201,50.98715,0.538
17.203,50.98715,0.547
17.205,50.98715,0.551
17.207,50.98715,0.545
17.209,50.98715,0.594
17.211,50.98715,0.623
17.213,50.98715,0.587
17.215,50.98715,0.643
17.217,50.98715,0.609
17.219,50.98715,0.558
17.221,50.98715,0.602
17.223,50.98715,0.617
17.225,50.98715,0.641
17.227,50.98715,0.584
17.229,50.98715,0.599
17.231,50.98715,0.572
17.233,50.98715,0.522
17.235,50.98715,0.575
17.237,50.98715,0.511
17.239,50.98715,0.503
17.241,50.98715,0.497
17.243,50.98715,0.483
17.245,50.98715,0.478
17.247,50.98715,0.513
17.249,50.98715,0.458
16.851,50.98585,0.564
16.853,50.98585,0.618
16.855,50.98585,0.57
16.857,50.98585,0.593
16.859,50.98585,0.562
16.861,50.98585,0.593
16.863,50.98585,0.574
16.865,50.98585,0.58
16.867,50.98585,0.553
16.869,50.98585,0.533
16.871,50.98585,0.571
16.873,50.98585,0.535
16.875,50.98585,0.566
16.877,50.98585,0.57
16.879,50.98585,0.547
16.881,50.98585,0.514
16.883,50.98585,0.496
16.885,50.98585,0.502
16.887,50.98585,0.497
16.889,50.98585,0.467
16.891,50.98585,0.465
16.893,50.98585,0.435
16.895,50.98585,0.439
16.897,50.98585,0.451
16.899,50.98585,0.416
16.901,50.98585,0.454
16.903,50.98585,0.437
16.905,50.98585,0.434
16.907,50.98585,0.494
16.909,50.98585,0.494
16.911,50.98585,0.473
16.913,50.98585,0.504
16.915,50.98585,0.483
16.917,50.98585,0.515
16.919,50.98585,0.538
16.921,50.98585,0.559
16.923,50.98585,0.539
16.925,50.98585,0.532
16.927,50.98585,0.544
16.929,50.98585,0.521
16.931,50.98585,0.53
16.933,50.98585,0.573
16.935,50.98585,0.521
16.937,50.98585,0.502
16.939,50.98585,0.54
16.941,50.98585,0.486
16.943,50.98585,0.512
16.945,50.98585,0.484
16.947,50.98585,0.515
16.949,50.98585,0.479
16.951,50.98585,0.479
16.953,50.98585,0.496
16.955,50.98585,0.46
16.957,50.98585,0.475
16.959,50.98585,0.444
16.961,50.98585,0.47
16.963,50.98585,0.46
16.965,50.98585,0.495
16.967,50.98585,0.494
16.969,50.98585,0.497
16.971,50.98585,0.51
16.973,50.98585,0.536
16.975,50.98585,0.521
16.977,50.98585,0.553
16.979,50.98585,0.549
16.981,50.98585,0.556
16.983,50.98585,0.535
16.985,50.98585,0.547
16.987,50.98585,0.599
16.989,50.98585,0.615
16.991,50.98585,0.578
16.993,50.98585,0.575
16.995,50.98585,0.569
16.997,50.98585,0.544
16.999,50.98585,0.575
17.001,50.98585,0.549
17.003,50.98585,0.525
17.005,50.98585,0.52
17.007,50.98585,0.523
17.009,50.98585,0.548
17.011,50.98585,0.493
17.013,50.98585,0.52
17.015,50.98585,0.543
17.017,50.98585,0.504
17.019,50.98585,0.535
17.021,50.98585,0.489
17.023,50.98585,0.518
17.025,50.98585,0.511
17.027,50.98585,0.523
17.029,50.98585,0.566
17.031,50.98585,0.546
17.033,50.98585,0.506
17.035,50.98585,0.561
17.037,50.98585,0.562
17.039,50.98585,0.511
17.041,50.98585,0.519
17.043,50.98585,0.53
17.045,50.98585,0.527
17.047,50.98585,0.534
17.049,50.98585,0.466
17.051,50.98585,0.472
17.053,50.98585,0.468
17.055,50.98585,0.511
17.057,50.98585,0.492
17.059,50.98585,0.452
17.061,50.98585,0.474
17.063,50.98585,0.492
17.065,50.98585,0.504
17.067,50.98585,0.522
17.069,50.98585,0.575
17.071,50.98585,0.574
17.073,50.98585,0.611
17.075,50.98585,0.577
17.077,50.98585,0.642
17.079,50.98585,0.63
17.081,50.98585,0.642
17.083,50.98585,0.593
17.085,50.98585,0.573
17.087,50.98585,0.559
17.089,50.98585,0.563
17.091,50.98585,0.51
17.093,50.98585,0.53
17.095,50.98585,0.484
17.097,50.98585,0.466
17.099,50.98585,0.432
17.101,50.98585,0.376
17.103,50.98585,0.415
17.105,50.98585,0.39
17.107,50.98585,0.423
17.109,50.98585,0.45
17.111,50.98585,0.431
17.113,50.98585,0.459
17.115,50.98585,0.476
17.117,50.98585,0.491
17.119,50.98585,0.508
17.121,50.98585,0.501
17.123,50.98585,0.529
17.125,50.98585,0.535
17.127,50.98585,0.553
17.129,50.98585,0.557
17.131,50.98585,0.557
17.133,50.98585,0.575
17.135,50.98585,0.593
17.137,50.98585,0.56
17.139,50.98585,0.541
17.141,50.98585,0.542
17.143,50.98585,0.555
17.145,50.98585,0.479
17.147,50.98585,0.522
17.149,50.98585,0.486
17.151,50.98585,0.52
17.153,50.98585,0.52
17.155,50.98585,0.499
17.157,50.98585,0.505
17.159,50.98585,0.493
17.161,50.98585,0.483
17.163,50.98585,0.484
17.165,50.98585,0.484
17.167,50.98585,0.501
17.169,50.98585,0.524
17.171,50.98585,0.542
17.173,50.98585,0.521
17.175,50.98585,0.538
17.177,50.98585,0.512
17.179,50.98585,0.56
17.181,50.98585,0.552
17.183,50.98585,0.564
17.185,50.98585,0.528
17.187,50.98585,0.589
17.189,50.98585,0.481
17.191,50.98585,0.555
17.193,50.98585,0.561
17.195,50.98585,0.535
17.197,50.98585,0.518
17.199,50.98585,0.539
17.201,50.98585,0.541
17.203,50.98585,0.606
17.205,50.98585,0.529
17.207,50.98585,0.587
17.209,50.98585,0.575
17.211,50.98585,0.611
17.213,50.98585,0.56
17.215,50.98585,0.618
17.217,50.98585,0.612
17.219,50.98585,0.6
17.221,50.98585,0.65
17.223,50.98585,0.599
17.225,50.98585,0.605
17.227,50.98585,0.583
17.229,50.98585,0.607
17.231,50.98585,0.549
17.233,50.98585,0.572
17.235,50.98585,0.54
17.237,50.98585,0.544
17.239,50.98585,0.498
17.241,50.98585,0.466
17.243,50.98585,0.467
17.245,50.98585,0.487
17.247,50.98585,0.486
17.249,50.98585,0.467
16.851,50.98455,0.553
16.853,50.98455,0.57
16.855,50.98455,0.602
16.857,50.98455,0.563
16.859,50.98455,0.593
16.861,50.98455,0.59
16.863,50.98455,0.588
16.865,50.98455,0.562
16.867,50.98455,0.529
16.869,50.98455,0.594
16.871,50.98455,0.567
16.873,50.98455,0.548
16.875,50.98455,0.558
16.877,50.98455,0.512
16.879,50.98455,0.554
16.881,50.98455,0.5
16.883,50.98455,0.507
16.885,50.98455,0.521
16.887,50.98455,0.493
16.889,50.98455,0.501
16.891,50.98455,0.453
16.893,50.98455,0.433
16.895,50.98455,0.427
16.897,50.98455,0.441
16.899,50.98455,0.435
16.901,50.98455,0.432
16.903,50.98455,0.402
16.905,50.98455,0.459
16.907,50.98455,0.484
16.909,50.98455,0.434
16.911,50.98455,0.469
16.913,50.98455,0.49
16.915,50.98455,0.519
16.917,50.98455,0.504
16.919,50.98455,0.494
16.921,50.98455,0.516
16.923,50.98455,0.538
16.925,50.98455,0.515
16.927,50.98455,0.585
16.929,50.98455,0.581
16.931,50.98455,0.571
16.933,50.98455,0.523
16.935,50.98455,0.505
16.937,50.98455,0.521
16.939,50.98455,0.521
16.941,50.98455,0.538
16.943,50.98455,0.472
16.945,50.98455,0.512
16.947,50.98455,0.466
16.949,50.98455,0.477
16.951,50.98455,0.449
16.953,50.98455,0.442
16.955,50.98455,0.457
16.957,50.98455,0.47
16.959,50.98455,0.449
16.961,50.98455,0.449
16.963,50.98455,0.465
16.965,50.98455,0.438
16.967,50.98455,0.486
16.969,50.98455,0.488
16.971,50.98455,0.493
16.973,50.98455,0.501
16.975,50.98455,0.543
16.977,50.98455,0.572
16.979,50.98455,0.528
16.981,50.98455,0.552
16.983,50.98455,0.589
16.985,50.98455,0.591
16.987,50.98455,0.587
16.989,50.98455,0.601
16.991,50.98455,0.566
16.993,50.98455,0.564
16.995,50.98455,0.56
16.997,50.98455,0.572
16.999,50.98455,0.55
17.001,50.98455,0.537
17.003,50.98455,0.542
17.005,50.98455,0.545
17.007,50.98455,0.575
17.009,50.98455,0.496
17.011,50.98455,0.513
17.013,50.98455,0.476
17.015,50.98455,0.496
17.017,50.98455,0.5
17.019,50.98455,0.512
17.021,50.98455,0.497
17.023,50.98455,0.561
17.025,50.98455,0.507
17.027,50.98455,0.513
17.029,50.98455,0.508
17.031,50.98455,0.568
17.033,50.98455,0.572
17.035,50.98455,0.553
17.037,50.98455,0.534
17.039,50.98455,0.545
17.041,50.98455,0.512
17.043,50.98455,0.57
17.045,50.98455,0.536
17.047,50.98455,0.508
17.049,50.98455,0.524
17.051,50.98455,0.448
17.053,50.98455,0.455
17.055,50.98455,0.477
17.057,50.98455,0.47
17.059,50.98455,0.469
17.061,50.98455,0.476
17.063,50.98455,0.491
17.065,50.98455,0.477
17.067,50.98455,0.507
17.069,50.98455,0.547
17.071,50.98455,0.565
17.073,50.98455,0.62
17.075,50.98455,0.584
17.077,50.98455,0.65
17.079,50.98455,0.618
17.081,50.98455,0.626
17.083,50.98455,0.634
17.085,50.98455,0.599
17.087,50.98455,0.577
17.089,50.98455,0.548
17.091,50.98455,0.521
17.093,50.98455,0.482
17.095,50.98455,0.469
17.097,50.98455,0.465
17.099,50.98455,0.459
17.101,50.98455,0.401
17.103,50.98455,0.437
17.105,50.98455,0.439
17.107,50.98455,0.406
17.109,50.98455,0.443
17.111,50.98455,0.427
17.113,50.98455,0.484
17.115,50.98455,0.476
17.117,50.98455,0.486
17.119,50.98455,0.516
17.121,50.98455,0.534
17.123,50.98455,0.531
17.125,50.98455,0.575
17.127,50.98455,0.536
17.129,50.98455,0.525
17.131,50.98455,0.56
17.133,50.98455,0.541
17.135,50.98455,0.553
17.137,50.98455,0.552
17.139,50.98455,0.515
17.141,50.98455,0.529
17.143,50.98455,0.5
17.145,50.98455,0.53
17.147,50.98455,0.507
17.149,50.98455,0.507
17.151,50.98455,0.481
17.153,50.98455,0.478
17.155,50.98455,0.471
17.157,50.98455,0.461
17.159,50.98455,0.479
17.161,50.98455,0.455
17.163,50.98455,0.485
17.165,50.98455,0.492
17.167,50.98455,0.536
17.169,50.98455,0.516
17.171,50.98455,0.519
17.173,50.98455,0.492
17.175,50.98455,0.554
17.177,50.98455,0.533
17.179,50.98455,0.555
17.181,50.98455,0.553
17.183,50.98455,0.561
17.185,50.98455,0.566
17.187,50.98455,0.525
17.189,50.98455,0.475
17.191,50.98455,0.552
17.193,50.98455,0.537
17.195,50.98455,0.523
17.197,50.98455,0.554
17.199,50.98455,0.546
17.201,50.98455,0.529
17.203,50.98455,0.572
17.205,50.98455,0.54
17.207,50.98455,0.577
17.209,50.98455,0.603
17.211,50.98455,0.582
17.213,50.98455,0.603
17.215,50.98455,0.626
17.217,50.98455,0.635
17.219,50.98455,0.623
17.221,50.98455,0.632
17.223,50.98455,0.613
17.225,50.98455,0.572
17.227,50.98455,0.606
17.229,50.98455,0.588
17.231,50.98455,0.532
17.233,50.98455,0.562
17.235,50.98455,0.533
17.237,50.98455,0.528
17.239,50.98455,0.483
17.241,50.98455,0.504
17.243,50.98455,0.488
17.245,50.98455,0.465
17.247,50.98455,0.441
17.249,50.98455,0.442
16.851,50.98325,0.562
16.853,50.98325,0.604
16.855,50.98325,0.564
16.857,50.98325,0.55
16.859,50.98325,0.569
16.861,50.98325,0.564
16.863,50.98325,0.558
16.865,50.98325,0.605
16.867,50.98325,0.55
16.869,50.98325,0.566
16.871,50.98325,0.537
16.873,50.98325,0.555
16.875,50.98325,0.536
16.877,50.98325,0.505
16.879,50.98325,0.521
16.881,50.98325,0.526
16.883,50.98325,0.49
16.885,50.98325,0.517
16.887,50.98325,0.491
16.889,50.98325,0.469
16.891,50.98325,0.45
16.893,50.98325,0.445
16.895,50.98325,0.445
16.897,50.98325,0.432
16.899,50.98325,0.437
16.901,50.98325,0.413
16.903,50.98325,0.466
16.905,50.98325,0.482
16.907,50.98325,0.462
16.909,50.98325,0.486
16.911,50.98325,0.482
16.913,50.98325,0.547
16.915,50.98325,0.465
16.917,50.98325,0.521
16.919,50.98325,0.517
16.921,50.98325,0.524
16.923,50.98325,0.547
16.925,50.98325,0.549
16.927,50.98325,0.57
16.929,50.98325,0.528
16.931,50.98325,0.531
16.933,50.98325,0.538
16.935,50.98325,0.514
16.937,50.98325,0.49
16.939,50.98325,0.483
16.941,50.98325,0.495
16.943,50.98325,0.486
16.945,50.98325,0.486
16.947,50.98325,0.469
16.949,50.98325,0.452
16.951,50.98325,0.462
16.953,50.98325,0.464
16.955,50.98325,0.451
16.957,50.98325,0.475
16.959,50.98325,0.472
16.961,50.98325,0.419
16.963,50.98325,0.454
16.965,50.98325,0.488
16.967,50.98325,0.455
16.969,50.98325,0.457
16.971,50.98325,0.473
16.973,50.98325,0.509
16.975,50.98325,0.524
16.977,50.98325,0.583
16.979,50.98325,0.567
16.981,50.98325,0.589
16.983,50.98325,0.575
16.985,50.98325,0.569
16.987,50.98325,0.574
16.989,50.98325,0.576
16.991,50.98325,0.559
16.993,50.98325,0.59
16.995,50.98325,0.586
16.997,50.98325,0.498
16.999,50.98325,0.568
17.001,50.98325,0.566
17.003,50.98325,0.553
17.005,50.98325,0.517
17.007,50.98325,0.546
17.009,50.98325,0.517
17.011,50.98325,0.473
17.013,50.98325,0.478
17.015,50.98325,0.516
17.017,50.98325,0.533
17.019,50.98325,0.523
17.021,50.98325,0.521
17.023,50.98325,0.489
17.025,50.98325,0.487
17.027,50.98325,0.531
17.029,50.98325,0.525
17.031,50.98325,0.522
17.033,50.98325,0.514
17.035,50.98325,0.529
17.037,50.98325,0.54
17.039,50.98325,0.541
17.041,50.98325,0.524
17.043,50.98325,0.554
17.045,50.98325,0.506
17.047,50.98325,0.502
17.049,50.98325,0.492
17.051,50.98325,0.437
17.053,50.98325,0.459
17.055,50.98325,0.472
17.057,50.98325,0.455
17.059,50.98325,0.445
17.061,50.98325,0.481
17.063,50.98325,0.48
17.065,50.98325,0.495
17.067,50.98325,0.542
17.069,50.98325,0.542
17.071,50.98325,0.583
17.073,50.98325,0.579
17.075,50.98325,0.594
17.077,50.98325,0.615
17.079,50.98325,0.639
17.081,50.98325,0.637
17.083,50.98325,0.632
17.085,50.98325,0.601
17.087,50.98325,0.599
17.089,50.98325,0.565
17.091,50.98325,0.522
17.093,50.98325,0.498
17.095,50.98325,0.479
17.097,50.98325,0.428
17.099,50.98325,0.442
17.101,50.98325,0.409
17.103,50.98325,0.393
17.105,50.98325,0.439
17.107,50.98325,0.43
17.109,50.98325,0.442
17.111,50.98325,0.442
17.113,50.98325,0.508
17.115,50.98325,0.509
17.117,50.98325,0.49
17.119,50.98325,0.508
17.121,50.98325,0.537
17.123,50.98325,0.572
17.125,50.98325,0.554
17.127,50.98325,0.566
17.129,50.98325,0.545
17.131,50.98325,0.594
17.133,50.98325,0.55
17.135,50.98325,0.567
17.137,50.98325,0.539
17.139,50.98325,0.537
17.141,50.98325,0.517
17.143,50.98325,0.544
17.145,50.98325,0.511
17.147,50.98325,0.481
17.149,50.98325,0.475
17.151,50.98325,0.485
17.153,50.98325,0.489
17.155,50.98325,0.45
17.157,50.98325,0.44
17.159,50.98325,0.503
17.161,50.98325,0.45
17.163,50.98325,0.454
17.165,50.98325,0.472
17.167,50.98325,0.502
17.169,50.98325,0.511
17.171,50.98325,0.489
17.173,50.98325,0.56
17.175,50.98325,0.534
17.177,50.98325,0.544
17.179,50.98325,0.543
17.181,50.98325,0.545
17.183,50.98325,0.545
17.185,50.98325,0.53
17.187,50.98325,0.566
17.189,50.98325,0.542
17.191,50.98325,0.539
17.193,50.98325,0.554
17.195,50.98325,0.517
17.197,50.98325,0.557
17.199,50.98325,0.576
17.201,50.98325,0.531
17.203,50.98325,0.545
17.205,50.98325,0.556
17.207,50.98325,0.563
17.209,50.98325,0.558
17.211,50.98325,0.617
17.213,50.98325,0.593
17.215,50.98325,0.627
17.217,50.98325,0.66
17.219,50.98325,0.58
17.221,50.98325,0.617
17.223,50.98325,0.606
17.225,50.98325,0.588
17.227,50.98325,0.639
17.229,50.98325,0.57
17.231,50.98325,0.596
17.233,50.98325,0.552
17.235,50.98325,0.55
17.237,50.98325,0.516
17.239,50.98325,0.501
17.241,50.98325,0.499
17.243,50.98325,0.479
17.245,50.98325,0.458
17.247,50.98325,0.446
17.249,50.98325,0.417
16.851,50.98195,0.57
16.853,50.98195,0.596
16.855,50.98195,0.591
16.857,50.98195,0.564
16.859,50.98195,0.571
16.861,50.98195,0.582
16.863,50.98195,0.582
16.865,50.98195,0.541
16.867,50.98195,0.537
16.869,50.98195,0.562
16.871,50.98195,0.607
16.873,50.98195,0.549
16.875,50.98195,0.594
16.877,50.98195,0.555
16.879,50.98195,0.522
16.881,50.98195,0.525
16.883,50.98195,0.496
16.885,50.98195,0.53
16.887,50.98195,0.499
16.889,50.98195,0.48
16.891,50.98195,0.457
16.893,50.98195,0.484
16.895,50.98195,0.455
16.897,50.98195,0.445
16.899,50.98195,0.464
16.901,50.98195,0.451
16.903,50.98195,0.464
16.905,50.98195,0.442
16.907,50.98195,0.5
16.909,50.98195,0.467
16.911,50.98195,0.473
16.913,50.98195,0.504
16.915,50.98195,0.51
16.917,50.98195,0.537
16.919,50.98195,0.568
16.921,50.98195,0.585
16.923,50.98195,0.551
16.925,50.98195,0.556
16.927,50.98195,0.514
16.929,50.98195,0.564
16.931,50.98195,0.498
16.933,50.98195,0.565
16.935,50.98195,0.517
16.937,50.98195,0.497
16.939,50.98195,0.515
16.941,50.98195,0.49
16.943,50.98195,0.476
16.945,50.98195,0.499
16.947,50.98195,0.476
16.949,50.98195,0.432
16.951,50.98195,0.422
16.953,50.98195,0.394
16.955,50.98195,0.455
16.957,50.98195,0.426
16.959,50.98195,0.443
16.961,50.98195,0.458
16.963,50.98195,0.446
16.965,50.98195,0.47
16.967,50.98195,0.498
16.969,50.98195,0.474
16.971,50.98195,0.477
16.973,50.98195,0.513
16.975,50.98195,0.551
16.977,50.98195,0.545
16.979,50.98195,0.551
16.981,50.98195,0.586
16.983,50.98195,0.581
16.985,50.98195,0.594
16.987,50.98195,0.577
16.989,50.98195,0.578
16.991,50.98195,0.565
16.993,50.98195,0.559
16.995,50.98195,0.563
16.997,50.98195,0.584
16.999,50.98195,0.597
17.001,50.98195,0.531
17.003,50.98195,0.529
17.005,50.98195,0.527
17.007,50.98195,0.547
17.009,50.98195,0.536
17.011,50.98195,0.526
17.013,50.98195,0.512
17.015,50.98195,0.49
17.017,50.98195,0.508
17.019,50.98195,0.481
17.021,50.98195,0.474
17.023,50.98195,0.462
17.025,50.98195,0.52
17.027,50.98195,0.498
17.029,50.98195,0.536
17.031,50.98195,0.521
17.033,50.98195,0.57
17.035,50.98195,0.496
17.037,50.98195,0.559
17.039,50.98195,0.502
17.041,50.98195,0.503
17.043,50.98195,0.519
17.045,50.98195,0.495
17.047,50.98195,0.495
17.049,50.98195,0.484
17.051,50.98195,0.458
17.053,50.98195,0.457
17.055,50.98195,0.475
17.057,50.98195,0.447
17.059,50.98195,0.468
17.061,50.98195,0.432
17.063,50.98195,0.479
17.065,50.98195,0.491
17.067,50.98195,0.518
17.069,50.98195,0.556
17.071,50.98195,0.565
17.073,50.98195,0.596
17.075,50.98195,0.619
17.077,50.98195,0.596
17.079,50.98195,0.642
17.081,50.98195,0.583
17.083,50.98195,0.59
17.085,50.98195,0.596
17.087,50.98195,0.573
17.089,50.98195,0.544
17.091,50.98195,0.519
17.093,50.98195,0.522
17.095,50.98195,0.466
17.097,50.98195,0.418
17.099,50.98195,0.409
17.101,50.98195,0.426
17.103,50.98195,0.405
17.105,50.98195,0.436
17.107,50.98195,0.423
17.109,50.98195,0.473
17.111,50.98195,0.422
17.113,50.98195,0.429
17.115,50.98195,0.476
17.117,50.98195,0.519
17.119,50.98195,0.513
17.121,50.98195,0.548
17.123,50.98195,0.516
17.125,50.98195,0.501
17.127,50.98195,0.565
17.129,50.98195,0.52
17.131,50.98195,0.528
17.133,50.98195,0.552
17.135,50.98195,0.579
17.137,50.98195,0.531
17.139,50.98195,0.527
17.141,50.98195,0.529
17.143,50.98195,0.51
17.145,50.98195,0.526
17.147,50.98195,0.495
17.149,50.98195,0.467
17.151,50.98195,0.478
17.153,50.98195,0.437
17.155,50.98195,0.501
17.157,50.98195,0.46
17.159,50.98195,0.453
17.161,50.98195,0.443
17.163,50.98195,0.494
17.165,50.98195,0.476
17.167,50.98195,0.493
17.169,50.98195,0.474
17.171,50.98195,0.489
17.173,50.98195,0.516
17.175,50.98195,0.555
17.177,50.98195,0.51
17.179,50.98195,0.584
17.181,50.98195,0.552
17.183,50.98195,0.558
17.185,50.98195,0.577
17.187,50.98195,0.534
17.189,50.98195,0.529
17.191,50.98195,0.548
17.193,50.98195,0.523
17.195,50.98195,0.55
17.197,50.98195,0.564
17.199,50.98195,0.525
17.201,50.98195,0.622
17.203,50.98195,0.569
17.205,50.98195,0.572
17.207,50.98195,0.562
17.209,50.98195,0.575
17.211,50.98195,0.558
17.213,50.98195,0.608
17.215,50.98195,0.626
17.217,50.98195,0.644
17.219,50.98195,0.619
17.221,50.98195,0.623
17.223,50.98195,0.636
17.225,50.98195,0.629
17.227,50.98195,0.607
17.229,50.98195,0.531
17.231,50.98195,0.556
17.233,50.98195,0.569
17.235,50.98195,0.51
17.237,50.98195,0.539
17.239,50.98195,0.531
17.241,50.98195,0.464
17.243,50.98195,0.49
17.245,50.98195,0.447
17.247,50.98195,0.437
17.249,50.98195,0.43
16.851,50.98065,0.539
16.853,50.98065,0.61
16.855,50.98065,0.56
16.857,50.98065,0.57
16.859,50.98065,0.516
16.861,50.98065,0.528
16.863,50.98065,0.554
16.865,50.98065,0.582
16.867,50.98065,0.59
16.869,50.98065,0.574
16.871,50.98065,0.573
16.873,50.98065,0.558
16.875,50.98065,0.552
16.877,50.98065,0.529
16.879,50.98065,0.518
16.881,50.98065,0.5
16.883,50.98065,0.553
16.885,50.98065,0.497
16.887,50.98065,0.492
16.889,50.98065,0.472
16.891,50.98065,0.475
16.893,50.98065,0.464
16.895,50.98065,0.486
16.897,50.98065,0.429
16.899,50.98065,0.459
16.901,50.98065,0.484
16.903,50.98065,0.469
16.905,50.98065,0.456
16.907,50.98065,0.468
16.909,50.98065,0.492
16.911,50.98065,0.515
16.913,50.98065,0.535
16.915,50.98065,0.52
16.917,50.98065,0.541
16.919,50.98065,0.552
16.921,50.98065,0.564
16.923,50.98065,0.531
16.925,50.98065,0.552
16.927,50.98065,0.547
16.929,50.98065,0.514
16.931,50.98065,0.563
16.933,50.98065,0.533
16.935,50.98065,0.528
16.937,50.98065,0.517
16.939,50.98065,0.486
16.941,50.98065,0.491
16.943,50.98065,0.503
16.945,50.98065,0.484
16.947,50.98065,0.446
16.949,50.98065,0.429
16.951,50.98065,0.449
16.953,50.98065,0.4
16.955,50.98065,0.439
16.957,50.98065,0.415
16.959,50.98065,0.446
16.961,50.98065,0.4
16.963,50.98065,0.455
16.965,50.98065,0.439
16.967,50.98065,0.466
16.969,50.98065,0.456
16.971,50.98065,0.51
16.973,50.98065,0.498
16.975,50.98065,0.539
16.977,50.98065,0.587
16.979,50.98065,0.546
16.981,50.98065,0.608
16.983,50.98065,0.586
16.985,50.98065,0.591
16.987,50.98065,0.594
16.989,50.98065,0.577
16.991,50.98065,0.573
16.993,50.98065,0.592
16.995,50.98065,0.589
16.997,50.98065,0.524
16.999,50.98065,0.558
17.001,50.98065,0.556
17.003,50.98065,0.57
17.005,50.98065,0.536
17.007,50.98065,0.548
17.009,50.98065,0.488
17.011,50.98065,0.52
17.013,50.98065,0.557
17.015,50.98065,0.494
17.017,50.98065,0.495
17.019,50.98065,0.449
17.021,50.98065,0.511
17.023,50.98065,0.489
17.025,50.98065,0.51
17.027,50.98065,0.505
17.029,50.98065,0.511
17.031,50.98065,0.543
17.033,50.98065,0.513
17.035,50.98065,0.522
17.037,50.98065,0.546
17.039,50.98065,0.492
17.041,50.98065,0.541
17.043,50.98065,0.516
17.045,50.98065,0.466
17.047,50.98065,0.482
17.049,50.98065,0.469
17.051,50.98065,0.454
17.053,50.98065,0.458
17.055,50.98065,0.412
17.057,50.98065,0.458
17.059,50.98065,0.412
17.061,50.98065,0.485
17.063,50.98065,0.505
17.065,50.98065,0.503
17.067,50.98065,0.527
17.069,50.98065,0.556
17.071,50.98065,0.608
17.073,50.98065,0.551
17.075,50.98065,0.638
17.077,50.98065,0.641
17.079,50.98065,0.641
17.081,50.98065,0.625
17.083,50.98065,0.609
17.085,50.98065,0.592
17.087,50.98065,0.564
17.089,50.98065,0.568
17.091,50.98065,0.529
17.093,50.98065,0.484
17.095,50.98065,0.477
17.097,50.98065,0.432
17.099,50.98065,0.395
17.101,50.98065,0.408
17.103,50.98065,0.431
17.105,50.98065,0.437
17.107,50.98065,0.407
17.109,50.98065,0.436
17.111,50.98065,0.413
17.113,50.98065,0.48
17.115,50.98065,0.51
17.117,50.98065,0.498
17.119,50.98065,0.516
17.121,50.98065,0.561
17.123,50.98065,0.538
17.125,50.98065,0.521
17.127,50.98065,0.555
17.129,50.98065,0.532
17.131,50.98065,0.533
17.133,50.98065,0.52
17.135,50.98065,0.568
17.137,50.98065,0.523
17.139,50.98065,0.515
17.141,50.98065,0.489
17.143,50.98065,0.512
17.145,50.98065,0.484
17.147,50.98065,0.508
17.149,50.98065,0.474
17.151,50.98065,0.472
17.153,50.98065,0.506
17.155,50.98065,0.471
17.157,50.98065,0.442
17.159,50.98065,0.446
17.161,50.98065,0.435
17.163,50.98065,0.486
17.165,50.98065,0.445
17.167,50.98065,0.493
17.169,50.98065,0.508
17.171,50.98065,0.504
17.173,50.98065,0.514
17.175,50.98065,0.538
17.177,50.98065,0.521
17.179,50.98065,0.547
17.181,50.98065,0.562
17.183,50.98065,0.567
17.185,50.98065,0.544
17.187,50.98065,0.532
17.189,50.98065,0.548
17.191,50.98065,0.54
17.193,50.98065,0.535
17.195,50.98065,0.538
17.197,50.98065,0.555
17.199,50.98065,0.559
17.201,50.98065,0.555
17.203,50.98065,0.526
17.205,50.98065,0.603
17.207,50.98065,0.611
17.209,50.98065,0.6
17.211,50.98065,0.62
17.213,50.98065,0.667
17.215,50.98065,0.607
17.217,50.98065,0.621
17.219,50.98065,0.633
17.221,50.98065,0.622
17.223,50.98065,0.651
17.225,50.98065,0.62
17.227,50.98065,0.587
17.229,50.98065,0.587
17.231,50.98065,0.576
17.233,50.98065,0.569
17.235,50.98065,0.528
17.237,50.98065,0.521
17.239,50.98065,0.482
17.241,50.98065,0.452
17.243,50.98065,0.472
17.245,50.98065,0.464
17.247,50.98065,0.479
17.249,50.98065,0.422
