"title","year","length","budget","rating","votes","mpaa","genre","n_genres"
"10 Things I Hate About You",1999,97,16000000,6.7,19095,"PG-13","Romance",2
"100 Mile Rule",2002,98,1100000,5.6,181,"R","Comedy",1
"101",1989,117,200000,7.8,299,,"Documentary",1
"11:14",2003,95,6000000,7.1,605,,"Comedy",2
"13 Going On 30",2004,98,37000000,6.4,7859,"PG-13","Romance",3
"13th Warrior, The",1999,102,85000000,6.1,14344,"R","Action",1
"1492: Conquest of Paradise",1992,154,47000000,6,3379,,"Drama",1
"15 Minutes",2001,120,42000000,6.1,10866,"R","Drama",1
"1776",1972,180,4000000,7.3,1754,"PG","Drama",1
"1941",1979,146,35000000,5.6,5536,,"Comedy",1
"2 Fast 2 Furious",2003,107,76000000,5.1,9556,"PG-13","Action",1
"200 Motels",1971,98,679000,5.2,338,,"Comedy",1
"2001: A Space Travesty",2000,99,26000000,2.5,2023,"R","Comedy",1
"21 Grams",2003,124,20000000,8,21857,"R","Drama",1
"24 Hour Woman, The",1999,93,2500000,5.6,149,"R","Comedy",1
"28 Days",2000,103,43000000,6,7465,"PG-13","Drama",1
"28 Days Later...",2002,113,8000000,7.3,24174,"R","Other",0
"3 Strikes",2000,82,6000000,3.7,305,,"Comedy",1
"3000 Miles to Graceland",2001,125,62000000,5.4,7298,"R","Action",2
"40 Days and 40 Nights",2002,96,17000000,5.4,8609,"R","Romance",3
"50 First Dates",2004,99,75000000,6.8,13497,"PG-13","Romance",2
"51st State, The",2001,92,28000000,6.1,6752,"R","Action",2
"54",1998,100,13000000,5.4,6905,"R","Drama",1
"72 metra",2004,100,1600000,6,147,,"Action",2
"8 Mile",2002,110,41000000,6.8,17900,"R","Drama",1
"8MM",1999,123,40000000,5.9,18541,"R","Other",0
"About Schmidt",2002,125,30000000,7.3,23279,"R","Comedy",2
"About a Boy",2002,101,27000000,7.5,18318,"PG-13","Comedy",2
"Absolon",2003,96,8000000,4.1,548,"R","Action",1
"Absolute Power",1997,121,50000000,6.4,7995,"R","Drama",1
"Abyss, The",1989,171,69500000,7.4,21987,"PG-13","Action",2
"Ace Ventura: When Nature Calls",1995,90,30000000,4.9,15161,"PG-13","Comedy",1
"Adaptation.",2002,114,19000000,7.9,25140,"R","Comedy",2
"Adventures of Baron Munchausen, The",1988,125,46630000,6.8,7927,,"Comedy",1
"Adventures of Elmo in Grouchland, The",1999,89,17000000,5.5,420,,"Comedy",1
"Adventures of Pinocchio, The",1996,92,25000000,5.6,577,,"Other",0
"Adventures of Pluto Nash, The",2002,95,100000000,3.9,2543,"PG-13","Action",2
"Affliction",1997,114,6000000,6.9,3679,"R","Drama",1
"After Hours",1985,96,4500000,7.4,5630,,"Comedy",1
"After Midnight",1989,90,3000000,5.1,160,,"Other",0
"Age of Innocence, The",1993,139,34000000,7.1,6049,,"Romance",2
"Agent Cody Banks",2003,102,26000000,5.5,2655,"PG","Action",2
"Agent Cody Banks 2: Destination London",2004,100,26000000,3.8,919,"PG","Action",2
"Air Force One",1997,124,85000000,6.3,26156,"R","Action",2
"Airplane!",1980,88,3500000,7.8,23369,,"Comedy",1
"Airport",1970,137,10000000,6.4,2918,,"Drama",1
"Akumulator 1",1994,102,2000000,7.1,272,,"Comedy",1
"Aladdin",1992,90,28000000,7.6,22499,,"Animation",2
"Alamo, The",2004,137,95000000,5.9,3060,"PG-13","Action",2
"Albino Alligator",1996,97,5000000,6,2077,"R","Drama",1
"Alexander",2004,175,150000000,5.5,11254,"R","Drama",1
"Alfie",2004,103,60000000,6,3492,"R","Comedy",2
"Ali",2001,165,107000000,6.4,9294,"R","Drama",1
"Alias",2002,98,1500000,5.7,266,,"Romance",2
"Alice",1990,102,12000000,6.4,1706,,"Romance",3
"Alien",1979,116,11000000,8.3,63400,"R","Other",0
"Alien Dead",1980,69,12000,2.4,112,,"Other",0
"Alien Nation",1988,91,16000000,6,2171,,"Drama",1
"Alien: Resurrection",1997,116,70000000,6,24358,"R","Action",1
"Aliens",1986,154,18500000,8.3,63961,"R","Action",1
"Alive",1993,127,32000000,6.7,5786,,"Action",2
"All About the Benjamins",2002,95,14000000,5.4,1250,"R","Action",2
"All the President's Men",1976,138,8500000,8,12724,,"Drama",1
"All the Pretty Horses",2000,116,45000000,5.6,3133,"PG-13","Drama",1
"All the Queen's Men",2001,105,25000000,5,353,"PG-13","Action",3
"All the Real Girls",2003,108,1000000,6.8,1745,"R","Romance",2
"Alligator",1980,89,1000000,5.5,1032,,"Comedy",1
"Alligator II: The Mutation",1991,92,3000000,2.7,282,,"Other",0
"Almost Famous",2000,162,60000000,8,38648,"R","Comedy",2
"Alone in the Dark",2005,96,20000000,2.1,2880,"R","Action",1
"Along Came Polly",2004,90,42000000,5.8,9785,"PG-13","Romance",2
"Along Came a Spider",2001,104,28000000,6.1,9456,"R","Drama",1
"Amadeus",1984,180,18000000,8.3,36955,"R","Drama",1
"Ame agaru",1999,91,3800000,7.8,448,,"Drama",1
"America 3000",1986,84,2000000,3.7,123,,"Action",1
"America's Sweethearts",2001,102,48000000,5.8,11849,"PG-13","Romance",2
"American Beauty",1999,121,15000000,8.5,109991,"R","Drama",1
"American Desi",2001,100,250000,6.8,291,,"Romance",3
"American Graffiti",1973,110,777000,7.6,12758,,"Comedy",2
"American History X",1998,119,10000000,8.4,59677,"R","Drama",1
"American Outlaws",2001,94,35000000,5.5,2878,"PG-13","Action",2
"American Pie 2",2001,105,30000000,6.3,22752,"R","Comedy",1
"American Werewolf in London, An",1981,92,10000000,7.2,8347,,"Romance",2
"American Werewolf in Paris, An",1997,105,22000000,5,4302,"R","Romance",2
"Amistad",1997,152,40000000,7,10543,"R","Drama",1
"Anaconda",1997,89,45000000,4.1,10510,,"Action",1
"Analyze This",1999,109,30000000,6.6,24521,"R","Comedy",1
"Anastasia",1997,94,53000000,6.5,4896,,"Animation",1
"And Now for Something Completely Different",1971,85,100000,7.4,3539,,"Comedy",1
"Angel Eyes",2001,102,38000000,5.6,4829,"R","Romance",2
"Angel Heart",1987,113,17000000,7.1,8335,,"Other",0
"Anger Management",2003,106,75000000,6,14280,"PG-13","Comedy",1
"Animal House",1978,109,3000000,7.5,17609,,"Comedy",1
"Animal, The",2001,84,22000000,4.8,5605,"R","Comedy",1
"Annie",1982,126,50000000,5.7,3475,,"Other",0
"Annie Hall",1977,93,4000000,8.3,21462,,"Romance",2
"Another Woman",1988,84,10000000,7.2,1380,,"Drama",1
"Another You",1991,94,26000000,4.4,398,,"Comedy",1
"Antikiller",2002,114,5000000,5.4,231,,"Action",1
"Antitrust",2001,108,30000000,6,7326,"PG-13","Drama",1
"Any Given Sunday",1999,156,62000000,6.4,19531,"R","Drama",1
"Anything Else",2003,108,18000000,6.5,3678,"R","Romance",2
"Apartment Zero",1988,124,4000000,6.2,933,,"Other",0
"Apollo 13",1995,140,62000000,7.5,41098,"PG","Drama",1
"Apostle, The",1997,134,5000000,7.2,4231,"PG-13","Drama",1
"Apt Pupil",1998,112,14000000,6.4,6728,"R","Drama",1
"Are We There Yet?",2005,95,32000000,3.5,1043,"PG","Comedy",1
"Aristocats, The",1970,78,4000000,6.6,2972,,"Animation",2
"Arlington Road",1999,117,21500000,7.1,17189,"R","Drama",1
"Around the World in 80 Days",2004,120,110000000,5.7,3887,"PG","Action",3
"Arthur",1981,97,7000000,6.6,4595,,"Romance",2
"Artificial Intelligence: AI",2001,146,90000000,6.8,36623,"PG-13","Drama",1
"Assassination of Trotsky, The",1972,103,2500000,5,148,,"Drama",1
"Assault of the Killer Bimbos",1988,85,250000,4,149,,"Comedy",1
"Assault on Precinct 13",2005,109,20000000,6.3,2960,"R","Action",2
"Asterix in Amerika",1994,85,12500000,5.4,394,,"Animation",2
"Astronaut's Wife, The",1999,109,34000000,4.8,7253,"R","Other",0
"At First Sight",1999,128,40000000,5.7,3441,"PG-13","Drama",1
"Attic Expeditions, The",2001,100,1000000,5.4,384,"R","Other",0
"Auch Zwerge haben klein angefangen",1970,96,200000,7.2,330,,"Drama",1
"Austin Powers in Goldmember",2002,94,63000000,6.2,22870,"PG-13","Action",2
"Austin Powers: The Spy Who Shagged Me",1999,95,33000000,6.5,37019,"PG-13","Action",2
"Auto Focus",2002,105,7000000,6.7,3276,"R","Drama",1
"Avalon",2001,106,8000000,6.8,2723,"R","Animation",2
"Avanti!",1972,140,2750000,7.2,1043,,"Romance",3
"Avengers, The",1998,89,60000000,3.4,11499,"PG-13","Action",1
"Aviator, The",2004,170,116000000,7.5,16217,"PG-13","Drama",1
"Awfully Big Adventure, An",1995,112,4000000,5.8,608,"R","Drama",1
"Babe",1995,89,30000000,7.4,16988,,"Comedy",2
"Babe: Pig in the City",1998,97,80000000,6.5,3827,,"Comedy",1
"Baby Boy",2001,130,16000000,6.2,1476,"R","Romance",2
"Baby Geniuses",1999,97,13000000,2.4,3142,"PG","Comedy",1
"Baby's Day Out",1994,99,50000000,4.4,1856,,"Comedy",1
"Bacheha-Ye aseman",1997,89,180000,7.6,1499,,"Comedy",2
"Bachelor, The",1999,101,21000000,5,4183,"PG-13","Romance",2
"Back to the Future",1985,111,19000000,8.1,68647,,"Action",2
"Back to the Future Part II",1989,108,40000000,7,28547,,"Comedy",1
"Bad Boys",1995,118,23000000,6.4,15326,"R","Action",2
"Bad Company",2002,116,70000000,5.4,6175,"PG-13","Action",2
"Bad Taste",1987,86,150000,6.9,7048,,"Comedy",1
"Badkonake sefid",1995,85,150000,7.4,618,,"Drama",1
"Badlands",1973,94,500000,7.7,4763,,"Drama",1
"Bait",2000,119,35000000,5.6,1884,"R","Action",2
"Ballad of Cable Hogue, The",1970,121,3716946,7.2,712,,"Comedy",1
"Ballistic: Ecks vs. Sever",2002,91,70000000,3.4,4556,"R","Action",1
"Bananas",1971,82,2000000,7.1,4252,"PG-13","Comedy",1
"Band of the Hand",1986,109,8700000,4.9,378,,"Action",2
"Barbershop",2002,102,12000000,6.6,4943,"PG-13","Comedy",2
"Barbershop 2: Back in Business",2004,106,18000000,5.7,1580,"PG-13","Comedy",1
"Barcelona",1994,101,3200000,6.6,1570,,"Romance",3
"Barney's Great Adventure",1998,76,15000000,2.9,249,,"Other",0
"Barry Lyndon",1975,184,11000000,8,12285,,"Romance",2
"Basic",2003,98,50000000,6.2,8370,"R","Drama",1
"Basic Instinct",1992,128,49000000,6.7,19520,"R","Other",0
"Basil",1998,113,10000000,6.1,367,"R","Romance",2
"Basket Case 2",1990,90,2500000,3.9,310,,"Comedy",1
"Basket, The",1999,105,3000000,6.3,200,"PG","Drama",1
"Batman",1989,126,35000000,7.4,35927,,"Action",1
"Batman & Robin",1997,125,110000000,3.6,28457,"PG-13","Action",1
"Batman Returns",1992,126,80000000,6.5,23010,,"Action",2
"Batoru rowaiaru",2000,122,4500000,7.9,12138,,"Action",2
"Batoru rowaiaru II: Rekuiemu",2003,155,9000000,4.8,2117,,"Action",1
"Battle for the Planet of the Apes",1973,96,1800000,4.9,2335,,"Action",2
"Battle of Shaker Heights, The",2003,90,1000000,6,854,"PG-13","Romance",3
"Battlefield Earth: A Saga of the Year 3000",2000,119,73000000,2.4,14970,"PG-13","Action",1
"Be Cool",2005,118,53000000,5.5,4560,"PG-13","Comedy",1
"Beach, The",2000,119,50000000,5.8,15020,"R","Drama",1
"Bean",1997,90,22000000,5.4,9018,"PG-13","Comedy",1
"Bear, The",1984,110,221000,5.9,135,,"Comedy",2
"Beastmaster 2: Through the Portal of Time",1991,107,6000000,3.1,564,,"Action",1
"Beautiful",2000,112,9000000,5.3,991,"PG-13","Comedy",2
"Beautiful Country, The",2004,137,6000000,6.9,115,"R","Drama",1
"Beautiful Mind, A",2001,135,60000000,7.8,43291,"PG-13","Drama",1
"Because of Winn-Dixie",2005,106,14000000,5.9,483,"PG","Comedy",2
"Bedazzled",2000,93,48000000,5.9,11439,"PG-13","Comedy",1
"Bedknobs and Broomsticks",1971,139,20000000,6.5,2614,,"Animation",1
"Beetle Juice",1988,92,15000000,7.1,20966,,"Comedy",1
"Before Sunrise",1995,105,2500000,7.8,9618,,"Romance",2
"Before Sunset",2004,80,10000000,8.3,8789,"R","Romance",2
"Begotten",1991,78,33000,5.8,405,,"Other",0
"Behind Enemy Lines",2001,106,40000000,6.1,10856,"PG-13","Action",2
"Being John Malkovich",1999,113,13000000,7.9,55079,,"Comedy",2
"Being Julia",2004,104,18000000,7.2,1671,"R","Comedy",2
"Belly",1998,96,10000000,4.5,1034,"R","Drama",1
"Belly of the Beast",2003,91,18000000,4.2,638,"R","Action",1
"Beloved",1998,172,53000000,5.6,1934,"R","Drama",1
"Beneath the Planet of the Apes",1970,95,3000000,5.8,3568,,"Action",2
"Beneath the Valley of the Ultra-Vixens",1979,93,239000,5.2,402,,"Comedy",1
"Benji",1974,86,500000,5.7,679,,"Other",0
"Beowulf",1999,99,20000000,3.7,2058,"R","Action",1
"Best Laid Plans",1999,92,7000000,6.3,1795,"R","Drama",1
"Betrayal",2003,90,750000,4.7,157,,"Action",2
"Better Luck Tomorrow",2002,98,250000,7.3,2697,"R","Drama",1
"Better Place, A",1997,87,100000,5.8,447,,"Drama",1
"Beyond Rangoon",1995,100,23000000,6.4,1285,"R","Drama",1
"Beyond Re-Animator",2003,96,3000000,6.1,908,"R","Comedy",1
"Beyond the Mat",1999,108,500000,7.3,2243,"R","Documentary",1
"Beyond the Sea",2004,118,24000000,6.7,1051,"PG-13","Drama",1
"Beyond the Valley of the Dolls",1970,111,900000,5.4,1575,,"Comedy",2
"Bicentennial Man",1999,132,100000000,6.2,8925,"PG","Romance",2
"Big",1988,104,18000000,7.2,18660,,"Comedy",1
"Big Bounce, The",2004,88,50000000,4.7,2505,"PG-13","Comedy",1
"Big Bully",1996,90,15000000,4.2,781,"PG","Comedy",2
"Big Daddy",1999,93,34200000,5.9,18258,"PG-13","Comedy",1
"Big Doll House, The",1971,95,125000,4.6,194,,"Action",2
"Big Fat Liar",2002,88,15000000,5.5,2453,"PG","Comedy",1
"Big Fish",2003,125,70000000,8.1,31525,"PG-13","Comedy",2
"Big Lebowski, The",1998,117,15000000,8,50179,"R","Comedy",1
"Big Momma's House",2000,98,30000000,4.7,7509,"PG-13","Comedy",1
"Big Tease, The",1999,86,4000000,6.1,670,"R","Comedy",1
"Bill & Ted's Bogus Journey",1991,93,20000000,5.6,8152,,"Comedy",1
"Bill & Ted's Excellent Adventure",1989,90,10000000,6.6,12277,,"Comedy",1
"Billy Elliot",2000,110,5000000,7.7,16725,"R","Drama",1
"Billy Jack",1971,114,800000,5.5,994,,"Action",2
"Bingo",1991,89,10000000,4.1,374,,"Comedy",1
"Birth",2004,100,20000000,6,2600,"R","Romance",2
"Birthday Girl",2001,93,13000000,6.1,5340,"R","Romance",3
"Black Cauldron, The",1985,80,44000000,6.2,1895,,"Animation",1
"Black Hawk Down",2001,142,90000000,7.6,32530,"R","Action",2
"Black Hole, The",1979,98,18500000,5.4,3425,,"Other",0
"Black Knight",2001,95,50000000,4.1,3822,"PG-13","Comedy",1
"Black Stallion, The",1979,118,2700000,7,1822,,"Other",0
"Black and White",1999,98,10000000,5.2,1699,"R","Drama",1
"Blade",1998,110,45000000,6.8,24372,"R","Action",1
"Blade Runner",1982,117,28000000,8.2,74749,,"Action",2
"Blade: Trinity",2004,124,65000000,5.7,7439,"R","Action",1
"Blair Witch Project, The",1999,86,35000,6.1,39814,"R","Other",0
"Blast from the Past",1999,112,35000000,6.4,9483,"PG-13","Romance",3
"Blazing Saddles",1974,93,2600000,7.7,17166,,"Comedy",1
"Blood Work",2002,110,50000000,6.3,5965,"R","Drama",1
"Blood and Wine",1996,101,26000000,6,2134,"R","Drama",1
"Blood, Guts, Bullets and Octane",1998,87,7300,5.3,285,"R","Action",2
"Bloodline",1979,116,12000000,3.9,160,,"Other",0
"Blow",2001,124,30000000,7.1,18670,"R","Drama",1
"Blow Out",1981,108,18000000,7,3563,,"Other",0
"Blue Bird, The",1976,99,12000000,3.9,148,,"Other",0
"Blue Crush",2002,104,30000000,5.7,4791,"PG-13","Romance",2
"Blue Lagoon, The",1980,104,4500000,4.7,4324,,"Romance",2
"Blue Velvet",1986,120,6000000,7.7,18756,,"Drama",1
"Blues Brothers 2000",1998,123,28000000,4.5,5267,"PG-13","Comedy",1
"Blues Brothers, The",1980,148,27000000,7.7,28964,,"Action",2
"Body Double",1984,114,10000000,6.3,3543,,"Drama",1
"Body Parts",1991,88,10000000,4.6,604,,"Other",0
"Body of Evidence",1993,102,30000000,4.1,2625,,"Romance",1
"Bogus",1996,110,32000000,5,1007,"PG","Comedy",2
"Boiler Room",2000,118,9000000,6.8,8586,"R","Drama",1
"Bon voyage",2003,115,20000000,7.2,1061,"PG-13","Comedy",2
"Bone Collector, The",1999,118,48000000,6.2,17766,"R","Drama",1
"Bones",2001,96,16000000,4.2,1418,"R","Other",0
"Bonfire of the Vanities, The",1990,125,47000000,5,4151,,"Comedy",2
"Boogens, The",1982,95,600000,4.2,155,,"Other",0
"Boogeyman",2005,89,20000000,4.1,2055,"PG-13","Drama",1
"Book of Life, The",1998,63,350000,6.7,551,,"Comedy",1
"Book of Mormon Movie, Volume 1: The Journey, The",2003,120,2000000,3.4,142,"PG-13","Other",0
"Book of Shadows: Blair Witch 2",2000,90,15000000,4.2,6532,"R","Other",0
"Borrowers, The",1997,89,29000000,5.6,1457,"PG","Comedy",1
"Bossu, Le",1997,128,30000000,7.1,668,,"Drama",1
"Bounce",2000,106,35000000,5.8,5390,"PG-13","Romance",2
"Bound",1996,109,4500000,7.5,11911,"R","Romance",1
"Boys Next Door, The",1986,90,5000000,5.8,308,,"Drama",1
"Boys and Girls",2000,94,16000000,4.9,3483,"PG-13","Romance",3
"Boys from Brazil, The",1978,123,12000000,6.8,2826,,"Drama",1
"Boys in the Band, The",1970,118,5500000,7.3,448,,"Drama",1
"Boys on the Side",1995,115,21000000,6.1,2775,,"Comedy",2
"Brady Bunch Movie, The",1995,90,12000000,5.6,4636,"PG-13","Comedy",1
"Braindead",1992,97,3000000,7.5,11552,,"Romance",2
"Brat 2",2000,122,1500000,6.7,528,,"Action",1
"Braveheart",1995,177,53000000,8.3,92437,"R","Action",2
"Bravo Two Zero",1999,115,6500000,6.5,578,"R","Other",0
"Brazil",1985,94,15000000,8,30735,,"Comedy",1
"Bread, My Sweet, The",2001,105,600000,6.8,257,"PG-13","Romance",2
"Breakdown",1997,95,36000000,6.7,7099,"R","Action",1
"Breakfast of Champions",1999,110,12000000,4.2,2250,"R","Comedy",1
"Breed, The",2001,91,4000000,4.7,582,"R","Action",1
"Bride of the Wind",2001,99,12000000,5.2,201,"R","Drama",1
"Bridge of Dragons",1999,95,4000000,3.7,373,"R","Action",2
"Bridget Jones: The Edge of Reason",2004,108,70000000,5.7,6636,"R","Romance",3
"Brigham City",2001,119,1000000,7.1,405,"PG-13","Drama",1
"Bring It On",2000,98,10000000,6.1,11784,"PG-13","Comedy",1
"Bring Me the Head of Alfredo Garcia",1974,112,1500000,7.1,1163,,"Drama",1
"Bringing Down the House",2003,105,35000000,5.6,6501,"PG-13","Comedy",1
"Bringing Out the Dead",1999,121,32000000,6.7,13989,"R","Drama",1
"Broken Arrow",1996,108,65000000,5.7,14415,"R","Action",1
"Broken Hearts Club: A Romantic Comedy, The",2000,94,1000000,6.8,1712,,"Comedy",2
"Broken Vessels",1998,90,600000,6.1,223,"R","Drama",1
"Bronx Tale, A",1993,121,22000000,7.5,9175,,"Drama",1
"Brothers McMullen, The",1995,98,23800,6.4,2325,"R","Comedy",2
"Brown Bunny, The",2003,119,10000000,5.1,1045,,"Drama",1
"Brown Sugar",2002,109,8000000,5.9,941,"PG-13","Romance",3
"Bruce Almighty",2003,101,81000000,6.4,23905,"PG-13","Romance",2
"Brylcreem Boys, The",1998,106,6000000,6,199,"PG-13","Romance",2
"Bubba Ho-tep",2002,92,1000000,7.5,7142,"R","Comedy",1
"Budbringeren",1997,83,2100000,6.8,732,,"Comedy",1
"Buffalo '66",1998,110,1500000,7.2,6652,"R","Comedy",2
"Buffalo Soldiers",2001,98,15000000,7,3753,"R","Comedy",2
"Bug Buster",1998,93,8500000,2.9,268,"PG-13","Action",2
"Bug's Life, A",1998,96,45000000,7.4,23184,,"Animation",2
"Bull Durham",1988,108,7000000,7.1,8434,,"Romance",3
"Bulletproof",1988,93,5000000,3.8,155,,"Action",2
"Bulletproof Monk",2003,104,52000000,5.2,5405,"PG-13","Action",2
"Bulworth",1998,108,30000000,6.9,8277,,"Romance",3
"Bumer",2003,110,700000,6.5,264,,"Drama",1
"Burning, The",1981,89,1500000,4.7,546,,"Other",0
"Business of Fancydancing, The",2002,103,200000,7.3,195,,"Drama",1
"But I'm a Cheerleader",1999,85,1200000,6.2,3897,"R","Romance",3
"Butterfly Effect, The",2004,120,13000000,7.6,22975,"R","Drama",1
"C.H.U.D.",1984,96,1250000,4.3,834,,"Other",0
"CQ",2001,91,7000000,6.4,1315,"R","Comedy",2
"Cabaret",1972,124,6000000,7.8,7176,,"Drama",1
"Cabin Fever",2002,93,1500000,5.1,7776,"R","Other",0
"Caddyshack",1980,98,6000000,7.1,13453,,"Comedy",1
"Caged Heat",1974,83,180000,4.9,295,,"Action",2
"Cameron's Closet",1989,86,7000000,3.9,113,,"Other",0
"Camp Slaughter",2004,95,350000,2,180,,"Other",0
"Can't Be Heaven",2000,94,2000000,5.7,104,"PG","Romance",3
"Canadian Bacon",1995,91,11000000,5.5,3514,,"Comedy",1
"Cape Fear",1991,128,35000000,7.1,15585,"R","Drama",1
"Captain Corelli's Mandolin",2001,131,57000000,5.9,5281,"R","Romance",2
"Captain Kronos - Vampire Hunter",1974,91,400000,6.3,442,,"Other",0
"Carandiru",2003,147,6000000,7.7,1608,"R","Drama",1
"Carnosaur",1993,83,1000000,3.1,583,,"Other",0
"Carpool",1996,89,17000000,4.5,829,"PG","Comedy",1
"Carrie",1976,98,1800000,7.2,11778,,"Drama",1
"Casa dell'esorcismo, La",1973,95,1000000,5.5,277,,"Other",0
"Casino",1995,176,52000000,7.8,27234,"R","Drama",1
"Casshern",2004,141,5000000,6.5,1237,,"Action",2
"Cast Away",2000,143,90000000,7.3,34580,"PG-13","Drama",1
"Cat in the Hat, The",2003,82,109000000,3.2,4997,"PG","Comedy",1
"Catch Me If You Can",2002,141,52000000,7.6,39915,"PG-13","Drama",1
"Catwoman",2004,104,85000000,3.4,8815,"PG-13","Action",1
"Cell, The",2000,109,33000000,6.1,16118,"R","Other",0
"Cellular",2004,94,25000000,6.4,6182,"PG-13","Action",1
"Central do Brasil",1998,108,2900000,7.9,8980,,"Drama",1
"Chamber, The",1996,113,50000000,5.7,2540,"R","Drama",1
"Chance",2002,73,150000,8,440,,"Comedy",2
"Changing Habits",1997,95,1200000,5.5,134,"R","Comedy",2
"Changing Lanes",2002,99,45000000,6.6,12779,"R","Drama",1
"Chariots of Fire",1981,123,5500000,7.3,6666,,"Drama",1
"Charlie",2004,94,5000000,5,141,"R","Drama",1
"Charlie's Angels",2000,94,92000000,5.8,25705,"PG-13","Action",2
"Charlie's Angels: Full Throttle",2003,107,120000000,5,13990,"PG-13","Action",2
"Charlotte Sometimes",2002,85,80000,4.6,555,"R","Drama",1
"Chasing Amy",1997,111,250000,7.6,32141,"R","Romance",3
"Chasing Liberty",2004,111,23000000,5.7,1911,"PG-13","Romance",2
"Cheaper by the Dozen",2003,98,40000000,5.8,5977,"PG","Comedy",2
"Cheerleaders, The",1973,84,153000,5,177,,"Comedy",1
"Cheetah",1989,83,5000000,5.9,115,,"Other",0
"Cherry, Harry & Raquel!",1970,71,90000,4.6,189,,"Drama",1
"Chicago",2002,113,45000000,7.5,34933,"PG-13","Comedy",2
"Chicken Run",2000,84,42000000,7.4,25099,,"Animation",2
"Chiesa, La",1989,98,3500000,5.9,486,,"Drama",1
"Child's Play",1988,87,19000000,5.9,4250,,"Other",0
"Child's Play 2",1990,84,13000000,4.5,2327,,"Comedy",1
"Children Shouldn't Play with Dead Things",1972,87,70000,4.4,413,,"Other",0
"Children of the Corn II: The Final Sacrifice",1993,92,900000,3.2,937,,"Other",0
"Chill Factor",1999,101,34000000,5,2542,"R","Action",2
"Choirboys, The",1977,119,6500000,4.9,260,,"Drama",1
"Christine",1983,110,9700000,6,5666,,"Drama",1
"Christmas with the Kranks",2004,98,60000000,4.5,1520,"PG","Comedy",1
"Chronicles of Riddick, The",2004,135,110000000,6.2,11438,"PG-13","Action",1
"Chuck&Buck",2000,96,250000,6.6,1919,"R","Comedy",2
"Cidade de Deus",2002,135,3300000,8.7,25964,"R","Drama",1
"Cider House Rules, The",1999,126,24000000,7.5,18950,"PG-13","Romance",2
"Cinderella Story, A",2004,95,20000000,4.9,2755,"PG","Romance",2
"Citizen Ruth",1996,102,3000000,6.8,1441,,"Comedy",2
"City by the Sea",2002,108,60000000,6.3,4886,"R","Drama",1
"City of Ghosts",2002,116,17500000,5.6,877,"R","Other",0
"City on Fire",1979,104,5300000,3.4,127,,"Action",1
"Civil Action, A",1998,112,60000000,6.4,6847,"PG-13","Drama",1
"Claire of the Moon",1992,107,130000,4.1,208,,"Romance",2
"Class of 1984",1982,98,4300000,5.5,662,,"Action",2
"Class of 1999",1990,99,5200000,4.5,549,,"Action",1
"Clear and Present Danger",1994,141,65000000,6.8,13025,,"Action",2
"Clerks.",1994,92,230000,7.9,39927,"R","Comedy",2
"Clockers",1995,129,25000000,6.8,3099,"R","Drama",1
"Clockstoppers",2002,94,26000000,5.1,2555,"PG","Other",0
"Clockwork Orange, A",1971,137,2200000,8.3,65283,,"Drama",1
"Clonus Horror, The",1979,90,350000,2.1,469,,"Other",0
"Close Encounters of the Third Kind",1977,137,20000000,7.7,26304,,"Drama",1
"Club Dread",2004,119,9000000,5.2,3432,"R","Comedy",1
"Clue",1985,97,15000000,6.7,8767,,"Comedy",1
"Coach Carter",2005,136,30000000,6.6,1636,"PG-13","Drama",1
"Cockettes, The",2002,100,300000,6.6,177,"R","Documentary",1
"Code 46",2003,92,7500000,6.4,2094,"R","Romance",2
"Cold Heart",2001,95,3000000,4.1,140,"R","Other",0
"Cold Hearts",1999,90,900000,3.9,131,"R","Other",0
"Collateral Damage",2002,108,85000000,5.2,8590,"R","Action",1
"Color Purple, The",1985,154,15000000,7.6,10599,,"Drama",1
"Color of Night",1994,133,40000000,4.7,4646,,"Romance",2
"Coming to America",1988,116,28000000,6.6,13103,,"Romance",2
"Commandments",1997,88,5000000,5.4,468,"R","Romance",3
"Committed",2000,98,3000000,5.2,739,"R","Comedy",2
"Company Man",2000,86,16000000,4.8,492,"PG-13","Comedy",1
"Company, The",2003,112,15000000,6.2,1505,"PG-13","Drama",1
"Con Air",1997,115,75000000,6.3,26642,,"Action",1
"Conan the Barbarian",1982,129,20000000,6.5,13624,,"Action",1
"Confession, The",1999,114,4000000,5.8,519,"R","Drama",1
"Confessions of a Dangerous Mind",2002,113,29000000,7.1,11487,"R","Drama",1
"Confidence",2003,97,15000000,6.8,6168,"R","Drama",1
"Conquest of the Planet of the Apes",1972,88,1700000,5.5,2255,,"Action",1
"Conspiracy Theory",1997,135,75000000,6.4,15470,"R","Romance",2
"Constantine",2005,121,100000000,6.4,11633,,"Action",2
"Contact",1997,153,90000000,7.3,36390,"PG","Drama",1
"Contender, The",2000,126,9000000,6.9,7023,"R","Drama",1
"Conversation, The",1974,113,1600000,8.1,10260,,"Drama",1
"Cool as Ice",1991,100,6000000,2.4,1280,,"Romance",3
"Cop Land",1997,116,15000000,6.7,12677,"R","Drama",1
"Corky Romano",2001,86,11000000,4.6,2463,"PG-13","Comedy",1
"Coronado",2003,88,4700000,4.5,411,"PG-13","Action",2
"Coronel no tiene quien le escriba, El",1999,122,3000000,6.9,265,,"Drama",1
"Corpse Grinders, The",1972,62,47000,2.6,153,,"Comedy",1
"Cotton Club, The",1984,127,47000000,6.2,2663,,"Drama",1
"Cotton Comes to Harlem",1970,97,1200000,6.2,204,,"Action",2
"Cotton Mary",1999,124,3500000,5.3,164,"R","Drama",1
"Count of Monte Cristo, The",2002,134,35000000,7.4,13907,"PG-13","Action",2
"Country of My Skull",2004,104,12000000,5.1,194,"R","Drama",1
"Cover Up",1991,87,7500000,3.3,193,,"Action",1
"Cowboys & Angels",2003,89,2000000,7.5,206,,"Comedy",2
"Cowboys, The",1972,128,6000000,6.9,1316,,"Other",0
"Cradle Will Rock",1999,132,32000000,6.7,3375,"R","Drama",1
"Craft, The",1996,101,15000000,5.9,9187,"R","Comedy",2
"Crash",2004,113,6500000,8.3,1660,"R","Drama",1
"Crazies, The",1973,103,275000,5.7,669,,"Action",2
"Crazy in Alabama",1999,111,15000000,6.1,2086,"PG-13","Comedy",2
"Crazy/Beautiful",2001,135,14000000,6.5,4503,"PG-13","Romance",2
"Creepshow 2",1987,92,3500000,4.9,1524,,"Comedy",1
"Crew, The",2000,84,23000000,5.3,1297,"PG-13","Comedy",1
"Crime Spree",2003,98,10000000,6.3,953,"R","Comedy",1
"Crimen del padre Amaro, El",2002,118,1800000,7,2469,"R","Romance",2
"Crimson Tide",1995,116,53000000,7.1,14033,"R","Action",2
"Critters 2: The Main Course",1988,93,4500000,4.2,1074,,"Comedy",1
"Crocodile Dundee in Los Angeles",2001,92,25000000,4.7,2698,"PG","Comedy",2
"Crocodile Hunter: Collision Course, The",2002,90,13000000,5.3,1648,"PG","Comedy",1
"Crooklyn",1994,115,14000000,6.2,1112,,"Comedy",2
"Cross of Iron",1977,119,6000000,7.3,2587,,"Action",2
"Crow, The",1994,98,15000000,7.2,20290,,"Action",1
"Crow: City of Angels, The",1996,84,13000000,3.8,3656,"R","Action",1
"Cruel Intentions",1999,97,11000000,6.5,25634,"R","Romance",2
"Cry of the Banshee",1970,87,500000,4.6,180,"R","Other",0
"Cujo",1983,93,5000000,5.4,2922,,"Other",0
"Curdled",1996,88,2309723,5.5,959,"R","Comedy",1
"Curly Sue",1991,101,30000000,4.7,2097,,"Comedy",2
"Curse of the Jade Scorpion, The",2001,103,26000000,6.8,5846,"PG-13","Comedy",2
"Curse of the Puppet Master",1998,77,250000,2.7,267,"R","Other",0
"Cutaway",2000,104,9000000,5.1,390,"R","Action",1
"Cutthroat Island",1995,119,92000000,5.1,3942,"PG-13","Action",2
"D.E.B.S.",2004,91,3500000,6,300,"PG-13","Action",2
"Daddy Day Care",2003,92,60000000,5.7,3803,"PG","Comedy",1
"Daisy Miller",1974,91,2000000,5.5,172,,"Drama",1
"Dances with Wolves",1990,236,19000000,7.8,28561,,"Drama",1
"Dangerous Lives of Altar Boys, The",2002,105,12000000,7.2,3274,"R","Drama",1
"Daredevil",2003,133,75000000,5.7,20642,"R","Action",1
"Dark Blue",2002,118,15000000,6.6,3882,"R","Action",2
"Dark City",1998,100,27000000,7.6,23508,,"Other",0
"Dark Star",1974,83,60000,6.6,3527,,"Comedy",1
"Darklands",1996,90,750000,4,103,,"Drama",1
"Darkman",1990,96,16000000,6.1,6130,,"Action",1
"Darkness Falls",2003,86,11000000,4.5,4928,"PG-13","Other",0
"Darling Lili",1970,107,25000000,5.9,287,,"Other",0
"Dawn of the Dead",1978,139,1500000,7.7,12621,,"Action",2
"Dawn of the Dead",2004,109,28000000,7.4,16283,"R","Action",2
"Day After Tomorrow, The",2004,124,125000000,6.3,23749,"PG-13","Action",2
"Day of the Animals",1977,97,1200000,4.2,158,,"Other",0
"Day of the Dead",1985,97,3500000,6.5,5053,,"Drama",1
"Daylight",1996,110,80000000,5.4,6979,"PG-13","Action",2
"Days of Thunder",1990,107,60000000,5.4,9660,,"Action",3
"Dead & Buried",1981,94,3000000,6.1,614,,"Other",0
"Dead Babies",2000,100,1000000,4.3,172,"R","Comedy",1
"Dead Hate the Living!, The",2000,90,150000,4.3,496,"R","Comedy",1
"Dead Heat",1988,86,5000000,4.8,470,,"Action",2
"Dead Man Walking",1995,122,11000000,7.6,16177,"R","Drama",1
"Dead Man on Campus",1998,96,14000000,5.4,2829,"R","Comedy",1
"Dead Man's Curve",1998,90,1000000,5.7,1241,"R","Comedy",2
"Dead Presidents",1995,119,15000000,6.3,2641,"R","Action",2
"Dead Zone, The",1983,103,10000000,7.2,6338,,"Drama",1
"Dead of Night",1974,88,235000,6,206,,"Other",0
"Death Race 2000",1975,79,300000,5.8,2909,,"Action",1
"Death and the Compass",1992,96,3500000,6,115,,"Drama",1
"Death to Smoochy",2002,109,55000000,6.3,8003,"R","Comedy",1
"Decline of Western Civilization, The",1981,100,100000,7.3,296,,"Documentary",1
"Deconstructing Harry",1997,96,20000000,7.1,7342,"R","Comedy",1
"Deep Blue",2003,91,5000000,7.2,363,,"Documentary",1
"Deep Blue Sea",1999,105,78000000,5.5,17666,"R","Action",1
"Deep End of the Ocean, The",1999,106,40000000,5.9,2890,"PG-13","Drama",1
"Deep End, The",2001,101,3000000,6.8,3524,"R","Drama",1
"Deep Impact",1998,120,75000000,5.9,22684,"PG-13","Drama",1
"Deep Rising",1998,97,45000000,5.4,4626,"R","Action",1
"Deep, The",1977,123,9000000,5.8,1565,,"Other",0
"Deer Hunter, The",1978,183,15000000,8.1,28210,,"Drama",1
"Deliverance",1972,109,2000000,7.8,14417,,"Drama",1
"Dellamorte Dellamore",1994,105,4000000,7.3,2313,"R","Romance",2
"Delusion",1991,88,1000000,6,242,,"Other",0
"Demon Knight",1995,92,12000000,6,2215,,"Other",0
"Demoni",1985,88,1800000,5.7,1188,,"Other",0
"Dentist II, The",1998,100,1800000,4.1,401,"R","Other",0
"Derailed",2002,89,18000000,3.4,1075,"R","Action",1
"Dersu Uzala",1975,141,4000000,8.1,2565,,"Drama",1
"Desert Hearts",1985,96,350000,6.4,608,,"Romance",2
"Desperate Living",1977,90,65000,7.1,598,,"Comedy",1
"Detention",2003,98,10000000,4.1,223,"R","Action",2
"Deterrence",1999,101,800000,6.6,796,,"Drama",1
"Detroit Rock City",1999,95,15000000,6,4607,"R","Comedy",1
"Deuces Wild",2002,100,10000000,5.3,1511,"R","Action",2
"Devil's Pond",2003,92,5000000,5.6,370,"R","Drama",1
"Diary of a Mad Black Woman",2005,116,5500000,3.9,837,"PG-13","Comedy",2
"Dick Tracy",1990,105,47000000,5.7,9939,,"Action",2
"Die Another Day",2002,133,142000000,6.4,22136,"PG-13","Action",1
"Die Hard",1988,131,28000000,8,58870,,"Action",1
"Die Hard: With a Vengeance",1995,131,90000000,7,25258,"R","Action",1
"Die xue jie tou",1990,126,3500000,7.6,1805,,"Action",2
"Different Loyalty, A",2004,96,13000000,5,135,"R","Romance",2
"Digimon: The Movie",2000,82,5000000,3.4,455,"PG","Animation",2
"Dill Scallion",1999,91,500000,5.1,136,"PG-13","Comedy",1
"Diplomatic Siege",1999,96,45000000,3.5,340,"R","Action",1
"Dirty Dancing",1987,100,6000000,5.9,14407,,"Romance",2
"Dirty Work",1998,82,13000000,5.9,4252,"PG-13","Comedy",1
"Divine Secrets of the Ya-Ya Sisterhood",2002,116,27000000,5.5,4288,"PG-13","Comedy",2
"Doctor Sleep",2002,108,10000000,6.2,609,"R","Other",0
"Dog of Flanders, A",1999,100,7000000,6,179,"PG","Drama",1
"Dom durakov",2002,104,2500000,6.8,382,"R","Drama",1
"Don Giovanni",1979,184,7000000,7.2,130,,"Other",0
"Don Juan DeMarco",1995,97,25000000,6.5,6857,,"Romance",3
"Donnie Brasco",1997,127,35000000,7.6,20029,"R","Drama",1
"Donnie Darko",2001,133,4500000,8.3,51961,"R","Drama",1
"Doppelganger",1993,104,3000000,4.1,481,,"Other",0
"Dorm That Dripped Blood, The",1981,84,90000,2.5,101,,"Other",0
"Double Jeopardy",1999,105,40000000,5.9,13587,"R","Drama",1
"Double Take",2001,91,24000000,4.8,1503,"PG-13","Action",2
"Double Tap",1997,87,8000000,5.3,184,"R","Action",1
"Doug's 1st Movie",1999,77,5000000,4.5,290,,"Animation",2
"Down by Law",1986,107,1100000,7.6,4449,,"Comedy",2
"Dr. Dolittle 2",2001,87,72000000,5.1,4920,"PG","Comedy",1
"Dragon: The Bruce Lee Story",1993,119,14000000,6.7,3244,,"Action",2
"Dragonfly",2002,104,60000000,5.8,5431,"PG-13","Drama",1
"Dragonslayer",1981,109,18000000,6.4,1965,,"Action",1
"Dream with the Fishes",1997,97,1000000,6.5,647,,"Comedy",2
"Dreamcatcher",2003,134,68000000,5.2,10403,"R","Other",0
"Drive",1997,117,3500000,6.4,1086,"R","Action",2
"Drive Me Crazy",1999,91,8000000,5.1,2934,"PG-13","Romance",3
"Driven",2001,116,72000000,4.4,7129,"PG-13","Action",2
"Driving Miss Daisy",1989,99,7500000,7.4,8656,,"Comedy",2
"Drop Squad",1994,86,2000000,3.9,150,,"Drama",1
"Drop Zone",1994,101,45000000,5.5,3104,,"Action",1
"Drugstore Cowboy",1989,100,2500000,7.4,4999,,"Drama",1
"Dudley Do-Right",1999,77,22000000,3.6,1790,"PG","Comedy",1
"Due occhi diabolici",1990,120,9000000,5.3,529,,"Comedy",1
"Duets",2000,112,15000000,5.8,2414,"R","Comedy",2
"Dumb & Dumber",1994,101,16000000,6.6,27713,"PG-13","Comedy",1
"Dumb and Dumberer: When Harry Met Lloyd",2003,85,19000000,3.3,4689,"PG-13","Comedy",1
"Dune",1984,190,45000000,6.3,16903,,"Action",1
"DysFunktional Family",2003,89,3000000,5.6,207,"R","Documentary",2
"E.T. the Extra-Terrestrial",1982,120,10500000,7.8,44175,"PG","Drama",1
"Earth Girls Are Easy",1988,100,10000000,5,3952,,"Comedy",1
"Earthquake",1974,140,7000000,5.2,2106,,"Action",2
"Eating Raoul",1982,87,350000,6.4,1351,,"Comedy",1
"Eban and Charley",2000,86,30000,4.5,110,,"Drama",1
"Edward Scissorhands",1990,105,20000000,7.7,27017,,"Romance",2
"Eight Legged Freaks",2002,99,30000000,5.5,6362,"PG-13","Action",2
"Eight Men Out",1988,119,6000000,7.3,3689,,"Drama",1
"Elektra",2005,96,43000000,4.9,5120,"PG-13","Action",1
"Elephant",2003,81,3000000,7.3,9203,"R","Drama",1
"Elephant Man, The",1980,124,5000000,8.2,16422,,"Drama",1
"Elf",2003,95,33000000,7,10165,"PG","Comedy",1
"Elizabeth",1998,124,25000000,7.6,14733,"R","Drama",1
"Elvira, Mistress of the Dark",1988,96,20000000,5.3,1238,,"Comedy",1
"Embrace of the Vampire",1994,93,800000,4.2,1551,"R","Other",0
"Emma",1996,121,6000000,6.9,6431,"PG","Romance",2
"Emperor's New Groove, The",2000,78,100000000,7.4,8532,,"Animation",2
"Empire",2002,90,3500000,6,1718,"R","Action",2
"Empire of the Sun",1987,154,38000000,7.5,9963,,"Drama",1
"En la puta vida",2001,103,1500000,6.9,117,,"Comedy",2
"End of Violence, The",1997,122,5000000,5.4,1575,"R","Drama",1
"End of the Affair, The",1999,102,23000000,7,4808,"R","Romance",2
"English Patient, The",1996,160,27000000,7.1,25210,"R","Romance",2
"Enough",2002,115,38000000,4.9,4339,"PG-13","Drama",1
"Entrapment",1999,113,66000000,6.1,18543,"PG-13","Romance",2
"Eraserhead",1977,89,10000,7.1,7207,,"Drama",1
"Erin Brockovich",2000,130,51000000,7.3,24301,"R","Drama",1
"Ernest Goes to Camp",1987,92,3000000,4.4,1562,,"Comedy",1
"Ernest Rides Again",1993,96,7000000,3.6,250,,"Comedy",1
"Ernest Saves Christmas",1988,95,6000000,4.6,1125,,"Comedy",1
"Escape from L.A.",1996,101,50000000,4.8,7955,"R","Action",1
"Escape from the Planet of the Apes",1971,98,2500000,5.8,2951,,"Action",2
"Espinazo del diablo, El",2001,108,4500000,7.4,3474,"R","Drama",1
"Eulogy",2004,91,10000000,6.5,773,"R","Comedy",2
"EuroTrip",2004,90,25000000,6.1,8390,"R","Comedy",1
"Evelyn",2002,94,10000000,7.1,1163,"PG","Drama",1
"Even Cowgirls Get the Blues",1993,99,8000000,4,1609,,"Romance",3
"EvenHand",2002,92,500000,7.3,169,"R","Drama",1
"Event Horizon",1997,96,70000000,5.7,15510,"R","Other",0
"Ever After",1998,121,26000000,7,10250,"PG","Romance",3
"Everlasting Piece, An",2000,103,14000000,6.1,475,"R","Comedy",1
"Everyone Says I Love You",1996,101,20000000,6.9,7314,"R","Romance",2
"Everything You Always Wanted to Know About Sex * But Were Afraid to Ask",1972,87,2000000,6.7,4671,,"Comedy",1
"Evil Alien Conquerors",2002,89,500000,3.8,111,"PG-13","Comedy",1
"Evita",1996,134,55000000,6.2,8371,"PG","Drama",1
"Exorcist II: The Heretic",1977,118,14000000,3.5,3009,,"Drama",1
"Exorcist, The",1973,132,1000000,7.9,34162,,"Drama",1
"Expiration",2003,102,50000,6.6,206,,"Romance",2
"Extreme Measures",1996,118,38000000,5.9,3417,"R","Other",0
"Eye for an Eye",1996,101,20000000,5.6,1843,"R","Drama",1
"Eye of the Beholder",1999,109,15000000,4.5,5549,"R","Other",0
"Eyes Wide Shut",1999,159,65000000,7,37868,"R","Drama",1
"Eyes of Laura Mars",1978,104,7000000,5.8,1174,,"Other",0
"Face/Off",1997,133,80000000,7.1,37506,"R","Action",2
"Fair Game",1995,91,50000000,3.9,2579,"R","Action",3
"Faithful",1996,91,13000000,5.6,414,"R","Comedy",1
"Fall",1997,93,1000000,5.1,495,,"Romance",2
"Family Man, The",2000,125,60000000,6.5,11220,"PG-13","Romance",3
"Fan, The",1996,114,55000000,5.4,6920,"R","Other",0
"Fantasia/2000",1999,75,80000000,7.4,5353,,"Animation",1
"Far from Heaven",2002,107,13500000,7.7,9167,"PG-13","Romance",2
"Fargo",1996,98,7000000,8.2,65597,"R","Drama",1
"Fascination",2004,95,5000000,3.3,124,"R","Romance",2
"Fast Times at Ridgemont High",1982,90,4500000,7.1,10361,,"Comedy",1
"Fatal Attraction",1987,123,14000000,6.7,8541,,"Drama",1
"Father of the Bride Part II",1995,106,30000000,5.6,4089,"PG","Comedy",1
"Fathers' Day",1997,98,85000000,4.7,2714,"PG-13","Comedy",1
"Faust: Love of the Damned",2001,101,6000000,4.1,628,"R","Other",0
"Fear No Evil",1981,99,840000,3.9,127,,"Other",0
"Fear and Loathing in Las Vegas",1998,118,18500000,7.2,21484,,"Comedy",2
"FearDotCom",2002,101,42000000,3.2,5126,"R","Other",0
"Fedora",1978,114,6727000,6.2,271,,"Drama",1
"Fei ying",2004,99,15000000,5.5,128,,"Action",1
"Femme Fatale",2002,114,35000000,6.4,6083,"R","Other",0
"Festen",1998,105,1300000,8.2,11983,"R","Drama",1
"Fever Pitch",2005,98,39690000,6.6,1712,"PG-13","Romance",2
"Few Good Men, A",1992,138,33000000,7.5,25237,,"Drama",1
"Fiddler on the Roof",1971,181,9000000,7.6,5893,,"Drama",1
"Final",2001,111,80000,5.2,330,"R","Drama",1
"Final Destination",2000,98,23000000,6.6,16504,"R","Other",0
"Final Fantasy: The Spirits Within",2001,106,137000000,6.5,16451,"PG-13","Animation",2
"Finding Forrester",2000,136,43000000,7.3,13439,"PG-13","Drama",1
"Finding Graceland",1998,106,10000000,6.6,504,"PG-13","Drama",1
"Firefox",1982,136,21000000,5.5,3401,,"Action",1
"Firestarter",1984,101,15000000,5.6,2839,,"Other",0
"Firestorm",1998,89,19000000,4.4,987,"R","Action",1
"Firm, The",1993,154,42000000,6.6,14708,"R","Drama",1
"First Blood",1982,97,14000000,6.8,11956,,"Action",2
"First Great Train Robbery, The",1979,110,6000000,6.9,1758,,"Action",3
"First Knight",1995,134,75000000,5.6,8708,"PG-13","Romance",2
"First Love, Last Rites",1997,94,300000,5,147,"R","Romance",2
"Fisher King, The",1991,137,24000000,7.4,11952,,"Romance",3
"Fiza",2000,167,1000000,7.1,132,,"Drama",1
"Flash Gordon",1980,111,35000000,5.7,5626,,"Action",1
"Flawless",1999,112,27000000,6.1,3287,"R","Comedy",2
"Flesh & Blood",1985,117,6500000,6.3,2047,,"Action",2
"Flesheater",1988,88,60000,4.5,109,,"Other",0
"Flintstones in Viva Rock Vegas, The",2000,90,58000000,3.7,1712,"PG","Comedy",1
"Flintstones, The",1994,91,45000000,4.5,8704,,"Comedy",1
"Flirting with Disaster",1996,92,7000000,7,3986,,"Comedy",1
"Food of the Gods II",1989,91,3500000,1.9,173,,"Other",0
"Foreign Correspondents",1999,102,500000,7.6,117,"PG-13","Romance",2
"Forever Lulu",2000,99,20000000,5.5,257,"R","Romance",2
"Forgotten, The",2004,94,42000000,5.8,8234,"PG-13","Drama",1
"Forrest Gump",1994,142,55000000,8.2,89722,"PG-13","Comedy",2
"Forsaken, The",2001,90,5000000,5.1,1928,"R","Other",0
"Fortress",1993,95,12000000,5.3,2577,,"Action",1
"Four Weddings and a Funeral",1994,117,6000000,7.2,17820,"R","Romance",3
"Frailty",2001,100,11000000,7.4,10551,"R","Drama",1
"Frankenhooker",1990,85,2500000,5,520,,"Comedy",1
"Frankenstein",1994,123,45000000,6,6941,"R","Drama",1
"Fratello sole, sorella luna",1972,121,3000000,6.4,513,,"Drama",1
"Freaked",1993,86,11000000,5.4,920,,"Comedy",1
"Freaky Friday",2003,97,26000000,6.9,8052,"PG","Comedy",2
"Freddy Got Fingered",2001,87,15000000,3.5,9115,"R","Comedy",1
"Freddy's Dead: The Final Nightmare",1991,93,5000000,4.3,3618,"R","Comedy",1
"Free Money",1998,91,30000000,4.7,619,"R","Comedy",1
"Freedom Downtime",2001,121,25000,8,236,,"Documentary",1
"Freeway",1996,102,3000000,6.5,4961,"R","Drama",1
"French Connection, The",1971,104,1800000,7.8,11783,,"Action",2
"Frenzy",1972,116,3500000,7.3,3698,,"Other",0
"Frequency",2000,118,31000000,7.4,15317,"PG-13","Drama",1
"Friday",1995,91,3500000,6.7,7020,"R","Comedy",2
"Friday After Next",2002,85,20000000,4.9,1659,"R","Comedy",1
"Friday Night Lights",2004,117,30000000,7,4290,"PG-13","Drama",1
"Friday the 13th",1980,95,700000,5.8,7475,,"Other",0
"Friday the 13th Part 2",1981,87,1000000,4.9,3794,,"Action",1
"Friday the 13th Part 3: 3D",1982,91,4000000,4.3,3239,,"Other",0
"Friday the 13th Part VIII: Jason Takes Manhattan",1989,100,5000000,3.6,3248,,"Other",0
"Fright Night",1985,106,9000000,6.5,3601,,"Comedy",1
"Fritz the Cat",1972,80,1000000,5.8,1109,,"Animation",4
"From Dusk Till Dawn",1996,108,20000000,6.8,28473,"R","Action",2
"From Hell",2001,122,35000000,6.8,17292,"R","Other",0
"From Justin to Kelly",2003,90,12000000,1.7,6517,"PG","Romance",2
"Front Page, The",1974,105,4000000,7,1296,,"Comedy",1
"Fugitive, The",1993,130,44000000,7.7,48292,,"Action",2
"Fukkatsu no hi",1980,108,16000000,5.7,140,,"Drama",1
"Full Metal Jacket",1987,116,30000000,8.2,47757,,"Drama",1
"Full Monty, The",1997,91,3500000,7.2,22115,"R","Comedy",1
"Fury, The",1978,118,5500000,6,1524,,"Other",0
"G.I. Jane",1997,124,50000000,5.5,9116,,"Action",2
"G.O.R.A.",2004,127,5000000,7.2,1561,,"Comedy",1
"Gabbianella e il gatto, La",1998,75,6000000,6.8,134,,"Animation",1
"Galaxy Quest",1999,102,45000000,7.2,22341,"PG","Comedy",1
"Game of Their Lives, The",2005,101,20000000,6.4,125,"PG","Drama",1
"Gandhi",1982,188,22000000,8,15879,,"Drama",1
"Gangs of New York",2002,166,97000000,7.3,34808,"R","Drama",1
"Garage Days",2002,106,6000000,5.6,597,"R","Comedy",2
"Garden State",2004,109,2500000,8.1,23814,"R","Romance",3
"Garfield",2004,80,50000000,4.8,4775,"PG","Animation",2
"Gathering, The",2002,83,18000000,5.8,1033,,"Other",0
"Gatto a nove code, Il",1971,115,1000000,6.3,515,,"Drama",1
"Gatto nel cervello, Un",1990,93,100000,5.6,237,"R","Other",0
"Gauntlet, The",1977,109,5500000,6,2201,,"Action",2
"General's Daughter, The",1999,116,60000000,6.1,11128,"R","Drama",1
"George and the Dragon",2004,93,32000000,5.5,137,,"Action",3
"Get Over It",2001,87,10000000,5.7,3561,"PG-13","Romance",2
"Get Shorty",1995,105,30250000,7,14825,"R","Comedy",2
"Get on the Bus",1996,120,2400000,6.6,1142,"R","Drama",1
"Getaway, The",1972,122,3352254,7.3,2843,,"Action",2
"Gettysburg",1993,259,25000000,7.5,5191,,"Drama",1
"Ghost",1990,128,22000000,6.8,19005,,"Romance",2
"Ghost Busters",1984,107,30000000,7.5,29762,,"Comedy",1
"Ghosts of Mars",2001,98,28000000,4.6,6368,"R","Action",1
"Ghosts of Mississippi",1996,130,36000000,6.4,2268,,"Drama",1
"Ghoulies",1985,82,1000000,3.2,612,,"Comedy",1
"Gigli",2003,121,54000000,2.3,11285,"R","Romance",2
"Ginger Snaps: Unleashed",2004,94,3500000,6.6,1118,"R","Other",0
"Give My Regards to Broad Street",1984,108,9000000,4.1,320,,"Drama",1
"Gladiator",2000,155,103000000,8,92495,"R","Action",2
"Glitter",2001,104,22000000,2.1,5209,"PG-13","Romance",2
"Global Heresy",2002,106,12000000,5.7,373,"R","Drama",1
"Gloria",1999,108,30000000,4.9,1144,"R","Drama",1
"Glory",1989,122,18000000,8.1,21861,,"Action",2
"Go",1999,103,6500000,7.4,20663,"R","Comedy",1
"Go Fish",1994,84,15000,5.8,621,"R","Romance",1
"Go-Between, The",1970,118,1000000,7.3,454,,"Romance",2
"Goat on Fire and Smiling Fish",1999,90,40000,6.3,254,"R","Romance",2
"God's Army",2000,108,300000,6.4,354,"PG","Drama",1
"Godfather, The",1972,175,6000000,9.1,122755,,"Drama",1
"Godfather: Part II, The",1974,200,13000000,8.9,71363,,"Drama",1
"Godfather: Part III, The",1990,169,54000000,7.3,22385,,"Drama",1
"Gods and Generals",2003,209,56000000,5.7,3002,"PG-13","Action",2
"Gods and Monsters",1998,105,3500000,7.6,9020,"R","Drama",1
"Godspell",1973,103,1300000,6.1,586,,"Other",0
"Godzilla",1998,133,125000000,4.4,22695,,"Action",1
"Going Greek",2001,90,198000,4.8,261,"R","Comedy",1
"Golden Bowl, The",2000,130,15000000,6,1145,"R","Drama",1
"Gone Fishin'",1997,94,53000000,3.8,1884,"PG","Comedy",1
"Gong fu",2004,99,20000000,7.9,5299,"R","Action",2
"Good Burger",1997,103,9000000,4,1714,"PG","Comedy",1
"Good Man in Africa, A",1994,94,20000000,4.6,473,,"Comedy",1
"Good Morning, Vietnam",1987,119,13000000,7.1,13823,,"Comedy",2
"Good Will Hunting",1997,126,10000000,7.8,60858,"R","Drama",1
"Goodfellas",1990,145,25000000,8.6,68219,,"Drama",1
"Goonies, The",1985,114,19000000,7.2,18895,,"Comedy",1
"Gosford Park",2001,137,15000000,7.3,16831,"R","Drama",1
"Gothika",2003,98,40000000,5.8,10524,"R","Other",0
"Grace of My Heart",1996,116,5000000,6.5,982,"R","Comedy",2
"Graduation Day",1981,96,250000,3.5,153,,"Other",0
"Granny, The",1995,85,1000000,4.2,142,"R","Comedy",1
"Grave, The",1996,90,4000000,5.6,303,"R","Comedy",1
"Gravesend",1997,85,65000,5,111,"R","Drama",1
"Graveyard Shift",1990,89,10500000,3.8,1074,,"Other",0
"Grease",1978,110,6000000,6.8,22214,,"Romance",2
"Great Gatsby, The",1974,144,6500000,6.1,2419,,"Romance",2
"Green Mile, The",1999,188,60000000,8.1,60142,"R","Drama",1
"Gremlins 2: The New Batch",1990,106,50000000,5.9,7780,,"Comedy",1
"Grey Owl",1999,118,30000000,5.7,629,"PG-13","Drama",1
"Grey Zone, The",2001,108,5000000,7.3,1553,"R","Drama",1
"Grim",1995,86,1000000,1.6,228,"R","Other",0
"Grizzly",1976,97,750000,3.9,236,,"Other",0
"Groove",2000,86,500000,6,1171,"R","Drama",1
"Grudge, The",2004,92,10000000,5.9,11441,"PG-13","Other",0
"Grumpier Old Men",1995,101,25000000,6.2,3711,"PG-13","Romance",2
"Guerra de Canudos",1997,170,6000000,7.5,126,,"Drama",1
"Guerre du feu, La",1981,100,12500000,7.1,2059,,"Drama",1
"Guinevere",1999,104,2600000,6.3,804,"R","Romance",2
"Gun Shy",2000,101,10000000,5.4,1701,"R","Romance",2
"Guncrazy",1992,97,800000,5.5,437,,"Drama",1
"Guru, The",2002,94,11000000,5.9,3505,"R","Romance",2
"Guy Thing, A",2003,101,20000000,5.3,2885,"PG-13","Romance",2
"Guyver: Dark Hero",1994,127,900000,4.9,283,,"Action",1
"Habit",1997,112,200000,5.7,307,,"Other",0
"Hair",1979,121,11000000,6.8,4248,,"Comedy",2
"Hairspray",1988,92,2000000,6.6,2752,,"Comedy",2
"Half Past Dead",2002,98,30000000,3.9,2099,"PG-13","Action",1
"Halloween",1978,101,325000,7.7,19248,,"Other",0
"Halloween 4: The Return of Michael Myers",1988,88,5000000,5,3177,,"Other",0
"Halloween 5",1989,96,5000000,4.2,2597,,"Other",0
"Halloween H20: 20 Years Later",1998,85,17000000,5.3,8153,"R","Other",0
"Halloween II",1981,90,2500000,5.7,5157,,"Other",0
"Halloween: The Curse of Michael Myers",1995,88,5000000,4.2,2662,"R","Other",0
"Hamlet",1996,242,18000000,7.7,10065,,"Romance",2
"Hangin' with the Homeboys",1991,88,1900000,6.6,216,,"Comedy",2
"Hanging Up",2000,94,40000000,4.4,3129,"PG-13","Comedy",2
"Hangman's Curse",2003,106,2000000,4.9,405,"PG-13","Other",0
"Happiness",1998,134,3000000,7.7,11737,,"Comedy",2
"Happy Birthday to Me",1981,110,2250000,4.4,425,,"Other",0
"Happy, Texas",1999,98,1700000,6.4,3453,"PG-13","Comedy",1
"Hard Rain",1998,97,70000000,5.5,6161,"R","Action",2
"Hard Target",1993,73,15000000,5.4,4372,,"Action",1
"Hardware",1990,93,1500000,5.2,1323,"R","Action",1
"Harold and Maude",1971,91,1200000,7.9,9173,,"Romance",3
"Harry Potter and the Chamber of Secrets",2002,152,100000000,7.3,38394,"PG","Other",0
"Hart's War",2002,125,70000000,6.2,6368,"R","Drama",1
"Hav Plenty",1997,84,650000,5.3,256,"R","Comedy",1
"He Got Game",1998,137,25000000,6.6,4198,"R","Drama",1
"Head Over Heels",2001,86,14000000,4.9,2632,"PG-13","Romance",2
"Heart of Me, The",2002,96,7000000,6.2,336,"R","Romance",2
"Heartbeeps",1981,79,10000000,4.2,234,,"Comedy",1
"Heartbreakers",2001,110,40000000,6.2,8037,"PG-13","Romance",2
"Hearts in Atlantis",2001,101,31000000,6.7,6577,"PG-13","Drama",1
"Hearts of Fire",1987,95,17000000,3.3,107,,"Drama",1
"Heat",1995,188,60000000,7.9,44588,"R","Action",2
"Heaven & Earth",1993,140,33000000,6.4,1987,,"Action",2
"Heaven's Gate",1980,219,44000000,6.2,1439,,"Drama",1
"Heaven's Prisoners",1996,132,25000000,5.4,1405,"R","Other",0
"Heavenly Creatures",1994,108,5000000,7.7,11453,"R","Romance",2
"Heavy Metal",1981,90,9300000,6.2,4538,,"Animation",2
"Hedwig and the Angry Inch",2001,93,6000000,7.7,6072,"R","Romance",3
"Held Up",1999,89,8000000,4.6,555,"PG-13","Comedy",1
"Held for Ransom",2000,91,5000000,4.5,136,,"Other",0
"Hell's Kitchen",1998,95,6000000,4.5,491,,"Drama",1
"Hellboy",2004,132,66000000,6.7,15565,"PG-13","Action",1
"Hellraiser: Bloodline",1996,86,4000000,4.2,2041,"R","Other",0
"Henry V",1989,137,9000000,7.9,8241,"PG-13","Action",2
"Henry: Portrait of a Serial Killer",1986,78,111000,7.1,3067,,"Other",0
"Hercules",1997,92,70000000,6.6,5279,,"Animation",2
"Hey Arnold! The Movie",2002,76,10000000,4.8,425,"PG","Animation",2
"Hidalgo",2004,136,78000000,6.6,7328,"PG-13","Action",2
"Hidden Agenda",2001,98,5000000,4.2,266,"R","Action",1
"Hidden Assassin",1995,89,11000000,4.4,245,"R","Action",2
"Hide and Seek",2005,101,30000000,5.2,3784,"R","Drama",1
"Hideaway",1995,106,15000000,5,1303,,"Other",0
"Hideous Kinky",1998,98,12000000,6.1,1615,"R","Drama",1
"High Fidelity",2000,113,20000000,7.6,29704,"R","Romance",3
"High Strung",1991,93,300000,6.2,391,"PG","Comedy",1
"Highlander II: The Quickening",1991,92,30000000,3.4,9264,"R","Action",1
"Highway to Hell",1992,94,9000000,5.3,423,,"Comedy",1
"History of the World: Part I",1981,97,11000000,6.4,5640,,"Comedy",1
"Hit and Runway",1999,108,1200000,6.7,189,"R","Comedy",1
"Hitch",2005,118,70000000,6.8,7554,,"Romance",2
"Hitcher, The",1986,97,6000000,6.8,4420,,"Action",2
"Hitchhiker's Guide to the Galaxy, The",2005,110,50000000,6.9,7644,"PG","Comedy",1
"Holes",2003,117,30000000,7.2,5235,"PG","Comedy",2
"Hollywood Ending",2002,112,16000000,6.3,3673,"PG-13","Comedy",2
"Hollywood Homicide",2003,116,75000000,5.2,5312,"PG-13","Action",2
"Hollywood North",2003,89,7000000,5.7,114,"R","Comedy",1
"Home Movies",1979,90,400000,4.6,103,,"Comedy",1
"Home at the End of the World, A",2004,96,6500000,6.5,1693,"R","Romance",2
"Home of Our Own, A",1993,104,12000000,6.5,398,,"Drama",1
"Home on the Range",2004,76,110000000,5.4,1510,"PG","Animation",2
"Hong faan kui",1996,91,7500000,6.5,4644,"R","Action",2
"Hope Floats",1998,114,30000000,5.3,4382,"PG-13","Romance",3
"Horse Whisperer, The",1998,170,60000000,6.4,6744,"PG-13","Romance",2
"Hotel New Hampshire, The",1984,109,7500000,5.8,2065,,"Comedy",2
"Hours, The",2002,114,25000000,7.6,16692,"PG-13","Drama",1
"House of 1000 Corpses",2003,88,7000000,5.1,6136,"R","Other",0
"House of Dark Shadows",1970,102,750000,5.7,328,,"Other",0
"House of Sand and Fog",2003,126,16000000,7.8,8164,"R","Drama",1
"House of Wax",2005,105,30000000,4.6,1298,"R","Other",0
"House of Yes, The",1997,85,1500000,6.5,2345,"R","Comedy",2
"House of the Dead",2003,90,7000000,2.3,3921,"R","Action",1
"House of the Long Shadows",1983,100,7500000,5.8,239,,"Comedy",1
"House on Sorority Row, The",1983,91,425000,5.2,187,,"Other",0
"House on Turk Street, The",2002,103,12000000,5.5,1048,"R","Drama",1
"How Harry Became a Tree",2001,99,6000000,6.7,115,"R","Drama",1
"How High",2001,95,12000000,4.9,2916,"R","Comedy",1
"How Stella Got Her Groove Back",1998,124,20000000,5,1475,"R","Romance",2
"How the Grinch Stole Christmas",2000,104,123000000,5.7,12680,"PG","Comedy",2
"How to Kill Your Neighbor's Dog",2000,107,7300000,7,907,"R","Comedy",2
"How to Lose a Guy in 10 Days",2003,116,50000000,6.1,9257,"PG-13","Romance",2
"Howard the Duck",1986,110,30000000,3.9,6582,,"Action",2
"Howling, The",1981,91,1000000,6.3,2546,,"Other",0
"Hudsucker Proxy, The",1994,111,25000000,7.4,12903,,"Romance",2
"Hunchback of Notre Dame, The",1996,91,70000000,6.5,6093,,"Animation",3
"Hungry Wives",1973,89,120000,4.6,202,,"Drama",1
"Hunt for Red October, The",1990,134,30000000,7.6,26666,,"Action",1
"Hurricane",1997,91,500000,6.6,424,"R","Drama",1
"Hurricane, The",1999,145,38000000,7.3,12445,"R","Drama",1
"Husbands and Wives",1992,108,20000000,7.4,3622,,"Comedy",2
"I Capture the Castle",2003,111,8000000,7,947,"R","Romance",2
"I Got the Hook Up",1998,93,3500000,3.2,412,"R","Comedy",1
"I Inside, The",2003,90,8800000,6,734,"R","Other",0
"I Know What You Did Last Summer",1997,99,17000000,5.3,15932,"R","Other",0
"I Married a Strange Person!",1997,74,250000,6.2,391,"R","Animation",3
"I Spy",2002,97,70000000,5.3,5521,"PG-13","Action",2
"I Wanna Hold Your Hand",1978,104,2700000,6.7,530,,"Comedy",1
"I'll Remember April",1999,90,1800000,6.2,222,,"Drama",1
"I'm with Lucy",2002,90,15000000,6.2,646,"R","Romance",2
"I, Robot",2004,115,105000000,7,22330,"PG-13","Action",1
"Ice Age",2002,81,60000000,7.3,22302,"PG","Animation",2
"Ice Cream Man",1995,84,2000000,4.2,349,"R","Comedy",1
"Ice Pirates, The",1984,91,9000000,4.9,1426,,"Action",2
"Ice Storm, The",1997,112,18000000,7.5,13115,"R","Drama",1
"Ideal Husband, An",1999,97,14000000,7,4584,"PG-13","Romance",2
"Impostor",2002,102,40000000,5.8,3292,"R","Action",2
"In & Out",1997,92,35000000,6.2,10352,"PG-13","Comedy",1
"In Crowd, The",2000,104,15000000,4,1342,"PG-13","Drama",1
"In This World",2002,88,1900000,7.8,815,"R","Drama",1
"In Too Deep",1999,95,7000000,5.8,978,,"Drama",1
"In the Company of Men",1997,97,25000,7.3,3618,"R","Comedy",1
"In the Cut",2003,119,12000000,5.1,4525,"R","Other",0
"In the Line of Fire",1993,138,40000000,7.3,12923,,"Drama",1
"In the Shadows",2001,105,10000000,4.8,268,"R","Drama",1
"In the Woods",1999,90,252000,1.9,256,,"Other",0
"Inchon",1981,140,46000000,3.3,131,,"Drama",1
"Incident at Loch Ness",2004,94,1400000,6.4,251,"PG-13","Comedy",1
"Incredibles, The",2004,121,92000000,8.3,30749,"PG","Animation",3
"Incredibly True Adventure of Two Girls in Love, The",1995,94,250000,6.5,795,"R","Romance",3
"Indecent Proposal",1993,117,38000000,5.3,7397,,"Romance",2
"Independence Day",1996,153,75000000,6.1,61831,"PG-13","Action",1
"Indiana Jones and the Temple of Doom",1984,118,28000000,7.2,34880,,"Action",1
"Inferno",1980,102,3000000,6.2,1245,,"Other",0
"Insider, The",1999,157,68000000,8,28780,"R","Drama",1
"Insomnia",2002,118,46000000,7.3,22235,"R","Drama",1
"Inspector Gadget",1999,78,75000000,4,5288,"PG","Action",2
"Instinct",1999,126,55000000,6.1,6298,"R","Drama",1
"Interiors",1978,93,10000000,7.1,1736,,"Drama",1
"Intermission",2003,102,5000000,6.4,1971,"R","Comedy",2
"Interpreter, The",2005,128,80000000,6.6,4678,"PG-13","Drama",1
"Interstate 60",2002,116,7000000,7.7,2495,"R","Comedy",2
"Interview with the Vampire: The Vampire Chronicles",1994,123,50000000,7.2,26698,,"Drama",1
"Into the Sun",2005,97,16000000,4,481,"R","Action",1
"Intolerable Cruelty",2003,100,60000000,6.6,11967,"PG-13","Romance",2
"Intruder",1989,83,100000,5.4,264,,"Other",0
"Invasion U.S.A.",1985,107,10000000,3.9,692,,"Action",1
"Invasions barbares, Les",2003,112,5000000,7.9,4900,"R","Comedy",2
"Iron Giant, The",1999,86,48000000,7.9,15151,"PG","Animation",1
"Ishtar",1987,107,40000000,3.7,3479,,"Comedy",1
"Island of Dr. Moreau, The",1977,99,6000000,5.4,620,,"Romance",1
"Island, The",1980,114,22000000,4.7,434,,"Other",0
"Isn't She Great",2000,95,36000000,4.8,688,"R","Romance",3
"It Came from Hollywood",1982,80,5000000,5.5,240,,"Documentary",2
"Jackal, The",1997,124,60000000,5.7,12753,"R","Other",0
"Jacket, The",2005,102,19000000,6.4,1564,"R","Other",0
"Jackie Brown",1997,154,12000000,7.5,28891,"R","Drama",1
"Jacob's Ladder",1990,115,25000000,7.3,8901,,"Drama",1
"Jakob the Liar",1999,120,15000000,5.9,2544,"PG-13","Comedy",2
"James and the Giant Peach",1996,79,38000000,6.6,3144,"PG","Animation",1
"Jason Goes to Hell: The Final Friday",1993,91,2500000,3.9,2651,,"Action",1
"Jason's Lyric",1994,119,7000000,6,445,,"Drama",1
"Jaws",1975,130,12000000,8.2,46978,,"Other",0
"Jaws 3-D",1983,99,20500000,3.2,5028,,"Action",1
"Jay and Silent Bob Strike Back",2001,104,22000000,6.9,24211,"R","Comedy",1
"Jeepers Creepers",2001,90,10000000,5.4,10973,"R","Drama",1
"Jeepers Creepers II",2003,104,25000000,5.2,4069,"R","Other",0
"Jerry Maguire",1996,139,50000000,7.3,34623,"R","Romance",3
"Jerry and Tom",1998,106,5000000,6.7,447,"R","Comedy",2
"Jersey Girl",2004,102,35000000,6.4,6853,"PG-13","Comedy",2
"Jesus",1979,117,6000000,5.9,316,,"Drama",1
"Jesus' Son",1999,107,2500000,6.9,2291,"R","Drama",1
"Jimmy Hollywood",1994,112,20000000,5.3,749,,"Comedy",2
"Jimmy Neutron: Boy Genius",2001,84,25000000,6,2280,,"Animation",2
"Jing wu men",1972,107,100000,6.7,1667,,"Action",2
"Jingle All the Way",1996,88,60000000,4.7,6246,"PG","Action",2
"Jisatsu saakuru",2002,99,250000,6.8,1311,"R","Other",0
"Johnson Family Vacation",2004,97,12000000,3.6,955,"PG-13","Comedy",1
"Jonah: A VeggieTales Movie",2002,82,15000000,6.2,810,,"Animation",2
"Jonathan Livingston Seagull",1973,120,1500000,4.6,250,,"Drama",1
"Josh and S.A.M.",1993,89,18000000,5.2,281,,"Comedy",2
"Josie and the Pussycats",2001,98,22000000,5.2,4508,"PG-13","Comedy",1
"Journey of Jared Price, The",2000,96,30000,5.8,155,,"Drama",1
"Joy Ride",2001,97,23000000,6.6,8132,"R","Other",0
"Judge Dredd",1995,96,90000000,4.6,9979,"R","Action",1
"Jui kuen II",1994,99,2000000,7.5,4628,"R","Action",2
"Julie Walking Home",2002,118,5000000,7.3,190,"R","Romance",2
"Jumanji",1995,104,65000000,6,14874,"PG","Action",2
"Jungle Fever",1991,132,14000000,6.4,2829,,"Romance",2
"Jurassic Park",1993,127,63000000,7.4,57473,,"Action",1
"Juror, The",1996,118,44000000,5.3,2920,"R","Drama",1
"Just Looking",1999,97,3000000,6.2,436,"R","Comedy",1
"Just Visiting",2001,93,40000000,5.6,2212,,"Comedy",1
"K-PAX",2001,120,48000000,7.2,17235,"PG-13","Drama",1
"Kafka",1991,92,11000000,6.9,1751,,"Drama",1
"Kagemusha",1980,162,6000000,7.9,3536,,"Drama",1
"Kama Sutra: A Tale of Love",1996,114,3000000,5.5,1491,"R","Romance",2
"Kangaroo Jack",2003,89,60000000,3.9,3661,"PG","Comedy",1
"Karakter",1997,122,4500000,7.7,2687,"R","Drama",1
"Kate & Leopold",2001,123,48000000,6.3,8060,"PG-13","Romance",2
"Keep, The",1983,96,6000000,5.4,1217,,"Other",0
"Keeping the Faith",2000,128,30000000,6.8,11351,"PG-13","Romance",3
"Kentucky Fried Movie, The",1977,90,600000,6.4,3756,,"Comedy",1
"Kid, The",2000,104,65000000,6.1,5418,"PG","Comedy",2
"Kids Are Alright, The",1979,101,2000000,7.6,753,,"Documentary",1
"Kill Bill: Vol. 1",2003,111,55000000,8.3,65026,"R","Action",2
"Kill Bill: Vol. 2",2004,136,30000000,8.3,44189,"R","Action",2
"Killer Eye, The",1999,72,400000,2.2,210,"R","Other",0
"Killers",1996,90,100000,6.3,219,,"Other",0
"Killers",1997,86,100000,2.8,127,"R","Action",1
"King Arthur",2004,140,90000000,6,14272,"R","Action",2
"King Kong",1976,134,24000000,5.3,3181,,"Romance",2
"King Solomon's Mines",1985,100,12500000,4.4,1662,,"Action",2
"King of Comedy, The",1983,109,20000000,7.5,6189,,"Comedy",2
"King of the Hill",1993,109,8000000,7.4,1233,,"Drama",1
"Kingdom of the Spiders",1977,97,500000,5.4,484,,"Other",0
"Kinsey",2004,118,11000000,7.6,3225,"R","Drama",1
"Kiss of the Dragon",2001,98,25000000,6.2,7887,"R","Action",2
"Kiss or Kill",1997,96,2000000,6.2,590,"R","Other",0
"Kiss the Sky",1999,107,6000000,5.6,263,"R","Romance",1
"Kissing Jessica Stein",2001,97,1000000,7,4236,"R","Romance",2
"Klansman, The",1974,112,5000000,4.3,130,,"Action",2
"Knight's Tale, A",2001,132,41000000,6.5,15006,"PG-13","Action",2
"Knock Off",1998,91,35000000,3.8,1947,"R","Action",1
"Kontroll",2003,107,500000,7.8,1174,"R","Other",0
"Krasnaya palatka",1971,121,10000000,5.9,202,,"Other",0
"Kruimeltje",1999,119,5000000,6.7,224,,"Drama",1
"Krush Groove",1985,97,3000000,5.5,253,,"Drama",1
"Kundun",1997,128,28000000,7.1,4306,"PG-13","Drama",1
"Kung Pow: Enter the Fist",2002,82,10000000,5.1,5871,"PG-13","Action",2
"Lady in White",1988,112,4700000,6.7,656,,"Other",0
"Ladyhawke",1985,121,20000000,6.8,7090,,"Romance",1
"Ladykillers, The",2004,104,35000000,6.4,10580,"R","Comedy",1
"Lake Placid",1999,82,27000000,5.2,7836,"R","Action",2
"Lara Croft Tomb Raider: The Cradle of Life",2003,117,90000000,5.2,9103,"PG-13","Action",1
"Lara Croft: Tomb Raider",2001,100,80000000,5.2,21861,"PG-13","Action",1
"Last Action Hero",1993,130,60000000,5.4,15266,,"Action",2
"Last Castle, The",2001,131,60000000,6.4,7233,"R","Action",2
"Last Chase, The",1981,101,4900000,4.3,147,,"Other",0
"Last Emperor, The",1987,219,25000000,7.7,9507,,"Drama",1
"Last Horror Movie, The",2003,80,780000,5.2,409,"R","Other",0
"Last House on the Left, The",1972,85,87000,5.5,2522,,"Other",0
"Last Man Standing",1996,101,67000000,5.7,6751,"R","Action",2
"Last Orders",2001,109,12000000,7.1,1583,"R","Drama",1
"Last Patrol, The",2000,95,8200000,2.9,236,"PG-13","Action",2
"Last Picture Show, The",1971,118,1300000,8,5340,"R","Drama",1
"Last Samurai, The",2003,154,100000000,7.9,31668,"R","Action",2
"Last Seduction, The",1994,110,2500000,7.2,4157,,"Drama",1
"Last Starfighter, The",1984,101,15000000,6.2,4890,,"Action",2
"Last Temptation of Christ, The",1988,164,7000000,7.5,8074,,"Drama",1
"Last Time I Committed Suicide, The",1997,92,4000000,5.3,530,"R","Drama",1
"Last of the Mohicans, The",1992,117,40000000,7.5,15293,,"Romance",2
"Lawnmower Man, The",1992,140,10000000,5,5799,,"Action",1
"Laws of Attraction",2004,90,28000000,5.7,2349,"PG-13","Romance",2
"Laws of Gravity",1992,100,38000,6.5,283,,"Drama",1
"League of Extraordinary Gentlemen, The",2003,110,78000000,5.4,15647,"PG-13","Action",1
"League of Their Own, A",1992,128,40000000,6.9,14318,,"Comedy",2
"Leather Jacket Love Story",1997,85,67000,6.1,110,,"Romance",2
"Leaving Las Vegas",1995,111,4000000,7.5,18027,"R","Romance",2
"Legend of Bagger Vance, The",2000,126,60000000,6.4,7123,"PG-13","Romance",3
"Legend of Boggy Creek, The",1973,85,100000,4.3,273,,"Drama",1
"Legend of the Mummy",1997,96,2000000,2.4,257,"R","Other",0
"Legends of the Fall",1994,133,30000000,6.7,13327,,"Romance",2
"Legion of the Dead",2001,92,2700000,3.4,374,"R","Comedy",1
"Legionnaire",1998,98,35000000,4.5,1773,"R","Action",1
"Lengua asesina, La",1996,98,4000000,4,244,"R","Comedy",1
"Leprechaun",1993,92,900000,3.6,2288,,"Comedy",1
"Lethal Weapon 4",1998,127,140000000,6.3,17758,"R","Action",2
"Levity",2003,100,7500000,6.4,1459,"R","Drama",1
"Liar Liar",1997,86,45000000,6.5,22969,"PG-13","Comedy",1
"Life Aquatic with Steve Zissou, The",2004,118,25000000,7.3,9170,"R","Comedy",2
"Life of David Gale, The",2003,130,50000000,7.1,10580,"R","Drama",1
"Lifeforce",1985,101,25000000,5.6,2071,,"Other",0
"Light Sleeper",1992,103,5000000,6.8,742,,"Drama",1
"Lightning Over Water",1980,116,700000,6.7,132,,"Documentary",2
"Like Mike",2002,99,30000000,4.9,1484,"PG","Comedy",1
"Limey, The",1999,89,9000000,7.2,7732,"R","Drama",1
"Lion King, The",1994,89,79300000,7.8,32924,,"Animation",2
"Lionheart",1990,105,2500000,5.1,2123,,"Action",1
"Lithivm",1998,127,500000,3.3,117,,"Other",0
"Little Black Book",2004,111,35000000,4.7,1894,"PG-13","Romance",3
"Little Nicky",2000,90,80000000,4.9,9485,"PG-13","Romance",2
"Little Odessa",1994,98,2300000,6.5,1222,,"Drama",1
"Little Secrets",2001,97,2500000,6.9,457,"PG","Drama",1
"Little Vampire, The",2000,91,22000000,5.6,601,"PG","Comedy",1
"Live and Let Die",1973,121,7000000,6.6,8022,,"Action",1
"Living Daylights, The",1987,130,30000000,6.4,7495,,"Action",1
"Living Out Loud",1998,103,12000000,6.5,1774,"R","Romance",3
"Lizzie McGuire Movie, The",2003,94,17000000,5,2541,"PG","Comedy",1
"Loaded Weapon 1",1993,84,13000000,5.4,6485,,"Action",2
"Logan's Run",1976,120,9000000,6.5,5441,,"Action",1
"Lone Wolf McQuade",1983,105,5000000,5.4,721,,"Action",2
"Long Riders, The",1980,99,10000000,7,1190,,"Other",0
"Looney Tunes: Back in Action",2003,91,80000000,6.1,2559,"PG","Animation",3
"Lord of the Rings, The",1978,132,8000000,5.8,5734,,"Animation",1
"Lord of the Rings: The Fellowship of the Ring, The",2001,208,93000000,8.8,157608,"PG-13","Action",1
"Lord of the Rings: The Two Towers, The",2002,223,94000000,8.8,114797,"PG-13","Action",1
"Loser",2000,92,20000000,5.1,5152,"PG-13","Romance",2
"Losin' It",1983,100,7000000,4.5,645,,"Comedy",1
"Losing Isaiah",1995,111,17000000,6.1,794,"R","Drama",1
"Loss of Sexual Innocence, The",1999,106,4000000,5.3,977,"R","Drama",1
"Lost Highway",1997,135,15000000,7.3,15936,"R","Drama",1
"Lost Horizon",1973,150,12000000,4.4,436,,"Romance",2
"Lost Souls",2000,97,28000000,4.6,3423,"R","Other",0
"Lost in Space",1998,130,80000000,4.7,15209,"PG-13","Action",1
"Lost in Translation",2003,102,4000000,8,42450,"R","Comedy",2
"Love & Basketball",2000,124,15000000,6.7,2093,"PG-13","Romance",2
"Love Letter, The",1999,88,15000000,5.2,1258,"PG-13","Comedy",2
"Love Letters",1984,98,550000,6.1,158,,"Other",0
"Love Liza",2002,90,1000000,6.6,1588,"R","Drama",1
"Love Object",2003,88,1000000,6.3,427,"R","Comedy",1
"Love Stinks",1999,94,4000000,5.3,1311,"R","Comedy",1
"Love Story",1970,99,2200000,6.2,2844,"PG","Romance",2
"Love and Death",1975,85,3000000,7.6,4193,,"Comedy",1
"Love and Other Catastrophes",1996,78,250000,6.5,783,"R","Romance",2
"Lovely & Amazing",2001,91,250000,6.9,1813,"R","Comedy",2
"Lover Girl",1997,87,1000000,5.3,102,"R","Comedy",2
"Lucky 13",2004,95,1200000,5.7,151,"R","Romance",2
"Lucky Break",2001,108,6000000,6.3,707,"PG-13","Comedy",1
"Lucky Lady",1975,118,13000000,4.6,231,,"Comedy",2
"Luminarias",2000,100,1000000,2.7,381,"R","Romance",2
"Lunatics: A Love Story",1991,87,850000,5.4,135,,"Romance",3
"Lunes al sol, Los",2002,113,4000000,7.8,1466,"R","Drama",1
"Lurking Fear",1994,76,1000000,4.2,124,,"Other",0
"M.D.C. - Maschera di cera",1997,98,3000000,5.2,272,,"Other",0
"MASH",1970,112,3500000,7.8,14829,"R","Comedy",2
"Machuca",2004,121,1500000,8.4,449,,"Drama",1
"Macon County Line",1974,89,225000,6.2,124,,"Action",2
"Mad Max",1979,93,350000,6.8,11542,,"Action",1
"Madadayo",1993,134,11900000,7.4,554,,"Drama",1
"Made",2001,94,5000000,6.5,4487,"R","Comedy",2
"Madhouse",2004,91,3000000,5.4,389,"R","Other",0
"Magnolia",1999,188,37000000,8,45992,"R","Drama",1
"Maid in Manhattan",2002,105,55000000,4.6,12237,"PG-13","Romance",2
"Majestic, The",2001,156,72000000,6.7,8649,"PG","Romance",2
"Major League",1989,107,11000000,6.7,8078,,"Comedy",1
"Malcolm X",1992,202,34000000,7.5,6873,,"Drama",1
"Malibu Express",1985,105,500000,3.9,154,,"Action",1
"Malibu's Most Wanted",2003,86,16000000,4.9,2099,"PG-13","Comedy",1
"Mame",1974,132,12000000,4.8,524,,"Other",0
"Man Who Wasn't There, The",2001,118,20000000,7.7,17028,"R","Comedy",2
"Man Who Would Be King, The",1975,129,8000000,7.9,8035,,"Other",0
"Man Woman Film",1999,95,35000,3.8,234,,"Other",0
"Man from Elysian Fields, The",2001,106,6500000,6.8,1198,"R","Drama",1
"Man on the Moon",1999,118,52000000,7.3,19826,"R","Comedy",2
"Man's Best Friend",1993,95,6000000,4.4,511,,"Other",0
"Man-Thing",2005,96,30000000,3.8,163,"R","Action",1
"Manhattan Baby",1982,89,300000,4,196,,"Other",0
"Manhattan Murder Mystery",1993,104,13500000,7.3,5044,,"Comedy",1
"Manhunter",1986,124,15000000,7.2,7272,,"Drama",1
"Maniac Cop",1988,85,1100000,5,709,,"Action",1
"Maniac Cop 2",1990,90,4000000,4.4,360,,"Action",1
"Manito",2002,79,24000,7.2,145,,"Drama",1
"Manitou, The",1978,104,3000000,3.7,216,,"Other",0
"Mannequin: On the Move",1991,95,13000000,2.9,1235,,"Romance",2
"Manny & Lo",1996,88,500000,6.9,395,"R","Drama",1
"Maquinista, El",2004,102,5000000,7.7,4322,"R","Drama",1
"March or Die",1977,104,9000000,5.7,325,,"Romance",2
"Marci X",2003,80,20000000,2.8,741,"R","Comedy",1
"Mariachi, El",1992,81,220000,7,6817,,"Action",1
"Mars",1998,91,4500000,3.3,156,,"Action",1
"Mars Attacks!",1996,106,70000000,6.1,27363,"PG-13","Action",2
"Martin",1977,95,800000,6.9,847,,"Drama",1
"Martin Lawrence Live: Runteldat",2002,113,3000000,4.6,504,"R","Documentary",2
"Mask, The",1994,97,18000000,6.4,21533,,"Action",2
"Master and Commander: The Far Side of the World",2003,138,150000000,7.5,21328,"PG-13","Action",2
"Master of Disguise, The",2002,80,16000000,2.9,3903,"PG","Comedy",1
"Matewan",1987,132,4000000,7.6,1877,,"Drama",1
"Matrix Reloaded, The",2003,138,127000000,7.1,57225,"R","Action",1
"Matrix, The",1999,136,63000000,8.5,143853,"R","Action",1
"Max Keeble's Big Move",2001,86,12000000,5.3,587,"PG","Comedy",1
"Maximum Overdrive",1986,97,10000000,4.3,3050,,"Other",0
"Me, Myself & Irene",2000,116,51000000,6,21305,"R","Comedy",1
"Mean Girls",2004,97,17000000,7,11591,"PG-13","Comedy",2
"Mean Streets",1973,107,150000,7.5,8008,,"Drama",1
"Meaning of Life, The",1983,112,9000000,7.3,12351,,"Comedy",1
"Medallion, The",2003,88,41000000,4.5,2765,"PG-13","Action",2
"Medicine Man",1992,106,40000000,5.7,4190,,"Romance",1
"Meet Joe Black",1998,178,90000000,6.6,16796,"PG-13","Romance",2
"Meet the Deedles",1998,93,24000000,3.4,443,"PG","Comedy",1
"Meet the Fockers",2004,115,80000000,6.5,11950,"PG-13","Comedy",1
"Men in Black",1997,98,90000000,6.8,53231,"PG-13","Action",2
"Men in Black II",2002,88,140000000,5.6,21580,"PG-13","Action",2
"Men of Honor",2000,129,32000000,6.6,9684,"R","Drama",1
"Men of War",1994,99,12000000,4.6,397,"R","Action",2
"Men with Brooms",2002,102,7500000,5.9,1096,"R","Romance",3
"Menace II Society",1993,97,3500000,7.3,4704,"R","Action",2
"Meng long guojiang",1972,90,130000,6.6,1775,,"Action",1
"Merchant of Venice, The",2004,138,30000000,7.3,1400,"R","Comedy",2
"Mercy Streets",2000,106,600000,4.6,149,"PG-13","Action",2
"Mesmerized",1986,94,5654930,4.7,147,,"Drama",1
"Message in a Bottle",1999,126,30000000,5.4,5582,"PG-13","Romance",2
"Message, The",1976,177,10000000,7.5,743,,"Drama",1
"Meteor",1979,107,16000000,4.5,1116,,"Drama",1
"Metoroporisu",2001,107,14500000,7.3,3380,"PG-13","Animation",4
"Metro",1997,117,55000000,5.2,3560,"R","Action",3
"Mexican, The",2001,123,38000000,6,13935,"R","Romance",2
"Michael Collins",1996,133,25000000,6.8,5009,,"Drama",1
"Michael Moore Hates America",2004,125,200000,4.2,629,"R","Documentary",1
"Midnight Clear, A",1992,107,5000000,7.5,2147,,"Drama",1
"Midnight Run",1988,126,30000000,7.5,9196,,"Action",2
"Mighty Aphrodite",1995,95,15000000,7,7083,"R","Comedy",1
"Mighty Joe Young",1998,114,49000000,5.6,2873,"PG","Other",0
"Miller's Crossing",1990,115,14000000,8,14575,,"Drama",1
"Million Dollar Baby",2004,132,30000000,8.3,20195,"PG-13","Drama",1
"Million Dollar Hotel, The",2000,122,8000000,5.5,4746,"R","Drama",1
"Mindhunters",2004,102,27000000,6.3,3925,"R","Action",1
"Minion, The",1998,95,12000000,3.2,338,"R","Action",1
"Minnie and Moskowitz",1971,114,900000,7,287,,"Romance",3
"Miracle Mile",1988,87,3000000,6.8,1086,,"Romance",2
"Mirror Has Two Faces, The",1996,122,42000000,5.7,2775,"PG-13","Romance",3
"Misadventures of Margaret, The",1998,80,5000000,5.4,217,,"Romance",2
"Misery",1990,107,20000000,7.5,13120,,"Drama",1
"Mission to Mars",2000,113,90000000,4.9,15018,,"Drama",1
"Mission: Impossible",1996,110,75000000,6.6,33496,"PG-13","Action",1
"Mississippi Burning",1988,128,15000000,7.6,8084,,"Drama",1
"Mo' Better Blues",1990,130,10000000,6.1,1408,,"Drama",1
"Modern Vampires",1998,91,2000000,4.1,700,"R","Other",0
"Modigliani",2004,128,12000000,7,155,"R","Drama",1
"Molly Maguires, The",1970,124,11000000,6.6,455,"PG","Drama",1
"Mommie Dearest",1981,129,5000000,6.2,1696,,"Drama",1
"Mona Lisa Smile",2003,117,65000000,6.1,6838,"PG-13","Romance",3
"Money Pit, The",1986,91,10000000,5.6,6392,,"Comedy",1
"Money Train",1995,103,68000000,5.1,5081,"R","Action",3
"Monkey Shines",1988,113,7000000,5.8,834,,"Other",0
"Monkeybone",2001,92,75000000,4.7,3112,"PG-13","Animation",2
"Monsieur Klein",1976,123,3500000,7.3,390,,"Drama",1
"Monsters, Inc.",2001,92,115000000,8,38712,,"Animation",2
"Montana",1998,92,4000000,6.1,417,"R","Action",2
"Moonlight Mile",2002,117,20000000,6.9,3479,"PG-13","Romance",2
"Moonraker",1979,126,34000000,5.9,9318,,"Action",2
"More American Graffiti",1979,110,3000000,4.6,624,,"Comedy",1
"Mortal Kombat: Annihilation",1997,91,30000000,3,5799,"PG-13","Action",1
"Mosquito",1995,92,200000,3.3,312,"R","Other",0
"Mosquito Coast, The",1986,117,16000000,6.4,4643,,"Drama",1
"Motel Hell",1980,102,3000000,5.2,791,,"Comedy",1
"Mother's Day",1980,98,150000,4.6,487,,"Comedy",1
"Mothman Prophecies, The",2002,119,42000000,6.5,11073,"PG-13","Other",0
"Ms. 45",1981,81,62000,6.3,500,,"Drama",1
"Much Ado About Nothing",1993,111,8000000,7.5,12491,,"Romance",2
"Mudge Boy, The",2003,94,800000,6.8,204,"R","Drama",1
"Mulan",1998,88,70000000,7.2,11192,,"Animation",2
"Multiple Maniacs",1970,90,5000,6.6,238,,"Comedy",1
"Multiplicity",1996,117,45000000,5.7,5241,"PG-13","Comedy",1
"Mumford",1999,112,28000000,6.9,3384,"R","Comedy",2
"Mummy Returns, The",2001,130,98000000,6.1,23551,"PG-13","Action",1
"Murder by Numbers",2002,120,50000000,6,8358,"R","Other",0
"Murders in the Rue Morgue",1971,87,700000,4.9,137,"PG-13","Other",0
"Muse, The",1999,97,15000000,5.6,3513,"PG-13","Comedy",1
"Music of the Heart",1999,124,27000000,6.6,2348,"PG","Drama",1
"Musketeer, The",2001,104,40000000,4.4,3966,"PG-13","Action",3
"Mute Witness",1994,95,2000000,6.8,1202,"R","Comedy",1
"My Best Friend's Wedding",1997,105,46000000,6.4,16648,"PG-13","Romance",2
"My Big Fat Greek Wedding",2002,95,5000000,6.9,21675,"PG","Romance",2
"My Boss's Daughter",2003,90,14000000,4.1,2765,"R","Romance",2
"My Cousin Vinny",1992,120,11000000,7.2,10877,"R","Comedy",1
"My Family",1995,128,5500000,7,859,"R","Drama",1
"My Life's in Turnaround",1993,84,22000,3.9,196,"R","Comedy",1
"My Little Eye",2002,92,3000000,5.9,2244,"R","Other",0
"My Stepmother Is an Alien",1988,105,16000000,4.7,4080,,"Comedy",1
"Myra Breckinridge",1970,91,5000000,4,431,,"Comedy",1
"Mystery Men",1999,121,68000000,5.8,13331,"PG-13","Action",2
"Mystery, Alaska",1999,119,28000000,6.4,5440,"R","Comedy",2
"Mystic Masseur, The",2001,117,2500000,5.2,157,"PG","Drama",1
"Mystic Pizza",1988,104,6000000,6.1,3767,,"Romance",3
"Mystic River",2003,137,30000000,8,28969,"R","Drama",1
"Nadja",1994,93,1000000,5.7,781,"R","Drama",1
"Naken",2000,94,25000,4.8,420,,"Comedy",1
"Name der Rose, Der",1986,130,20000000,7.7,11654,,"Drama",1
"Napoleon Dynamite",2004,86,400000,7.2,17524,"PG","Comedy",1
"Naqoyqatsi",2002,89,3000000,6.9,575,"PG","Documentary",1
"Native Son",1986,111,2000000,5.9,125,,"Drama",1
"Natural Born Killers",1994,122,50000000,6.6,25596,,"Action",2
"Natural, The",1984,134,28000000,7.4,7353,,"Drama",1
"Necronomicon",1994,96,4000000,4.8,571,,"Other",0
"Neighbors",1981,94,8500000,4.9,1419,,"Comedy",1
"Nemesis Game",2003,92,3000000,5.5,339,"R","Other",0
"Neon Maniacs",1986,91,1500000,4,142,,"Comedy",1
"Neredesin Firuze",2004,128,1500000,7.9,216,,"Comedy",1
"Net, The",1995,114,22000000,5.6,12201,"PG-13","Action",2
"Never Again",2001,98,500000,5.7,309,"R","Romance",2
"NeverEnding Story II: The Next Chapter, The",1990,89,36000000,4.3,1873,,"Other",0
"NeverEnding Story III, The",1994,95,17000000,3,674,,"Other",0
"New Adventures of Pinocchio, The",1999,94,10000000,4.7,106,,"Other",0
"New Guy, The",2002,89,13000000,5.2,4266,"PG-13","Comedy",1
"New Jack City",1991,97,8500000,6.1,3360,,"Action",2
"New York Stories",1989,124,15000000,6.1,2699,,"Comedy",2
"Newton Boys, The",1998,113,27000000,5.7,2003,"PG-13","Action",2
"Next Friday",2000,98,9500000,5.2,3457,"R","Comedy",1
"Next Stop Wonderland",1998,104,1000000,6.7,1467,"R","Romance",3
"Nicholas Nickleby",2002,132,10000000,7.4,1651,"PG","Drama",1
"Night Shadows",1984,99,2500000,3.8,134,,"Other",0
"Night at the Roxbury, A",1998,81,17000000,5.1,5937,,"Comedy",1
"Night of Dark Shadows",1971,129,900000,4.6,139,,"Other",0
"Night of the Living Dead",1990,88,4200000,6.1,2562,,"Other",0
"Night of the Scarecrow",1995,94,2000000,4.3,134,,"Other",0
"Nightmare Before Christmas, The",1993,76,18000000,7.8,19646,,"Animation",1
"Nightmare On Elm Street 3: Dream Warriors, A",1987,88,4000000,5.8,4962,,"Comedy",1
"Nightmare On Elm Street, A",1984,91,1800000,7.1,12590,,"Other",0
"Nightmare On Elm Street: The Dream Child, A",1989,89,6000000,4.3,2988,,"Comedy",1
"Nil by Mouth",1997,128,9000000,6.9,1159,"R","Drama",1
"Ninth Gate, The",1999,133,38000000,6.4,16291,"R","Other",0
"No Code of Conduct",1998,95,12000000,4.4,314,"R","Action",2
"No Looking Back",1998,96,5000000,5.6,622,"R","Romance",3
"No Way Home",1996,99,4000000,6.6,328,"R","Drama",1
"Nochnoy dozor",2004,115,4200000,6.3,1020,"R","Action",1
"North",1994,87,40000000,4.1,2539,,"Comedy",2
"Northfork",2003,103,1900000,6.2,1521,"PG-13","Drama",1
"Not Another Teen Movie",2001,89,16000000,5.2,10295,"R","Comedy",1
"Nothing to Lose",1996,108,200000,4.7,138,,"Drama",1
"November",2004,73,300000,2.8,164,"R","Drama",1
"Novocaine",2001,95,6000000,5.9,2829,"R","Comedy",2
"Nueve reinas",2000,114,1500000,7.6,3721,"R","Drama",1
"Nurse Betty",2000,110,24000000,6.6,10441,"R","Romance",3
"Nutty Professor II: The Klumps",2000,109,84000000,4.5,5825,"PG-13","Comedy",1
"Nutty Professor, The",1996,95,54000000,5.8,12273,"PG-13","Romance",2
"Nymphoid Barbarian in Dinosaur Hell, A",1991,82,40000,2.2,196,,"Other",0
"O.C. and Stiggs",1987,109,7000000,5,286,,"Comedy",1
"Object of My Affection, The",1998,111,15000000,6,4027,"R","Romance",3
"Oblivion",1994,94,2500000,4.2,188,,"Other",0
"Obsession",1976,94,1400000,6.9,924,,"Drama",1
"Ocean's Eleven",2001,116,85000000,7.5,44662,"PG-13","Comedy",1
"Ocean's Twelve",2004,125,110000000,6,14797,"PG-13","Comedy",1
"Octane",2003,91,11500000,4.4,355,"R","Other",0
"Octopus",2000,95,5000000,2.8,367,"PG-13","Other",0
"Octopussy",1983,131,27500000,6.4,8331,,"Action",1
"Offspring, The",1987,99,1100000,5.4,102,,"Other",0
"Ogniem i mieczem",1999,175,8000000,6.7,375,,"Drama",1
"Okul",2004,100,1000000,6.4,224,,"Other",0
"Old School",2003,92,24000000,6.7,14283,"R","Comedy",1
"Oligarkh",2002,123,5000000,6.2,282,,"Drama",1
"Omega Code, The",1999,100,8000000,3.5,2224,,"Action",2
"Omen, The",1976,107,2800000,7.3,7895,,"Drama",1
"On a Clear Day You Can See Forever",1970,129,10000000,5.8,578,,"Romance",2
"On the Border",1998,103,3000000,4.8,165,"R","Drama",1
"On the Line",2001,85,10000000,4.1,1013,"PG","Romance",2
"Once Upon a Time in America",1984,227,30000000,8.2,19292,"R","Drama",1
"One Eight Seven",1997,119,23000000,6.3,2958,"R","Drama",1
"One Hour Photo",2002,96,12000000,7.1,17130,"R","Drama",1
"One Man's Hero",1999,121,18000000,5.5,271,,"Action",3
"One True Thing",1998,127,30000000,7,2534,"R","Drama",1
"One from the Heart",1982,107,26000000,6,759,,"Romance",2
"Only Game in Town, The",1970,113,11000000,4.8,115,,"Drama",1
"Open Range",2003,139,26000000,7.5,8799,"R","Drama",1
"Open Water",2003,79,130000,6.1,7204,"R","Drama",1
"Ordinary People",1980,124,6000000,7.9,6785,,"Drama",1
"Orgazmo",1997,92,1000000,5.7,5128,"NC-17","Comedy",1
"Original Gangstas",1996,99,4800000,5.3,216,"R","Drama",1
"Original Sin",2001,116,26000000,5.5,4592,"R","Romance",2
"Osama",2003,83,46000,7.5,1546,"PG-13","Drama",1
"Osmosis Jones",2001,95,75000000,6.2,3410,"PG","Animation",2
"Othello",1995,123,11000000,6.8,1852,"R","Drama",1
"Other Side of Heaven, The",2001,113,7000000,6.5,683,"PG","Drama",1
"Others, The",2001,104,17000000,7.8,36914,"PG-13","Drama",1
"Out Cold",2001,92,11000000,5.2,1990,"PG-13","Comedy",1
"Out for a Kill",2003,88,20000000,3,818,"R","Action",1
"Out of Reach",2004,88,20000000,3.7,399,"R","Action",3
"Out of Sight",1998,123,48000000,7.3,18776,,"Romance",3
"Out-of-Towners, The",1999,90,40000000,5,2919,"PG-13","Comedy",1
"Outbreak",1995,127,50000000,6.4,13796,"R","Drama",1
"Outfoxed: Rupert Murdoch's War on Journalism",2004,88,200000,7.8,1382,,"Documentary",1
"Outland",1981,109,16000000,6.3,3539,,"Action",1
"Outside Providence",1999,96,7000000,6.1,2735,"R","Romance",3
"Outsiders, The",1983,91,10000000,6.8,7125,"PG-13","Drama",1
"P.S. Your Cat Is Dead",2002,88,2000000,4.7,185,"R","Comedy",1
"Pacifier, The",2005,95,56000000,4.9,2179,"PG","Action",2
"Pale Rider",1985,115,6900000,6.9,4487,,"Other",0
"Pandaemonium",2000,124,15000000,6.2,244,"PG-13","Drama",1
"Panic",2000,88,1000000,6.9,2524,"R","Comedy",2
"Panic Room",2002,113,48000000,7,24302,"R","Drama",1
"Paparazzi",2004,84,20000000,5.6,2028,"PG-13","Drama",1
"Parents",1989,81,3000000,5.9,625,,"Comedy",1
"Paris Is Burning",1990,71,500000,7,340,,"Documentary",1
"Party Monster",2003,98,5000000,5.8,1976,"R","Drama",1
"Passion of the Christ, The",2004,127,30000000,7.4,34046,"R","Drama",1
"Pat Garrett and Billy the Kid",1973,122,4638783,6.9,1469,"R","Other",0
"Patch Adams",1998,115,50000000,6.1,12110,"PG-13","Comedy",2
"Patriot Games",1992,117,45000000,6.8,12751,,"Action",2
"Patriot, The",2000,164,110000000,6.8,29665,"R","Action",2
"Patrullero, El",1991,105,1500000,6.9,117,,"Drama",1
"Patton",1970,172,12000000,8.2,14351,,"Drama",1
"Pavilion of Women",2001,111,5000000,5.3,209,"R","Drama",1
"Pay It Forward",2000,123,40000000,6.7,13531,"PG-13","Romance",2
"Payback",1999,100,50000000,6.8,18252,"R","Other",0
"Paycheck",2003,119,60000000,6.1,10383,"PG-13","Action",1
"Peacekeeper, The",1997,98,10000000,4.6,505,"R","Action",1
"Peacemaker, The",1997,124,50000000,5.9,8994,"R","Action",1
"Pee-wee's Big Adventure",1985,90,6000000,6.7,7552,,"Comedy",1
"Peggy Sue Got Married",1986,104,18000000,6.3,5797,,"Comedy",2
"Pennies from Heaven",1981,108,22000000,6.3,1109,,"Romance",3
"Permanent Record",1988,91,8000000,6.1,360,,"Drama",1
"Pest, The",1997,84,17000000,3.8,1405,"PG-13","Comedy",1
"Pet Sematary",1989,103,11500000,5.7,5718,,"Other",0
"Pet Sematary II",1992,96,8000000,3.7,1979,,"Other",0
"Peter Pan",2003,113,100000000,7.2,5596,"PG","Action",1
"Phantasm III: Lord of the Dead",1994,91,2500000,4.8,608,,"Other",0
"Phantasm IV: Oblivion",1998,90,650000,4.5,492,"R","Other",0
"Phantom of the Opera, The",2004,143,60000000,7.2,11283,"PG-13","Romance",2
"Phenomena",1985,82,3800000,6.5,1590,,"Other",0
"Philadelphia",1993,125,26000000,7.5,17861,,"Drama",1
"Pi",1998,84,60000,7.5,19431,"R","Other",0
"Pianist, The",2002,150,35000000,8.5,30467,"R","Drama",1
"Piano, The",1993,121,7000000,7.4,12394,,"Romance",2
"Pick-up Artist, The",1987,81,15000000,4.8,870,,"Romance",2
"Picture Perfect",1997,105,19000000,5.6,3019,"PG-13","Romance",2
"Pink Flamingos",1972,108,12000,6.1,2029,"NC-17","Comedy",1
"Pink Narcissus",1971,64,27000,5.2,114,,"Drama",1
"Pink Panther Strikes Again, The",1976,103,6000000,6.9,3394,,"Comedy",1
"Piranha",1978,94,660000,5.4,1553,,"Comedy",1
"Pirates",1986,124,40000000,5.5,973,,"Comedy",1
"Platoon",1986,120,6000000,8.1,35210,,"Action",2
"Pleasantville",1998,124,40000000,7.5,22561,"PG-13","Comedy",2
"Pocahontas",1995,81,55000000,5.7,6498,,"Animation",2
"Poetic Justice",1993,109,14000000,5,1207,,"Romance",2
"Point Break",1991,120,24000000,6.5,11180,,"Action",2
"Point Men, The",2001,88,6100000,4.6,266,"R","Action",1
"Poison",1991,85,250000,6.2,452,,"Drama",1
"Pollock",2000,132,6000000,7.1,4013,"R","Drama",1
"Poltergeist II: The Other Side",1986,130,19000000,4.9,2482,,"Other",0
"Poltergeist III",1988,98,9500000,3.7,2081,,"Other",0
"Polyester",1981,86,300000,6.5,1115,,"Comedy",1
"Pooh's Heffalump Movie",2005,68,20000000,6.7,295,,"Animation",1
"Pootie Tang",2001,70,3000000,4.1,1921,"PG-13","Action",2
"Popeye",1980,115,20000000,4.8,4822,,"Comedy",1
"Porky's",1982,94,4000000,5.4,5483,,"Comedy",1
"Porky's Revenge",1985,92,9000000,3.7,1143,,"Comedy",1
"Poseidon Adventure, The",1972,117,5000000,6.8,5591,,"Action",2
"Postino, Il",1994,108,3000000,7.6,8342,"PG","Romance",3
"Postman, The",1997,177,80000000,5.2,8773,,"Action",2
"Powerpuff Girls, The",2002,73,10000000,6.2,1334,"PG","Animation",3
"Practical Magic",1998,103,60000000,5.4,7786,"PG-13","Romance",2
"Pray for Death",1985,92,4000000,4.4,101,,"Action",1
"Prefontaine",1997,106,8000000,6.4,949,,"Drama",1
"Pretty Woman",1990,125,14000000,6.6,23316,,"Romance",2
"Price of Glory",2000,118,10000000,6.2,265,"PG-13","Drama",1
"Primary Colors",1998,143,65000000,6.8,7756,"R","Comedy",2
"Primer",2004,77,7000,6.4,1466,"PG-13","Drama",1
"Prince of Darkness",1987,102,3000000,6.1,2817,,"Other",0
"Prince of Egypt, The",1998,99,60000000,6.9,9212,"PG","Animation",2
"Princess Bride, The",1987,98,16000000,8.2,53946,,"Romance",2
"Princess Diaries, The",2001,114,37000000,6,6892,,"Comedy",1
"Prisoner of Zenda, The",1979,108,12500000,4.3,172,,"Comedy",1
"Private Lessons",1981,87,2800000,4.4,306,,"Comedy",1
"Private Life of Sherlock Holmes, The",1970,125,10000000,7.3,957,,"Comedy",2
"Private Parts",1997,109,20000000,6.6,9289,"R","Comedy",2
"Progeny",1998,99,2500000,4.2,291,"R","Other",0
"Prowler, The",1981,87,1000000,4.7,332,,"Other",0
"Psycho",1998,105,20000000,5,7255,"R","Other",0
"Psycho Beach Party",2000,95,1500000,5.7,1404,,"Comedy",1
"Psycho II",1983,113,5000000,5.7,2228,,"Other",0
"Puddle Cruiser",1996,102,160000,6.3,137,,"Comedy",1
"Pulp Fiction",1994,168,8000000,8.8,132745,"R","Drama",1
"Pumpkinhead",1989,86,3500000,5.4,1275,,"Other",0
"Punch-Drunk Love",2002,95,25000000,7.5,18169,"R","Romance",3
"Punisher, The",1989,92,10000000,4.7,2007,,"Action",1
"Punisher, The",2004,124,33000000,6.2,9989,"R","Action",1
"Puppet Master II",1991,88,780000,4.3,413,,"Other",0
"Purple Rose of Cairo, The",1985,84,15000000,7.5,5273,,"Romance",2
"Pushing Tin",1999,119,33000000,5.9,7528,"R","Comedy",2
"Q",1982,93,1200000,6,578,,"Drama",1
"Queen of the Damned",2002,104,35000000,4.7,6999,"R","Other",0
"Quest for Camelot",1998,74,40000000,5.4,974,,"Animation",3
"Quiet American, The",2002,101,30000000,7.4,5957,"R","Romance",2
"Quigley Down Under",1990,119,20000000,6.2,2315,,"Drama",1
"Rabbit-Proof Fence",2002,94,6000000,7.7,5079,"PG","Drama",1
"Radio",2003,109,35000000,6.9,3594,"PG","Drama",1
"Radio Days",1987,85,16000000,7.4,3989,,"Comedy",2
"Radio Flyer",1992,114,35000000,6.4,2447,,"Drama",1
"Rage: Carrie 2, The",1999,104,21000000,4.4,3280,"R","Other",0
"Raging Bull",1980,129,18000000,8.4,26739,,"Drama",1
"Raiders of the Lost Ark",1981,115,20000000,8.7,93511,,"Action",1
"Rainmaker, The",1997,135,40000000,6.8,8620,"PG-13","Drama",1
"Raise the Titanic",1980,115,36000000,4.4,612,,"Action",2
"Raising Arizona",1987,94,6000000,7.6,19991,,"Comedy",1
"Raising Cain",1992,91,11000000,5.4,1885,,"Other",0
"Raising Victor Vargas",2002,88,800000,6.7,1785,"R","Romance",3
"Rambo III",1988,101,65000000,4.1,7631,,"Action",1
"Rambo: First Blood Part II",1985,94,44000000,5.1,9479,,"Action",2
"Rancid Aluminium",2000,88,12000000,3.5,352,"R","Drama",1
"Random Hearts",1999,133,64000000,4.8,5919,"R","Romance",2
"Ransom",1996,139,80000000,6.6,17678,"R","Action",2
"Rare Birds",2001,99,5000000,6.4,471,"R","Comedy",2
"Rat Race",2001,112,48000000,6.5,13913,"PG-13","Comedy",1
"Re-Animator",1985,95,900000,6.9,3546,,"Comedy",1
"Real Cancun, The",2003,96,8000000,2.8,1504,"R","Documentary",1
"Real Women Have Curves",2002,87,3000000,7,1944,"PG-13","Comedy",2
"Recess: School's Out",2001,82,10000000,6,512,,"Animation",2
"Red Baron, The",1971,97,900000,4.9,120,"PG-13","Action",2
"Red Dragon",2002,124,90000000,7.3,21089,"R","Other",0
"Red Planet",2000,106,75000000,5.3,8623,"PG-13","Action",1
"Red Scorpion",1989,98,16000000,3.6,711,,"Action",1
"Red Sonja",1985,89,17900000,4.3,3947,,"Action",1
"Reds",1981,194,35000000,7.1,2394,,"Romance",2
"Ref, The",1994,93,11000000,6.8,4791,,"Comedy",1
"Reign of Fire",2002,101,95000000,5.8,11452,"PG-13","Action",1
"Reindeer Games",2000,124,36000000,5.5,7120,"R","Action",2
"Relic, The",1997,110,40000000,5.3,5102,"R","Other",0
"Remains of the Day, The",1993,134,15000000,7.8,10310,,"Romance",2
"Rembrandt",2003,109,3000000,6.8,416,,"Action",2
"Remember the Titans",2000,113,30000000,7.4,14195,"PG","Drama",1
"Replacement Killers, The",1998,87,30000000,5.8,6825,"R","Action",1
"Replacements, The",2000,114,50000000,6.2,7617,"PG-13","Comedy",1
"Requiem for a Dream",2000,102,4500000,8.4,47845,"R","Drama",1
"Resident Evil",2002,100,35000000,6.2,18978,"R","Action",1
"Resident Evil: Apocalypse",2004,94,50000000,5.6,10486,"R","Action",1
"Restoration",1995,117,18000000,6.6,1874,"R","Drama",1
"Resurrection Man",1998,102,4000000,4.6,214,"R","Drama",1
"Return of the Aliens: The Deadly Spawn",1983,81,25000,5,173,,"Other",0
"Return of the Living Dead 3",1993,97,2000000,5.3,1386,,"Other",0
"Return of the Living Dead, The",1985,91,4000000,6.7,3344,,"Comedy",1
"Return of the Pink Panther, The",1975,113,5000000,6.8,3136,,"Comedy",1
"Return of the Secaucus 7",1980,110,60000,7.1,525,,"Drama",1
"Return of the Texas Chainsaw Massacre, The",1994,86,600000,2.6,2634,,"Comedy",1
"Return to Innocence",2001,98,100000,7.5,477,,"Drama",1
"Return to Me",2000,115,24000000,6.9,5057,"PG","Romance",3
"Return to Never Land",2002,72,20000000,5.8,988,,"Animation",1
"Return to Oz",1985,113,27000000,6.3,2225,,"Other",0
"Revelation",1999,98,5000000,4.5,203,"PG-13","Action",2
"Revenge of the Nerds",1984,90,8000000,6,6007,,"Comedy",1
"Revolution",1985,126,28000000,4.6,937,,"Other",0
"Rhapsody in Bloom",1998,92,2200000,6.2,104,,"Romance",2
"Rich in Love",1993,105,18000000,6,216,,"Drama",1
"Riders",2002,83,15000000,5.1,922,"R","Action",1
"Right Stuff, The",1983,193,27000000,7.9,12907,,"Drama",1
"Ring, The",2002,115,45000000,7.4,30687,"PG-13","Drama",1
"Ringu",1998,96,1200000,7.4,8091,,"Other",0
"River Wild, The",1994,111,45000000,6.1,4942,,"Action",2
"Road to El Dorado, The",2000,89,95000000,6.3,2838,"PG","Animation",3
"Road to Perdition",2002,117,80000000,7.7,30526,"R","Drama",1
"Robin Hood",1973,83,15000000,7.2,3396,,"Animation",2
"Robin Hood: Prince of Thieves",1991,155,50000000,6.5,20286,,"Action",3
"RoboCop 3",1993,104,22000000,3.2,4519,,"Action",1
"Rock, The",1996,136,75000000,7,46184,"R","Action",2
"Rocky",1976,119,1100000,7.8,22893,,"Romance",2
"Rocky Horror Picture Show, The",1975,98,1200000,6.8,16737,,"Comedy",1
"Rocky IV",1985,91,31000000,5.3,11503,,"Action",2
"Roger & Me",1989,91,160000,7.7,7674,,"Documentary",2
"Rogue Trader",1999,101,12800000,6.1,1379,,"Drama",1
"Roi danse, Le",2000,115,21000000,5.9,422,,"Drama",1
"Roma",2004,155,2763806,7.5,105,,"Drama",1
"Romantic Englishwoman, The",1975,115,1200000,6,119,,"Comedy",2
"Romeo + Juliet",1996,120,14500000,6.7,22306,"PG-13","Action",3
"Ronin",1998,121,55000000,7,21982,"R","Action",1
"Room with a View, A",1985,117,3000000,7.4,6369,,"Romance",3
"Roommates",1995,108,22000000,6.1,456,,"Comedy",2
"Roozi khe zan shodam",2000,78,180000,7.3,227,,"Drama",1
"Rose, The",1979,125,8500000,6.6,1076,,"Drama",1
"Rosewood",1997,140,31000000,6.8,1840,"R","Action",2
"Route 666",2001,86,2300000,4,487,"R","Action",1
"Ruby in Paradise",1993,114,800000,7,827,,"Drama",1
"Rugrats Go Wild!",2003,81,25000000,4.8,423,"PG","Animation",2
"Rugrats in Paris: The Movie - Rugrats II",2000,78,30000000,5.7,755,,"Animation",2
"Rules of Attraction, The",2002,110,4000000,6.7,8552,"R","Romance",3
"Rules of Engagement",2000,128,60000000,6.3,7903,"R","Drama",1
"Rumpelstiltskin",1996,87,3000000,3,265,"R","Other",0
"Runaway Bride",1999,116,70000000,5.4,12624,"PG","Romance",2
"Runaway Jury",2003,127,60000000,7.1,10761,"PG-13","Drama",1
"Running Brave",1983,106,8000000,6.1,156,,"Other",0
"Running Man, The",1987,101,27000000,6.2,11847,,"Action",1
"Running Time",1997,70,120000,7,305,,"Other",0
"Rush Hour",1998,93,35000000,6.7,18336,"PG-13","Action",2
"Rushmore",1998,93,10000000,7.7,22209,"R","Romance",3
"Ryan's Daughter",1970,202,15000000,7.4,965,"R","Romance",2
"S.W.A.T.",2003,117,80000000,5.9,12732,"PG-13","Action",1
"SSSSSSS",1973,99,1300000,4.4,383,,"Other",0
"Safe Men",1998,88,1000000,6.1,590,"R","Comedy",1
"Sahara",2005,124,130000000,5.8,3004,"PG-13","Action",2
"Saint, The",1997,116,70000000,5.7,12591,"PG-13","Action",2
"Samsara",2001,138,3000000,7.6,636,"R","Action",3
"Sangre eterna",2002,108,25000,4.6,148,"R","Other",0
"Santa Claus",1985,107,50000000,4.7,983,,"Other",0
"Santa Clause 2, The",2002,105,60000000,5.8,2616,,"Romance",2
"Sara",1997,105,835000,6.3,175,,"Action",2
"Saved!",2004,92,5000000,7.1,6504,"PG-13","Comedy",2
"Saving Private Ryan",1998,170,70000000,8.3,100267,"R","Action",2
"Saving Silverman",2001,96,22000000,5.4,6684,"R","Romance",2
"Savior",1998,104,10000000,7.2,1775,"R","Drama",1
"Saw",2004,100,1200000,7.5,17191,"R","Other",0
"Say It Isn't So",2001,93,25000000,4.6,3144,"R","Romance",2
"Scary Movie",2000,88,19000000,5.5,23293,"R","Comedy",1
"Scary Movie 2",2001,83,45000000,4.2,12035,"R","Comedy",1
"Scary Movie 3",2003,84,45000000,5.3,9225,"PG-13","Comedy",1
"Schindler's List",1993,195,25000000,8.8,97667,"R","Drama",1
"School Daze",1988,121,6500000,5.3,955,,"Drama",1
"School of Rock, The",2003,108,20000000,7.4,16452,"PG-13","Comedy",1
"Scooby-Doo",2002,86,84000000,4.8,9618,"PG","Comedy",1
"Score, The",2001,124,68000000,6.8,16106,"R","Drama",1
"Scorpion King, The",2002,92,60000000,5.3,10111,"PG-13","Action",1
"Scream",1996,111,15000000,7,43652,"R","Other",0
"Scream 2",1997,120,24000000,5.9,21533,"R","Other",0
"Scream 3",2000,116,40000000,5.4,15403,"R","Other",0
"Screamers",1995,108,11000000,5.6,2725,"R","Other",0
"Screwballs",1983,80,800000,4.3,241,,"Comedy",1
"Screwed",2000,78,10000000,4.8,1592,"PG-13","Comedy",1
"Seabiscuit",2003,141,86000000,7.5,11552,"PG-13","Drama",1
"Searching for Debra Winger",2002,97,600000,5.6,301,"R","Documentary",1
"Secondhand Lions",2003,120,30000000,7.4,5543,"PG","Comedy",2
"Secret Life of Girls, The",1999,90,2500000,5,145,,"Comedy",1
"Secrets & Lies",1996,136,4500000,7.9,7747,"R","Comedy",2
"See Spot Run",2001,94,16000000,5,1193,"PG","Comedy",1
"Sense and Sensibility",1995,136,16500000,7.7,13904,"PG","Romance",3
"September",1987,82,10000000,6.1,918,,"Drama",1
"Serial Mom",1994,95,13000000,6.3,4750,"R","Comedy",1
"Serpent and the Rainbow, The",1988,98,7000000,5.9,2166,,"Other",0
"Serpent's Kiss, The",1997,104,13000000,5.3,368,"R","Drama",1
"Serpent's Lair",1995,90,4000000,4.1,118,"R","Other",0
"Serving Sara",2002,99,29000000,4.6,2990,"PG-13","Romance",2
"Session 9",2001,97,1500000,6.6,3718,"R","Drama",1
"Seven Years in Tibet",1997,139,70000000,6.6,9426,"PG-13","Drama",1
"Sgt. Bilko",1996,93,39000000,5.1,3712,"PG","Comedy",1
"Shade",2003,101,6800000,6.5,1616,"R","Drama",1
"Shadow of the Vampire",2000,87,8000000,6.8,8366,,"Comedy",2
"Shadow, The",1994,108,40000000,5.2,3386,,"Action",1
"Shadows and Fog",1992,85,14000000,6.3,2303,,"Comedy",2
"Shaft",1971,100,1125000,6.5,2923,,"Action",2
"Shaft",2000,99,46000000,6,13742,"R","Action",1
"Shakes the Clown",1992,87,1400000,5.5,838,"R","Comedy",1
"Shakespeare in Love",1998,122,25000000,7.5,41999,"R","Romance",3
"Shall We Dance",2004,106,40000000,6,3479,"PG-13","Romance",3
"Shallow Grave",1994,93,2500000,7.4,9401,"R","Drama",1
"Shallow Hal",2001,113,40000000,6.1,13217,"PG-13","Romance",3
"Shanghai Knights",2003,114,50000000,6.3,7279,"PG-13","Action",2
"Shanghai Noon",2000,110,55000000,6.7,12258,"PG-13","Action",2
"Shanghai Surprise",1986,97,17000000,2.8,836,,"Romance",2
"Shark Tale",2004,90,75000000,5.9,7819,"PG","Animation",3
"Shawshank Redemption, The",1994,142,25000000,9.1,149494,"R","Drama",1
"She's All That",1999,95,10000000,5.5,13070,"PG-13","Romance",2
"She's Gotta Have It",1986,88,160000,6.3,1034,,"Romance",2
"She's the One",1996,96,3500000,6,3779,"R","Romance",2
"Sheena",1984,117,25000000,4,618,,"Action",2
"Shelter Island",2003,82,5000000,3.9,191,"R","Other",0
"Shine",1996,105,5500000,7.6,12425,"PG-13","Romance",2
"Shining, The",1980,146,19000000,8.3,50908,,"Other",0
"Shipping News, The",2001,111,35000000,6.9,7695,"R","Romance",2
"Shock Treatment",1981,94,3500000,4.5,572,,"Comedy",1
"Shock Waves",1977,90,200000,5.4,429,,"Other",0
"Shot at Glory, A",2000,114,9000000,6.3,286,"R","Drama",1
"Showgirls",1995,131,45000000,3.8,11483,"NC-17","Drama",1
"Sid and Nancy",1986,110,4000000,7,3057,,"Drama",1
"Sideways",2004,123,16000000,8,17051,"R","Comedy",2
"Siege, The",1998,116,70000000,5.9,9725,"R","Action",2
"Signs",2002,108,72000000,7.1,40285,"PG-13","Drama",1
"Silence of the Lambs, The",1991,118,19000000,8.5,92060,,"Other",0
"Silent Movie",1976,87,4400000,6.3,2321,,"Comedy",1
"Silent Night, Deadly Night",1984,85,750000,4.4,563,,"Other",0
"Silver Bullet",1985,95,7000000,5.6,2000,,"Other",0
"Simon Birch",1998,113,20000000,6.8,4612,"PG","Comedy",2
"Simple Plan, A",1998,121,17000000,7.6,15398,"R","Drama",1
"Simple Wish, A",1997,89,28000000,5,423,"PG","Comedy",1
"Sin City",2005,124,45500000,8.3,23473,"R","Action",1
"Sinbad: Legend of the Seven Seas",2003,86,60000000,6.5,2340,"PG","Animation",1
"Sindrome di Stendhal, La",1996,113,3800000,5.8,972,,"Other",0
"Singing Detective, The",2003,109,10000000,5.3,1184,"R","Comedy",2
"Singles Ward, The",2002,102,500000,5.7,291,"PG","Romance",3
"Sinnui yauman",1987,92,5600000,7.4,1606,,"Action",2
"Six Days Seven Nights",1998,101,70000000,5.6,11112,,"Action",3
"Six-String Samurai",1998,91,2000000,6.2,1163,"PG-13","Action",1
"Skeletons",1996,87,2200000,5.3,122,,"Drama",1
"Skulls, The",2000,106,15000000,5.3,6530,"PG-13","Drama",1
"Slacker",1991,97,23000,6.7,2108,,"Comedy",2
"Slap Her... She's French",2002,92,10000000,4.7,811,"PG-13","Comedy",1
"Slashers",2001,97,165000,5.2,213,"R","Other",0
"Sleepers",1996,147,44000000,7,17896,"R","Drama",1
"Sleeping Dictionary, The",2003,109,12000000,6.1,696,"R","Romance",2
"Sleepless in Seattle",1993,105,21000000,6.7,19224,,"Romance",3
"Sleepover",2004,89,10000000,4.1,733,"PG","Comedy",1
"Slums of Beverly Hills",1998,92,5000000,6.4,2914,"R","Comedy",2
"Smile Like Yours, A",1997,98,18000000,4.5,348,"R","Romance",2
"Smilla's Sense of Snow",1997,120,35000000,6.3,3722,"R","Action",2
"Smoke",1995,112,7000000,7.4,8111,"R","Comedy",2
"Smoke Signals",1998,88,2000000,7.2,2665,"PG-13","Comedy",2
"Snatch.",2000,102,10000000,7.9,44785,"R","Comedy",1
"Snitch",1998,90,11000000,6.2,412,"R","Action",2
"Snow Falling on Cedars",1999,127,36000000,6.7,4536,"PG-13","Drama",1
"Sol Goode",2001,99,3000000,5.4,291,"R","Comedy",1
"Solar Crisis",1990,112,55000000,3.9,377,,"Other",0
"Solaris",2002,99,47000000,6.3,11808,"PG-13","Romance",2
"Soldier",1998,98,75000000,5.2,5590,"R","Action",1
"Someone Like You...",2001,97,23000000,5.7,4249,"PG-13","Romance",2
"Something Wicked This Way Comes",1983,95,19000000,6.5,1302,,"Other",0
"Somewhere in Time",1980,103,5100000,6.8,3837,,"Romance",2
"Song jia huang chao",1997,145,50000000,6.9,151,,"Romance",2
"Songcatcher",2000,109,1800000,7.2,927,"PG-13","Drama",1
"Sorcerer",1977,93,22000000,7.1,719,,"Other",0
"Sorority Babes in the Slimeball Bowl-O-Rama",1988,80,90000,4,338,,"Comedy",1
"Sorority Boys",2002,93,12000000,5.1,2398,"R","Comedy",1
"Soul Assassin",2001,96,7000000,4,376,"R","Action",1
"Soul Plane",2004,92,16000000,3.2,2361,"R","Comedy",1
"Soul Survivors",2001,84,14000000,3.6,2305,"R","Other",0
"Space Cowboys",2000,130,65000000,6.4,11887,,"Drama",1
"Space Jam",1996,87,80000000,5.2,7995,"PG","Animation",2
"Spaceballs",1987,96,22700000,6.7,20054,,"Comedy",1
"Spaced Invaders",1990,100,3000000,4.5,612,,"Comedy",1
"Spanglish",2004,130,80000000,6.7,4698,"PG-13","Romance",3
"Spanish Judges",1999,98,3500000,4.8,178,"R","Drama",1
"Spawn",1997,98,40000000,4.6,7523,"PG-13","Action",1
"Specialist, The",1994,110,45000000,4.7,6602,,"Action",2
"Speed",1994,116,28000000,7.1,32979,"R","Action",1
"Speed 2: Cruise Control",1997,121,110000000,3.3,13268,"PG-13","Action",2
"Sphere",1998,134,80000000,5.3,12990,"PG-13","Other",0
"Spice World",1997,93,25000000,3,7710,"PG","Comedy",1
"Spider",2002,94,8000000,6.8,5193,"R","Drama",1
"Spider-Man 2",2004,127,200000000,7.9,40256,"PG-13","Action",1
"Spirit: Stallion of the Cimarron",2002,86,80000000,6.4,2738,,"Animation",1
"Spitfire Grill, The",1996,117,6000000,6.7,2245,,"Drama",1
"Splash",1984,111,8000000,6.3,9428,,"Romance",2
"Split Second",1992,90,7000000,5.3,1120,,"Action",1
"Spun",2002,106,2800000,6.2,3924,"R","Comedy",2
"Spy Game",2001,126,92000000,7,16736,"R","Action",2
"Spy Hard",1996,81,18000000,4.5,4686,"PG-13","Action",2
"Spy Kids",2001,88,35000000,6.2,7400,,"Action",2
"Spy Kids 2: Island of Lost Dreams",2002,99,39000000,5.8,3175,"PG","Action",2
"Spy Kids 3-D: Game Over",2003,84,39000000,4.7,2597,"PG","Action",2
"Spy Who Loved Me, The",1977,123,14000000,6.9,8130,,"Action",1
"Stag",1997,91,3000000,5.5,305,,"Action",2
"Stand by Me",1986,89,8000000,8,30805,,"Drama",1
"Star Kid",1997,101,12000000,5,269,"PG","Other",0
"Star Trek III: The Search for Spock",1984,105,17000000,6.2,9808,,"Action",1
"Star Trek IV: The Voyage Home",1986,136,25000000,7.1,11647,,"Comedy",1
"Star Trek V: The Final Frontier",1989,107,27800000,4.8,9215,,"Action",1
"Star Trek: First Contact",1996,106,45000000,7.3,25046,"PG-13","Action",1
"Star Trek: Generations",1994,118,35000000,6.2,12651,,"Action",2
"Star Trek: The Motion Picture",1979,143,35000000,5.8,10752,"PG","Other",0
"Star Wars",1977,125,11000000,8.8,134640,"PG","Action",1
"Star Wars: Episode II - Attack of the Clones",2002,120,120000000,7,63889,"PG","Action",1
"Star Wars: Episode V - The Empire Strikes Back",1980,129,18000000,8.8,103706,"PG","Action",1
"Star Wars: Episode VI - Return of the Jedi",1983,135,32500000,8.1,82471,"PG","Action",1
"Stardust Memories",1980,91,10000000,6.8,2148,,"Comedy",2
"Stargate",1994,130,55000000,6.4,17520,,"Action",1
"Starship Troopers",1997,129,95000000,6.7,32618,"R","Action",1
"Starsky & Hutch",2004,101,60000000,6.3,13529,"PG-13","Action",2
"Statement, The",2003,120,23000000,6.1,710,"R","Drama",1
"Stateside",2004,97,16000000,5.4,247,"R","Drama",1
"Steamboy",2004,126,20000000,6.6,529,"PG-13","Animation",3
"Steel",1997,97,16000000,2.6,1607,"PG-13","Action",1
"Stepmom",1998,124,50000000,6.1,7470,"PG-13","Comedy",2
"Sticky Fingers of Time, The",1997,90,250000,5.5,129,,"Other",0
"Sting, The",1973,129,5500000,8.4,23678,,"Comedy",2
"Stir of Echoes",1999,99,13000000,7,11433,"R","Other",0
"Stolen Summer",2002,91,1500000,6.2,801,"PG","Drama",1
"Straight Out of Brooklyn",1991,79,450000,5.4,107,,"Drama",1
"Straight Story, The",1999,112,10000000,8.1,14679,,"Drama",1
"Straight to Hell",1987,86,1000000,4.9,464,,"Comedy",1
"Strange Days",1995,145,42000000,6.9,11869,"R","Action",2
"Strangeland",1998,92,2000000,4.4,1179,"R","Other",0
"Stranger Than Paradise",1983,89,90000,7.4,2873,,"Comedy",2
"Straw Dogs",1971,113,3251794,7.4,4755,,"Drama",1
"Street Pirates",1994,94,650000,8.2,111,,"Documentary",1
"Streets of Fire",1984,93,14500000,6.2,1860,,"Action",2
"Stripes",1981,106,10000000,6.8,7406,"R","Comedy",1
"Striptease",1996,117,50000000,3.8,7998,"R","Comedy",2
"Stryker's War",1985,84,100000,5.1,146,,"Action",1
"Stuart Little",1999,81,103000000,6,8009,"PG","Comedy",1
"Stupids, The",1996,94,25000000,3.7,1503,,"Comedy",1
"Sub Down",1997,93,17000000,4.4,322,,"Drama",1
"Suburbia",1984,94,1000000,6.8,481,,"Other",0
"Sugar Town",1999,92,250000,5.8,307,"R","Comedy",1
"Suicide Kings",1997,106,5000000,7,6117,"R","Comedy",2
"Sum of All Fears, The",2002,123,68000000,6.6,15835,"PG-13","Action",2
"Summer Catch",2001,105,17000000,4.5,2581,"PG-13","Romance",2
"Sunday",1997,94,450000,7.1,249,,"Romance",2
"Sunshine State",2002,141,5600000,7,1481,"PG-13","Drama",1
"Superman",1978,151,55000000,7.1,17327,"PG","Action",1
"Superman II",1980,127,54000000,6.5,10085,,"Action",1
"Superstar",1999,81,14000000,4.5,2880,"PG-13","Comedy",1
"Supervixens",1975,99,250000,5.8,518,,"Action",3
"Surviving Picasso",1996,125,16000000,6.1,1139,"R","Romance",2
"Suspect Zero",2004,99,27000000,5.7,1310,"R","Drama",1
"Sweepers",1999,93,12500000,3.9,276,"R","Action",1
"Sweet Angel Mine",1996,88,5000000,5.3,119,,"Other",0
"Sweet Home Alabama",2002,108,38000000,5.8,9943,"PG-13","Romance",3
"Sweet November",2001,115,40000000,5.5,5458,"PG-13","Romance",3
"Sweet Sweetback's Baad Asssss Song",1971,97,150000,5.3,547,,"Drama",1
"Sweetest Thing, The",2002,90,43000000,4.7,8284,"R","Romance",2
"Swept Away",2002,89,10000000,3.8,2113,"R","Romance",2
"Swimfan",2002,85,8500000,4.5,3863,"PG-13","Drama",1
"Swimming with Sharks",1994,101,700000,7.1,4837,"R","Comedy",2
"Swingers",1996,96,200000,7.6,15827,"R","Comedy",2
"Swiri",1999,125,5000000,6.6,1704,"R","Action",2
"Switchblade Sisters",1975,91,320000,5.7,402,,"Action",2
"Swoon",1992,80,250000,7,290,,"Drama",1
"Swordfish",2001,99,80000000,6.2,20455,"R","Action",1
"Tadpole",2002,78,150000,6.3,1769,"PG-13","Romance",3
"Taegukgi hwinalrimyeo",2004,140,12800000,8.5,1792,"R","Action",2
"Tale of the Mummy",1998,119,8000000,3.7,570,"R","Other",0
"Talented Mr. Ripley, The",1999,139,40000000,7,25974,"R","Drama",1
"Tales from the Hood",1995,98,6000000,5.1,548,"R","Action",1
"Talk Radio",1988,110,4000000,6.9,2080,,"Drama",1
"Tall Tale",1995,98,32000000,4.8,383,,"Other",0
"Tango & Cash",1989,104,55000000,5.4,7657,,"Action",2
"Taxi Driver",1976,110,1300000,8.5,47873,,"Drama",1
"Taxman, The",1999,104,1000000,5.7,169,"R","Action",2
"Tea with Mussolini",1999,117,12000000,6.7,2711,"PG","Comedy",2
"Teacher's Pet",2004,74,10000000,5.6,218,"PG","Animation",2
"Ted Bundy",2002,99,1200000,5.2,852,"R","Drama",1
"Teenage Mutant Ninja Turtles",1990,93,13500000,5.5,6946,,"Action",1
"Telling Lies in America",1997,101,4000000,6.4,646,,"Drama",1
"Temp, The",1993,99,15000000,4.9,668,,"Drama",1
"Tentacoli",1977,102,750000,2.8,237,,"Other",0
"Terminal, The",2004,128,60000000,7.1,15809,"PG-13","Romance",3
"Terminator 3: Rise of the Machines",2003,109,175000000,6.9,32111,"R","Action",1
"Terminator, The",1984,108,6400000,7.9,59772,,"Action",3
"Terror Train",1980,97,3500000,5.2,567,,"Other",0
"Texas Chainsaw Massacre 2, The",1986,111,4700000,4.6,2107,,"Other",0
"Texas Chainsaw Massacre, The",2003,98,9200000,5.9,9587,"R","Action",1
"Thank God He Met Lizzie",1997,91,2500000,5.9,196,,"Romance",2
"Thelma & Louise",1991,129,16500000,7.3,18075,,"Action",2
"Theodore Rex",1995,92,33000000,2.2,567,"PG","Comedy",1
"There's Something About Mary",1998,134,23000000,7.2,46343,"R","Romance",2
"Thieves Like Us",1974,123,800000,7,310,,"Drama",1
"Thin Line Between Love and Hate, A",1996,108,8000000,4.4,458,"R","Romance",2
"Thin Red Line, The",1998,170,52000000,7.2,25637,"R","Action",2
"Thing Called Love, The",1993,116,14000000,6,1217,,"Romance",3
"Thirteen Days",2000,145,80000000,7.4,10926,"PG-13","Drama",1
"Thirteenth Floor, The",1999,100,16000000,6.4,7712,"R","Other",0
"Thomas Crown Affair, The",1999,113,48000000,6.7,17220,"R","Romance",2
"Thomas and the Magic Railroad",2000,85,19000000,4.2,364,,"Other",0
"Three Kings",1999,114,48000000,7.3,31503,"R","Action",3
"Three to Tango",1999,98,20000000,6,5719,"PG-13","Romance",2
"Thunderbirds",2004,95,57000000,4.4,1419,"PG","Action",2
"Thunderpants",2002,87,7000000,4.2,353,,"Comedy",1
"Time Bandits",1981,110,5000000,6.9,9434,,"Comedy",1
"Time Changer",2002,95,825000,4.5,304,"PG","Drama",1
"Time Machine, The",2002,96,80000000,5.5,12424,"PG-13","Action",1
"Time Walker",1982,83,750000,2.4,170,,"Other",0
"Time to Kill, A",1996,149,40000000,6.9,15577,"R","Drama",1
"Timeline",2003,116,80000000,5.2,5803,"PG-13","Other",0
"Tin Cup",1996,135,45000000,6.2,7521,"R","Romance",3
"Tin Men",1987,110,11000000,6.4,2065,,"Comedy",2
"Titan A.E.",2000,94,75000000,6.4,9373,"PG","Animation",2
"Titanic",1997,194,200000000,6.9,90195,"PG-13","Romance",2
"To Die For",1995,110,20000000,6.7,7737,,"Comedy",2
"Tom Horn",1980,98,3000000,6.4,404,,"Other",0
"Tomcats",2001,95,11000000,4.7,3717,"R","Comedy",1
"Tommy",1975,111,5000000,6.1,2916,,"Drama",1
"Tomorrow Never Dies",1997,119,110000000,6.4,19397,"PG-13","Action",1
"Toolbox Murders, The",1978,93,185000,4.3,259,,"Other",0
"Top Dog",1995,86,6000000,3.3,348,,"Action",2
"Torque",2004,81,40000000,3.2,4050,"PG-13","Action",1
"Total Recall",1990,113,65000000,7.2,26486,,"Action",1
"Touch, The",2002,103,20000000,4.5,417,"PG-13","Action",2
"Tough Guys Don't Dance",1987,110,5000000,4.8,233,,"Action",2
"Towering Inferno, The",1974,165,14000000,6.4,5386,,"Action",2
"Town & Country",2001,104,90000000,4.5,1434,"R","Comedy",1
"Toxic Avenger, Part II, The",1989,96,2300000,4.2,574,,"Action",2
"Toy Story",1995,81,30000000,7.9,46019,,"Animation",2
"Toy Story 2",1999,92,90000000,8.1,40941,,"Animation",2
"Track 29",1988,90,5000000,5.5,417,,"Drama",1
"Traffic",2000,147,48000000,7.8,41268,"R","Drama",1
"Training Day",2001,120,45000000,7.3,22776,"R","Drama",1
"Trainspotting",1996,94,3500000,8,51887,"R","Drama",1
"Trancers",1985,76,400000,6.1,509,,"Action",1
"Trapped",2002,106,30000000,6,3718,"R","Other",0
"Trash",1970,110,25000,6.7,316,,"Drama",1
"Trauma",1993,106,7000000,5.5,652,,"Other",0
"Treasure Planet",2002,95,140000000,6.6,3724,"PG","Animation",2
"Trekkies",1997,86,375000,6.9,1526,"PG","Documentary",1
"Tremors",1990,96,10000000,6.9,9657,,"Comedy",1
"Trial of Billy Jack, The",1974,170,7800000,4,258,,"Action",2
"Trigger Effect, The",1996,94,8000000,5.4,1591,"R","Action",2
"Triggermen",2002,96,12000000,5.8,317,"R","Comedy",1
"Triplettes de Belleville, Les",2003,78,8000000,7.7,6618,"PG-13","Animation",2
"Trois",2000,93,200000,3.1,176,"R","Other",0
"Tromeo and Juliet",1996,108,350000,5.8,1030,"R","Comedy",2
"Tron",1982,96,17000000,6.4,9084,,"Action",1
"True Romance",1993,121,12500000,7.7,25896,,"Action",3
"Tuck Everlasting",2002,96,15000000,6.5,2055,"PG","Romance",2
"Tui shou",1992,105,400000,7.1,317,,"Comedy",2
"Tumbleweeds",1999,102,312000,6.9,1146,"PG-13","Comedy",2
"Tunnel Vision",1976,95,250000,4.8,166,,"Comedy",1
"Tunnel, Der",2001,188,7100000,8.2,446,,"Drama",1
"Turetskii gambit",2005,130,4000000,6.9,247,,"Action",1
"Turn It Up",2000,86,9000000,4.3,129,,"Action",2
"Tuxedo, The",2002,98,60000000,5.1,6070,"PG-13","Action",2
"Twelve Monkeys",1995,129,29000000,7.9,62301,"R","Drama",1
"Twilight's Last Gleaming",1977,146,6200000,6.6,313,,"Other",0
"Twin Falls Idaho",1999,111,500000,7.1,1547,"R","Drama",1
"Twin Peaks: Fire Walk with Me",1992,135,10000000,6.5,6927,"R","Drama",1
"Twin Town",1997,99,3300000,6.1,1172,,"Comedy",2
"Twins",1988,105,15000000,5.9,13213,,"Comedy",1
"Twist",2003,97,350000,6,197,"R","Drama",1
"Twister",1996,113,92000000,5.9,28315,"PG-13","Action",2
"Two Can Play That Game",2001,93,6000000,5.8,843,"R","Romance",2
"Two Weeks Notice",2002,101,60000000,5.8,15010,"PG-13","Romance",2
"Two-Lane Blacktop",1971,105,850000,6.7,773,,"Drama",1
"U Turn",1997,125,19000000,6.5,10306,"R","Drama",1
"U.S. Marshals",1998,131,60000000,6.1,10315,"PG-13","Action",2
"Uccello dalle piume di cristallo, L'",1970,96,500000,6.8,883,,"Other",0
"Ulee's Gold",1997,113,2700000,7.1,2368,,"Drama",1
"Ultimo tango a Parigi",1972,250,1250000,6.9,4007,"NC-17","Romance",2
"Ulzana's Raid",1972,105,1200000,7,422,,"Other",0
"Uncle Sam",1997,89,2000000,3.3,488,"R","Other",0
"Under Siege",1992,98,12000000,6.1,9413,,"Action",2
"Under Siege 2: Dark Territory",1995,99,60000000,4.9,5551,"R","Action",2
"Under Suspicion",2000,111,25000000,6.4,3718,"R","Drama",1
"Under the Rainbow",1981,97,20000000,4.8,535,,"Comedy",1
"Under the Skin",1997,82,1000000,6.5,367,,"Drama",1
"Unendliche Geschichte, Die",1984,94,27000000,7.2,6742,,"Other",0
"Unforgettable",1996,117,18000000,5.7,940,"R","Other",0
"Unmade Beds",1997,95,1000000,6.7,148,"R","Documentary",1
"Unsaid, The",2001,108,22000000,6.5,1084,"R","Other",0
"Untold, The",2002,92,3000000,3.8,400,"R","Action",1
"Untouchables, The",1987,119,25000000,7.9,31587,,"Drama",1
"Up 'n' Under",1998,99,1000000,5.2,262,,"Comedy",1
"Upside of Anger, The",2005,118,13200000,7.2,1160,"R","Romance",3
"Uptown Saturday Night",1974,104,3000000,5.9,278,,"Comedy",1
"Urban Legends: Final Cut",2000,97,15000000,3.8,3280,"R","Other",0
"Usual Suspects, The",1995,106,6000000,8.7,103854,"R","Other",0
"Utomlyonnye solntsem",1994,132,2800000,7.6,2173,"R","Drama",1
"V leru",1999,92,250000,7,114,,"Comedy",2
"Valentine",2001,96,10000000,4.2,4779,"R","Other",0
"Valley Girl",1983,99,350000,5.9,2039,,"Romance",2
"Vampire in Brooklyn",1995,100,14000000,4.4,2716,"R","Romance",2
"Vampires",1998,106,20000000,5.6,7908,"R","Action",1
"Van Helsing",2004,132,160000000,5.4,19787,"PG-13","Action",1
"Vanilla Sky",2001,136,68000000,6.9,31250,"R","Romance",2
"Varsity Blues",1999,100,16000000,6,7974,"R","Drama",1
"Veer-Zaara",2004,192,7000000,7.2,446,,"Romance",2
"Velocity of Gary, The",1998,100,4000000,4.7,570,"R","Romance",2
"Veronica Guerin",2003,92,17000000,6.8,2688,"R","Drama",1
"Vertical Limit",2000,124,75000000,5.6,10273,"PG-13","Action",1
"Very Bad Things",1998,100,10000000,5.8,10001,"R","Comedy",1
"Very Brady Sequel, A",1996,90,15000000,5.3,2183,"PG-13","Comedy",1
"Village of the Damned",1995,99,7000000,5.1,2585,"R","Other",0
"Village, The",2004,108,60000000,6.6,25729,"PG-13","Drama",1
"Violon rouge, Le",1998,140,10000000,7.8,6995,"R","Romance",2
"Virgin Suicides, The",1999,90,6000000,7.2,17524,"R","Drama",1
"Vizontele",2001,110,2500000,7.8,644,,"Comedy",2
"Vizontele Tuuba",2004,111,3000000,5.6,239,,"Comedy",2
"Voditel dlya Very",2004,105,3300000,7.7,182,,"Drama",1
"Volcano",1997,104,90000000,5.2,8627,"PG-13","Action",2
"Vor",1997,110,2000000,7.2,841,"R","Drama",1
"Wag the Dog",1997,97,15000000,7,16434,"R","Comedy",1
"Waiting for Guffman",1996,84,4000000,7.6,7337,"R","Comedy",1
"Waiting to Exhale",1995,127,15000000,5.1,1611,"R","Comedy",2
"Walk in the Clouds, A",1995,102,20000000,6.2,4085,"PG-13","Romance",2
"Walk on the Moon, A",1999,105,14000000,6.6,1815,"R","Romance",2
"Walk to Remember, A",2002,101,11000000,6.8,7124,"PG","Romance",2
"Walker",1987,95,5800000,5.2,296,,"Action",1
"Walking Across Egypt",1999,100,4500000,6.9,247,"PG-13","Drama",1
"Walking Tall",1973,125,500000,6.3,612,,"Action",2
"Walking Tall",2004,87,56000000,5.9,4839,"PG-13","Action",2
"Walking and Talking",1996,86,1000000,6.6,888,"R","Romance",3
"Wall Street",1987,125,15000000,7.2,11269,,"Drama",1
"WarGames",1983,114,12000000,6.9,11474,,"Drama",1
"Warlock",1989,90,7000000,5.7,1839,,"Action",1
"Warriors of Virtue",1997,101,35000000,3.6,389,"PG","Action",1
"Wash, The",2001,93,4000000,3.7,902,,"Comedy",1
"Waterboy, The",1998,90,23000000,5.5,15539,"PG-13","Comedy",1
"Waterworld",1995,176,175000000,5.4,19325,"PG-13","Action",2
"Way of the Gun, The",2000,120,9000000,6.5,7750,"R","Other",0
"We're No Angels",1989,106,20000000,5.4,2694,,"Comedy",1
"Wedding Date, The",2005,90,15000000,5,953,"PG-13","Romance",2
"Weight of Water, The",2000,113,16000000,6,1742,"R","Other",0
"Welcome to Collinwood",2002,86,12000000,6.1,2831,"R","Comedy",1
"Welcome to Mooseport",2004,117,26000000,5.3,2356,"PG-13","Comedy",1
"Welcome to Sarajevo",1997,103,9000000,6.8,1465,"R","Drama",1
"Welcome to the Dollhouse",1995,88,800000,7.4,5851,"R","Comedy",2
"Werewolf",1996,99,350000,2,1032,"R","Other",0
"West Beyrouth",1998,105,800000,7.3,462,,"Drama",1
"What Dreams May Come",1998,113,85000000,6.3,11706,"PG-13","Romance",2
"What Planet Are You From?",2000,104,50000000,5.6,2574,"R","Comedy",1
"What Women Want",2000,127,65000000,6.4,20138,"PG-13","Romance",2
"What a Girl Wants",2003,105,20000000,5.7,3533,"PG","Romance",3
"What's Eating Gilbert Grape",1993,118,11000000,7.6,16345,,"Comedy",2
"Whatever It Takes",2000,94,15000000,5.2,1771,"PG-13","Romance",3
"When Harry Met Sally...",1989,96,16000000,7.7,24492,,"Romance",2
"When Time Ran Out...",1980,143,20000000,3.5,366,,"Other",0
"When a Stranger Calls",1979,97,740000,6.1,620,,"Other",0
"Where the Heart Is",2000,120,15000000,6.4,5042,"PG-13","Romance",3
"Where the Money Is",2000,89,18000000,6.2,1461,"PG-13","Comedy",2
"Where's Marlowe?",1998,97,3500000,6.2,188,"R","Comedy",1
"Which Way Is Up?",1977,94,3200000,5.7,135,,"Comedy",1
"While You Were Sleeping",1995,103,17000000,6.5,13035,"PG","Romance",2
"Whipped",2000,82,3000000,4.4,1562,"R","Romance",2
"White Mischief",1987,107,5300000,6,568,,"Romance",2
"White Oleander",2002,109,16000000,6.9,4545,"PG-13","Drama",1
"White Squall",1996,129,38000000,6.4,3445,"PG-13","Drama",1
"Who Framed Roger Rabbit",1988,99,70000000,7.4,21433,,"Animation",2
"Whole Nine Yards, The",2000,98,24000000,6.6,17678,,"Comedy",1
"Whole Ten Yards, The",2004,98,40000000,4.8,4133,"PG-13","Comedy",1
"Wicker Park",2004,114,30000000,6.4,3143,"PG-13","Romance",2
"Wild Things",1998,115,20000000,6.6,17672,"R","Other",0
"Wild Wild West",1999,107,170000000,4,19078,"PG-13","Action",2
"Wild at Heart",1990,124,9500000,7,9549,,"Romance",3
"Wilde",1997,118,10000000,6.9,2545,"R","Drama",1
"Willard",2003,100,22000000,6.2,2913,"PG-13","Comedy",2
"Willy Wonka & the Chocolate Factory",1971,100,3000000,7.6,16487,,"Comedy",1
"Wimbledon",2004,98,31000000,6.3,4297,"PG-13","Romance",3
"Win a Date with Tad Hamilton!",2004,95,24000000,5.8,2933,"PG-13","Romance",2
"Wing Commander",1999,96,30000000,3.7,4854,"PG-13","Action",1
"Wisegirls",2002,96,11000000,5.7,792,"R","Drama",1
"Wishcraft",2002,97,5000000,5,314,"R","Other",0
"Witchboard",1986,98,2000000,5,543,,"Other",0
"Witchboard III: The Possession",1995,93,2000000,3.4,114,"R","Other",0
"Without a Paddle",2004,95,19000000,5.4,3605,"PG-13","Comedy",1
"Witness",1985,112,12000000,7.6,14479,,"Romance",2
"Wizards",1977,80,1200000,6.2,1059,,"Animation",1
"Wo hu cang long",2000,120,15000000,8.2,52198,"PG-13","Action",2
"Wolf",1994,125,70000000,5.9,7192,,"Romance",2
"Wonder Boys",2000,111,35000000,7.6,15668,"R","Comedy",2
"Wong Fei-hung chi saiwik hung si",1997,102,12000000,6.2,433,,"Action",1
"Woo",1998,84,13000000,3.5,407,"R","Romance",2
"Woodstock",1970,216,600000,7.6,2540,,"Documentary",1
"World Is Not Enough, The",1999,128,135000000,6.3,24205,"PG-13","Action",1
"World Traveler",2001,103,2000000,5.4,350,"R","Drama",1
"Wyatt Earp",1994,212,63000000,6.1,5248,,"Other",0
"X-Men",2000,104,75000000,7.3,45332,"PG-13","Action",1
"X2",2003,133,110000000,7.9,38191,"PG-13","Action",1
"Xanadu",1980,93,20000000,4.4,2201,,"Romance",1
"Yards, The",2000,115,20000000,6.3,3386,"R","Drama",1
"Yes, Giorgio",1982,110,19000000,3.3,113,,"Comedy",1
"You Better Watch Out",1980,95,750000,3.4,215,,"Other",0
"You Got Served",2004,95,8000000,1.9,6041,"PG-13","Drama",1
"You've Got Mail",1998,119,65000000,6.2,20053,"PG","Romance",2
"Young Americans, The",1993,104,3000000,5.6,524,,"Drama",1
"Young Frankenstein",1974,106,2800000,8,22281,,"Comedy",1
"Young Guns",1988,102,13000000,6.4,8104,,"Action",2
"Young Sherlock Holmes",1985,109,18000000,6.4,3001,,"Other",0
"Your Friends & Neighbors",1998,100,5000000,6.4,2659,"R","Comedy",2
"Yume",1990,119,12000000,7.5,2735,,"Drama",1
"Zabriskie Point",1970,95,7000000,6.4,1377,,"Drama",1
"Zardoz",1974,105,1000000,5.4,2862,,"Other",0
"Zero Effect",1998,116,5000000,7,4820,"R","Comedy",1
"Zivot je cudo",2004,155,8000000,7.8,844,,"Romance",3
"Zookeeper, The",2001,108,6000000,7.7,633,,"Drama",1
"Zvezda",2002,97,1300000,7.5,168,,"Action",2
"xXx",2002,132,85000000,5.5,18514,"PG-13","Action",1
