"data","stacja","przeplyw_m3s"
"2010-01-01","Rzeka_A",16.35
"2010-01-02","Rzeka_A",16.504
"2010-01-03","Rzeka_A",16.657
"2010-01-04","Rzeka_A",16.807
"2010-01-05","Rzeka_A",16.955
"2010-01-06","Rzeka_A",17.1
"2010-01-07","Rzeka_A",17.242
"2010-01-08","Rzeka_A",17.381
"2010-01-09","Rzeka_A",17.516
"2010-01-10","Rzeka_A",17.647
"2010-01-11","Rzeka_A",17.774
"2010-01-12","Rzeka_A",17.897
"2010-01-13","Rzeka_A",18.015
"2010-01-14","Rzeka_A",18.128
"2010-01-15","Rzeka_A",18.236
"2010-01-16","Rzeka_A",18.339
"2010-01-17","Rzeka_A",18.436
"2010-01-18","Rzeka_A",18.528
"2010-01-19","Rzeka_A",18.614
"2010-01-20","Rzeka_A",18.694
"2010-01-21","Rzeka_A",18.768
"2010-01-22","Rzeka_A",18.836
"2010-01-23","Rzeka_A",18.898
"2010-01-24","Rzeka_A",18.953
"2010-01-25","Rzeka_A",19.002
"2010-01-26","Rzeka_A",19.044
"2010-01-27","Rzeka_A",19.08
"2010-01-28","Rzeka_A",19.109
"2010-01-29","Rzeka_A",19.132
"2010-01-30","Rzeka_A",19.148
"2010-01-31","Rzeka_A",19.158
"2010-02-01","Rzeka_A",19.161
"2010-02-02","Rzeka_A",19.158
"2010-02-03","Rzeka_A",19.149
"2010-02-04","Rzeka_A",19.134
"2010-02-05","Rzeka_A",19.112
"2010-02-06","Rzeka_A",19.085
"2010-02-07","Rzeka_A",19.052
"2010-02-08","Rzeka_A",19.014
"2010-02-09","Rzeka_A",18.97
"2010-02-10","Rzeka_A",18.921
"2010-02-11","Rzeka_A",18.867
"2010-02-12","Rzeka_A",18.808
"2010-02-13","Rzeka_A",18.744
"2010-02-14","Rzeka_A",18.676
"2010-02-15","Rzeka_A",18.605
"2010-02-16","Rzeka_A",18.529
"2010-02-17","Rzeka_A",18.45
"2010-02-18","Rzeka_A",18.367
"2010-02-19","Rzeka_A",18.282
"2010-02-20","Rzeka_A",18.193
"2010-02-21","Rzeka_A",18.103
"2010-02-22","Rzeka_A",18.01
"2010-02-23","Rzeka_A",17.915
"2010-02-24","Rzeka_A",17.819
"2010-02-25","Rzeka_A",17.721
"2010-02-26","Rzeka_A",17.622
"2010-02-27","Rzeka_A",17.523
"2010-02-28","Rzeka_A",17.423
"2010-03-01","Rzeka_A",17.323
"2010-03-02","Rzeka_A",17.223
"2010-03-03","Rzeka_A",17.124
"2010-03-04","Rzeka_A",17.025
"2010-03-05","Rzeka_A",16.927
"2010-03-06","Rzeka_A",16.83
"2010-03-07","Rzeka_A",16.734
"2010-03-08","Rzeka_A",16.64
"2010-03-09","Rzeka_A",16.548
"2010-03-10","Rzeka_A",16.458
"2010-03-11","Rzeka_A",16.37
"2010-03-12","Rzeka_A",16.285
"2010-03-13","Rzeka_A",16.202
"2010-03-14","Rzeka_A",16.121
"2010-03-15","Rzeka_A",16.044
"2010-03-16","Rzeka_A",15.969
"2010-03-17","Rzeka_A",15.898
"2010-03-18","Rzeka_A",15.83
"2010-03-19","Rzeka_A",15.765
"2010-03-20","Rzeka_A",15.703
"2010-03-21","Rzeka_A",15.644
"2010-03-22","Rzeka_A",15.589
"2010-03-23","Rzeka_A",15.538
"2010-03-24","Rzeka_A",15.489
"2010-03-25","Rzeka_A",15.444
"2010-03-26","Rzeka_A",15.403
"2010-03-27","Rzeka_A",15.364
"2010-03-28","Rzeka_A",15.329
"2010-03-29","Rzeka_A",15.297
"2010-03-30","Rzeka_A",15.267
"2010-03-31","Rzeka_A",15.241
"2010-04-01","Rzeka_A",15.218
"2010-04-02","Rzeka_A",15.197
"2010-04-03","Rzeka_A",15.178
"2010-04-04","Rzeka_A",15.162
"2010-04-05","Rzeka_A",15.148
"2010-04-06","Rzeka_A",15.136
"2010-04-07","Rzeka_A",15.125
"2010-04-08","Rzeka_A",15.116
"2010-04-09","Rzeka_A",15.108
"2010-04-10","Rzeka_A",15.102
"2010-04-11","Rzeka_A",15.096
"2010-04-12","Rzeka_A",15.091
"2010-04-13","Rzeka_A",15.086
"2010-04-14","Rzeka_A",15.081
"2010-04-15","Rzeka_A",15.076
"2010-04-16","Rzeka_A",15.07
"2010-04-17","Rzeka_A",15.064
"2010-04-18","Rzeka_A",15.057
"2010-04-19","Rzeka_A",15.049
"2010-04-20","Rzeka_A",15.039
"2010-04-21","Rzeka_A",15.028
"2010-04-22","Rzeka_A",15.014
"2010-04-23","Rzeka_A",14.998
"2010-04-24","Rzeka_A",14.98
"2010-04-25","Rzeka_A",14.96
"2010-04-26","Rzeka_A",14.936
"2010-04-27","Rzeka_A",14.909
"2010-04-28","Rzeka_A",14.879
"2010-04-29","Rzeka_A",14.845
"2010-04-30","Rzeka_A",14.808
"2010-05-01","Rzeka_A",14.766
"2010-05-02","Rzeka_A",14.721
"2010-05-03","Rzeka_A",14.671
"2010-05-04","Rzeka_A",14.617
"2010-05-05","Rzeka_A",14.558
"2010-05-06","Rzeka_A",14.495
"2010-05-07","Rzeka_A",14.427
"2010-05-08","Rzeka_A",14.354
"2010-05-09","Rzeka_A",14.277
"2010-05-10","Rzeka_A",14.194
"2010-05-11","Rzeka_A",14.106
"2010-05-12","Rzeka_A",14.014
"2010-05-13","Rzeka_A",13.916
"2010-05-14","Rzeka_A",13.814
"2010-05-15","Rzeka_A",13.706
"2010-05-16","Rzeka_A",13.594
"2010-05-17","Rzeka_A",13.476
"2010-05-18","Rzeka_A",13.354
"2010-05-19","Rzeka_A",13.228
"2010-05-20","Rzeka_A",13.096
"2010-05-21","Rzeka_A",12.961
"2010-05-22","Rzeka_A",12.821
"2010-05-23","Rzeka_A",12.677
"2010-05-24","Rzeka_A",12.529
"2010-05-25","Rzeka_A",12.377
"2010-05-26","Rzeka_A",12.222
"2010-05-27","Rzeka_A",12.063
"2010-05-28","Rzeka_A",11.901
"2010-05-29","Rzeka_A",11.737
"2010-05-30","Rzeka_A",11.569
"2010-05-31","Rzeka_A",11.4
"2010-06-01","Rzeka_A",11.228
"2010-06-02","Rzeka_A",11.054
"2010-06-03","Rzeka_A",10.879
"2010-06-04","Rzeka_A",10.703
"2010-06-05","Rzeka_A",10.526
"2010-06-06","Rzeka_A",10.348
"2010-06-07","Rzeka_A",10.17
"2010-06-08","Rzeka_A",9.991
"2010-06-09","Rzeka_A",9.813
"2010-06-10","Rzeka_A",9.636
"2010-06-11","Rzeka_A",9.46
"2010-06-12","Rzeka_A",9.284
"2010-06-13","Rzeka_A",9.111
"2010-06-14","Rzeka_A",8.939
"2010-06-15","Rzeka_A",8.769
"2010-06-16","Rzeka_A",8.602
"2010-06-17","Rzeka_A",8.438
"2010-06-18","Rzeka_A",8.276
"2010-06-19","Rzeka_A",8.118
"2010-06-20","Rzeka_A",7.963
"2010-06-21","Rzeka_A",7.813
"2010-06-22","Rzeka_A",7.666
"2010-06-23","Rzeka_A",7.524
"2010-06-24","Rzeka_A",7.386
"2010-06-25","Rzeka_A",7.253
"2010-06-26","Rzeka_A",7.125
"2010-06-27","Rzeka_A",7.002
"2010-06-28","Rzeka_A",6.884
"2010-06-29","Rzeka_A",6.772
"2010-06-30","Rzeka_A",6.666
"2010-07-01","Rzeka_A",6.565
"2010-07-02","Rzeka_A",6.47
"2010-07-03","Rzeka_A",6.381
"2010-07-04","Rzeka_A",6.298
"2010-07-05","Rzeka_A",6.222
"2010-07-06","Rzeka_A",6.151
"2010-07-07","Rzeka_A",6.087
"2010-07-08","Rzeka_A",6.028
"2010-07-09","Rzeka_A",5.976
"2010-07-10","Rzeka_A",5.93
"2010-07-11","Rzeka_A",5.891
"2010-07-12","Rzeka_A",5.857
"2010-07-13","Rzeka_A",5.829
"2010-07-14","Rzeka_A",5.807
"2010-07-15","Rzeka_A",5.791
"2010-07-16","Rzeka_A",5.781
"2010-07-17","Rzeka_A",5.776
"2010-07-18","Rzeka_A",5.777
"2010-07-19","Rzeka_A",5.782
"2010-07-20","Rzeka_A",5.793
"2010-07-21","Rzeka_A",5.809
"2010-07-22","Rzeka_A",5.829
"2010-07-23","Rzeka_A",5.854
"2010-07-24","Rzeka_A",5.883
"2010-07-25","Rzeka_A",5.916
"2010-07-26","Rzeka_A",5.952
"2010-07-27","Rzeka_A",5.992
"2010-07-28","Rzeka_A",6.036
"2010-07-29","Rzeka_A",6.082
"2010-07-30","Rzeka_A",6.131
"2010-07-31","Rzeka_A",6.183
"2010-08-01","Rzeka_A",6.236
"2010-08-02","Rzeka_A",6.292
"2010-08-03","Rzeka_A",6.349
"2010-08-04","Rzeka_A",6.407
"2010-08-05","Rzeka_A",6.467
"2010-08-06","Rzeka_A",6.527
"2010-08-07","Rzeka_A",6.588
"2010-08-08","Rzeka_A",6.649
"2010-08-09","Rzeka_A",6.71
"2010-08-10","Rzeka_A",6.771
"2010-08-11","Rzeka_A",6.831
"2010-08-12","Rzeka_A",6.891
"2010-08-13","Rzeka_A",6.949
"2010-08-14","Rzeka_A",7.007
"2010-08-15","Rzeka_A",7.063
"2010-08-16","Rzeka_A",7.117
"2010-08-17","Rzeka_A",7.169
"2010-08-18","Rzeka_A",7.219
"2010-08-19","Rzeka_A",7.267
"2010-08-20","Rzeka_A",7.313
"2010-08-21","Rzeka_A",7.356
"2010-08-22","Rzeka_A",7.397
"2010-08-23","Rzeka_A",7.435
"2010-08-24","Rzeka_A",7.47
"2010-08-25","Rzeka_A",7.502
"2010-08-26","Rzeka_A",7.531
"2010-08-27","Rzeka_A",7.557
"2010-08-28","Rzeka_A",7.58
"2010-08-29","Rzeka_A",7.6
"2010-08-30","Rzeka_A",7.617
"2010-08-31","Rzeka_A",7.63
"2010-09-01","Rzeka_A",7.641
"2010-09-02","Rzeka_A",7.649
"2010-09-03","Rzeka_A",7.653
"2010-09-04","Rzeka_A",7.655
"2010-09-05","Rzeka_A",7.654
"2010-09-06","Rzeka_A",7.65
"2010-09-07","Rzeka_A",7.644
"2010-09-08","Rzeka_A",7.636
"2010-09-09","Rzeka_A",7.625
"2010-09-10","Rzeka_A",7.612
"2010-09-11","Rzeka_A",7.597
"2010-09-12","Rzeka_A",7.58
"2010-09-13","Rzeka_A",7.562
"2010-09-14","Rzeka_A",7.542
"2010-09-15","Rzeka_A",7.521
"2010-09-16","Rzeka_A",7.5
"2010-09-17","Rzeka_A",7.477
"2010-09-18","Rzeka_A",7.455
"2010-09-19","Rzeka_A",7.432
"2010-09-20","Rzeka_A",7.409
"2010-09-21","Rzeka_A",7.387
"2010-09-22","Rzeka_A",7.365
"2010-09-23","Rzeka_A",7.344
"2010-09-24","Rzeka_A",7.324
"2010-09-25","Rzeka_A",7.305
"2010-09-26","Rzeka_A",7.289
"2010-09-27","Rzeka_A",7.274
"2010-09-28","Rzeka_A",7.261
"2010-09-29","Rzeka_A",7.251
"2010-09-30","Rzeka_A",7.243
"2010-10-01","Rzeka_A",7.239
"2010-10-02","Rzeka_A",7.237
"2010-10-03","Rzeka_A",7.24
"2010-10-04","Rzeka_A",7.245
"2010-10-05","Rzeka_A",7.255
"2010-10-06","Rzeka_A",7.269
"2010-10-07","Rzeka_A",7.287
"2010-10-08","Rzeka_A",7.309
"2010-10-09","Rzeka_A",7.336
"2010-10-10","Rzeka_A",7.368
"2010-10-11","Rzeka_A",7.405
"2010-10-12","Rzeka_A",7.447
"2010-10-13","Rzeka_A",7.494
"2010-10-14","Rzeka_A",7.547
"2010-10-15","Rzeka_A",7.605
"2010-10-16","Rzeka_A",7.668
"2010-10-17","Rzeka_A",7.737
"2010-10-18","Rzeka_A",7.812
"2010-10-19","Rzeka_A",7.893
"2010-10-20","Rzeka_A",7.979
"2010-10-21","Rzeka_A",8.07
"2010-10-22","Rzeka_A",8.167
"2010-10-23","Rzeka_A",8.27
"2010-10-24","Rzeka_A",8.379
"2010-10-25","Rzeka_A",8.492
"2010-10-26","Rzeka_A",8.611
"2010-10-27","Rzeka_A",8.736
"2010-10-28","Rzeka_A",8.865
"2010-10-29","Rzeka_A",9
"2010-10-30","Rzeka_A",9.139
"2010-10-31","Rzeka_A",9.283
"2010-11-01","Rzeka_A",9.432
"2010-11-02","Rzeka_A",9.584
"2010-11-03","Rzeka_A",9.741
"2010-11-04","Rzeka_A",9.902
"2010-11-05","Rzeka_A",10.066
"2010-11-06","Rzeka_A",10.234
"2010-11-07","Rzeka_A",10.404
"2010-11-08","Rzeka_A",10.578
"2010-11-09","Rzeka_A",10.754
"2010-11-10","Rzeka_A",10.932
"2010-11-11","Rzeka_A",11.113
"2010-11-12","Rzeka_A",11.295
"2010-11-13","Rzeka_A",11.478
"2010-11-14","Rzeka_A",11.663
"2010-11-15","Rzeka_A",11.848
"2010-11-16","Rzeka_A",12.034
"2010-11-17","Rzeka_A",12.22
"2010-11-18","Rzeka_A",12.405
"2010-11-19","Rzeka_A",12.59
"2010-11-20","Rzeka_A",12.775
"2010-11-21","Rzeka_A",12.958
"2010-11-22","Rzeka_A",13.14
"2010-11-23","Rzeka_A",13.32
"2010-11-24","Rzeka_A",13.498
"2010-11-25","Rzeka_A",13.674
"2010-11-26","Rzeka_A",13.847
"2010-11-27","Rzeka_A",14.017
"2010-11-28","Rzeka_A",14.184
"2010-11-29","Rzeka_A",14.348
"2010-11-30","Rzeka_A",14.508
"2010-12-01","Rzeka_A",14.664
"2010-12-02","Rzeka_A",14.816
"2010-12-03","Rzeka_A",14.964
"2010-12-04","Rzeka_A",15.107
"2010-12-05","Rzeka_A",15.246
"2010-12-06","Rzeka_A",15.38
"2010-12-07","Rzeka_A",15.508
"2010-12-08","Rzeka_A",15.632
"2010-12-09","Rzeka_A",15.75
"2010-12-10","Rzeka_A",15.863
"2010-12-11","Rzeka_A",15.97
"2010-12-12","Rzeka_A",16.072
"2010-12-13","Rzeka_A",16.169
"2010-12-14","Rzeka_A",16.259
"2010-12-15","Rzeka_A",16.344
"2010-12-16","Rzeka_A",16.424
"2010-12-17","Rzeka_A",16.497
"2010-12-18","Rzeka_A",16.565
"2010-12-19","Rzeka_A",16.628
"2010-12-20","Rzeka_A",16.685
"2010-12-21","Rzeka_A",16.737
"2010-12-22","Rzeka_A",16.783
"2010-12-23","Rzeka_A",16.824
"2010-12-24","Rzeka_A",16.86
"2010-12-25","Rzeka_A",16.891
"2010-12-26","Rzeka_A",16.917
"2010-12-27","Rzeka_A",16.938
"2010-12-28","Rzeka_A",16.956
"2010-12-29","Rzeka_A",16.968
"2010-12-30","Rzeka_A",16.977
"2010-12-31","Rzeka_A",16.982
"2011-01-01","Rzeka_A",16.983
"2011-01-02","Rzeka_A",16.981
"2011-01-03","Rzeka_A",16.975
"2011-01-04","Rzeka_A",16.967
"2011-01-05","Rzeka_A",16.956
"2011-01-06","Rzeka_A",16.943
"2011-01-07","Rzeka_A",16.927
"2011-01-08","Rzeka_A",16.909
"2011-01-09","Rzeka_A",16.89
"2011-01-10","Rzeka_A",16.87
"2011-01-11","Rzeka_A",16.848
"2011-01-12","Rzeka_A",16.826
"2011-01-13","Rzeka_A",16.802
"2011-01-14","Rzeka_A",16.779
"2011-01-15","Rzeka_A",16.756
"2011-01-16","Rzeka_A",16.732
"2011-01-17","Rzeka_A",16.71
"2011-01-18","Rzeka_A",16.687
"2011-01-19","Rzeka_A",16.666
"2011-01-20","Rzeka_A",16.646
"2011-01-21","Rzeka_A",16.627
"2011-01-22","Rzeka_A",16.61
"2011-01-23","Rzeka_A",16.595
"2011-01-24","Rzeka_A",16.581
"2011-01-25","Rzeka_A",16.57
"2011-01-26","Rzeka_A",16.561
"2011-01-27","Rzeka_A",16.555
"2011-01-28","Rzeka_A",16.551
"2011-01-29","Rzeka_A",16.549
"2011-01-30","Rzeka_A",16.551
"2011-01-31","Rzeka_A",16.555
"2011-02-01","Rzeka_A",16.562
"2011-02-02","Rzeka_A",16.573
"2011-02-03","Rzeka_A",16.586
"2011-02-04","Rzeka_A",16.602
"2011-02-05","Rzeka_A",16.622
"2011-02-06","Rzeka_A",16.645
"2011-02-07","Rzeka_A",16.67
"2011-02-08","Rzeka_A",16.699
"2011-02-09","Rzeka_A",16.731
"2011-02-10","Rzeka_A",16.766
"2011-02-11","Rzeka_A",16.803
"2011-02-12","Rzeka_A",16.843
"2011-02-13","Rzeka_A",16.886
"2011-02-14","Rzeka_A",16.931
"2011-02-15","Rzeka_A",16.979
"2011-02-16","Rzeka_A",17.029
"2011-02-17","Rzeka_A",17.081
"2011-02-18","Rzeka_A",17.135
"2011-02-19","Rzeka_A",17.19
"2011-02-20","Rzeka_A",17.247
"2011-02-21","Rzeka_A",17.305
"2011-02-22","Rzeka_A",17.363
"2011-02-23","Rzeka_A",17.423
"2011-02-24","Rzeka_A",17.483
"2011-02-25","Rzeka_A",17.544
"2011-02-26","Rzeka_A",17.604
"2011-02-27","Rzeka_A",17.664
"2011-02-28","Rzeka_A",17.724
"2011-03-01","Rzeka_A",17.783
"2011-03-02","Rzeka_A",17.84
"2011-03-03","Rzeka_A",17.897
"2011-03-04","Rzeka_A",17.951
"2011-03-05","Rzeka_A",18.004
"2011-03-06","Rzeka_A",18.055
"2011-03-07","Rzeka_A",18.103
"2011-03-08","Rzeka_A",18.148
"2011-03-09","Rzeka_A",18.191
"2011-03-10","Rzeka_A",18.23
"2011-03-11","Rzeka_A",18.265
"2011-03-12","Rzeka_A",18.297
"2011-03-13","Rzeka_A",18.325
"2011-03-14","Rzeka_A",18.349
"2011-03-15","Rzeka_A",18.368
"2011-03-16","Rzeka_A",18.382
"2011-03-17","Rzeka_A",18.392
"2011-03-18","Rzeka_A",18.396
"2011-03-19","Rzeka_A",18.396
"2011-03-20","Rzeka_A",18.39
"2011-03-21","Rzeka_A",18.378
"2011-03-22","Rzeka_A",18.361
"2011-03-23","Rzeka_A",18.338
"2011-03-24","Rzeka_A",18.309
"2011-03-25","Rzeka_A",18.274
"2011-03-26","Rzeka_A",18.233
"2011-03-27","Rzeka_A",18.186
"2011-03-28","Rzeka_A",18.132
"2011-03-29","Rzeka_A",18.073
"2011-03-30","Rzeka_A",18.007
"2011-03-31","Rzeka_A",17.935
"2011-04-01","Rzeka_A",17.857
"2011-04-02","Rzeka_A",17.773
"2011-04-03","Rzeka_A",17.683
"2011-04-04","Rzeka_A",17.587
"2011-04-05","Rzeka_A",17.485
"2011-04-06","Rzeka_A",17.378
"2011-04-07","Rzeka_A",17.265
"2011-04-08","Rzeka_A",17.146
"2011-04-09","Rzeka_A",17.022
"2011-04-10","Rzeka_A",16.893
"2011-04-11","Rzeka_A",16.759
"2011-04-12","Rzeka_A",16.62
"2011-04-13","Rzeka_A",16.477
"2011-04-14","Rzeka_A",16.329
"2011-04-15","Rzeka_A",16.178
"2011-04-16","Rzeka_A",16.023
"2011-04-17","Rzeka_A",15.864
"2011-04-18","Rzeka_A",15.701
"2011-04-19","Rzeka_A",15.536
"2011-04-20","Rzeka_A",15.368
"2011-04-21","Rzeka_A",15.198
"2011-04-22","Rzeka_A",15.026
"2011-04-23","Rzeka_A",14.852
"2011-04-24","Rzeka_A",14.676
"2011-04-25","Rzeka_A",14.499
"2011-04-26","Rzeka_A",14.322
"2011-04-27","Rzeka_A",14.143
"2011-04-28","Rzeka_A",13.965
"2011-04-29","Rzeka_A",13.786
"2011-04-30","Rzeka_A",13.608
"2011-05-01","Rzeka_A",13.431
"2011-05-02","Rzeka_A",13.255
"2011-05-03","Rzeka_A",13.079
"2011-05-04","Rzeka_A",12.906
"2011-05-05","Rzeka_A",12.734
"2011-05-06","Rzeka_A",12.565
"2011-05-07","Rzeka_A",12.398
"2011-05-08","Rzeka_A",12.233
"2011-05-09","Rzeka_A",12.072
"2011-05-10","Rzeka_A",11.913
"2011-05-11","Rzeka_A",11.758
"2011-05-12","Rzeka_A",11.607
"2011-05-13","Rzeka_A",11.459
"2011-05-14","Rzeka_A",11.316
"2011-05-15","Rzeka_A",11.176
"2011-05-16","Rzeka_A",11.041
"2011-05-17","Rzeka_A",10.91
"2011-05-18","Rzeka_A",10.784
"2011-05-19","Rzeka_A",10.662
"2011-05-20","Rzeka_A",10.546
"2011-05-21","Rzeka_A",10.434
"2011-05-22","Rzeka_A",10.327
"2011-05-23","Rzeka_A",10.225
"2011-05-24","Rzeka_A",10.128
"2011-05-25","Rzeka_A",10.036
"2011-05-26","Rzeka_A",9.949
"2011-05-27","Rzeka_A",9.867
"2011-05-28","Rzeka_A",9.79
"2011-05-29","Rzeka_A",9.718
"2011-05-30","Rzeka_A",9.651
"2011-05-31","Rzeka_A",9.588
"2011-06-01","Rzeka_A",9.53
"2011-06-02","Rzeka_A",9.477
"2011-06-03","Rzeka_A",9.428
"2011-06-04","Rzeka_A",9.383
"2011-06-05","Rzeka_A",9.342
"2011-06-06","Rzeka_A",9.305
"2011-06-07","Rzeka_A",9.272
"2011-06-08","Rzeka_A",9.243
"2011-06-09","Rzeka_A",9.217
"2011-06-10","Rzeka_A",9.193
"2011-06-11","Rzeka_A",9.173
"2011-06-12","Rzeka_A",9.156
"2011-06-13","Rzeka_A",9.141
"2011-06-14","Rzeka_A",9.128
"2011-06-15","Rzeka_A",9.117
"2011-06-16","Rzeka_A",9.108
"2011-06-17","Rzeka_A",9.1
"2011-06-18","Rzeka_A",9.093
"2011-06-19","Rzeka_A",9.087
"2011-06-20","Rzeka_A",9.082
"2011-06-21","Rzeka_A",9.078
"2011-06-22","Rzeka_A",9.073
"2011-06-23","Rzeka_A",9.069
"2011-06-24","Rzeka_A",9.064
"2011-06-25","Rzeka_A",9.058
"2011-06-26","Rzeka_A",9.052
"2011-06-27","Rzeka_A",9.045
"2011-06-28","Rzeka_A",9.036
"2011-06-29","Rzeka_A",9.026
"2011-06-30","Rzeka_A",9.014
"2011-07-01","Rzeka_A",9
"2011-07-02","Rzeka_A",8.984
"2011-07-03","Rzeka_A",8.965
"2011-07-04","Rzeka_A",8.945
"2011-07-05","Rzeka_A",8.921
"2011-07-06","Rzeka_A",8.895
"2011-07-07","Rzeka_A",8.866
"2011-07-08","Rzeka_A",8.834
"2011-07-09","Rzeka_A",8.799
"2011-07-10","Rzeka_A",8.761
"2011-07-11","Rzeka_A",8.719
"2011-07-12","Rzeka_A",8.674
"2011-07-13","Rzeka_A",8.626
"2011-07-14","Rzeka_A",8.575
"2011-07-15","Rzeka_A",8.52
"2011-07-16","Rzeka_A",8.461
"2011-07-17","Rzeka_A",8.4
"2011-07-18","Rzeka_A",8.335
"2011-07-19","Rzeka_A",8.267
"2011-07-20","Rzeka_A",8.196
"2011-07-21","Rzeka_A",8.122
"2011-07-22","Rzeka_A",8.044
"2011-07-23","Rzeka_A",7.964
"2011-07-24","Rzeka_A",7.882
"2011-07-25","Rzeka_A",7.797
"2011-07-26","Rzeka_A",7.709
"2011-07-27","Rzeka_A",7.619
"2011-07-28","Rzeka_A",7.528
"2011-07-29","Rzeka_A",7.434
"2011-07-30","Rzeka_A",7.339
"2011-07-31","Rzeka_A",7.243
"2011-08-01","Rzeka_A",7.145
"2011-08-02","Rzeka_A",7.047
"2011-08-03","Rzeka_A",6.948
"2011-08-04","Rzeka_A",6.849
"2011-08-05","Rzeka_A",6.749
"2011-08-06","Rzeka_A",6.65
"2011-08-07","Rzeka_A",6.552
"2011-08-08","Rzeka_A",6.454
"2011-08-09","Rzeka_A",6.357
"2011-08-10","Rzeka_A",6.261
"2011-08-11","Rzeka_A",6.167
"2011-08-12","Rzeka_A",6.075
"2011-08-13","Rzeka_A",5.986
"2011-08-14","Rzeka_A",5.898
"2011-08-15","Rzeka_A",5.814
"2011-08-16","Rzeka_A",5.732
"2011-08-17","Rzeka_A",5.654
"2011-08-18","Rzeka_A",5.58
"2011-08-19","Rzeka_A",5.509
"2011-08-20","Rzeka_A",5.442
"2011-08-21","Rzeka_A",5.38
"2011-08-22","Rzeka_A",5.322
"2011-08-23","Rzeka_A",
"2011-08-24","Rzeka_A",5.222
"2011-08-25","Rzeka_A",5.179
"2011-08-26","Rzeka_A",5.142
"2011-08-27","Rzeka_A",5.11
"2011-08-28","Rzeka_A",5.084
"2011-08-29","Rzeka_A",5.064
"2011-08-30","Rzeka_A",5.05
"2011-08-31","Rzeka_A",5.043
"2011-09-01","Rzeka_A",5.041
"2011-09-02","Rzeka_A",5.046
"2011-09-03","Rzeka_A",5.057
"2011-09-04","Rzeka_A",5.075
"2011-09-05","Rzeka_A",5.099
"2011-09-06","Rzeka_A",5.129
"2011-09-07","Rzeka_A",5.167
"2011-09-08","Rzeka_A",5.21
"2011-09-09","Rzeka_A",5.26
"2011-09-10","Rzeka_A",5.317
"2011-09-11","Rzeka_A",5.38
"2011-09-12","Rzeka_A",5.449
"2011-09-13","Rzeka_A",5.524
"2011-09-14","Rzeka_A",5.606
"2011-09-15","Rzeka_A",5.693
"2011-09-16","Rzeka_A",5.786
"2011-09-17","Rzeka_A",5.885
"2011-09-18","Rzeka_A",5.989
"2011-09-19","Rzeka_A",6.098
"2011-09-20","Rzeka_A",6.213
"2011-09-21","Rzeka_A",6.332
"2011-09-22","Rzeka_A",6.456
"2011-09-23","Rzeka_A",6.584
"2011-09-24","Rzeka_A",6.716
"2011-09-25","Rzeka_A",6.852
"2011-09-26","Rzeka_A",6.992
"2011-09-27","Rzeka_A",7.134
"2011-09-28","Rzeka_A",7.28
"2011-09-29","Rzeka_A",7.429
"2011-09-30","Rzeka_A",7.58
"2011-10-01","Rzeka_A",7.733
"2011-10-02","Rzeka_A",7.888
"2011-10-03","Rzeka_A",8.044
"2011-10-04","Rzeka_A",8.202
"2011-10-05","Rzeka_A",8.36
"2011-10-06","Rzeka_A",8.52
"2011-10-07","Rzeka_A",8.679
"2011-10-08","Rzeka_A",8.838
"2011-10-09","Rzeka_A",8.997
"2011-10-10","Rzeka_A",9.156
"2011-10-11","Rzeka_A",9.313
"2011-10-12","Rzeka_A",9.47
"2011-10-13","Rzeka_A",9.625
"2011-10-14","Rzeka_A",9.778
"2011-10-15","Rzeka_A",9.929
"2011-10-16","Rzeka_A",10.078
"2011-10-17","Rzeka_A",10.224
"2011-10-18","Rzeka_A",10.368
"2011-10-19","Rzeka_A",10.509
"2011-10-20","Rzeka_A",10.647
"2011-10-21","Rzeka_A",10.781
"2011-10-22","Rzeka_A",10.912
"2011-10-23","Rzeka_A",11.04
"2011-10-24","Rzeka_A",11.164
"2011-10-25","Rzeka_A",11.283
"2011-10-26","Rzeka_A",11.399
"2011-10-27","Rzeka_A",11.511
"2011-10-28","Rzeka_A",11.619
"2011-10-29","Rzeka_A",11.722
"2011-10-30","Rzeka_A",11.821
"2011-10-31","Rzeka_A",11.916
"2011-11-01","Rzeka_A",12.006
"2011-11-02","Rzeka_A",12.092
"2011-11-03","Rzeka_A",12.174
"2011-11-04","Rzeka_A",12.251
"2011-11-05","Rzeka_A",12.325
"2011-11-06","Rzeka_A",12.394
"2011-11-07","Rzeka_A",12.459
"2011-11-08","Rzeka_A",12.52
"2011-11-09","Rzeka_A",12.577
"2011-11-10","Rzeka_A",12.63
"2011-11-11","Rzeka_A",12.68
"2011-11-12","Rzeka_A",12.727
"2011-11-13","Rzeka_A",12.77
"2011-11-14","Rzeka_A",12.81
"2011-11-15","Rzeka_A",12.847
"2011-11-16","Rzeka_A",12.882
"2011-11-17","Rzeka_A",12.914
"2011-11-18","Rzeka_A",12.943
"2011-11-19","Rzeka_A",12.971
"2011-11-20","Rzeka_A",12.997
"2011-11-21","Rzeka_A",13.021
"2011-11-22","Rzeka_A",13.044
"2011-11-23","Rzeka_A",13.065
"2011-11-24","Rzeka_A",13.086
"2011-11-25","Rzeka_A",13.106
"2011-11-26","Rzeka_A",13.126
"2011-11-27","Rzeka_A",13.146
"2011-11-28","Rzeka_A",13.166
"2011-11-29","Rzeka_A",13.187
"2011-11-30","Rzeka_A",13.208
"2011-12-01","Rzeka_A",13.23
"2011-12-02","Rzeka_A",13.253
"2011-12-03","Rzeka_A",13.278
"2011-12-04","Rzeka_A",13.304
"2011-12-05","Rzeka_A",13.332
"2011-12-06","Rzeka_A",13.362
"2011-12-07","Rzeka_A",13.394
"2011-12-08","Rzeka_A",13.429
"2011-12-09","Rzeka_A",13.467
"2011-12-10","Rzeka_A",13.507
"2011-12-11","Rzeka_A",13.55
"2011-12-12","Rzeka_A",13.597
"2011-12-13","Rzeka_A",13.646
"2011-12-14","Rzeka_A",13.7
"2011-12-15","Rzeka_A",13.756
"2011-12-16","Rzeka_A",13.816
"2011-12-17","Rzeka_A",13.88
"2011-12-18","Rzeka_A",13.948
"2011-12-19","Rzeka_A",14.02
"2011-12-20","Rzeka_A",14.095
"2011-12-21","Rzeka_A",14.174
"2011-12-22","Rzeka_A",14.257
"2011-12-23","Rzeka_A",14.344
"2011-12-24","Rzeka_A",14.434
"2011-12-25","Rzeka_A",14.529
"2011-12-26","Rzeka_A",14.627
"2011-12-27","Rzeka_A",14.728
"2011-12-28","Rzeka_A",14.833
"2011-12-29","Rzeka_A",14.942
"2011-12-30","Rzeka_A",15.053
"2011-12-31","Rzeka_A",15.168
"2012-01-01","Rzeka_A",15.286
"2012-01-02","Rzeka_A",15.407
"2012-01-03","Rzeka_A",15.53
"2012-01-04","Rzeka_A",15.655
"2012-01-05","Rzeka_A",15.783
"2012-01-06","Rzeka_A",15.913
"2012-01-07","Rzeka_A",16.044
"2012-01-08","Rzeka_A",16.177
"2012-01-09","Rzeka_A",16.311
"2012-01-10","Rzeka_A",16.446
"2012-01-11","Rzeka_A",16.582
"2012-01-12","Rzeka_A",16.718
"2012-01-13","Rzeka_A",16.854
"2012-01-14","Rzeka_A",16.99
"2012-01-15","Rzeka_A",17.126
"2012-01-16","Rzeka_A",17.261
"2012-01-17","Rzeka_A",17.395
"2012-01-18","Rzeka_A",17.527
"2012-01-19","Rzeka_A",17.658
"2012-01-20","Rzeka_A",17.787
"2012-01-21","Rzeka_A",17.914
"2012-01-22","Rzeka_A",18.038
"2012-01-23","Rzeka_A",18.159
"2012-01-24","Rzeka_A",18.277
"2012-01-25","Rzeka_A",18.392
"2012-01-26","Rzeka_A",18.503
"2012-01-27","Rzeka_A",18.61
"2012-01-28","Rzeka_A",18.713
"2012-01-29","Rzeka_A",18.812
"2012-01-30","Rzeka_A",18.906
"2012-01-31","Rzeka_A",18.995
"2012-02-01","Rzeka_A",19.079
"2012-02-02","Rzeka_A",19.157
"2012-02-03","Rzeka_A",19.23
"2012-02-04","Rzeka_A",19.297
"2012-02-05","Rzeka_A",19.359
"2012-02-06","Rzeka_A",19.414
"2012-02-07","Rzeka_A",19.463
"2012-02-08","Rzeka_A",19.506
"2012-02-09","Rzeka_A",19.543
"2012-02-10","Rzeka_A",19.573
"2012-02-11","Rzeka_A",19.597
"2012-02-12","Rzeka_A",19.614
"2012-02-13","Rzeka_A",19.625
"2012-02-14","Rzeka_A",19.629
"2012-02-15","Rzeka_A",19.626
"2012-02-16","Rzeka_A",19.617
"2012-02-17","Rzeka_A",19.601
"2012-02-18","Rzeka_A",19.579
"2012-02-19","Rzeka_A",19.55
"2012-02-20","Rzeka_A",19.515
"2012-02-21","Rzeka_A",19.473
"2012-02-22","Rzeka_A",19.426
"2012-02-23","Rzeka_A",19.372
"2012-02-24","Rzeka_A",19.313
"2012-02-25","Rzeka_A",19.248
"2012-02-26","Rzeka_A",19.177
"2012-02-27","Rzeka_A",19.101
"2012-02-28","Rzeka_A",19.02
"2012-02-29","Rzeka_A",18.934
"2012-03-01","Rzeka_A",18.844
"2012-03-02","Rzeka_A",18.749
"2012-03-03","Rzeka_A",18.649
"2012-03-04","Rzeka_A",18.546
"2012-03-05","Rzeka_A",18.439
"2012-03-06","Rzeka_A",18.329
"2012-03-07","Rzeka_A",18.216
"2012-03-08","Rzeka_A",18.1
"2012-03-09","Rzeka_A",17.981
"2012-03-10","Rzeka_A",17.86
"2012-03-11","Rzeka_A",17.737
"2012-03-12","Rzeka_A",17.613
"2012-03-13","Rzeka_A",17.487
"2012-03-14","Rzeka_A",17.36
"2012-03-15","Rzeka_A",17.232
"2012-03-16","Rzeka_A",17.104
"2012-03-17","Rzeka_A",16.975
"2012-03-18","Rzeka_A",16.847
"2012-03-19","Rzeka_A",16.719
"2012-03-20","Rzeka_A",16.592
"2012-03-21","Rzeka_A",16.466
"2012-03-22","Rzeka_A",16.341
"2012-03-23","Rzeka_A",16.217
"2012-03-24","Rzeka_A",16.095
"2012-03-25","Rzeka_A",15.975
"2012-03-26","Rzeka_A",15.857
"2012-03-27","Rzeka_A",15.741
"2012-03-28","Rzeka_A",15.628
"2012-03-29","Rzeka_A",15.518
"2012-03-30","Rzeka_A",15.41
"2012-03-31","Rzeka_A",15.306
"2012-04-01","Rzeka_A",15.204
"2012-04-02","Rzeka_A",15.106
"2012-04-03","Rzeka_A",15.012
"2012-04-04","Rzeka_A",14.921
"2012-04-05","Rzeka_A",14.833
"2012-04-06","Rzeka_A",14.749
"2012-04-07","Rzeka_A",14.669
"2012-04-08","Rzeka_A",14.592
"2012-04-09","Rzeka_A",14.52
"2012-04-10","Rzeka_A",14.451
"2012-04-11","Rzeka_A",14.385
"2012-04-12","Rzeka_A",14.323
"2012-04-13","Rzeka_A",14.265
"2012-04-14","Rzeka_A",14.211
"2012-04-15","Rzeka_A",14.16
"2012-04-16","Rzeka_A",14.112
"2012-04-17","Rzeka_A",14.068
"2012-04-18","Rzeka_A",14.026
"2012-04-19","Rzeka_A",13.988
"2012-04-20","Rzeka_A",13.952
"2012-04-21","Rzeka_A",13.919
"2012-04-22","Rzeka_A",13.889
"2012-04-23","Rzeka_A",13.861
"2012-04-24","Rzeka_A",13.835
"2012-04-25","Rzeka_A",13.811
"2012-04-26","Rzeka_A",13.788
"2012-04-27","Rzeka_A",13.767
"2012-04-28","Rzeka_A",13.747
"2012-04-29","Rzeka_A",13.728
"2012-04-30","Rzeka_A",13.71
"2012-05-01","Rzeka_A",13.692
"2012-05-02","Rzeka_A",13.675
"2012-05-03","Rzeka_A",13.658
"2012-05-04","Rzeka_A",13.64
"2012-05-05","Rzeka_A",13.622
"2012-05-06","Rzeka_A",13.602
"2012-05-07","Rzeka_A",13.582
"2012-05-08","Rzeka_A",13.561
"2012-05-09","Rzeka_A",13.538
"2012-05-10","Rzeka_A",13.513
"2012-05-11","Rzeka_A",13.486
"2012-05-12","Rzeka_A",13.457
"2012-05-13","Rzeka_A",13.426
"2012-05-14","Rzeka_A",13.392
"2012-05-15","Rzeka_A",13.355
"2012-05-16","Rzeka_A",13.315
"2012-05-17","Rzeka_A",13.271
"2012-05-18","Rzeka_A",13.224
"2012-05-19","Rzeka_A",13.174
"2012-05-20","Rzeka_A",13.119
"2012-05-21","Rzeka_A",13.061
"2012-05-22","Rzeka_A",12.999
"2012-05-23","Rzeka_A",12.933
"2012-05-24","Rzeka_A",12.862
"2012-05-25","Rzeka_A",12.787
"2012-05-26","Rzeka_A",12.708
"2012-05-27","Rzeka_A",12.624
"2012-05-28","Rzeka_A",12.536
"2012-05-29","Rzeka_A",12.443
"2012-05-30","Rzeka_A",12.346
"2012-05-31","Rzeka_A",12.245
"2012-06-01","Rzeka_A",12.139
"2012-06-02","Rzeka_A",12.028
"2012-06-03","Rzeka_A",11.914
"2012-06-04","Rzeka_A",11.795
"2012-06-05","Rzeka_A",11.672
"2012-06-06","Rzeka_A",11.545
"2012-06-07","Rzeka_A",11.414
"2012-06-08","Rzeka_A",11.279
"2012-06-09","Rzeka_A",11.141
"2012-06-10","Rzeka_A",11
"2012-06-11","Rzeka_A",10.855
"2012-06-12","Rzeka_A",10.707
"2012-06-13","Rzeka_A",10.557
"2012-06-14","Rzeka_A",10.404
"2012-06-15","Rzeka_A",10.249
"2012-06-16","Rzeka_A",10.091
"2012-06-17","Rzeka_A",9.932
"2012-06-18","Rzeka_A",9.771
"2012-06-19","Rzeka_A",9.609
"2012-06-20","Rzeka_A",9.447
"2012-06-21","Rzeka_A",9.283
"2012-06-22","Rzeka_A",9.119
"2012-06-23","Rzeka_A",8.955
"2012-06-24","Rzeka_A",8.791
"2012-06-25","Rzeka_A",8.628
"2012-06-26","Rzeka_A",8.465
"2012-06-27","Rzeka_A",8.304
"2012-06-28","Rzeka_A",8.144
"2012-06-29","Rzeka_A",7.986
"2012-06-30","Rzeka_A",7.83
"2012-07-01","Rzeka_A",7.677
"2012-07-02","Rzeka_A",7.526
"2012-07-03","Rzeka_A",7.378
"2012-07-04","Rzeka_A",7.233
"2012-07-05","Rzeka_A",7.091
"2012-07-06","Rzeka_A",6.954
"2012-07-07","Rzeka_A",6.821
"2012-07-08","Rzeka_A",6.691
"2012-07-09","Rzeka_A",6.567
"2012-07-10","Rzeka_A",6.447
"2012-07-11","Rzeka_A",6.332
"2012-07-12","Rzeka_A",6.223
"2012-07-13","Rzeka_A",6.118
"2012-07-14","Rzeka_A",6.02
"2012-07-15","Rzeka_A",5.927
"2012-07-16","Rzeka_A",5.84
"2012-07-17","Rzeka_A",5.758
"2012-07-18","Rzeka_A",5.683
"2012-07-19","Rzeka_A",5.615
"2012-07-20","Rzeka_A",5.552
"2012-07-21","Rzeka_A",5.496
"2012-07-22","Rzeka_A",5.446
"2012-07-23","Rzeka_A",5.403
"2012-07-24","Rzeka_A",5.366
"2012-07-25","Rzeka_A",5.336
"2012-07-26","Rzeka_A",5.312
"2012-07-27","Rzeka_A",5.295
"2012-07-28","Rzeka_A",5.284
"2012-07-29","Rzeka_A",5.279
"2012-07-30","Rzeka_A",5.28
"2012-07-31","Rzeka_A",5.288
"2012-08-01","Rzeka_A",5.301
"2012-08-02","Rzeka_A",5.32
"2012-08-03","Rzeka_A",5.345
"2012-08-04","Rzeka_A",5.376
"2012-08-05","Rzeka_A",5.412
"2012-08-06","Rzeka_A",5.453
"2012-08-07","Rzeka_A",5.499
"2012-08-08","Rzeka_A",5.549
"2012-08-09","Rzeka_A",5.604
"2012-08-10","Rzeka_A",5.664
"2012-08-11","Rzeka_A",5.728
"2012-08-12","Rzeka_A",5.795
"2012-08-13","Rzeka_A",5.866
"2012-08-14","Rzeka_A",5.94
"2012-08-15","Rzeka_A",6.017
"2012-08-16","Rzeka_A",6.097
"2012-08-17","Rzeka_A",6.179
"2012-08-18","Rzeka_A",6.264
"2012-08-19","Rzeka_A",6.35
"2012-08-20","Rzeka_A",6.438
"2012-08-21","Rzeka_A",6.527
"2012-08-22","Rzeka_A",6.617
"2012-08-23","Rzeka_A",6.708
"2012-08-24","Rzeka_A",6.799
"2012-08-25","Rzeka_A",6.891
"2012-08-26","Rzeka_A",6.982
"2012-08-27","Rzeka_A",7.073
"2012-08-28","Rzeka_A",7.164
"2012-08-29","Rzeka_A",7.253
"2012-08-30","Rzeka_A",7.342
"2012-08-31","Rzeka_A",7.429
"2012-09-01","Rzeka_A",7.515
"2012-09-02","Rzeka_A",7.598
"2012-09-03","Rzeka_A",7.68
"2012-09-04","Rzeka_A",7.76
"2012-09-05","Rzeka_A",7.837
"2012-09-06","Rzeka_A",7.912
"2012-09-07","Rzeka_A",7.984
"2012-09-08","Rzeka_A",8.054
"2012-09-09","Rzeka_A",8.12
"2012-09-10","Rzeka_A",8.184
"2012-09-11","Rzeka_A",8.244
"2012-09-12","Rzeka_A",8.301
"2012-09-13","Rzeka_A",8.355
"2012-09-14","Rzeka_A",8.406
"2012-09-15","Rzeka_A",8.454
"2012-09-16","Rzeka_A",8.498
"2012-09-17","Rzeka_A",8.539
"2012-09-18","Rzeka_A",8.577
"2012-09-19","Rzeka_A",8.611
"2012-09-20","Rzeka_A",8.642
"2012-09-21","Rzeka_A",8.671
"2012-09-22","Rzeka_A",8.696
"2012-09-23","Rzeka_A",8.718
"2012-09-24","Rzeka_A",8.738
"2012-09-25","Rzeka_A",8.755
"2012-09-26","Rzeka_A",8.769
"2012-09-27","Rzeka_A",8.782
"2012-09-28","Rzeka_A",8.792
"2012-09-29","Rzeka_A",8.8
"2012-09-30","Rzeka_A",8.806
"2012-10-01","Rzeka_A",8.811
"2012-10-02","Rzeka_A",8.814
"2012-10-03","Rzeka_A",8.816
"2012-10-04","Rzeka_A",8.817
"2012-10-05","Rzeka_A",8.818
"2012-10-06","Rzeka_A",8.818
"2012-10-07","Rzeka_A",8.818
"2012-10-08","Rzeka_A",8.818
"2012-10-09","Rzeka_A",8.818
"2012-10-10","Rzeka_A",8.819
"2012-10-11","Rzeka_A",8.821
"2012-10-12","Rzeka_A",8.824
"2012-10-13","Rzeka_A",8.828
"2012-10-14","Rzeka_A",8.834
"2012-10-15","Rzeka_A",8.842
"2012-10-16","Rzeka_A",8.851
"2012-10-17","Rzeka_A",8.864
"2012-10-18","Rzeka_A",8.878
"2012-10-19","Rzeka_A",8.896
"2012-10-20","Rzeka_A",8.917
"2012-10-21","Rzeka_A",8.941
"2012-10-22","Rzeka_A",8.968
"2012-10-23","Rzeka_A",9
"2012-10-24","Rzeka_A",9.035
"2012-10-25","Rzeka_A",9.074
"2012-10-26","Rzeka_A",9.118
"2012-10-27","Rzeka_A",9.166
"2012-10-28","Rzeka_A",9.218
"2012-10-29","Rzeka_A",9.275
"2012-10-30","Rzeka_A",9.337
"2012-10-31","Rzeka_A",9.404
"2012-11-01","Rzeka_A",9.476
"2012-11-02","Rzeka_A",9.553
"2012-11-03","Rzeka_A",9.634
"2012-11-04","Rzeka_A",9.722
"2012-11-05","Rzeka_A",9.814
"2012-11-06","Rzeka_A",9.911
"2012-11-07","Rzeka_A",10.014
"2012-11-08","Rzeka_A",10.121
"2012-11-09","Rzeka_A",10.234
"2012-11-10","Rzeka_A",10.352
"2012-11-11","Rzeka_A",10.474
"2012-11-12","Rzeka_A",10.602
"2012-11-13","Rzeka_A",10.734
"2012-11-14","Rzeka_A",10.87
"2012-11-15","Rzeka_A",11.011
"2012-11-16","Rzeka_A",11.157
"2012-11-17","Rzeka_A",11.306
"2012-11-18","Rzeka_A",11.46
"2012-11-19","Rzeka_A",11.617
"2012-11-20","Rzeka_A",11.777
"2012-11-21","Rzeka_A",11.941
"2012-11-22","Rzeka_A",12.108
"2012-11-23","Rzeka_A",12.277
"2012-11-24","Rzeka_A",12.449
"2012-11-25","Rzeka_A",12.624
"2012-11-26","Rzeka_A",12.8
"2012-11-27","Rzeka_A",12.978
"2012-11-28","Rzeka_A",13.157
"2012-11-29","Rzeka_A",13.337
"2012-11-30","Rzeka_A",13.518
"2012-12-01","Rzeka_A",13.7
"2012-12-02","Rzeka_A",13.882
"2012-12-03","Rzeka_A",14.063
"2012-12-04","Rzeka_A",14.244
"2012-12-05","Rzeka_A",14.425
"2012-12-06","Rzeka_A",14.604
"2012-12-07","Rzeka_A",14.781
"2012-12-08","Rzeka_A",14.957
"2012-12-09","Rzeka_A",15.131
"2012-12-10","Rzeka_A",15.303
"2012-12-11","Rzeka_A",15.472
"2012-12-12","Rzeka_A",15.638
"2012-12-13","Rzeka_A",15.801
"2012-12-14","Rzeka_A",15.961
"2012-12-15","Rzeka_A",16.117
"2012-12-16","Rzeka_A",16.268
"2012-12-17","Rzeka_A",16.416
"2012-12-18","Rzeka_A",16.559
"2012-12-19","Rzeka_A",16.698
"2012-12-20","Rzeka_A",16.831
"2012-12-21","Rzeka_A",16.96
"2012-12-22","Rzeka_A",17.083
"2012-12-23","Rzeka_A",17.201
"2012-12-24","Rzeka_A",17.314
"2012-12-25","Rzeka_A",17.421
"2012-12-26","Rzeka_A",17.522
"2012-12-27","Rzeka_A",17.617
"2012-12-28","Rzeka_A",17.707
"2012-12-29","Rzeka_A",17.79
"2012-12-30","Rzeka_A",17.867
"2012-12-31","Rzeka_A",17.938
"2013-01-01","Rzeka_A",18.004
"2013-01-02","Rzeka_A",18.063
"2013-01-03","Rzeka_A",18.116
"2013-01-04","Rzeka_A",18.163
"2013-01-05","Rzeka_A",18.204
"2013-01-06","Rzeka_A",18.239
"2013-01-07","Rzeka_A",18.268
"2013-01-08","Rzeka_A",18.292
"2013-01-09","Rzeka_A",18.31
"2013-01-10","Rzeka_A",18.323
"2013-01-11","Rzeka_A",18.331
"2013-01-12","Rzeka_A",18.333
"2013-01-13","Rzeka_A",18.33
"2013-01-14","Rzeka_A",18.323
"2013-01-15","Rzeka_A",18.311
"2013-01-16","Rzeka_A",18.295
"2013-01-17","Rzeka_A",18.274
"2013-01-18","Rzeka_A",18.25
"2013-01-19","Rzeka_A",18.222
"2013-01-20","Rzeka_A",18.191
"2013-01-21","Rzeka_A",18.156
"2013-01-22","Rzeka_A",18.119
"2013-01-23","Rzeka_A",18.079
"2013-01-24","Rzeka_A",18.036
"2013-01-25","Rzeka_A",17.992
"2013-01-26","Rzeka_A",17.946
"2013-01-27","Rzeka_A",17.898
"2013-01-28","Rzeka_A",17.849
"2013-01-29","Rzeka_A",17.799
"2013-01-30","Rzeka_A",17.748
"2013-01-31","Rzeka_A",17.697
"2013-02-01","Rzeka_A",17.645
"2013-02-02","Rzeka_A",17.594
"2013-02-03","Rzeka_A",17.543
"2013-02-04","Rzeka_A",17.492
"2013-02-05","Rzeka_A",17.442
"2013-02-06","Rzeka_A",17.394
"2013-02-07","Rzeka_A",17.346
"2013-02-08","Rzeka_A",17.301
"2013-02-09","Rzeka_A",17.256
"2013-02-10","Rzeka_A",17.214
"2013-02-11","Rzeka_A",17.174
"2013-02-12","Rzeka_A",17.136
"2013-02-13","Rzeka_A",17.1
"2013-02-14","Rzeka_A",17.067
"2013-02-15","Rzeka_A",17.036
"2013-02-16","Rzeka_A",17.008
"2013-02-17","Rzeka_A",16.983
"2013-02-18","Rzeka_A",16.961
"2013-02-19","Rzeka_A",16.942
"2013-02-20","Rzeka_A",16.926
"2013-02-21","Rzeka_A",16.913
"2013-02-22","Rzeka_A",16.903
"2013-02-23","Rzeka_A",16.897
"2013-02-24","Rzeka_A",16.893
"2013-02-25","Rzeka_A",16.892
"2013-02-26","Rzeka_A",16.894
"2013-02-27","Rzeka_A",16.899
"2013-02-28","Rzeka_A",16.907
"2013-03-01","Rzeka_A",16.918
"2013-03-02","Rzeka_A",16.931
"2013-03-03","Rzeka_A",16.947
"2013-03-04","Rzeka_A",16.965
"2013-03-05","Rzeka_A",16.986
"2013-03-06","Rzeka_A",17.008
"2013-03-07","Rzeka_A",17.033
"2013-03-08","Rzeka_A",17.059
"2013-03-09","Rzeka_A",17.086
"2013-03-10","Rzeka_A",17.115
"2013-03-11","Rzeka_A",17.144
"2013-03-12","Rzeka_A",17.175
"2013-03-13","Rzeka_A",17.206
"2013-03-14","Rzeka_A",17.237
"2013-03-15","Rzeka_A",17.269
"2013-03-16","Rzeka_A",17.3
"2013-03-17","Rzeka_A",17.331
"2013-03-18","Rzeka_A",17.361
"2013-03-19","Rzeka_A",17.391
"2013-03-20","Rzeka_A",17.419
"2013-03-21","Rzeka_A",17.445
"2013-03-22","Rzeka_A",17.47
"2013-03-23","Rzeka_A",17.492
"2013-03-24","Rzeka_A",17.513
"2013-03-25","Rzeka_A",17.53
"2013-03-26","Rzeka_A",17.545
"2013-03-27","Rzeka_A",17.557
"2013-03-28","Rzeka_A",17.566
"2013-03-29","Rzeka_A",17.571
"2013-03-30","Rzeka_A",17.572
"2013-03-31","Rzeka_A",17.569
"2013-04-01","Rzeka_A",17.562
"2013-04-02","Rzeka_A",17.55
"2013-04-03","Rzeka_A",17.534
"2013-04-04","Rzeka_A",17.513
"2013-04-05","Rzeka_A",17.488
"2013-04-06","Rzeka_A",17.457
"2013-04-07","Rzeka_A",17.42
"2013-04-08","Rzeka_A",17.379
"2013-04-09","Rzeka_A",17.332
"2013-04-10","Rzeka_A",17.279
"2013-04-11","Rzeka_A",17.221
"2013-04-12","Rzeka_A",17.157
"2013-04-13","Rzeka_A",17.087
"2013-04-14","Rzeka_A",
"2013-04-15","Rzeka_A",
"2013-04-16","Rzeka_A",
"2013-04-17","Rzeka_A",
"2013-04-18","Rzeka_A",
"2013-04-19","Rzeka_A",
"2013-04-20","Rzeka_A",
"2013-04-21","Rzeka_A",
"2013-04-22","Rzeka_A",
"2013-04-23","Rzeka_A",
"2013-04-24","Rzeka_A",
"2013-04-25","Rzeka_A",
"2013-04-26","Rzeka_A",
"2013-04-27","Rzeka_A",
"2013-04-28","Rzeka_A",
"2013-04-29","Rzeka_A",15.22
"2013-04-30","Rzeka_A",15.062
"2013-05-01","Rzeka_A",14.901
"2013-05-02","Rzeka_A",14.735
"2013-05-03","Rzeka_A",14.567
"2013-05-04","Rzeka_A",14.396
"2013-05-05","Rzeka_A",14.222
"2013-05-06","Rzeka_A",14.045
"2013-05-07","Rzeka_A",13.866
"2013-05-08","Rzeka_A",13.686
"2013-05-09","Rzeka_A",13.504
"2013-05-10","Rzeka_A",13.321
"2013-05-11","Rzeka_A",13.137
"2013-05-12","Rzeka_A",12.952
"2013-05-13","Rzeka_A",12.767
"2013-05-14","Rzeka_A",12.583
"2013-05-15","Rzeka_A",12.398
"2013-05-16","Rzeka_A",12.214
"2013-05-17","Rzeka_A",12.031
"2013-05-18","Rzeka_A",11.85
"2013-05-19","Rzeka_A",11.67
"2013-05-20","Rzeka_A",11.492
"2013-05-21","Rzeka_A",11.316
"2013-05-22","Rzeka_A",11.143
"2013-05-23","Rzeka_A",10.972
"2013-05-24","Rzeka_A",10.804
"2013-05-25","Rzeka_A",10.64
"2013-05-26","Rzeka_A",10.479
"2013-05-27","Rzeka_A",10.322
"2013-05-28","Rzeka_A",10.169
"2013-05-29","Rzeka_A",10.02
"2013-05-30","Rzeka_A",9.875
"2013-05-31","Rzeka_A",9.735
"2013-06-01","Rzeka_A",9.6
"2013-06-02","Rzeka_A",9.47
"2013-06-03","Rzeka_A",9.344
"2013-06-04","Rzeka_A",9.224
"2013-06-05","Rzeka_A",9.109
"2013-06-06","Rzeka_A",8.999
"2013-06-07","Rzeka_A",8.895
"2013-06-08","Rzeka_A",8.796
"2013-06-09","Rzeka_A",8.702
"2013-06-10","Rzeka_A",8.614
"2013-06-11","Rzeka_A",8.532
"2013-06-12","Rzeka_A",8.455
"2013-06-13","Rzeka_A",8.384
"2013-06-14","Rzeka_A",8.318
"2013-06-15","Rzeka_A",8.257
"2013-06-16","Rzeka_A",8.202
"2013-06-17","Rzeka_A",8.151
"2013-06-18","Rzeka_A",8.106
"2013-06-19","Rzeka_A",8.066
"2013-06-20","Rzeka_A",8.031
"2013-06-21","Rzeka_A",8
"2013-06-22","Rzeka_A",7.974
"2013-06-23","Rzeka_A",7.952
"2013-06-24","Rzeka_A",7.935
"2013-06-25","Rzeka_A",7.921
"2013-06-26","Rzeka_A",7.911
"2013-06-27","Rzeka_A",7.904
"2013-06-28","Rzeka_A",7.901
"2013-06-29","Rzeka_A",7.901
"2013-06-30","Rzeka_A",7.904
"2013-07-01","Rzeka_A",7.909
"2013-07-02","Rzeka_A",7.916
"2013-07-03","Rzeka_A",7.926
"2013-07-04","Rzeka_A",7.937
"2013-07-05","Rzeka_A",7.95
"2013-07-06","Rzeka_A",7.964
"2013-07-07","Rzeka_A",7.979
"2013-07-08","Rzeka_A",7.995
"2013-07-09","Rzeka_A",8.011
"2013-07-10","Rzeka_A",8.027
"2013-07-11","Rzeka_A",8.044
"2013-07-12","Rzeka_A",8.06
"2013-07-13","Rzeka_A",8.075
"2013-07-14","Rzeka_A",8.09
"2013-07-15","Rzeka_A",8.104
"2013-07-16","Rzeka_A",8.116
"2013-07-17","Rzeka_A",8.128
"2013-07-18","Rzeka_A",8.137
"2013-07-19","Rzeka_A",8.144
"2013-07-20","Rzeka_A",8.15
"2013-07-21","Rzeka_A",8.153
"2013-07-22","Rzeka_A",8.154
"2013-07-23","Rzeka_A",8.153
"2013-07-24","Rzeka_A",8.148
"2013-07-25","Rzeka_A",8.142
"2013-07-26","Rzeka_A",8.132
"2013-07-27","Rzeka_A",8.119
"2013-07-28","Rzeka_A",8.103
"2013-07-29","Rzeka_A",8.084
"2013-07-30","Rzeka_A",8.062
"2013-07-31","Rzeka_A",8.037
"2013-08-01","Rzeka_A",8.009
"2013-08-02","Rzeka_A",7.978
"2013-08-03","Rzeka_A",7.943
"2013-08-04","Rzeka_A",7.906
"2013-08-05","Rzeka_A",7.865
"2013-08-06","Rzeka_A",7.822
"2013-08-07","Rzeka_A",7.776
"2013-08-08","Rzeka_A",7.727
"2013-08-09","Rzeka_A",7.675
"2013-08-10","Rzeka_A",7.621
"2013-08-11","Rzeka_A",7.564
"2013-08-12","Rzeka_A",7.506
"2013-08-13","Rzeka_A",7.445
"2013-08-14","Rzeka_A",7.383
"2013-08-15","Rzeka_A",7.319
"2013-08-16","Rzeka_A",7.253
"2013-08-17","Rzeka_A",7.187
"2013-08-18","Rzeka_A",7.119
"2013-08-19","Rzeka_A",7.051
"2013-08-20","Rzeka_A",6.982
"2013-08-21","Rzeka_A",6.913
"2013-08-22","Rzeka_A",6.844
"2013-08-23","Rzeka_A",6.775
"2013-08-24","Rzeka_A",6.707
"2013-08-25","Rzeka_A",6.64
"2013-08-26","Rzeka_A",6.574
"2013-08-27","Rzeka_A",6.509
"2013-08-28","Rzeka_A",6.446
"2013-08-29","Rzeka_A",6.385
"2013-08-30","Rzeka_A",6.327
"2013-08-31","Rzeka_A",6.27
"2013-09-01","Rzeka_A",6.217
"2013-09-02","Rzeka_A",6.167
"2013-09-03","Rzeka_A",6.12
"2013-09-04","Rzeka_A",6.076
"2013-09-05","Rzeka_A",6.037
"2013-09-06","Rzeka_A",6.001
"2013-09-07","Rzeka_A",5.97
"2013-09-08","Rzeka_A",5.944
"2013-09-09","Rzeka_A",5.922
"2013-09-10","Rzeka_A",5.905
"2013-09-11","Rzeka_A",5.893
"2013-09-12","Rzeka_A",5.887
"2013-09-13","Rzeka_A",5.886
"2013-09-14","Rzeka_A",5.89
"2013-09-15","Rzeka_A",5.901
"2013-09-16","Rzeka_A",5.917
"2013-09-17","Rzeka_A",5.939
"2013-09-18","Rzeka_A",5.968
"2013-09-19","Rzeka_A",6.002
"2013-09-20","Rzeka_A",6.043
"2013-09-21","Rzeka_A",6.09
"2013-09-22","Rzeka_A",6.143
"2013-09-23","Rzeka_A",6.203
"2013-09-24","Rzeka_A",6.269
"2013-09-25","Rzeka_A",6.341
"2013-09-26","Rzeka_A",6.419
"2013-09-27","Rzeka_A",6.503
"2013-09-28","Rzeka_A",6.594
"2013-09-29","Rzeka_A",6.69
"2013-09-30","Rzeka_A",6.792
"2013-10-01","Rzeka_A",6.9
"2013-10-02","Rzeka_A",7.013
"2013-10-03","Rzeka_A",7.132
"2013-10-04","Rzeka_A",7.256
"2013-10-05","Rzeka_A",7.386
"2013-10-06","Rzeka_A",7.52
"2013-10-07","Rzeka_A",7.658
"2013-10-08","Rzeka_A",7.801
"2013-10-09","Rzeka_A",7.948
"2013-10-10","Rzeka_A",8.099
"2013-10-11","Rzeka_A",8.254
"2013-10-12","Rzeka_A",8.412
"2013-10-13","Rzeka_A",8.573
"2013-10-14","Rzeka_A",8.737
"2013-10-15","Rzeka_A",8.904
"2013-10-16","Rzeka_A",9.072
"2013-10-17","Rzeka_A",9.243
"2013-10-18","Rzeka_A",9.415
"2013-10-19","Rzeka_A",9.589
"2013-10-20","Rzeka_A",9.763
"2013-10-21","Rzeka_A",9.938
"2013-10-22","Rzeka_A",10.114
"2013-10-23","Rzeka_A",10.29
"2013-10-24","Rzeka_A",10.465
"2013-10-25","Rzeka_A",10.64
"2013-10-26","Rzeka_A",10.814
"2013-10-27","Rzeka_A",10.987
"2013-10-28","Rzeka_A",11.158
"2013-10-29","Rzeka_A",11.327
"2013-10-30","Rzeka_A",11.495
"2013-10-31","Rzeka_A",11.66
"2013-11-01","Rzeka_A",11.823
"2013-11-02","Rzeka_A",11.983
"2013-11-03","Rzeka_A",12.14
"2013-11-04","Rzeka_A",12.294
"2013-11-05","Rzeka_A",12.444
"2013-11-06","Rzeka_A",12.591
"2013-11-07","Rzeka_A",12.734
"2013-11-08","Rzeka_A",12.873
"2013-11-09","Rzeka_A",13.007
"2013-11-10","Rzeka_A",13.138
"2013-11-11","Rzeka_A",13.264
"2013-11-12","Rzeka_A",13.385
"2013-11-13","Rzeka_A",13.502
"2013-11-14","Rzeka_A",13.614
"2013-11-15","Rzeka_A",13.721
"2013-11-16","Rzeka_A",13.824
"2013-11-17","Rzeka_A",13.921
"2013-11-18","Rzeka_A",14.014
"2013-11-19","Rzeka_A",14.102
"2013-11-20","Rzeka_A",14.185
"2013-11-21","Rzeka_A",14.263
"2013-11-22","Rzeka_A",14.337
"2013-11-23","Rzeka_A",14.406
"2013-11-24","Rzeka_A",14.47
"2013-11-25","Rzeka_A",14.53
"2013-11-26","Rzeka_A",14.586
"2013-11-27","Rzeka_A",14.637
"2013-11-28","Rzeka_A",14.685
"2013-11-29","Rzeka_A",14.728
"2013-11-30","Rzeka_A",14.768
"2013-12-01","Rzeka_A",14.804
"2013-12-02","Rzeka_A",14.836
"2013-12-03","Rzeka_A",14.866
"2013-12-04","Rzeka_A",14.893
"2013-12-05","Rzeka_A",14.916
"2013-12-06","Rzeka_A",14.938
"2013-12-07","Rzeka_A",14.957
"2013-12-08","Rzeka_A",14.974
"2013-12-09","Rzeka_A",14.989
"2013-12-10","Rzeka_A",15.003
"2013-12-11","Rzeka_A",15.015
"2013-12-12","Rzeka_A",15.027
"2013-12-13","Rzeka_A",15.038
"2013-12-14","Rzeka_A",15.048
"2013-12-15","Rzeka_A",15.058
"2013-12-16","Rzeka_A",15.068
"2013-12-17","Rzeka_A",15.078
"2013-12-18","Rzeka_A",15.088
"2013-12-19","Rzeka_A",15.1
"2013-12-20","Rzeka_A",15.112
"2013-12-21","Rzeka_A",15.126
"2013-12-22","Rzeka_A",15.141
"2013-12-23","Rzeka_A",15.158
"2013-12-24","Rzeka_A",15.176
"2013-12-25","Rzeka_A",15.197
"2013-12-26","Rzeka_A",15.22
"2013-12-27","Rzeka_A",15.245
"2013-12-28","Rzeka_A",15.273
"2013-12-29","Rzeka_A",15.304
"2013-12-30","Rzeka_A",15.337
"2013-12-31","Rzeka_A",15.374
"2014-01-01","Rzeka_A",15.413
"2014-01-02","Rzeka_A",15.456
"2014-01-03","Rzeka_A",15.502
"2014-01-04","Rzeka_A",15.552
"2014-01-05","Rzeka_A",15.605
"2014-01-06","Rzeka_A",15.661
"2014-01-07","Rzeka_A",15.721
"2014-01-08","Rzeka_A",15.784
"2014-01-09","Rzeka_A",15.851
"2014-01-10","Rzeka_A",15.921
"2014-01-11","Rzeka_A",15.995
"2014-01-12","Rzeka_A",16.071
"2014-01-13","Rzeka_A",16.151
"2014-01-14","Rzeka_A",16.234
"2014-01-15","Rzeka_A",16.321
"2014-01-16","Rzeka_A",16.409
"2014-01-17","Rzeka_A",16.501
"2014-01-18","Rzeka_A",16.595
"2014-01-19","Rzeka_A",16.692
"2014-01-20","Rzeka_A",16.791
"2014-01-21","Rzeka_A",16.892
"2014-01-22","Rzeka_A",16.995
"2014-01-23","Rzeka_A",17.099
"2014-01-24","Rzeka_A",17.205
"2014-01-25","Rzeka_A",17.312
"2014-01-26","Rzeka_A",17.42
"2014-01-27","Rzeka_A",17.528
"2014-01-28","Rzeka_A",17.637
"2014-01-29","Rzeka_A",17.746
"2014-01-30","Rzeka_A",17.854
"2014-01-31","Rzeka_A",17.963
"2014-02-01","Rzeka_A",18.07
"2014-02-02","Rzeka_A",18.177
"2014-02-03","Rzeka_A",18.282
"2014-02-04","Rzeka_A",18.385
"2014-02-05","Rzeka_A",18.487
"2014-02-06","Rzeka_A",18.586
"2014-02-07","Rzeka_A",18.683
"2014-02-08","Rzeka_A",18.777
"2014-02-09","Rzeka_A",18.868
"2014-02-10","Rzeka_A",18.956
"2014-02-11","Rzeka_A",19.04
"2014-02-12","Rzeka_A",19.12
"2014-02-13","Rzeka_A",19.196
"2014-02-14","Rzeka_A",19.268
"2014-02-15","Rzeka_A",19.335
"2014-02-16","Rzeka_A",19.397
"2014-02-17","Rzeka_A",19.455
"2014-02-18","Rzeka_A",19.507
"2014-02-19","Rzeka_A",
"2014-02-20","Rzeka_A",19.594
"2014-02-21","Rzeka_A",19.629
"2014-02-22","Rzeka_A",19.659
"2014-02-23","Rzeka_A",19.682
"2014-02-24","Rzeka_A",19.699
"2014-02-25","Rzeka_A",19.709
"2014-02-26","Rzeka_A",19.714
"2014-02-27","Rzeka_A",19.712
"2014-02-28","Rzeka_A",19.703
"2014-03-01","Rzeka_A",19.688
"2014-03-02","Rzeka_A",19.666
"2014-03-03","Rzeka_A",19.638
"2014-03-04","Rzeka_A",19.603
"2014-03-05","Rzeka_A",19.562
"2014-03-06","Rzeka_A",19.514
"2014-03-07","Rzeka_A",19.46
"2014-03-08","Rzeka_A",19.399
"2014-03-09","Rzeka_A",19.332
"2014-03-10","Rzeka_A",19.259
"2014-03-11","Rzeka_A",19.181
"2014-03-12","Rzeka_A",19.096
"2014-03-13","Rzeka_A",19.006
"2014-03-14","Rzeka_A",18.91
"2014-03-15","Rzeka_A",18.809
"2014-03-16","Rzeka_A",18.703
"2014-03-17","Rzeka_A",18.591
"2014-03-18","Rzeka_A",18.476
"2014-03-19","Rzeka_A",18.356
"2014-03-20","Rzeka_A",18.231
"2014-03-21","Rzeka_A",18.103
"2014-03-22","Rzeka_A",17.971
"2014-03-23","Rzeka_A",17.836
"2014-03-24","Rzeka_A",17.698
"2014-03-25","Rzeka_A",17.557
"2014-03-26","Rzeka_A",17.413
"2014-03-27","Rzeka_A",17.268
"2014-03-28","Rzeka_A",17.12
"2014-03-29","Rzeka_A",16.971
"2014-03-30","Rzeka_A",16.82
"2014-03-31","Rzeka_A",16.669
"2014-04-01","Rzeka_A",16.517
"2014-04-02","Rzeka_A",16.364
"2014-04-03","Rzeka_A",16.212
"2014-04-04","Rzeka_A",16.059
"2014-04-05","Rzeka_A",15.908
"2014-04-06","Rzeka_A",15.757
"2014-04-07","Rzeka_A",15.607
"2014-04-08","Rzeka_A",15.458
"2014-04-09","Rzeka_A",15.311
"2014-04-10","Rzeka_A",15.166
"2014-04-11","Rzeka_A",15.023
"2014-04-12","Rzeka_A",14.882
"2014-04-13","Rzeka_A",14.744
"2014-04-14","Rzeka_A",14.609
"2014-04-15","Rzeka_A",14.477
"2014-04-16","Rzeka_A",14.347
"2014-04-17","Rzeka_A",14.222
"2014-04-18","Rzeka_A",14.099
"2014-04-19","Rzeka_A",13.98
"2014-04-20","Rzeka_A",13.865
"2014-04-21","Rzeka_A",13.754
"2014-04-22","Rzeka_A",13.647
"2014-04-23","Rzeka_A",13.544
"2014-04-24","Rzeka_A",13.445
"2014-04-25","Rzeka_A",13.35
"2014-04-26","Rzeka_A",13.259
"2014-04-27","Rzeka_A",13.173
"2014-04-28","Rzeka_A",13.09
"2014-04-29","Rzeka_A",13.012
"2014-04-30","Rzeka_A",12.938
"2014-05-01","Rzeka_A",12.868
"2014-05-02","Rzeka_A",12.802
"2014-05-03","Rzeka_A",12.74
"2014-05-04","Rzeka_A",12.682
"2014-05-05","Rzeka_A",12.627
"2014-05-06","Rzeka_A",12.576
"2014-05-07","Rzeka_A",12.528
"2014-05-08","Rzeka_A",12.484
"2014-05-09","Rzeka_A",12.443
"2014-05-10","Rzeka_A",12.404
"2014-05-11","Rzeka_A",12.369
"2014-05-12","Rzeka_A",12.336
"2014-05-13","Rzeka_A",12.305
"2014-05-14","Rzeka_A",12.276
"2014-05-15","Rzeka_A",12.249
"2014-05-16","Rzeka_A",12.224
"2014-05-17","Rzeka_A",12.201
"2014-05-18","Rzeka_A",12.178
"2014-05-19","Rzeka_A",12.156
"2014-05-20","Rzeka_A",12.135
"2014-05-21","Rzeka_A",12.115
"2014-05-22","Rzeka_A",12.095
"2014-05-23","Rzeka_A",12.074
"2014-05-24","Rzeka_A",12.053
"2014-05-25","Rzeka_A",12.032
"2014-05-26","Rzeka_A",12.01
"2014-05-27","Rzeka_A",11.986
"2014-05-28","Rzeka_A",11.962
"2014-05-29","Rzeka_A",11.936
"2014-05-30","Rzeka_A",11.908
"2014-05-31","Rzeka_A",11.878
"2014-06-01","Rzeka_A",11.845
"2014-06-02","Rzeka_A",11.811
"2014-06-03","Rzeka_A",11.773
"2014-06-04","Rzeka_A",11.733
"2014-06-05","Rzeka_A",11.69
"2014-06-06","Rzeka_A",11.644
"2014-06-07","Rzeka_A",11.594
"2014-06-08","Rzeka_A",11.541
"2014-06-09","Rzeka_A",11.484
"2014-06-10","Rzeka_A",11.424
"2014-06-11","Rzeka_A",11.36
"2014-06-12","Rzeka_A",11.292
"2014-06-13","Rzeka_A",11.221
"2014-06-14","Rzeka_A",11.145
"2014-06-15","Rzeka_A",11.065
"2014-06-16","Rzeka_A",10.982
"2014-06-17","Rzeka_A",10.894
"2014-06-18","Rzeka_A",10.803
"2014-06-19","Rzeka_A",10.707
"2014-06-20","Rzeka_A",10.608
"2014-06-21","Rzeka_A",10.505
"2014-06-22","Rzeka_A",10.398
"2014-06-23","Rzeka_A",10.288
"2014-06-24","Rzeka_A",10.174
"2014-06-25","Rzeka_A",10.056
"2014-06-26","Rzeka_A",9.936
"2014-06-27","Rzeka_A",9.812
"2014-06-28","Rzeka_A",9.686
"2014-06-29","Rzeka_A",9.557
"2014-06-30","Rzeka_A",9.425
"2014-07-01","Rzeka_A",9.291
"2014-07-02","Rzeka_A",9.155
"2014-07-03","Rzeka_A",9.017
"2014-07-04","Rzeka_A",8.878
"2014-07-05","Rzeka_A",8.738
"2014-07-06","Rzeka_A",8.596
"2014-07-07","Rzeka_A",8.453
"2014-07-08","Rzeka_A",8.311
"2014-07-09","Rzeka_A",8.167
"2014-07-10","Rzeka_A",8.024
"2014-07-11","Rzeka_A",7.882
"2014-07-12","Rzeka_A",7.74
"2014-07-13","Rzeka_A",7.599
"2014-07-14","Rzeka_A",7.459
"2014-07-15","Rzeka_A",7.321
"2014-07-16","Rzeka_A",7.185
"2014-07-17","Rzeka_A",7.051
"2014-07-18","Rzeka_A",6.919
"2014-07-19","Rzeka_A",6.791
"2014-07-20","Rzeka_A",6.665
"2014-07-21","Rzeka_A",6.543
"2014-07-22","Rzeka_A",6.424
"2014-07-23","Rzeka_A",6.309
"2014-07-24","Rzeka_A",6.199
"2014-07-25","Rzeka_A",6.092
"2014-07-26","Rzeka_A",5.991
"2014-07-27","Rzeka_A",5.894
"2014-07-28","Rzeka_A",5.802
"2014-07-29","Rzeka_A",5.716
"2014-07-30","Rzeka_A",5.635
"2014-07-31","Rzeka_A",5.56
"2014-08-01","Rzeka_A",5.491
"2014-08-02","Rzeka_A",5.427
"2014-08-03","Rzeka_A",5.37
"2014-08-04","Rzeka_A",5.319
"2014-08-05","Rzeka_A",5.274
"2014-08-06","Rzeka_A",5.236
"2014-08-07","Rzeka_A",5.205
"2014-08-08","Rzeka_A",5.179
"2014-08-09","Rzeka_A",5.161
"2014-08-10","Rzeka_A",5.149
"2014-08-11","Rzeka_A",5.143
"2014-08-12","Rzeka_A",5.144
"2014-08-13","Rzeka_A",5.152
"2014-08-14","Rzeka_A",5.166
"2014-08-15","Rzeka_A",5.187
"2014-08-16","Rzeka_A",5.214
"2014-08-17","Rzeka_A",5.247
"2014-08-18","Rzeka_A",5.287
"2014-08-19","Rzeka_A",5.332
"2014-08-20","Rzeka_A",5.383
"2014-08-21","Rzeka_A",5.44
"2014-08-22","Rzeka_A",5.503
"2014-08-23","Rzeka_A",5.571
"2014-08-24","Rzeka_A",5.643
"2014-08-25","Rzeka_A",5.721
"2014-08-26","Rzeka_A",5.804
"2014-08-27","Rzeka_A",5.891
"2014-08-28","Rzeka_A",5.982
"2014-08-29","Rzeka_A",6.077
"2014-08-30","Rzeka_A",6.176
"2014-08-31","Rzeka_A",6.278
"2014-09-01","Rzeka_A",6.383
"2014-09-02","Rzeka_A",6.491
"2014-09-03","Rzeka_A",6.602
"2014-09-04","Rzeka_A",6.715
"2014-09-05","Rzeka_A",6.83
"2014-09-06","Rzeka_A",6.947
"2014-09-07","Rzeka_A",7.065
"2014-09-08","Rzeka_A",7.184
"2014-09-09","Rzeka_A",7.304
"2014-09-10","Rzeka_A",7.425
"2014-09-11","Rzeka_A",7.545
"2014-09-12","Rzeka_A",7.666
"2014-09-13","Rzeka_A",7.786
"2014-09-14","Rzeka_A",7.906
"2014-09-15","Rzeka_A",8.025
"2014-09-16","Rzeka_A",8.143
"2014-09-17","Rzeka_A",8.259
"2014-09-18","Rzeka_A",8.374
"2014-09-19","Rzeka_A",8.487
"2014-09-20","Rzeka_A",8.598
"2014-09-21","Rzeka_A",8.706
"2014-09-22","Rzeka_A",8.813
"2014-09-23","Rzeka_A",8.916
"2014-09-24","Rzeka_A",9.017
"2014-09-25","Rzeka_A",9.115
"2014-09-26","Rzeka_A",9.21
"2014-09-27","Rzeka_A",9.301
"2014-09-28","Rzeka_A",9.389
"2014-09-29","Rzeka_A",9.474
"2014-09-30","Rzeka_A",9.556
"2014-10-01","Rzeka_A",9.633
"2014-10-02","Rzeka_A",9.708
"2014-10-03","Rzeka_A",9.778
"2014-10-04","Rzeka_A",9.845
"2014-10-05","Rzeka_A",9.909
"2014-10-06","Rzeka_A",9.969
"2014-10-07","Rzeka_A",10.025
"2014-10-08","Rzeka_A",10.078
"2014-10-09","Rzeka_A",10.128
"2014-10-10","Rzeka_A",10.174
"2014-10-11","Rzeka_A",10.217
"2014-10-12","Rzeka_A",10.257
"2014-10-13","Rzeka_A",10.293
"2014-10-14","Rzeka_A",10.328
"2014-10-15","Rzeka_A",10.359
"2014-10-16","Rzeka_A",10.388
"2014-10-17","Rzeka_A",10.414
"2014-10-18","Rzeka_A",10.439
"2014-10-19","Rzeka_A",10.461
"2014-10-20","Rzeka_A",10.482
"2014-10-21","Rzeka_A",10.501
"2014-10-22","Rzeka_A",10.519
"2014-10-23","Rzeka_A",10.536
"2014-10-24","Rzeka_A",10.552
"2014-10-25","Rzeka_A",10.568
"2014-10-26","Rzeka_A",10.583
"2014-10-27","Rzeka_A",10.598
"2014-10-28","Rzeka_A",10.614
"2014-10-29","Rzeka_A",10.629
"2014-10-30","Rzeka_A",10.646
"2014-10-31","Rzeka_A",10.663
"2014-11-01","Rzeka_A",10.682
"2014-11-02","Rzeka_A",10.702
"2014-11-03","Rzeka_A",10.724
"2014-11-04","Rzeka_A",10.748
"2014-11-05","Rzeka_A",10.774
"2014-11-06","Rzeka_A",10.803
"2014-11-07","Rzeka_A",10.834
"2014-11-08","Rzeka_A",10.868
"2014-11-09","Rzeka_A",10.905
"2014-11-10","Rzeka_A",10.945
"2014-11-11","Rzeka_A",10.989
"2014-11-12","Rzeka_A",11.037
"2014-11-13","Rzeka_A",11.088
"2014-11-14","Rzeka_A",11.143
"2014-11-15","Rzeka_A",11.202
"2014-11-16","Rzeka_A",11.266
"2014-11-17","Rzeka_A",11.334
"2014-11-18","Rzeka_A",11.406
"2014-11-19","Rzeka_A",11.482
"2014-11-20","Rzeka_A",11.564
"2014-11-21","Rzeka_A",11.649
"2014-11-22","Rzeka_A",11.74
"2014-11-23","Rzeka_A",11.835
"2014-11-24","Rzeka_A",11.934
"2014-11-25","Rzeka_A",12.039
"2014-11-26","Rzeka_A",12.147
"2014-11-27","Rzeka_A",12.261
"2014-11-28","Rzeka_A",12.378
"2014-11-29","Rzeka_A",12.501
"2014-11-30","Rzeka_A",12.627
"2014-12-01","Rzeka_A",12.757
"2014-12-02","Rzeka_A",12.892
"2014-12-03","Rzeka_A",13.03
"2014-12-04","Rzeka_A",13.173
"2014-12-05","Rzeka_A",13.318
"2014-12-06","Rzeka_A",13.467
"2014-12-07","Rzeka_A",13.619
"2014-12-08","Rzeka_A",13.774
"2014-12-09","Rzeka_A",13.932
"2014-12-10","Rzeka_A",14.092
"2014-12-11","Rzeka_A",14.254
"2014-12-12","Rzeka_A",14.418
"2014-12-13","Rzeka_A",14.584
"2014-12-14","Rzeka_A",14.751
"2014-12-15","Rzeka_A",14.919
"2014-12-16","Rzeka_A",15.088
"2014-12-17","Rzeka_A",15.258
"2014-12-18","Rzeka_A",15.428
"2014-12-19","Rzeka_A",15.597
"2014-12-20","Rzeka_A",15.766
"2014-12-21","Rzeka_A",15.935
"2014-12-22","Rzeka_A",16.102
"2014-12-23","Rzeka_A",16.268
"2014-12-24","Rzeka_A",16.433
"2014-12-25","Rzeka_A",16.595
"2014-12-26","Rzeka_A",16.755
"2014-12-27","Rzeka_A",16.913
"2014-12-28","Rzeka_A",17.067
"2014-12-29","Rzeka_A",17.219
"2014-12-30","Rzeka_A",17.367
"2014-12-31","Rzeka_A",17.512
"2015-01-01","Rzeka_A",17.652
"2015-01-02","Rzeka_A",17.788
"2015-01-03","Rzeka_A",17.92
"2015-01-04","Rzeka_A",18.047
"2015-01-05","Rzeka_A",18.169
"2015-01-06","Rzeka_A",18.286
"2015-01-07","Rzeka_A",18.398
"2015-01-08","Rzeka_A",18.505
"2015-01-09","Rzeka_A",18.605
"2015-01-10","Rzeka_A",18.7
"2015-01-11","Rzeka_A",18.789
"2015-01-12","Rzeka_A",18.872
"2015-01-13","Rzeka_A",18.949
"2015-01-14","Rzeka_A",19.019
"2015-01-15","Rzeka_A",19.084
"2015-01-16","Rzeka_A",19.142
"2015-01-17","Rzeka_A",19.193
"2015-01-18","Rzeka_A",19.238
"2015-01-19","Rzeka_A",19.277
"2015-01-20","Rzeka_A",19.309
"2015-01-21","Rzeka_A",19.335
"2015-01-22","Rzeka_A",19.355
"2015-01-23","Rzeka_A",19.369
"2015-01-24","Rzeka_A",19.376
"2015-01-25","Rzeka_A",19.378
"2015-01-26","Rzeka_A",19.373
"2015-01-27","Rzeka_A",19.363
"2015-01-28","Rzeka_A",19.347
"2015-01-29","Rzeka_A",19.325
"2015-01-30","Rzeka_A",19.299
"2015-01-31","Rzeka_A",19.267
"2015-02-01","Rzeka_A",19.23
"2015-02-02","Rzeka_A",19.189
"2015-02-03","Rzeka_A",19.143
"2015-02-04","Rzeka_A",19.093
"2015-02-05","Rzeka_A",19.039
"2015-02-06","Rzeka_A",18.981
"2015-02-07","Rzeka_A",18.92
"2015-02-08","Rzeka_A",18.855
"2015-02-09","Rzeka_A",18.787
"2015-02-10","Rzeka_A",18.717
"2015-02-11","Rzeka_A",18.645
"2015-02-12","Rzeka_A",18.57
"2015-02-13","Rzeka_A",18.493
"2015-02-14","Rzeka_A",18.415
"2015-02-15","Rzeka_A",18.336
"2015-02-16","Rzeka_A",18.255
"2015-02-17","Rzeka_A",18.174
"2015-02-18","Rzeka_A",18.092
"2015-02-19","Rzeka_A",18.011
"2015-02-20","Rzeka_A",17.929
"2015-02-21","Rzeka_A",17.848
"2015-02-22","Rzeka_A",17.767
"2015-02-23","Rzeka_A",17.687
"2015-02-24","Rzeka_A",17.609
"2015-02-25","Rzeka_A",17.531
"2015-02-26","Rzeka_A",17.455
"2015-02-27","Rzeka_A",17.381
"2015-02-28","Rzeka_A",17.309
"2015-03-01","Rzeka_A",17.239
"2015-03-02","Rzeka_A",17.172
"2015-03-03","Rzeka_A",17.106
"2015-03-04","Rzeka_A",17.044
"2015-03-05","Rzeka_A",16.984
"2015-03-06","Rzeka_A",16.927
"2015-03-07","Rzeka_A",16.873
"2015-03-08","Rzeka_A",16.822
"2015-03-09","Rzeka_A",16.774
"2015-03-10","Rzeka_A",16.729
"2015-03-11","Rzeka_A",16.688
"2015-03-12","Rzeka_A",16.649
"2015-03-13","Rzeka_A",16.614
"2015-03-14","Rzeka_A",16.582
"2015-03-15","Rzeka_A",16.554
"2015-03-16","Rzeka_A",16.528
"2015-03-17","Rzeka_A",16.505
"2015-03-18","Rzeka_A",16.486
"2015-03-19","Rzeka_A",16.469
"2015-03-20","Rzeka_A",16.455
"2015-03-21","Rzeka_A",16.444
"2015-03-22","Rzeka_A",16.435
"2015-03-23","Rzeka_A",16.429
"2015-03-24","Rzeka_A",16.425
"2015-03-25","Rzeka_A",16.423
"2015-03-26","Rzeka_A",16.422
"2015-03-27","Rzeka_A",16.424
"2015-03-28","Rzeka_A",16.427
"2015-03-29","Rzeka_A",16.431
"2015-03-30","Rzeka_A",16.436
"2015-03-31","Rzeka_A",16.442
"2015-04-01","Rzeka_A",16.449
"2015-04-02","Rzeka_A",16.455
"2015-04-03","Rzeka_A",16.462
"2015-04-04","Rzeka_A",16.469
"2015-04-05","Rzeka_A",16.475
"2015-04-06","Rzeka_A",16.481
"2015-04-07","Rzeka_A",16.485
"2015-04-08","Rzeka_A",16.488
"2015-04-09","Rzeka_A",16.49
"2015-04-10","Rzeka_A",16.49
"2015-04-11","Rzeka_A",16.488
"2015-04-12","Rzeka_A",16.484
"2015-04-13","Rzeka_A",16.477
"2015-04-14","Rzeka_A",16.467
"2015-04-15","Rzeka_A",16.454
"2015-04-16","Rzeka_A",16.439
"2015-04-17","Rzeka_A",16.419
"2015-04-18","Rzeka_A",16.396
"2015-04-19","Rzeka_A",16.369
"2015-04-20","Rzeka_A",16.338
"2015-04-21","Rzeka_A",16.303
"2015-04-22","Rzeka_A",16.264
"2015-04-23","Rzeka_A",16.22
"2015-04-24","Rzeka_A",16.171
"2015-04-25","Rzeka_A",16.117
"2015-04-26","Rzeka_A",16.058
"2015-04-27","Rzeka_A",15.995
"2015-04-28","Rzeka_A",15.926
"2015-04-29","Rzeka_A",15.852
"2015-04-30","Rzeka_A",15.773
"2015-05-01","Rzeka_A",15.688
"2015-05-02","Rzeka_A",15.598
"2015-05-03","Rzeka_A",15.503
"2015-05-04","Rzeka_A",15.403
"2015-05-05","Rzeka_A",15.297
"2015-05-06","Rzeka_A",15.186
"2015-05-07","Rzeka_A",15.07
"2015-05-08","Rzeka_A",14.949
"2015-05-09","Rzeka_A",14.823
"2015-05-10","Rzeka_A",14.692
"2015-05-11","Rzeka_A",14.556
"2015-05-12","Rzeka_A",14.416
"2015-05-13","Rzeka_A",14.271
"2015-05-14","Rzeka_A",14.122
"2015-05-15","Rzeka_A",13.969
"2015-05-16","Rzeka_A",13.813
"2015-05-17","Rzeka_A",13.652
"2015-05-18","Rzeka_A",13.488
"2015-05-19","Rzeka_A",13.321
"2015-05-20","Rzeka_A",13.152
"2015-05-21","Rzeka_A",12.979
"2015-05-22","Rzeka_A",12.804
"2015-05-23","Rzeka_A",12.627
"2015-05-24","Rzeka_A",12.449
"2015-05-25","Rzeka_A",12.268
"2015-05-26","Rzeka_A",12.087
"2015-05-27","Rzeka_A",11.905
"2015-05-28","Rzeka_A",11.722
"2015-05-29","Rzeka_A",11.539
"2015-05-30","Rzeka_A",11.355
"2015-05-31","Rzeka_A",11.173
"2015-06-01","Rzeka_A",10.991
"2015-06-02","Rzeka_A",10.809
"2015-06-03","Rzeka_A",10.629
"2015-06-04","Rzeka_A",10.451
"2015-06-05","Rzeka_A",10.275
"2015-06-06","Rzeka_A",10.101
"2015-06-07","Rzeka_A",9.929
"2015-06-08","Rzeka_A",9.76
"2015-06-09","Rzeka_A",9.594
"2015-06-10","Rzeka_A",9.432
"2015-06-11","Rzeka_A",9.273
"2015-06-12","Rzeka_A",9.118
"2015-06-13","Rzeka_A",8.967
"2015-06-14","Rzeka_A",8.82
"2015-06-15","Rzeka_A",8.678
"2015-06-16","Rzeka_A",8.541
"2015-06-17","Rzeka_A",8.408
"2015-06-18","Rzeka_A",8.281
"2015-06-19","Rzeka_A",8.159
"2015-06-20","Rzeka_A",8.042
"2015-06-21","Rzeka_A",7.931
"2015-06-22","Rzeka_A",7.825
"2015-06-23","Rzeka_A",7.725
"2015-06-24","Rzeka_A",7.631
"2015-06-25","Rzeka_A",7.543
"2015-06-26","Rzeka_A",7.461
"2015-06-27","Rzeka_A",7.385
"2015-06-28","Rzeka_A",7.314
"2015-06-29","Rzeka_A",7.25
"2015-06-30","Rzeka_A",7.191
"2015-07-01","Rzeka_A",7.139
"2015-07-02","Rzeka_A",7.092
"2015-07-03","Rzeka_A",7.051
"2015-07-04","Rzeka_A",7.016
"2015-07-05","Rzeka_A",6.986
"2015-07-06","Rzeka_A",6.962
"2015-07-07","Rzeka_A",6.943
"2015-07-08","Rzeka_A",6.929
"2015-07-09","Rzeka_A",6.921
"2015-07-10","Rzeka_A",6.917
"2015-07-11","Rzeka_A",6.917
"2015-07-12","Rzeka_A",6.923
"2015-07-13","Rzeka_A",6.932
"2015-07-14","Rzeka_A",6.945
"2015-07-15","Rzeka_A",6.963
"2015-07-16","Rzeka_A",6.983
"2015-07-17","Rzeka_A",7.008
"2015-07-18","Rzeka_A",7.035
"2015-07-19","Rzeka_A",7.065
"2015-07-20","Rzeka_A",7.097
"2015-07-21","Rzeka_A",7.132
"2015-07-22","Rzeka_A",7.169
"2015-07-23","Rzeka_A",7.207
"2015-07-24","Rzeka_A",7.247
"2015-07-25","Rzeka_A",7.288
"2015-07-26","Rzeka_A",7.33
"2015-07-27","Rzeka_A",7.373
"2015-07-28","Rzeka_A",7.416
"2015-07-29","Rzeka_A",7.459
"2015-07-30","Rzeka_A",7.502
"2015-07-31","Rzeka_A",7.545
"2015-08-01","Rzeka_A",7.587
"2015-08-02","Rzeka_A",7.628
"2015-08-03","Rzeka_A",7.669
"2015-08-04","Rzeka_A",7.707
"2015-08-05","Rzeka_A",7.745
"2015-08-06","Rzeka_A",7.78
"2015-08-07","Rzeka_A",7.814
"2015-08-08","Rzeka_A",7.845
"2015-08-09","Rzeka_A",7.875
"2015-08-10","Rzeka_A",7.902
"2015-08-11","Rzeka_A",7.926
"2015-08-12","Rzeka_A",7.948
"2015-08-13","Rzeka_A",7.967
"2015-08-14","Rzeka_A",7.983
"2015-08-15","Rzeka_A",7.996
"2015-08-16","Rzeka_A",8.006
"2015-08-17","Rzeka_A",8.013
"2015-08-18","Rzeka_A",8.017
"2015-08-19","Rzeka_A",8.018
"2015-08-20","Rzeka_A",8.016
"2015-08-21","Rzeka_A",8.011
"2015-08-22","Rzeka_A",8.003
"2015-08-23","Rzeka_A",7.992
"2015-08-24","Rzeka_A",7.978
"2015-08-25","Rzeka_A",7.962
"2015-08-26","Rzeka_A",7.942
"2015-08-27","Rzeka_A",7.92
"2015-08-28","Rzeka_A",7.896
"2015-08-29","Rzeka_A",7.869
"2015-08-30","Rzeka_A",7.84
"2015-08-31","Rzeka_A",7.809
"2015-09-01","Rzeka_A",7.777
"2015-09-02","Rzeka_A",7.742
"2015-09-03","Rzeka_A",7.707
"2015-09-04","Rzeka_A",7.67
"2015-09-05","Rzeka_A",7.632
"2015-09-06","Rzeka_A",7.593
"2015-09-07","Rzeka_A",7.554
"2015-09-08","Rzeka_A",7.515
"2015-09-09","Rzeka_A",7.476
"2015-09-10","Rzeka_A",7.437
"2015-09-11","Rzeka_A",7.398
"2015-09-12","Rzeka_A",7.36
"2015-09-13","Rzeka_A",7.324
"2015-09-14","Rzeka_A",7.288
"2015-09-15","Rzeka_A",7.255
"2015-09-16","Rzeka_A",7.223
"2015-09-17","Rzeka_A",7.193
"2015-09-18","Rzeka_A",7.166
"2015-09-19","Rzeka_A",7.141
"2015-09-20","Rzeka_A",7.12
"2015-09-21","Rzeka_A",7.101
"2015-09-22","Rzeka_A",7.086
"2015-09-23","Rzeka_A",7.075
"2015-09-24","Rzeka_A",7.068
"2015-09-25","Rzeka_A",7.064
"2015-09-26","Rzeka_A",7.066
"2015-09-27","Rzeka_A",7.071
"2015-09-28","Rzeka_A",7.082
"2015-09-29","Rzeka_A",7.097
"2015-09-30","Rzeka_A",7.117
"2015-10-01","Rzeka_A",7.143
"2015-10-02","Rzeka_A",7.174
"2015-10-03","Rzeka_A",7.21
"2015-10-04","Rzeka_A",7.252
"2015-10-05","Rzeka_A",7.3
"2015-10-06","Rzeka_A",7.353
"2015-10-07","Rzeka_A",7.413
"2015-10-08","Rzeka_A",7.478
"2015-10-09","Rzeka_A",7.549
"2015-10-10","Rzeka_A",7.626
"2015-10-11","Rzeka_A",7.709
"2015-10-12","Rzeka_A",7.798
"2015-10-13","Rzeka_A",7.892
"2015-10-14","Rzeka_A",7.993
"2015-10-15","Rzeka_A",8.099
"2015-10-16","Rzeka_A",8.211
"2015-10-17","Rzeka_A",8.328
"2015-10-18","Rzeka_A",8.451
"2015-10-19","Rzeka_A",8.578
"2015-10-20","Rzeka_A",8.712
"2015-10-21","Rzeka_A",8.849
"2015-10-22","Rzeka_A",8.992
"2015-10-23","Rzeka_A",9.139
"2015-10-24","Rzeka_A",9.291
"2015-10-25","Rzeka_A",9.447
"2015-10-26","Rzeka_A",9.606
"2015-10-27","Rzeka_A",9.769
"2015-10-28","Rzeka_A",9.936
"2015-10-29","Rzeka_A",10.106
"2015-10-30","Rzeka_A",10.278
"2015-10-31","Rzeka_A",10.453
"2015-11-01","Rzeka_A",10.63
"2015-11-02","Rzeka_A",10.809
"2015-11-03","Rzeka_A",10.99
"2015-11-04","Rzeka_A",11.172
"2015-11-05","Rzeka_A",11.356
"2015-11-06","Rzeka_A",11.54
"2015-11-07","Rzeka_A",11.724
"2015-11-08","Rzeka_A",11.908
"2015-11-09","Rzeka_A",12.093
"2015-11-10","Rzeka_A",12.276
"2015-11-11","Rzeka_A",12.459
"2015-11-12","Rzeka_A",12.641
"2015-11-13","Rzeka_A",12.821
"2015-11-14","Rzeka_A",12.999
"2015-11-15","Rzeka_A",13.176
"2015-11-16","Rzeka_A",13.35
"2015-11-17","Rzeka_A",13.521
"2015-11-18","Rzeka_A",13.69
"2015-11-19","Rzeka_A",13.855
"2015-11-20","Rzeka_A",14.017
"2015-11-21","Rzeka_A",14.175
"2015-11-22","Rzeka_A",14.33
"2015-11-23","Rzeka_A",14.481
"2015-11-24","Rzeka_A",14.627
"2015-11-25","Rzeka_A",14.769
"2015-11-26","Rzeka_A",14.906
"2015-11-27","Rzeka_A",15.039
"2015-11-28","Rzeka_A",15.167
"2015-11-29","Rzeka_A",15.29
"2015-11-30","Rzeka_A",15.407
"2015-12-01","Rzeka_A",15.52
"2015-12-02","Rzeka_A",15.627
"2015-12-03","Rzeka_A",15.729
"2015-12-04","Rzeka_A",15.826
"2015-12-05","Rzeka_A",15.917
"2015-12-06","Rzeka_A",16.003
"2015-12-07","Rzeka_A",16.084
"2015-12-08","Rzeka_A",16.159
"2015-12-09","Rzeka_A",16.229
"2015-12-10","Rzeka_A",16.294
"2015-12-11","Rzeka_A",16.353
"2015-12-12","Rzeka_A",16.408
"2015-12-13","Rzeka_A",16.457
"2015-12-14","Rzeka_A",16.502
"2015-12-15","Rzeka_A",16.542
"2015-12-16","Rzeka_A",16.578
"2015-12-17","Rzeka_A",16.609
"2015-12-18","Rzeka_A",16.636
"2015-12-19","Rzeka_A",16.66
"2015-12-20","Rzeka_A",16.679
"2015-12-21","Rzeka_A",16.695
"2015-12-22","Rzeka_A",16.707
"2015-12-23","Rzeka_A",16.716
"2015-12-24","Rzeka_A",16.723
"2015-12-25","Rzeka_A",16.726
"2015-12-26","Rzeka_A",16.728
"2015-12-27","Rzeka_A",16.727
"2015-12-28","Rzeka_A",16.724
"2015-12-29","Rzeka_A",16.72
"2015-12-30","Rzeka_A",16.714
"2015-12-31","Rzeka_A",16.707
"2016-01-01","Rzeka_A",16.699
"2016-01-02","Rzeka_A",16.691
"2016-01-03","Rzeka_A",16.682
"2016-01-04","Rzeka_A",16.673
"2016-01-05","Rzeka_A",16.665
"2016-01-06","Rzeka_A",16.657
"2016-01-07","Rzeka_A",16.649
"2016-01-08","Rzeka_A",16.642
"2016-01-09","Rzeka_A",16.637
"2016-01-10","Rzeka_A",16.633
"2016-01-11","Rzeka_A",16.63
"2016-01-12","Rzeka_A",16.629
"2016-01-13","Rzeka_A",16.63
"2016-01-14","Rzeka_A",16.634
"2016-01-15","Rzeka_A",16.639
"2016-01-16","Rzeka_A",16.647
"2016-01-17","Rzeka_A",16.658
"2016-01-18","Rzeka_A",16.671
"2016-01-19","Rzeka_A",16.687
"2016-01-20","Rzeka_A",16.706
"2016-01-21","Rzeka_A",16.728
"2016-01-22","Rzeka_A",16.753
"2016-01-23","Rzeka_A",16.782
"2016-01-24","Rzeka_A",16.813
"2016-01-25","Rzeka_A",16.848
"2016-01-26","Rzeka_A",16.886
"2016-01-27","Rzeka_A",16.927
"2016-01-28","Rzeka_A",16.971
"2016-01-29","Rzeka_A",17.018
"2016-01-30","Rzeka_A",17.068
"2016-01-31","Rzeka_A",17.121
"2016-02-01","Rzeka_A",17.178
"2016-02-02","Rzeka_A",17.236
"2016-02-03","Rzeka_A",17.298
"2016-02-04","Rzeka_A",17.362
"2016-02-05","Rzeka_A",17.428
"2016-02-06","Rzeka_A",17.497
"2016-02-07","Rzeka_A",17.567
"2016-02-08","Rzeka_A",17.64
"2016-02-09","Rzeka_A",17.714
"2016-02-10","Rzeka_A",17.789
"2016-02-11","Rzeka_A",17.866
"2016-02-12","Rzeka_A",17.943
"2016-02-13","Rzeka_A",18.022
"2016-02-14","Rzeka_A",18.1
"2016-02-15","Rzeka_A",18.179
"2016-02-16","Rzeka_A",18.258
"2016-02-17","Rzeka_A",18.336
"2016-02-18","Rzeka_A",18.414
"2016-02-19","Rzeka_A",18.491
"2016-02-20","Rzeka_A",18.567
"2016-02-21","Rzeka_A",18.641
"2016-02-22","Rzeka_A",18.714
"2016-02-23","Rzeka_A",18.784
"2016-02-24","Rzeka_A",18.852
"2016-02-25","Rzeka_A",18.918
"2016-02-26","Rzeka_A",18.981
"2016-02-27","Rzeka_A",19.04
"2016-02-28","Rzeka_A",19.097
"2016-02-29","Rzeka_A",19.149
"2016-03-01","Rzeka_A",19.198
"2016-03-02","Rzeka_A",19.242
"2016-03-03","Rzeka_A",19.283
"2016-03-04","Rzeka_A",19.318
"2016-03-05","Rzeka_A",19.349
"2016-03-06","Rzeka_A",19.375
"2016-03-07","Rzeka_A",19.395
"2016-03-08","Rzeka_A",19.41
"2016-03-09","Rzeka_A",19.42
"2016-03-10","Rzeka_A",19.424
"2016-03-11","Rzeka_A",19.422
"2016-03-12","Rzeka_A",19.414
"2016-03-13","Rzeka_A",19.4
"2016-03-14","Rzeka_A",19.38
"2016-03-15","Rzeka_A",19.353
"2016-03-16","Rzeka_A",19.321
"2016-03-17","Rzeka_A",19.282
"2016-03-18","Rzeka_A",19.236
"2016-03-19","Rzeka_A",19.184
"2016-03-20","Rzeka_A",19.126
"2016-03-21","Rzeka_A",19.062
"2016-03-22","Rzeka_A",18.991
"2016-03-23","Rzeka_A",18.914
"2016-03-24","Rzeka_A",18.831
"2016-03-25","Rzeka_A",18.742
"2016-03-26","Rzeka_A",18.647
"2016-03-27","Rzeka_A",18.546
"2016-03-28","Rzeka_A",18.44
"2016-03-29","Rzeka_A",18.328
"2016-03-30","Rzeka_A",18.21
"2016-03-31","Rzeka_A",18.088
"2016-04-01","Rzeka_A",17.96
"2016-04-02","Rzeka_A",17.828
"2016-04-03","Rzeka_A",17.692
"2016-04-04","Rzeka_A",17.551
"2016-04-05","Rzeka_A",17.406
"2016-04-06","Rzeka_A",17.257
"2016-04-07","Rzeka_A",17.105
"2016-04-08","Rzeka_A",16.95
"2016-04-09","Rzeka_A",16.792
"2016-04-10","Rzeka_A",16.631
"2016-04-11","Rzeka_A",16.468
"2016-04-12","Rzeka_A",16.302
"2016-04-13","Rzeka_A",16.136
"2016-04-14","Rzeka_A",15.967
"2016-04-15","Rzeka_A",15.798
"2016-04-16","Rzeka_A",15.628
"2016-04-17","Rzeka_A",15.457
"2016-04-18","Rzeka_A",15.286
"2016-04-19","Rzeka_A",15.115
"2016-04-20","Rzeka_A",14.945
"2016-04-21","Rzeka_A",14.775
"2016-04-22","Rzeka_A",14.607
"2016-04-23","Rzeka_A",14.44
"2016-04-24","Rzeka_A",14.274
"2016-04-25","Rzeka_A",14.111
"2016-04-26","Rzeka_A",13.949
"2016-04-27","Rzeka_A",13.79
"2016-04-28","Rzeka_A",13.633
"2016-04-29","Rzeka_A",13.48
"2016-04-30","Rzeka_A",13.329
"2016-05-01","Rzeka_A",13.182
"2016-05-02","Rzeka_A",13.038
"2016-05-03","Rzeka_A",12.898
"2016-05-04","Rzeka_A",12.762
"2016-05-05","Rzeka_A",12.63
"2016-05-06","Rzeka_A",12.502
"2016-05-07","Rzeka_A",12.378
"2016-05-08","Rzeka_A",12.259
"2016-05-09","Rzeka_A",12.144
"2016-05-10","Rzeka_A",12.034
"2016-05-11","Rzeka_A",11.928
"2016-05-12","Rzeka_A",11.827
"2016-05-13","Rzeka_A",11.731
"2016-05-14","Rzeka_A",11.639
"2016-05-15","Rzeka_A",11.552
"2016-05-16","Rzeka_A",11.47
"2016-05-17","Rzeka_A",11.392
"2016-05-18","Rzeka_A",11.319
"2016-05-19","Rzeka_A",11.25
"2016-05-20","Rzeka_A",11.186
"2016-05-21","Rzeka_A",11.126
"2016-05-22","Rzeka_A",11.07
"2016-05-23","Rzeka_A",11.019
"2016-05-24","Rzeka_A",10.971
"2016-05-25","Rzeka_A",10.927
"2016-05-26","Rzeka_A",10.886
"2016-05-27","Rzeka_A",10.849
"2016-05-28","Rzeka_A",10.815
"2016-05-29","Rzeka_A",10.784
"2016-05-30","Rzeka_A",10.756
"2016-05-31","Rzeka_A",10.731
"2016-06-01","Rzeka_A",10.708
"2016-06-02","Rzeka_A",10.686
"2016-06-03","Rzeka_A",10.667
"2016-06-04","Rzeka_A",10.649
"2016-06-05","Rzeka_A",10.633
"2016-06-06","Rzeka_A",10.618
"2016-06-07","Rzeka_A",10.604
"2016-06-08","Rzeka_A",10.59
"2016-06-09","Rzeka_A",10.577
"2016-06-10","Rzeka_A",10.563
"2016-06-11","Rzeka_A",10.55
"2016-06-12","Rzeka_A",10.536
"2016-06-13","Rzeka_A",10.521
"2016-06-14","Rzeka_A",10.506
"2016-06-15","Rzeka_A",10.489
"2016-06-16","Rzeka_A",10.471
"2016-06-17","Rzeka_A",10.452
"2016-06-18","Rzeka_A",10.431
"2016-06-19","Rzeka_A",10.407
"2016-06-20","Rzeka_A",10.382
"2016-06-21","Rzeka_A",10.354
"2016-06-22","Rzeka_A",10.323
"2016-06-23","Rzeka_A",10.29
"2016-06-24","Rzeka_A",10.254
"2016-06-25","Rzeka_A",10.214
"2016-06-26","Rzeka_A",10.172
"2016-06-27","Rzeka_A",10.127
"2016-06-28","Rzeka_A",10.078
"2016-06-29","Rzeka_A",10.025
"2016-06-30","Rzeka_A",9.97
"2016-07-01","Rzeka_A",9.91
"2016-07-02","Rzeka_A",9.848
"2016-07-03","Rzeka_A",9.781
"2016-07-04","Rzeka_A",9.711
"2016-07-05","Rzeka_A",9.638
"2016-07-06","Rzeka_A",9.561
"2016-07-07","Rzeka_A",9.48
"2016-07-08","Rzeka_A",9.397
"2016-07-09","Rzeka_A",9.309
"2016-07-10","Rzeka_A",9.219
"2016-07-11","Rzeka_A",9.126
"2016-07-12","Rzeka_A",9.029
"2016-07-13","Rzeka_A",8.93
"2016-07-14","Rzeka_A",8.828
"2016-07-15","Rzeka_A",8.724
"2016-07-16","Rzeka_A",8.618
"2016-07-17","Rzeka_A",8.509
"2016-07-18","Rzeka_A",8.398
"2016-07-19","Rzeka_A",8.286
"2016-07-20","Rzeka_A",8.172
"2016-07-21","Rzeka_A",8.058
"2016-07-22","Rzeka_A",7.942
"2016-07-23","Rzeka_A",7.825
"2016-07-24","Rzeka_A",7.709
"2016-07-25","Rzeka_A",7.592
"2016-07-26","Rzeka_A",7.475
"2016-07-27","Rzeka_A",7.359
"2016-07-28","Rzeka_A",7.243
"2016-07-29","Rzeka_A",7.128
"2016-07-30","Rzeka_A",7.015
"2016-07-31","Rzeka_A",6.903
"2016-08-01","Rzeka_A",6.794
"2016-08-02","Rzeka_A",6.686
"2016-08-03","Rzeka_A",6.581
"2016-08-04","Rzeka_A",6.479
"2016-08-05","Rzeka_A",6.379
"2016-08-06","Rzeka_A",6.283
"2016-08-07","Rzeka_A",6.191
"2016-08-08","Rzeka_A",6.102
"2016-08-09","Rzeka_A",6.018
"2016-08-10","Rzeka_A",5.938
"2016-08-11","Rzeka_A",5.863
"2016-08-12","Rzeka_A",5.792
"2016-08-13","Rzeka_A",5.727
"2016-08-14","Rzeka_A",5.666
"2016-08-15","Rzeka_A",5.612
"2016-08-16","Rzeka_A",5.562
"2016-08-17","Rzeka_A",5.519
"2016-08-18","Rzeka_A",
"2016-08-19","Rzeka_A",5.45
"2016-08-20","Rzeka_A",5.425
"2016-08-21","Rzeka_A",5.407
"2016-08-22","Rzeka_A",5.394
"2016-08-23","Rzeka_A",5.388
"2016-08-24","Rzeka_A",5.389
"2016-08-25","Rzeka_A",5.396
"2016-08-26","Rzeka_A",5.41
"2016-08-27","Rzeka_A",5.43
"2016-08-28","Rzeka_A",5.457
"2016-08-29","Rzeka_A",5.491
"2016-08-30","Rzeka_A",5.531
"2016-08-31","Rzeka_A",5.577
"2016-09-01","Rzeka_A",5.63
"2016-09-02","Rzeka_A",5.689
"2016-09-03","Rzeka_A",5.755
"2016-09-04","Rzeka_A",5.826
"2016-09-05","Rzeka_A",5.903
"2016-09-06","Rzeka_A",5.986
"2016-09-07","Rzeka_A",6.074
"2016-09-08","Rzeka_A",6.168
"2016-09-09","Rzeka_A",6.267
"2016-09-10","Rzeka_A",6.37
"2016-09-11","Rzeka_A",6.479
"2016-09-12","Rzeka_A",6.592
"2016-09-13","Rzeka_A",6.709
"2016-09-14","Rzeka_A",6.83
"2016-09-15","Rzeka_A",6.955
"2016-09-16","Rzeka_A",7.083
"2016-09-17","Rzeka_A",7.214
"2016-09-18","Rzeka_A",7.349
"2016-09-19","Rzeka_A",7.485
"2016-09-20","Rzeka_A",7.624
"2016-09-21","Rzeka_A",7.765
"2016-09-22","Rzeka_A",7.908
"2016-09-23","Rzeka_A",8.052
"2016-09-24","Rzeka_A",8.197
"2016-09-25","Rzeka_A",8.343
"2016-09-26","Rzeka_A",8.489
"2016-09-27","Rzeka_A",8.635
"2016-09-28","Rzeka_A",8.782
"2016-09-29","Rzeka_A",8.927
"2016-09-30","Rzeka_A",9.073
"2016-10-01","Rzeka_A",9.217
"2016-10-02","Rzeka_A",9.36
"2016-10-03","Rzeka_A",9.501
"2016-10-04","Rzeka_A",9.641
"2016-10-05","Rzeka_A",9.778
"2016-10-06","Rzeka_A",9.914
"2016-10-07","Rzeka_A",10.047
"2016-10-08","Rzeka_A",10.177
"2016-10-09","Rzeka_A",10.304
"2016-10-10","Rzeka_A",10.428
"2016-10-11","Rzeka_A",10.55
"2016-10-12","Rzeka_A",10.667
"2016-10-13","Rzeka_A",10.782
"2016-10-14","Rzeka_A",10.892
"2016-10-15","Rzeka_A",10.999
"2016-10-16","Rzeka_A",11.102
"2016-10-17","Rzeka_A",11.201
"2016-10-18","Rzeka_A",11.297
"2016-10-19","Rzeka_A",11.388
"2016-10-20","Rzeka_A",11.475
"2016-10-21","Rzeka_A",11.558
"2016-10-22","Rzeka_A",11.637
"2016-10-23","Rzeka_A",11.712
"2016-10-24","Rzeka_A",11.784
"2016-10-25","Rzeka_A",11.851
"2016-10-26","Rzeka_A",11.914
"2016-10-27","Rzeka_A",11.974
"2016-10-28","Rzeka_A",12.03
"2016-10-29","Rzeka_A",12.082
"2016-10-30","Rzeka_A",12.132
"2016-10-31","Rzeka_A",12.177
"2016-11-01","Rzeka_A",12.22
"2016-11-02","Rzeka_A",12.26
"2016-11-03","Rzeka_A",12.297
"2016-11-04","Rzeka_A",12.331
"2016-11-05","Rzeka_A",12.363
"2016-11-06","Rzeka_A",12.393
"2016-11-07","Rzeka_A",12.421
"2016-11-08","Rzeka_A",12.448
"2016-11-09","Rzeka_A",12.473
"2016-11-10","Rzeka_A",12.496
"2016-11-11","Rzeka_A",12.519
"2016-11-12","Rzeka_A",12.541
"2016-11-13","Rzeka_A",12.562
"2016-11-14","Rzeka_A",12.583
"2016-11-15","Rzeka_A",12.604
"2016-11-16","Rzeka_A",12.626
"2016-11-17","Rzeka_A",12.648
"2016-11-18","Rzeka_A",12.671
"2016-11-19","Rzeka_A",12.694
"2016-11-20","Rzeka_A",12.719
"2016-11-21","Rzeka_A",12.746
"2016-11-22","Rzeka_A",12.774
"2016-11-23","Rzeka_A",12.804
"2016-11-24","Rzeka_A",12.837
"2016-11-25","Rzeka_A",12.872
"2016-11-26","Rzeka_A",12.909
"2016-11-27","Rzeka_A",12.949
"2016-11-28","Rzeka_A",12.993
"2016-11-29","Rzeka_A",13.039
"2016-11-30","Rzeka_A",13.089
"2016-12-01","Rzeka_A",13.142
"2016-12-02","Rzeka_A",13.199
"2016-12-03","Rzeka_A",13.259
"2016-12-04","Rzeka_A",13.324
"2016-12-05","Rzeka_A",13.392
"2016-12-06","Rzeka_A",13.464
"2016-12-07","Rzeka_A",13.54
"2016-12-08","Rzeka_A",13.62
"2016-12-09","Rzeka_A",13.705
"2016-12-10","Rzeka_A",13.793
"2016-12-11","Rzeka_A",13.886
"2016-12-12","Rzeka_A",13.983
"2016-12-13","Rzeka_A",14.084
"2016-12-14","Rzeka_A",14.189
"2016-12-15","Rzeka_A",14.297
"2016-12-16","Rzeka_A",14.41
"2016-12-17","Rzeka_A",14.526
"2016-12-18","Rzeka_A",14.646
"2016-12-19","Rzeka_A",14.77
"2016-12-20","Rzeka_A",14.896
"2016-12-21","Rzeka_A",15.026
"2016-12-22","Rzeka_A",15.159
"2016-12-23","Rzeka_A",15.295
"2016-12-24","Rzeka_A",15.433
"2016-12-25","Rzeka_A",15.574
"2016-12-26","Rzeka_A",15.717
"2016-12-27","Rzeka_A",15.862
"2016-12-28","Rzeka_A",16.008
"2016-12-29","Rzeka_A",16.156
"2016-12-30","Rzeka_A",16.305
"2016-12-31","Rzeka_A",16.455
"2017-01-01","Rzeka_A",16.605
"2017-01-02","Rzeka_A",16.756
"2017-01-03","Rzeka_A",16.906
"2017-01-04","Rzeka_A",17.057
"2017-01-05","Rzeka_A",17.206
"2017-01-06","Rzeka_A",17.355
"2017-01-07","Rzeka_A",17.503
"2017-01-08","Rzeka_A",17.649
"2017-01-09","Rzeka_A",17.793
"2017-01-10","Rzeka_A",17.935
"2017-01-11","Rzeka_A",18.075
"2017-01-12","Rzeka_A",18.212
"2017-01-13","Rzeka_A",18.346
"2017-01-14","Rzeka_A",18.476
"2017-01-15","Rzeka_A",18.604
"2017-01-16","Rzeka_A",18.727
"2017-01-17","Rzeka_A",18.846
"2017-01-18","Rzeka_A",18.961
"2017-01-19","Rzeka_A",19.071
"2017-01-20","Rzeka_A",19.176
"2017-01-21","Rzeka_A",19.277
"2017-01-22","Rzeka_A",19.372
"2017-01-23","Rzeka_A",19.461
"2017-01-24","Rzeka_A",19.545
"2017-01-25","Rzeka_A",19.624
"2017-01-26","Rzeka_A",19.696
"2017-01-27","Rzeka_A",19.762
"2017-01-28","Rzeka_A",19.822
"2017-01-29","Rzeka_A",19.876
"2017-01-30","Rzeka_A",19.923
"2017-01-31","Rzeka_A",19.964
"2017-02-01","Rzeka_A",19.998
"2017-02-02","Rzeka_A",20.026
"2017-02-03","Rzeka_A",20.047
"2017-02-04","Rzeka_A",20.062
"2017-02-05","Rzeka_A",20.07
"2017-02-06","Rzeka_A",20.071
"2017-02-07","Rzeka_A",20.066
"2017-02-08","Rzeka_A",20.055
"2017-02-09","Rzeka_A",20.037
"2017-02-10","Rzeka_A",20.013
"2017-02-11","Rzeka_A",19.983
"2017-02-12","Rzeka_A",19.947
"2017-02-13","Rzeka_A",19.905
"2017-02-14","Rzeka_A",19.858
"2017-02-15","Rzeka_A",19.805
"2017-02-16","Rzeka_A",19.747
"2017-02-17","Rzeka_A",19.683
"2017-02-18","Rzeka_A",19.615
"2017-02-19","Rzeka_A",19.542
"2017-02-20","Rzeka_A",19.464
"2017-02-21","Rzeka_A",19.382
"2017-02-22","Rzeka_A",19.297
"2017-02-23","Rzeka_A",19.207
"2017-02-24","Rzeka_A",19.114
"2017-02-25","Rzeka_A",19.019
"2017-02-26","Rzeka_A",18.92
"2017-02-27","Rzeka_A",18.818
"2017-02-28","Rzeka_A",18.715
"2017-03-01","Rzeka_A",18.609
"2017-03-02","Rzeka_A",18.502
"2017-03-03","Rzeka_A",18.393
"2017-03-04","Rzeka_A",18.283
"2017-03-05","Rzeka_A",18.172
"2017-03-06","Rzeka_A",18.061
"2017-03-07","Rzeka_A",17.949
"2017-03-08","Rzeka_A",17.838
"2017-03-09","Rzeka_A",17.727
"2017-03-10","Rzeka_A",17.616
"2017-03-11","Rzeka_A",17.506
"2017-03-12","Rzeka_A",17.397
"2017-03-13","Rzeka_A",17.29
"2017-03-14","Rzeka_A",17.184
"2017-03-15","Rzeka_A",17.08
"2017-03-16","Rzeka_A",16.978
"2017-03-17","Rzeka_A",16.878
"2017-03-18","Rzeka_A",16.78
"2017-03-19","Rzeka_A",16.685
"2017-03-20","Rzeka_A",16.593
"2017-03-21","Rzeka_A",16.503
"2017-03-22","Rzeka_A",16.417
"2017-03-23","Rzeka_A",16.333
"2017-03-24","Rzeka_A",16.253
"2017-03-25","Rzeka_A",16.176
"2017-03-26","Rzeka_A",16.103
"2017-03-27","Rzeka_A",16.033
"2017-03-28","Rzeka_A",15.966
"2017-03-29","Rzeka_A",15.903
"2017-03-30","Rzeka_A",15.844
"2017-03-31","Rzeka_A",15.787
"2017-04-01","Rzeka_A",15.735
"2017-04-02","Rzeka_A",15.686
"2017-04-03","Rzeka_A",15.64
"2017-04-04","Rzeka_A",15.597
"2017-04-05","Rzeka_A",15.558
"2017-04-06","Rzeka_A",15.521
"2017-04-07","Rzeka_A",15.488
"2017-04-08","Rzeka_A",15.457
"2017-04-09","Rzeka_A",15.43
"2017-04-10","Rzeka_A",15.404
"2017-04-11","Rzeka_A",15.381
"2017-04-12","Rzeka_A",15.361
"2017-04-13","Rzeka_A",15.342
"2017-04-14","Rzeka_A",15.325
"2017-04-15","Rzeka_A",15.309
"2017-04-16","Rzeka_A",15.295
"2017-04-17","Rzeka_A",15.282
"2017-04-18","Rzeka_A",15.27
"2017-04-19","Rzeka_A",15.259
"2017-04-20","Rzeka_A",15.248
"2017-04-21","Rzeka_A",15.237
"2017-04-22","Rzeka_A",15.226
"2017-04-23","Rzeka_A",15.215
"2017-04-24","Rzeka_A",15.203
"2017-04-25","Rzeka_A",15.19
"2017-04-26","Rzeka_A",15.176
"2017-04-27","Rzeka_A",15.16
"2017-04-28","Rzeka_A",15.143
"2017-04-29","Rzeka_A",15.124
"2017-04-30","Rzeka_A",15.103
"2017-05-01","Rzeka_A",15.08
"2017-05-02","Rzeka_A",15.054
"2017-05-03","Rzeka_A",15.025
"2017-05-04","Rzeka_A",14.993
"2017-05-05","Rzeka_A",14.958
"2017-05-06","Rzeka_A",14.92
"2017-05-07","Rzeka_A",14.877
"2017-05-08","Rzeka_A",14.831
"2017-05-09","Rzeka_A",14.781
"2017-05-10","Rzeka_A",14.727
"2017-05-11","Rzeka_A",14.669
"2017-05-12","Rzeka_A",14.606
"2017-05-13","Rzeka_A",14.539
"2017-05-14","Rzeka_A",14.468
"2017-05-15","Rzeka_A",14.391
"2017-05-16","Rzeka_A",14.31
"2017-05-17","Rzeka_A",14.224
"2017-05-18","Rzeka_A",14.134
"2017-05-19","Rzeka_A",14.038
"2017-05-20","Rzeka_A",13.938
"2017-05-21","Rzeka_A",13.833
"2017-05-22","Rzeka_A",13.724
"2017-05-23","Rzeka_A",13.609
"2017-05-24","Rzeka_A",13.49
"2017-05-25","Rzeka_A",13.367
"2017-05-26","Rzeka_A",13.239
"2017-05-27","Rzeka_A",13.107
"2017-05-28","Rzeka_A",12.971
"2017-05-29","Rzeka_A",12.831
"2017-05-30","Rzeka_A",12.687
"2017-05-31","Rzeka_A",12.539
"2017-06-01","Rzeka_A",12.388
"2017-06-02","Rzeka_A",12.233
"2017-06-03","Rzeka_A",12.076
"2017-06-04","Rzeka_A",11.915
"2017-06-05","Rzeka_A",11.752
"2017-06-06","Rzeka_A",11.587
"2017-06-07","Rzeka_A",11.42
"2017-06-08","Rzeka_A",11.251
"2017-06-09","Rzeka_A",11.081
"2017-06-10","Rzeka_A",10.909
"2017-06-11","Rzeka_A",10.736
"2017-06-12","Rzeka_A",10.563
"2017-06-13","Rzeka_A",10.39
"2017-06-14","Rzeka_A",10.216
"2017-06-15","Rzeka_A",10.043
"2017-06-16","Rzeka_A",9.87
"2017-06-17","Rzeka_A",9.699
"2017-06-18","Rzeka_A",9.528
"2017-06-19","Rzeka_A",9.36
"2017-06-20","Rzeka_A",9.193
"2017-06-21","Rzeka_A",9.028
"2017-06-22","Rzeka_A",8.866
"2017-06-23","Rzeka_A",8.706
"2017-06-24","Rzeka_A",8.549
"2017-06-25","Rzeka_A",8.396
"2017-06-26","Rzeka_A",8.247
"2017-06-27","Rzeka_A",8.101
"2017-06-28","Rzeka_A",7.959
"2017-06-29","Rzeka_A",7.822
"2017-06-30","Rzeka_A",7.689
"2017-07-01","Rzeka_A",7.561
"2017-07-02","Rzeka_A",7.439
"2017-07-03","Rzeka_A",7.321
"2017-07-04","Rzeka_A",7.209
"2017-07-05","Rzeka_A",7.102
"2017-07-06","Rzeka_A",7.001
"2017-07-07","Rzeka_A",6.906
"2017-07-08","Rzeka_A",6.817
"2017-07-09","Rzeka_A",6.733
"2017-07-10","Rzeka_A",6.656
"2017-07-11","Rzeka_A",6.586
"2017-07-12","Rzeka_A",6.521
"2017-07-13","Rzeka_A",6.463
"2017-07-14","Rzeka_A",6.411
"2017-07-15","Rzeka_A",6.365
"2017-07-16","Rzeka_A",6.326
"2017-07-17","Rzeka_A",6.293
"2017-07-18","Rzeka_A",6.266
"2017-07-19","Rzeka_A",6.245
"2017-07-20","Rzeka_A",6.23
"2017-07-21","Rzeka_A",6.222
"2017-07-22","Rzeka_A",6.219
"2017-07-23","Rzeka_A",6.222
"2017-07-24","Rzeka_A",6.23
"2017-07-25","Rzeka_A",6.244
"2017-07-26","Rzeka_A",6.263
"2017-07-27","Rzeka_A",6.287
"2017-07-28","Rzeka_A",6.316
"2017-07-29","Rzeka_A",6.349
"2017-07-30","Rzeka_A",6.387
"2017-07-31","Rzeka_A",6.429
"2017-08-01","Rzeka_A",6.475
"2017-08-02","Rzeka_A",6.525
"2017-08-03","Rzeka_A",6.578
"2017-08-04","Rzeka_A",6.634
"2017-08-05","Rzeka_A",6.694
"2017-08-06","Rzeka_A",6.756
"2017-08-07","Rzeka_A",6.82
"2017-08-08","Rzeka_A",6.886
"2017-08-09","Rzeka_A",6.954
"2017-08-10","Rzeka_A",7.024
"2017-08-11","Rzeka_A",7.095
"2017-08-12","Rzeka_A",7.167
"2017-08-13","Rzeka_A",7.239
"2017-08-14","Rzeka_A",7.312
"2017-08-15","Rzeka_A",7.385
"2017-08-16","Rzeka_A",7.458
"2017-08-17","Rzeka_A",7.531
"2017-08-18","Rzeka_A",7.603
"2017-08-19","Rzeka_A",7.674
"2017-08-20","Rzeka_A",7.744
"2017-08-21","Rzeka_A",7.813
"2017-08-22","Rzeka_A",7.88
"2017-08-23","Rzeka_A",7.945
"2017-08-24","Rzeka_A",8.009
"2017-08-25","Rzeka_A",8.07
"2017-08-26","Rzeka_A",8.129
"2017-08-27","Rzeka_A",8.186
"2017-08-28","Rzeka_A",8.24
"2017-08-29","Rzeka_A",8.291
"2017-08-30","Rzeka_A",8.339
"2017-08-31","Rzeka_A",8.385
"2017-09-01","Rzeka_A",8.427
"2017-09-02","Rzeka_A",8.467
"2017-09-03","Rzeka_A",8.503
"2017-09-04","Rzeka_A",8.536
"2017-09-05","Rzeka_A",8.566
"2017-09-06","Rzeka_A",8.593
"2017-09-07","Rzeka_A",8.617
"2017-09-08","Rzeka_A",8.638
"2017-09-09","Rzeka_A",8.656
"2017-09-10","Rzeka_A",8.67
"2017-09-11","Rzeka_A",8.682
"2017-09-12","Rzeka_A",8.691
"2017-09-13","Rzeka_A",8.697
"2017-09-14","Rzeka_A",8.701
"2017-09-15","Rzeka_A",8.702
"2017-09-16","Rzeka_A",8.701
"2017-09-17","Rzeka_A",8.698
"2017-09-18","Rzeka_A",8.692
"2017-09-19","Rzeka_A",8.685
"2017-09-20","Rzeka_A",8.677
"2017-09-21","Rzeka_A",8.667
"2017-09-22","Rzeka_A",8.656
"2017-09-23","Rzeka_A",8.644
"2017-09-24","Rzeka_A",8.632
"2017-09-25","Rzeka_A",8.619
"2017-09-26","Rzeka_A",8.606
"2017-09-27","Rzeka_A",8.593
"2017-09-28","Rzeka_A",8.58
"2017-09-29","Rzeka_A",8.568
"2017-09-30","Rzeka_A",8.557
"2017-10-01","Rzeka_A",8.547
"2017-10-02","Rzeka_A",8.538
"2017-10-03","Rzeka_A",8.531
"2017-10-04","Rzeka_A",8.526
"2017-10-05","Rzeka_A",8.523
"2017-10-06","Rzeka_A",8.522
"2017-10-07","Rzeka_A",8.524
"2017-10-08","Rzeka_A",8.529
"2017-10-09","Rzeka_A",8.537
"2017-10-10","Rzeka_A",8.549
"2017-10-11","Rzeka_A",8.564
"2017-10-12","Rzeka_A",8.583
"2017-10-13","Rzeka_A",8.606
"2017-10-14","Rzeka_A",8.633
"2017-10-15","Rzeka_A",8.665
"2017-10-16","Rzeka_A",8.701
"2017-10-17","Rzeka_A",8.741
"2017-10-18","Rzeka_A",8.787
"2017-10-19","Rzeka_A",8.838
"2017-10-20","Rzeka_A",8.894
"2017-10-21","Rzeka_A",8.955
"2017-10-22","Rzeka_A",9.021
"2017-10-23","Rzeka_A",9.093
"2017-10-24","Rzeka_A",9.17
"2017-10-25","Rzeka_A",9.252
"2017-10-26","Rzeka_A",9.34
"2017-10-27","Rzeka_A",9.433
"2017-10-28","Rzeka_A",9.532
"2017-10-29","Rzeka_A",9.637
"2017-10-30","Rzeka_A",9.746
"2017-10-31","Rzeka_A",9.861
"2017-11-01","Rzeka_A",9.981
"2017-11-02","Rzeka_A",10.106
"2017-11-03","Rzeka_A",10.237
"2017-11-04","Rzeka_A",10.372
"2017-11-05","Rzeka_A",10.511
"2017-11-06","Rzeka_A",10.656
"2017-11-07","Rzeka_A",10.804
"2017-11-08","Rzeka_A",10.957
"2017-11-09","Rzeka_A",11.114
"2017-11-10","Rzeka_A",11.275
"2017-11-11","Rzeka_A",11.439
"2017-11-12","Rzeka_A",11.607
"2017-11-13","Rzeka_A",11.777
"2017-11-14","Rzeka_A",11.95
"2017-11-15","Rzeka_A",12.126
"2017-11-16","Rzeka_A",12.304
"2017-11-17","Rzeka_A",12.484
"2017-11-18","Rzeka_A",12.666
"2017-11-19","Rzeka_A",12.849
"2017-11-20","Rzeka_A",13.033
"2017-11-21","Rzeka_A",13.217
"2017-11-22","Rzeka_A",13.402
"2017-11-23","Rzeka_A",13.587
"2017-11-24","Rzeka_A",13.772
"2017-11-25","Rzeka_A",13.957
"2017-11-26","Rzeka_A",14.14
"2017-11-27","Rzeka_A",14.323
"2017-11-28","Rzeka_A",14.504
"2017-11-29","Rzeka_A",14.683
"2017-11-30","Rzeka_A",14.86
"2017-12-01","Rzeka_A",15.035
"2017-12-02","Rzeka_A",15.207
"2017-12-03","Rzeka_A",15.376
"2017-12-04","Rzeka_A",15.542
"2017-12-05","Rzeka_A",15.704
"2017-12-06","Rzeka_A",15.863
"2017-12-07","Rzeka_A",16.018
"2017-12-08","Rzeka_A",16.169
"2017-12-09","Rzeka_A",16.315
"2017-12-10","Rzeka_A",16.457
"2017-12-11","Rzeka_A",16.593
"2017-12-12","Rzeka_A",16.725
"2017-12-13","Rzeka_A",16.852
"2017-12-14","Rzeka_A",16.973
"2017-12-15","Rzeka_A",17.09
"2017-12-16","Rzeka_A",17.2
"2017-12-17","Rzeka_A",17.305
"2017-12-18","Rzeka_A",17.404
"2017-12-19","Rzeka_A",17.498
"2017-12-20","Rzeka_A",17.586
"2017-12-21","Rzeka_A",17.668
"2017-12-22","Rzeka_A",17.744
"2017-12-23","Rzeka_A",17.814
"2017-12-24","Rzeka_A",17.878
"2017-12-25","Rzeka_A",17.937
"2017-12-26","Rzeka_A",17.99
"2017-12-27","Rzeka_A",18.037
"2017-12-28","Rzeka_A",18.079
"2017-12-29","Rzeka_A",18.115
"2017-12-30","Rzeka_A",18.146
"2017-12-31","Rzeka_A",18.172
"2018-01-01","Rzeka_A",18.193
"2018-01-02","Rzeka_A",18.209
"2018-01-03","Rzeka_A",18.22
"2018-01-04","Rzeka_A",18.227
"2018-01-05","Rzeka_A",18.229
"2018-01-06","Rzeka_A",18.227
"2018-01-07","Rzeka_A",18.221
"2018-01-08","Rzeka_A",18.212
"2018-01-09","Rzeka_A",18.199
"2018-01-10","Rzeka_A",18.183
"2018-01-11","Rzeka_A",18.164
"2018-01-12","Rzeka_A",18.142
"2018-01-13","Rzeka_A",18.118
"2018-01-14","Rzeka_A",18.092
"2018-01-15","Rzeka_A",18.064
"2018-01-16","Rzeka_A",18.034
"2018-01-17","Rzeka_A",18.002
"2018-01-18","Rzeka_A",17.97
"2018-01-19","Rzeka_A",17.937
"2018-01-20","Rzeka_A",17.903
"2018-01-21","Rzeka_A",17.869
"2018-01-22","Rzeka_A",17.835
"2018-01-23","Rzeka_A",17.801
"2018-01-24","Rzeka_A",17.768
"2018-01-25","Rzeka_A",17.735
"2018-01-26","Rzeka_A",17.704
"2018-01-27","Rzeka_A",17.673
"2018-01-28","Rzeka_A",17.644
"2018-01-29","Rzeka_A",17.616
"2018-01-30","Rzeka_A",17.59
"2018-01-31","Rzeka_A",17.567
"2018-02-01","Rzeka_A",17.545
"2018-02-02","Rzeka_A",17.525
"2018-02-03","Rzeka_A",17.508
"2018-02-04","Rzeka_A",17.494
"2018-02-05","Rzeka_A",17.482
"2018-02-06","Rzeka_A",17.473
"2018-02-07","Rzeka_A",17.467
"2018-02-08","Rzeka_A",17.464
"2018-02-09","Rzeka_A",17.464
"2018-02-10","Rzeka_A",17.467
"2018-02-11","Rzeka_A",17.473
"2018-02-12","Rzeka_A",17.482
"2018-02-13","Rzeka_A",17.494
"2018-02-14","Rzeka_A",17.509
"2018-02-15","Rzeka_A",17.527
"2018-02-16","Rzeka_A",17.548
"2018-02-17","Rzeka_A",17.572
"2018-02-18","Rzeka_A",17.599
"2018-02-19","Rzeka_A",17.628
"2018-02-20","Rzeka_A",17.66
"2018-02-21","Rzeka_A",17.695
"2018-02-22","Rzeka_A",17.731
"2018-02-23","Rzeka_A",17.77
"2018-02-24","Rzeka_A",17.811
"2018-02-25","Rzeka_A",17.853
"2018-02-26","Rzeka_A",17.897
"2018-02-27","Rzeka_A",17.943
"2018-02-28","Rzeka_A",17.989
"2018-03-01","Rzeka_A",18.037
"2018-03-02","Rzeka_A",18.085
"2018-03-03","Rzeka_A",18.133
"2018-03-04","Rzeka_A",18.182
"2018-03-05","Rzeka_A",18.23
"2018-03-06","Rzeka_A",18.279
"2018-03-07","Rzeka_A",18.326
"2018-03-08","Rzeka_A",18.373
"2018-03-09","Rzeka_A",18.419
"2018-03-10","Rzeka_A",18.463
"2018-03-11","Rzeka_A",18.505
"2018-03-12","Rzeka_A",18.546
"2018-03-13","Rzeka_A",18.584
"2018-03-14","Rzeka_A",18.62
"2018-03-15","Rzeka_A",18.653
"2018-03-16","Rzeka_A",18.683
"2018-03-17","Rzeka_A",18.709
"2018-03-18","Rzeka_A",18.733
"2018-03-19","Rzeka_A",18.752
"2018-03-20","Rzeka_A",18.767
"2018-03-21","Rzeka_A",18.778
"2018-03-22","Rzeka_A",18.785
"2018-03-23","Rzeka_A",18.787
"2018-03-24","Rzeka_A",18.784
"2018-03-25","Rzeka_A",18.776
"2018-03-26","Rzeka_A",18.763
"2018-03-27","Rzeka_A",18.745
"2018-03-28","Rzeka_A",18.721
"2018-03-29","Rzeka_A",18.691
"2018-03-30","Rzeka_A",18.656
"2018-03-31","Rzeka_A",18.615
"2018-04-01","Rzeka_A",18.568
"2018-04-02","Rzeka_A",18.515
"2018-04-03","Rzeka_A",18.456
"2018-04-04","Rzeka_A",18.391
"2018-04-05","Rzeka_A",18.32
"2018-04-06","Rzeka_A",18.243
"2018-04-07","Rzeka_A",18.16
"2018-04-08","Rzeka_A",18.071
"2018-04-09","Rzeka_A",17.976
"2018-04-10","Rzeka_A",17.876
"2018-04-11","Rzeka_A",17.769
"2018-04-12","Rzeka_A",17.657
"2018-04-13","Rzeka_A",17.54
"2018-04-14","Rzeka_A",17.417
"2018-04-15","Rzeka_A",17.288
"2018-04-16","Rzeka_A",17.155
"2018-04-17","Rzeka_A",17.017
"2018-04-18","Rzeka_A",16.874
"2018-04-19","Rzeka_A",16.727
"2018-04-20","Rzeka_A",16.576
"2018-04-21","Rzeka_A",16.42
"2018-04-22","Rzeka_A",16.261
"2018-04-23","Rzeka_A",16.098
"2018-04-24","Rzeka_A",15.932
"2018-04-25","Rzeka_A",15.763
"2018-04-26","Rzeka_A",15.592
"2018-04-27","Rzeka_A",15.418
"2018-04-28","Rzeka_A",15.242
"2018-04-29","Rzeka_A",15.064
"2018-04-30","Rzeka_A",14.885
"2018-05-01","Rzeka_A",14.705
"2018-05-02","Rzeka_A",14.523
"2018-05-03","Rzeka_A",14.342
"2018-05-04","Rzeka_A",14.16
"2018-05-05","Rzeka_A",13.978
"2018-05-06","Rzeka_A",13.796
"2018-05-07","Rzeka_A",13.615
"2018-05-08","Rzeka_A",13.436
"2018-05-09","Rzeka_A",13.257
"2018-05-10","Rzeka_A",13.081
"2018-05-11","Rzeka_A",12.906
"2018-05-12","Rzeka_A",12.733
"2018-05-13","Rzeka_A",12.563
"2018-05-14","Rzeka_A",12.395
"2018-05-15","Rzeka_A",12.231
"2018-05-16","Rzeka_A",12.07
"2018-05-17","Rzeka_A",11.912
"2018-05-18","Rzeka_A",11.758
"2018-05-19","Rzeka_A",11.607
"2018-05-20","Rzeka_A",11.461
"2018-05-21","Rzeka_A",11.319
"2018-05-22","Rzeka_A",11.182
"2018-05-23","Rzeka_A",11.049
"2018-05-24","Rzeka_A",10.921
"2018-05-25","Rzeka_A",10.798
"2018-05-26","Rzeka_A",10.679
"2018-05-27","Rzeka_A",10.566
"2018-05-28","Rzeka_A",10.458
"2018-05-29","Rzeka_A",10.355
"2018-05-30","Rzeka_A",10.257
"2018-05-31","Rzeka_A",10.164
"2018-06-01","Rzeka_A",10.077
"2018-06-02","Rzeka_A",9.994
"2018-06-03","Rzeka_A",9.917
"2018-06-04","Rzeka_A",9.845
"2018-06-05","Rzeka_A",9.778
"2018-06-06","Rzeka_A",9.716
"2018-06-07","Rzeka_A",9.659
"2018-06-08","Rzeka_A",9.607
"2018-06-09","Rzeka_A",9.559
"2018-06-10","Rzeka_A",9.516
"2018-06-11","Rzeka_A",9.478
"2018-06-12","Rzeka_A",9.443
"2018-06-13","Rzeka_A",9.412
"2018-06-14","Rzeka_A",9.386
"2018-06-15","Rzeka_A",9.363
"2018-06-16","Rzeka_A",9.343
"2018-06-17","Rzeka_A",9.327
"2018-06-18","Rzeka_A",9.313
"2018-06-19","Rzeka_A",9.302
"2018-06-20","Rzeka_A",9.294
"2018-06-21","Rzeka_A",9.288
"2018-06-22","Rzeka_A",9.284
"2018-06-23","Rzeka_A",9.282
"2018-06-24","Rzeka_A",9.282
"2018-06-25","Rzeka_A",9.282
"2018-06-26","Rzeka_A",9.284
"2018-06-27","Rzeka_A",9.286
"2018-06-28","Rzeka_A",9.289
"2018-06-29","Rzeka_A",9.292
"2018-06-30","Rzeka_A",9.294
"2018-07-01","Rzeka_A",9.297
"2018-07-02","Rzeka_A",9.299
"2018-07-03","Rzeka_A",9.3
"2018-07-04","Rzeka_A",9.3
"2018-07-05","Rzeka_A",9.299
"2018-07-06","Rzeka_A",9.297
"2018-07-07","Rzeka_A",9.293
"2018-07-08","Rzeka_A",9.287
"2018-07-09","Rzeka_A",9.279
"2018-07-10","Rzeka_A",9.268
"2018-07-11","Rzeka_A",9.255
"2018-07-12","Rzeka_A",9.24
"2018-07-13","Rzeka_A",9.222
"2018-07-14","Rzeka_A",9.201
"2018-07-15","Rzeka_A",9.178
"2018-07-16","Rzeka_A",9.151
"2018-07-17","Rzeka_A",9.121
"2018-07-18","Rzeka_A",9.088
"2018-07-19","Rzeka_A",9.052
"2018-07-20","Rzeka_A",9.012
"2018-07-21","Rzeka_A",8.97
"2018-07-22","Rzeka_A",8.924
"2018-07-23","Rzeka_A",8.875
"2018-07-24","Rzeka_A",8.822
"2018-07-25","Rzeka_A",8.767
"2018-07-26","Rzeka_A",8.708
"2018-07-27","Rzeka_A",8.646
"2018-07-28","Rzeka_A",8.582
"2018-07-29","Rzeka_A",8.515
"2018-07-30","Rzeka_A",8.444
"2018-07-31","Rzeka_A",8.372
"2018-08-01","Rzeka_A",8.297
"2018-08-02","Rzeka_A",8.22
"2018-08-03","Rzeka_A",8.141
"2018-08-04","Rzeka_A",8.06
"2018-08-05","Rzeka_A",7.977
"2018-08-06","Rzeka_A",7.893
"2018-08-07","Rzeka_A",7.808
"2018-08-08","Rzeka_A",7.722
"2018-08-09","Rzeka_A",7.635
"2018-08-10","Rzeka_A",7.548
"2018-08-11","Rzeka_A",7.46
"2018-08-12","Rzeka_A",7.373
"2018-08-13","Rzeka_A",7.286
"2018-08-14","Rzeka_A",7.199
"2018-08-15","Rzeka_A",7.114
"2018-08-16","Rzeka_A",7.03
"2018-08-17","Rzeka_A",6.947
"2018-08-18","Rzeka_A",6.866
"2018-08-19","Rzeka_A",6.787
"2018-08-20","Rzeka_A",6.71
"2018-08-21","Rzeka_A",6.636
"2018-08-22","Rzeka_A",6.565
"2018-08-23","Rzeka_A",6.497
"2018-08-24","Rzeka_A",6.433
"2018-08-25","Rzeka_A",6.372
"2018-08-26","Rzeka_A",6.315
"2018-08-27","Rzeka_A",6.262
"2018-08-28","Rzeka_A",6.214
"2018-08-29","Rzeka_A",6.171
"2018-08-30","Rzeka_A",6.132
"2018-08-31","Rzeka_A",6.098
"2018-09-01","Rzeka_A",6.07
"2018-09-02","Rzeka_A",6.047
"2018-09-03","Rzeka_A",6.03
"2018-09-04","Rzeka_A",6.018
"2018-09-05","Rzeka_A",6.013
"2018-09-06","Rzeka_A",6.013
"2018-09-07","Rzeka_A",6.02
"2018-09-08","Rzeka_A",6.033
"2018-09-09","Rzeka_A",6.052
"2018-09-10","Rzeka_A",6.077
"2018-09-11","Rzeka_A",6.109
"2018-09-12","Rzeka_A",6.147
"2018-09-13","Rzeka_A",6.192
"2018-09-14","Rzeka_A",6.243
"2018-09-15","Rzeka_A",6.301
"2018-09-16","Rzeka_A",6.365
"2018-09-17","Rzeka_A",6.435
"2018-09-18","Rzeka_A",6.512
"2018-09-19","Rzeka_A",6.594
"2018-09-20","Rzeka_A",6.683
"2018-09-21","Rzeka_A",6.777
"2018-09-22","Rzeka_A",6.878
"2018-09-23","Rzeka_A",6.983
"2018-09-24","Rzeka_A",7.095
"2018-09-25","Rzeka_A",7.211
"2018-09-26","Rzeka_A",7.332
"2018-09-27","Rzeka_A",7.459
"2018-09-28","Rzeka_A",7.59
"2018-09-29","Rzeka_A",7.725
"2018-09-30","Rzeka_A",7.864
"2018-10-01","Rzeka_A",8.007
"2018-10-02","Rzeka_A",8.154
"2018-10-03","Rzeka_A",8.304
"2018-10-04","Rzeka_A",8.457
"2018-10-05","Rzeka_A",8.613
"2018-10-06","Rzeka_A",8.771
"2018-10-07","Rzeka_A",8.931
"2018-10-08","Rzeka_A",9.093
"2018-10-09","Rzeka_A",9.257
"2018-10-10","Rzeka_A",9.422
"2018-10-11","Rzeka_A",9.588
"2018-10-12","Rzeka_A",9.754
"2018-10-13","Rzeka_A",9.921
"2018-10-14","Rzeka_A",10.087
"2018-10-15","Rzeka_A",10.253
"2018-10-16","Rzeka_A",10.419
"2018-10-17","Rzeka_A",10.584
"2018-10-18","Rzeka_A",10.747
"2018-10-19","Rzeka_A",10.909
"2018-10-20","Rzeka_A",11.07
"2018-10-21","Rzeka_A",11.228
"2018-10-22","Rzeka_A",11.384
"2018-10-23","Rzeka_A",11.537
"2018-10-24","Rzeka_A",11.688
"2018-10-25","Rzeka_A",11.836
"2018-10-26","Rzeka_A",11.98
"2018-10-27","Rzeka_A",12.122
"2018-10-28","Rzeka_A",12.259
"2018-10-29","Rzeka_A",12.393
"2018-10-30","Rzeka_A",12.523
"2018-10-31","Rzeka_A",12.649
"2018-11-01","Rzeka_A",12.771
"2018-11-02","Rzeka_A",12.889
"2018-11-03","Rzeka_A",13.002
"2018-11-04","Rzeka_A",13.111
"2018-11-05","Rzeka_A",13.215
"2018-11-06","Rzeka_A",13.315
"2018-11-07","Rzeka_A",13.411
"2018-11-08","Rzeka_A",13.502
"2018-11-09","Rzeka_A",13.588
"2018-11-10","Rzeka_A",13.67
"2018-11-11","Rzeka_A",13.747
"2018-11-12","Rzeka_A",13.82
"2018-11-13","Rzeka_A",13.889
"2018-11-14","Rzeka_A",13.953
"2018-11-15","Rzeka_A",14.014
"2018-11-16","Rzeka_A",14.07
"2018-11-17","Rzeka_A",14.123
"2018-11-18","Rzeka_A",14.171
"2018-11-19","Rzeka_A",14.216
"2018-11-20","Rzeka_A",14.258
"2018-11-21","Rzeka_A",14.297
"2018-11-22","Rzeka_A",14.332
"2018-11-23","Rzeka_A",14.365
"2018-11-24","Rzeka_A",14.395
"2018-11-25","Rzeka_A",14.423
"2018-11-26","Rzeka_A",14.448
"2018-11-27","Rzeka_A",14.472
"2018-11-28","Rzeka_A",14.494
"2018-11-29","Rzeka_A",14.514
"2018-11-30","Rzeka_A",14.533
"2018-12-01","Rzeka_A",14.552
"2018-12-02","Rzeka_A",14.569
"2018-12-03","Rzeka_A",14.587
"2018-12-04","Rzeka_A",14.604
"2018-12-05","Rzeka_A",14.621
"2018-12-06","Rzeka_A",14.638
"2018-12-07","Rzeka_A",14.656
"2018-12-08","Rzeka_A",14.675
"2018-12-09","Rzeka_A",14.695
"2018-12-10","Rzeka_A",14.716
"2018-12-11","Rzeka_A",14.739
"2018-12-12","Rzeka_A",14.764
"2018-12-13","Rzeka_A",14.79
"2018-12-14","Rzeka_A",14.819
"2018-12-15","Rzeka_A",14.85
"2018-12-16","Rzeka_A",14.884
"2018-12-17","Rzeka_A",14.92
"2018-12-18","Rzeka_A",14.959
"2018-12-19","Rzeka_A",15.001
"2018-12-20","Rzeka_A",15.047
"2018-12-21","Rzeka_A",15.095
"2018-12-22","Rzeka_A",15.147
"2018-12-23","Rzeka_A",15.203
"2018-12-24","Rzeka_A",15.262
"2018-12-25","Rzeka_A",15.324
"2018-12-26","Rzeka_A",15.391
"2018-12-27","Rzeka_A",15.46
"2018-12-28","Rzeka_A",15.534
"2018-12-29","Rzeka_A",15.611
"2018-12-30","Rzeka_A",15.692
"2018-12-31","Rzeka_A",15.777
"2019-01-01","Rzeka_A",15.865
"2019-01-02","Rzeka_A",15.956
"2019-01-03","Rzeka_A",16.051
"2019-01-04","Rzeka_A",16.15
"2019-01-05","Rzeka_A",16.251
"2019-01-06","Rzeka_A",16.356
"2019-01-07","Rzeka_A",16.463
"2019-01-08","Rzeka_A",16.573
"2019-01-09","Rzeka_A",16.686
"2019-01-10","Rzeka_A",16.801
"2019-01-11","Rzeka_A",16.918
"2019-01-12","Rzeka_A",17.037
"2019-01-13","Rzeka_A",17.158
"2019-01-14","Rzeka_A",17.28
"2019-01-15","Rzeka_A",17.404
"2019-01-16","Rzeka_A",17.528
"2019-01-17","Rzeka_A",17.654
"2019-01-18","Rzeka_A",17.779
"2019-01-19","Rzeka_A",17.905
"2019-01-20","Rzeka_A",18.031
"2019-01-21","Rzeka_A",18.156
"2019-01-22","Rzeka_A",18.281
"2019-01-23","Rzeka_A",18.405
"2019-01-24","Rzeka_A",18.527
"2019-01-25","Rzeka_A",18.648
"2019-01-26","Rzeka_A",18.767
"2019-01-27","Rzeka_A",18.884
"2019-01-28","Rzeka_A",18.998
"2019-01-29","Rzeka_A",19.11
"2019-01-30","Rzeka_A",19.219
"2019-01-31","Rzeka_A",19.324
"2019-02-01","Rzeka_A",19.426
"2019-02-02","Rzeka_A",19.523
"2019-02-03","Rzeka_A",19.617
"2019-02-04","Rzeka_A",19.707
"2019-02-05","Rzeka_A",19.791
"2019-02-06","Rzeka_A",19.871
"2019-02-07","Rzeka_A",19.946
"2019-02-08","Rzeka_A",20.016
"2019-02-09","Rzeka_A",20.08
"2019-02-10","Rzeka_A",20.138
"2019-02-11","Rzeka_A",20.191
"2019-02-12","Rzeka_A",20.238
"2019-02-13","Rzeka_A",20.278
"2019-02-14","Rzeka_A",20.313
"2019-02-15","Rzeka_A",
"2019-02-16","Rzeka_A",20.363
"2019-02-17","Rzeka_A",20.378
"2019-02-18","Rzeka_A",20.386
"2019-02-19","Rzeka_A",20.388
"2019-02-20","Rzeka_A",20.384
"2019-02-21","Rzeka_A",20.373
"2019-02-22","Rzeka_A",20.355
"2019-02-23","Rzeka_A",20.331
"2019-02-24","Rzeka_A",20.3
"2019-02-25","Rzeka_A",20.262
"2019-02-26","Rzeka_A",20.219
"2019-02-27","Rzeka_A",20.169
"2019-02-28","Rzeka_A",20.113
"2019-03-01","Rzeka_A",20.05
"2019-03-02","Rzeka_A",19.982
"2019-03-03","Rzeka_A",19.908
"2019-03-04","Rzeka_A",19.829
"2019-03-05","Rzeka_A",19.744
"2019-03-06","Rzeka_A",19.654
"2019-03-07","Rzeka_A",19.559
"2019-03-08","Rzeka_A",19.46
"2019-03-09","Rzeka_A",19.356
"2019-03-10","Rzeka_A",19.247
"2019-03-11","Rzeka_A",19.135
"2019-03-12","Rzeka_A",19.018
"2019-03-13","Rzeka_A",18.899
"2019-03-14","Rzeka_A",18.776
"2019-03-15","Rzeka_A",18.65
"2019-03-16","Rzeka_A",18.522
"2019-03-17","Rzeka_A",18.391
"2019-03-18","Rzeka_A",18.259
"2019-03-19","Rzeka_A",18.124
"2019-03-20","Rzeka_A",17.988
"2019-03-21","Rzeka_A",17.851
"2019-03-22","Rzeka_A",17.714
"2019-03-23","Rzeka_A",17.575
"2019-03-24","Rzeka_A",17.437
"2019-03-25","Rzeka_A",17.298
"2019-03-26","Rzeka_A",17.16
"2019-03-27","Rzeka_A",17.023
"2019-03-28","Rzeka_A",16.886
"2019-03-29","Rzeka_A",16.751
"2019-03-30","Rzeka_A",16.617
"2019-03-31","Rzeka_A",16.484
"2019-04-01","Rzeka_A",16.354
"2019-04-02","Rzeka_A",16.226
"2019-04-03","Rzeka_A",16.1
"2019-04-04","Rzeka_A",15.976
"2019-04-05","Rzeka_A",15.856
"2019-04-06","Rzeka_A",15.738
"2019-04-07","Rzeka_A",15.624
"2019-04-08","Rzeka_A",15.512
"2019-04-09","Rzeka_A",15.405
"2019-04-10","Rzeka_A",15.3
"2019-04-11","Rzeka_A",15.199
"2019-04-12","Rzeka_A",15.102
"2019-04-13","Rzeka_A",15.009
"2019-04-14","Rzeka_A",14.919
"2019-04-15","Rzeka_A",14.834
"2019-04-16","Rzeka_A",14.752
"2019-04-17","Rzeka_A",14.674
"2019-04-18","Rzeka_A",14.6
"2019-04-19","Rzeka_A",14.53
"2019-04-20","Rzeka_A",14.464
"2019-04-21","Rzeka_A",14.401
"2019-04-22","Rzeka_A",14.342
"2019-04-23","Rzeka_A",14.287
"2019-04-24","Rzeka_A",14.235
"2019-04-25","Rzeka_A",14.187
"2019-04-26","Rzeka_A",14.142
"2019-04-27","Rzeka_A",14.1
"2019-04-28","Rzeka_A",14.061
"2019-04-29","Rzeka_A",14.024
"2019-04-30","Rzeka_A",13.991
"2019-05-01","Rzeka_A",13.959
"2019-05-02","Rzeka_A",13.93
"2019-05-03","Rzeka_A",13.903
"2019-05-04","Rzeka_A",13.878
"2019-05-05","Rzeka_A",13.854
"2019-05-06","Rzeka_A",13.831
"2019-05-07","Rzeka_A",13.81
"2019-05-08","Rzeka_A",13.789
"2019-05-09","Rzeka_A",13.769
"2019-05-10","Rzeka_A",13.749
"2019-05-11","Rzeka_A",13.729
"2019-05-12","Rzeka_A",13.709
"2019-05-13","Rzeka_A",13.689
"2019-05-14","Rzeka_A",13.667
"2019-05-15","Rzeka_A",13.645
"2019-05-16","Rzeka_A",13.622
"2019-05-17","Rzeka_A",13.597
"2019-05-18","Rzeka_A",13.571
"2019-05-19","Rzeka_A",13.543
"2019-05-20","Rzeka_A",13.512
"2019-05-21","Rzeka_A",13.479
"2019-05-22","Rzeka_A",13.444
"2019-05-23","Rzeka_A",13.406
"2019-05-24","Rzeka_A",13.364
"2019-05-25","Rzeka_A",13.32
"2019-05-26","Rzeka_A",13.272
"2019-05-27","Rzeka_A",13.221
"2019-05-28","Rzeka_A",13.166
"2019-05-29","Rzeka_A",13.108
"2019-05-30","Rzeka_A",13.045
"2019-05-31","Rzeka_A",12.979
"2019-06-01","Rzeka_A",12.909
"2019-06-02","Rzeka_A",12.834
"2019-06-03","Rzeka_A",12.755
"2019-06-04","Rzeka_A",12.672
"2019-06-05","Rzeka_A",12.585
"2019-06-06","Rzeka_A",12.493
"2019-06-07","Rzeka_A",12.397
"2019-06-08","Rzeka_A",12.297
"2019-06-09","Rzeka_A",12.193
"2019-06-10","Rzeka_A",12.085
"2019-06-11","Rzeka_A",11.972
"2019-06-12","Rzeka_A",11.856
"2019-06-13","Rzeka_A",11.735
"2019-06-14","Rzeka_A",11.611
"2019-06-15","Rzeka_A",11.484
"2019-06-16","Rzeka_A",11.352
"2019-06-17","Rzeka_A",11.218
"2019-06-18","Rzeka_A",11.08
"2019-06-19","Rzeka_A",10.94
"2019-06-20","Rzeka_A",10.797
"2019-06-21","Rzeka_A",10.651
"2019-06-22","Rzeka_A",10.503
"2019-06-23","Rzeka_A",10.353
"2019-06-24","Rzeka_A",10.201
"2019-06-25","Rzeka_A",10.048
"2019-06-26","Rzeka_A",9.894
"2019-06-27","Rzeka_A",9.738
"2019-06-28","Rzeka_A",9.582
"2019-06-29","Rzeka_A",9.426
"2019-06-30","Rzeka_A",9.269
"2019-07-01","Rzeka_A",9.113
"2019-07-02","Rzeka_A",8.957
"2019-07-03","Rzeka_A",8.802
"2019-07-04","Rzeka_A",8.649
"2019-07-05","Rzeka_A",8.496
"2019-07-06","Rzeka_A",8.346
"2019-07-07","Rzeka_A",8.197
"2019-07-08","Rzeka_A",8.051
"2019-07-09","Rzeka_A",7.907
"2019-07-10","Rzeka_A",7.767
"2019-07-11","Rzeka_A",7.629
"2019-07-12","Rzeka_A",7.495
"2019-07-13","Rzeka_A",7.365
"2019-07-14","Rzeka_A",7.239
"2019-07-15","Rzeka_A",7.117
"2019-07-16","Rzeka_A",7
"2019-07-17","Rzeka_A",6.888
"2019-07-18","Rzeka_A",6.78
"2019-07-19","Rzeka_A",6.678
"2019-07-20","Rzeka_A",6.581
"2019-07-21","Rzeka_A",6.49
"2019-07-22","Rzeka_A",6.404
"2019-07-23","Rzeka_A",6.324
"2019-07-24","Rzeka_A",6.251
"2019-07-25","Rzeka_A",6.183
"2019-07-26","Rzeka_A",6.122
"2019-07-27","Rzeka_A",6.067
"2019-07-28","Rzeka_A",6.018
"2019-07-29","Rzeka_A",5.976
"2019-07-30","Rzeka_A",5.941
"2019-07-31","Rzeka_A",5.912
"2019-08-01","Rzeka_A",5.889
"2019-08-02","Rzeka_A",5.873
"2019-08-03","Rzeka_A",5.864
"2019-08-04","Rzeka_A",5.861
"2019-08-05","Rzeka_A",5.864
"2019-08-06","Rzeka_A",5.874
"2019-08-07","Rzeka_A",5.89
"2019-08-08","Rzeka_A",5.912
"2019-08-09","Rzeka_A",5.94
"2019-08-10","Rzeka_A",5.973
"2019-08-11","Rzeka_A",6.013
"2019-08-12","Rzeka_A",6.058
"2019-08-13","Rzeka_A",6.108
"2019-08-14","Rzeka_A",6.163
"2019-08-15","Rzeka_A",6.223
"2019-08-16","Rzeka_A",6.288
"2019-08-17","Rzeka_A",6.357
"2019-08-18","Rzeka_A",6.431
"2019-08-19","Rzeka_A",6.508
"2019-08-20","Rzeka_A",6.589
"2019-08-21","Rzeka_A",6.674
"2019-08-22","Rzeka_A",6.761
"2019-08-23","Rzeka_A",6.852
"2019-08-24","Rzeka_A",6.945
"2019-08-25","Rzeka_A",7.04
"2019-08-26","Rzeka_A",7.137
"2019-08-27","Rzeka_A",7.236
"2019-08-28","Rzeka_A",7.337
"2019-08-29","Rzeka_A",7.438
"2019-08-30","Rzeka_A",7.541
"2019-08-31","Rzeka_A",7.644
"2019-09-01","Rzeka_A",7.747
"2019-09-02","Rzeka_A",7.851
"2019-09-03","Rzeka_A",7.954
"2019-09-04","Rzeka_A",8.056
"2019-09-05","Rzeka_A",8.158
"2019-09-06","Rzeka_A",8.259
"2019-09-07","Rzeka_A",8.358
"2019-09-08","Rzeka_A",8.456
"2019-09-09","Rzeka_A",8.552
"2019-09-10","Rzeka_A",8.646
"2019-09-11","Rzeka_A",8.739
"2019-09-12","Rzeka_A",8.828
"2019-09-13","Rzeka_A",8.916
"2019-09-14","Rzeka_A",9
"2019-09-15","Rzeka_A",9.082
"2019-09-16","Rzeka_A",9.161
"2019-09-17","Rzeka_A",9.237
"2019-09-18","Rzeka_A",9.31
"2019-09-19","Rzeka_A",9.379
"2019-09-20","Rzeka_A",9.446
"2019-09-21","Rzeka_A",9.509
"2019-09-22","Rzeka_A",9.568
"2019-09-23","Rzeka_A",9.624
"2019-09-24","Rzeka_A",9.677
"2019-09-25","Rzeka_A",9.727
"2019-09-26","Rzeka_A",9.773
"2019-09-27","Rzeka_A",9.815
"2019-09-28","Rzeka_A",9.855
"2019-09-29","Rzeka_A",9.891
"2019-09-30","Rzeka_A",9.924
"2019-10-01","Rzeka_A",9.955
"2019-10-02","Rzeka_A",9.982
"2019-10-03","Rzeka_A",10.007
"2019-10-04","Rzeka_A",10.029
"2019-10-05","Rzeka_A",10.049
"2019-10-06","Rzeka_A",10.066
"2019-10-07","Rzeka_A",10.082
"2019-10-08","Rzeka_A",10.096
"2019-10-09","Rzeka_A",10.108
"2019-10-10","Rzeka_A",10.118
"2019-10-11","Rzeka_A",10.128
"2019-10-12","Rzeka_A",10.136
"2019-10-13","Rzeka_A",10.144
"2019-10-14","Rzeka_A",10.151
"2019-10-15","Rzeka_A",10.158
"2019-10-16","Rzeka_A",10.165
"2019-10-17","Rzeka_A",10.172
"2019-10-18","Rzeka_A",10.18
"2019-10-19","Rzeka_A",10.189
"2019-10-20","Rzeka_A",10.198
"2019-10-21","Rzeka_A",10.209
"2019-10-22","Rzeka_A",10.222
"2019-10-23","Rzeka_A",10.236
"2019-10-24","Rzeka_A",10.253
"2019-10-25","Rzeka_A",10.271
"2019-10-26","Rzeka_A",10.292
"2019-10-27","Rzeka_A",10.316
"2019-10-28","Rzeka_A",10.343
"2019-10-29","Rzeka_A",10.373
"2019-10-30","Rzeka_A",10.407
"2019-10-31","Rzeka_A",10.444
"2019-11-01","Rzeka_A",10.485
"2019-11-02","Rzeka_A",10.53
"2019-11-03","Rzeka_A",10.579
"2019-11-04","Rzeka_A",10.633
"2019-11-05","Rzeka_A",10.69
"2019-11-06","Rzeka_A",10.753
"2019-11-07","Rzeka_A",10.82
"2019-11-08","Rzeka_A",10.891
"2019-11-09","Rzeka_A",10.968
"2019-11-10","Rzeka_A",11.049
"2019-11-11","Rzeka_A",11.135
"2019-11-12","Rzeka_A",11.226
"2019-11-13","Rzeka_A",11.322
"2019-11-14","Rzeka_A",11.424
"2019-11-15","Rzeka_A",11.53
"2019-11-16","Rzeka_A",11.64
"2019-11-17","Rzeka_A",11.756
"2019-11-18","Rzeka_A",11.877
"2019-11-19","Rzeka_A",12.002
"2019-11-20","Rzeka_A",12.131
"2019-11-21","Rzeka_A",12.265
"2019-11-22","Rzeka_A",12.404
"2019-11-23","Rzeka_A",12.546
"2019-11-24","Rzeka_A",12.693
"2019-11-25","Rzeka_A",12.843
"2019-11-26","Rzeka_A",12.997
"2019-11-27","Rzeka_A",13.154
"2019-11-28","Rzeka_A",13.315
"2019-11-29","Rzeka_A",13.478
"2019-11-30","Rzeka_A",13.644
"2019-12-01","Rzeka_A",13.813
"2019-12-02","Rzeka_A",13.984
"2019-12-03","Rzeka_A",14.156
"2019-12-04","Rzeka_A",14.33
"2019-12-05","Rzeka_A",14.506
"2019-12-06","Rzeka_A",14.683
"2019-12-07","Rzeka_A",14.86
"2019-12-08","Rzeka_A",15.038
"2019-12-09","Rzeka_A",15.216
"2019-12-10","Rzeka_A",15.393
"2019-12-11","Rzeka_A",15.57
"2019-12-12","Rzeka_A",15.747
"2019-12-13","Rzeka_A",15.922
"2019-12-14","Rzeka_A",16.096
"2019-12-15","Rzeka_A",16.268
"2019-12-16","Rzeka_A",16.438
"2019-12-17","Rzeka_A",16.605
"2019-12-18","Rzeka_A",16.77
"2019-12-19","Rzeka_A",16.933
"2019-12-20","Rzeka_A",17.091
"2019-12-21","Rzeka_A",17.247
"2019-12-22","Rzeka_A",17.398
"2019-12-23","Rzeka_A",17.546
"2019-12-24","Rzeka_A",17.689
"2019-12-25","Rzeka_A",17.828
"2019-12-26","Rzeka_A",17.962
"2019-12-27","Rzeka_A",18.091
"2019-12-28","Rzeka_A",18.215
"2019-12-29","Rzeka_A",18.334
"2019-12-30","Rzeka_A",18.448
"2019-12-31","Rzeka_A",18.555
"2020-01-01","Rzeka_A",18.657
"2020-01-02","Rzeka_A",18.754
"2020-01-03","Rzeka_A",18.844
"2020-01-04","Rzeka_A",18.928
"2020-01-05","Rzeka_A",19.006
"2020-01-06","Rzeka_A",19.078
"2020-01-07","Rzeka_A",19.144
"2020-01-08","Rzeka_A",19.203
"2020-01-09","Rzeka_A",19.257
"2020-01-10","Rzeka_A",19.304
"2020-01-11","Rzeka_A",19.345
"2020-01-12","Rzeka_A",19.379
"2020-01-13","Rzeka_A",19.408
"2020-01-14","Rzeka_A",19.431
"2020-01-15","Rzeka_A",19.448
"2020-01-16","Rzeka_A",19.459
"2020-01-17","Rzeka_A",19.465
"2020-01-18","Rzeka_A",19.465
"2020-01-19","Rzeka_A",19.459
"2020-01-20","Rzeka_A",19.449
"2020-01-21","Rzeka_A",19.434
"2020-01-22","Rzeka_A",19.414
"2020-01-23","Rzeka_A",19.389
"2020-01-24","Rzeka_A",19.36
"2020-01-25","Rzeka_A",19.327
"2020-01-26","Rzeka_A",19.29
"2020-01-27","Rzeka_A",19.249
"2020-01-28","Rzeka_A",19.205
"2020-01-29","Rzeka_A",19.158
"2020-01-30","Rzeka_A",19.108
"2020-01-31","Rzeka_A",19.056
"2020-02-01","Rzeka_A",19.001
"2020-02-02","Rzeka_A",18.944
"2020-02-03","Rzeka_A",18.886
"2020-02-04","Rzeka_A",18.826
"2020-02-05","Rzeka_A",18.764
"2020-02-06","Rzeka_A",18.702
"2020-02-07","Rzeka_A",18.639
"2020-02-08","Rzeka_A",18.576
"2020-02-09","Rzeka_A",18.513
"2020-02-10","Rzeka_A",18.45
"2020-02-11","Rzeka_A",18.387
"2020-02-12","Rzeka_A",18.325
"2020-02-13","Rzeka_A",18.264
"2020-02-14","Rzeka_A",18.204
"2020-02-15","Rzeka_A",18.145
"2020-02-16","Rzeka_A",18.088
"2020-02-17","Rzeka_A",18.032
"2020-02-18","Rzeka_A",17.979
"2020-02-19","Rzeka_A",17.927
"2020-02-20","Rzeka_A",17.878
"2020-02-21","Rzeka_A",17.832
"2020-02-22","Rzeka_A",17.788
"2020-02-23","Rzeka_A",17.746
"2020-02-24","Rzeka_A",17.708
"2020-02-25","Rzeka_A",17.672
"2020-02-26","Rzeka_A",17.64
"2020-02-27","Rzeka_A",17.61
"2020-02-28","Rzeka_A",17.583
"2020-02-29","Rzeka_A",17.56
"2020-03-01","Rzeka_A",17.54
"2020-03-02","Rzeka_A",17.522
"2020-03-03","Rzeka_A",17.508
"2020-03-04","Rzeka_A",17.497
"2020-03-05","Rzeka_A",17.489
"2020-03-06","Rzeka_A",17.484
"2020-03-07","Rzeka_A",17.482
"2020-03-08","Rzeka_A",17.482
"2020-03-09","Rzeka_A",17.485
"2020-03-10","Rzeka_A",17.49
"2020-03-11","Rzeka_A",17.498
"2020-03-12","Rzeka_A",17.508
"2020-03-13","Rzeka_A",17.521
"2020-03-14","Rzeka_A",17.535
"2020-03-15","Rzeka_A",17.55
"2020-03-16","Rzeka_A",17.567
"2020-03-17","Rzeka_A",17.586
"2020-03-18","Rzeka_A",17.605
"2020-03-19","Rzeka_A",17.625
"2020-03-20","Rzeka_A",17.646
"2020-03-21","Rzeka_A",17.667
"2020-03-22","Rzeka_A",17.688
"2020-03-23","Rzeka_A",17.709
"2020-03-24","Rzeka_A",17.73
"2020-03-25","Rzeka_A",17.749
"2020-03-26","Rzeka_A",17.768
"2020-03-27","Rzeka_A",17.786
"2020-03-28","Rzeka_A",17.802
"2020-03-29","Rzeka_A",17.816
"2020-03-30","Rzeka_A",17.828
"2020-03-31","Rzeka_A",17.838
"2020-04-01","Rzeka_A",17.845
"2020-04-02","Rzeka_A",17.85
"2020-04-03","Rzeka_A",17.851
"2020-04-04","Rzeka_A",17.85
"2020-04-05","Rzeka_A",17.844
"2020-04-06","Rzeka_A",17.835
"2020-04-07","Rzeka_A",17.822
"2020-04-08","Rzeka_A",17.805
"2020-04-09","Rzeka_A",17.783
"2020-04-10","Rzeka_A",17.757
"2020-04-11","Rzeka_A",17.726
"2020-04-12","Rzeka_A",17.691
"2020-04-13","Rzeka_A",17.65
"2020-04-14","Rzeka_A",17.604
"2020-04-15","Rzeka_A",17.553
"2020-04-16","Rzeka_A",17.497
"2020-04-17","Rzeka_A",17.435
"2020-04-18","Rzeka_A",17.368
"2020-04-19","Rzeka_A",17.295
"2020-04-20","Rzeka_A",17.216
"2020-04-21","Rzeka_A",17.132
"2020-04-22","Rzeka_A",17.043
"2020-04-23","Rzeka_A",16.947
"2020-04-24","Rzeka_A",16.847
"2020-04-25","Rzeka_A",16.74
"2020-04-26","Rzeka_A",16.629
"2020-04-27","Rzeka_A",16.511
"2020-04-28","Rzeka_A",16.389
"2020-04-29","Rzeka_A",16.262
"2020-04-30","Rzeka_A",16.129
"2020-05-01","Rzeka_A",15.992
"2020-05-02","Rzeka_A",15.85
"2020-05-03","Rzeka_A",15.703
"2020-05-04","Rzeka_A",15.552
"2020-05-05","Rzeka_A",15.397
"2020-05-06","Rzeka_A",15.238
"2020-05-07","Rzeka_A",15.076
"2020-05-08","Rzeka_A",14.91
"2020-05-09","Rzeka_A",14.741
"2020-05-10","Rzeka_A",14.569
"2020-05-11","Rzeka_A",14.394
"2020-05-12","Rzeka_A",14.217
"2020-05-13","Rzeka_A",14.038
"2020-05-14","Rzeka_A",13.857
"2020-05-15","Rzeka_A",13.674
"2020-05-16","Rzeka_A",13.491
"2020-05-17","Rzeka_A",13.306
"2020-05-18","Rzeka_A",13.121
"2020-05-19","Rzeka_A",12.936
"2020-05-20","Rzeka_A",12.751
"2020-05-21","Rzeka_A",12.566
"2020-05-22","Rzeka_A",12.382
"2020-05-23","Rzeka_A",12.199
"2020-05-24","Rzeka_A",12.018
"2020-05-25","Rzeka_A",11.838
"2020-05-26","Rzeka_A",11.66
"2020-05-27","Rzeka_A",11.484
"2020-05-28","Rzeka_A",11.31
"2020-05-29","Rzeka_A",11.14
"2020-05-30","Rzeka_A",10.972
"2020-05-31","Rzeka_A",10.808
"2020-06-01","Rzeka_A",10.648
"2020-06-02","Rzeka_A",10.491
"2020-06-03","Rzeka_A",10.338
"2020-06-04","Rzeka_A",10.19
"2020-06-05","Rzeka_A",10.046
"2020-06-06","Rzeka_A",9.907
"2020-06-07","Rzeka_A",9.773
"2020-06-08","Rzeka_A",9.643
"2020-06-09","Rzeka_A",9.519
"2020-06-10","Rzeka_A",9.4
"2020-06-11","Rzeka_A",9.286
"2020-06-12","Rzeka_A",9.178
"2020-06-13","Rzeka_A",9.075
"2020-06-14","Rzeka_A",8.978
"2020-06-15","Rzeka_A",8.887
"2020-06-16","Rzeka_A",8.801
"2020-06-17","Rzeka_A",8.721
"2020-06-18","Rzeka_A",8.647
"2020-06-19","Rzeka_A",8.578
"2020-06-20","Rzeka_A",8.515
"2020-06-21","Rzeka_A",8.458
"2020-06-22","Rzeka_A",8.406
"2020-06-23","Rzeka_A",8.359
"2020-06-24","Rzeka_A",8.318
"2020-06-25","Rzeka_A",8.282
"2020-06-26","Rzeka_A",8.251
"2020-06-27","Rzeka_A",8.225
"2020-06-28","Rzeka_A",8.204
"2020-06-29","Rzeka_A",8.188
"2020-06-30","Rzeka_A",8.175
"2020-07-01","Rzeka_A",8.167
"2020-07-02","Rzeka_A",8.163
"2020-07-03","Rzeka_A",8.163
"2020-07-04","Rzeka_A",8.166
"2020-07-05","Rzeka_A",8.173
"2020-07-06","Rzeka_A",8.183
"2020-07-07","Rzeka_A",8.195
"2020-07-08","Rzeka_A",8.21
"2020-07-09","Rzeka_A",8.228
"2020-07-10","Rzeka_A",8.247
"2020-07-11","Rzeka_A",8.269
"2020-07-12","Rzeka_A",8.291
"2020-07-13","Rzeka_A",8.316
"2020-07-14","Rzeka_A",8.341
"2020-07-15","Rzeka_A",8.366
"2020-07-16","Rzeka_A",8.393
"2020-07-17","Rzeka_A",8.419
"2020-07-18","Rzeka_A",8.445
"2020-07-19","Rzeka_A",8.472
"2020-07-20","Rzeka_A",8.497
"2020-07-21","Rzeka_A",8.522
"2020-07-22","Rzeka_A",8.546
"2020-07-23","Rzeka_A",8.568
"2020-07-24","Rzeka_A",8.589
"2020-07-25","Rzeka_A",8.609
"2020-07-26","Rzeka_A",8.626
"2020-07-27","Rzeka_A",8.642
"2020-07-28","Rzeka_A",8.655
"2020-07-29","Rzeka_A",8.666
"2020-07-30","Rzeka_A",8.674
"2020-07-31","Rzeka_A",8.68
"2020-08-01","Rzeka_A",8.683
"2020-08-02","Rzeka_A",8.684
"2020-08-03","Rzeka_A",8.681
"2020-08-04","Rzeka_A",8.676
"2020-08-05","Rzeka_A",8.667
"2020-08-06","Rzeka_A",8.655
"2020-08-07","Rzeka_A",8.64
"2020-08-08","Rzeka_A",8.623
"2020-08-09","Rzeka_A",8.602
"2020-08-10","Rzeka_A",8.578
"2020-08-11","Rzeka_A",8.551
"2020-08-12","Rzeka_A",8.521
"2020-08-13","Rzeka_A",8.488
"2020-08-14","Rzeka_A",8.452
"2020-08-15","Rzeka_A",8.414
"2020-08-16","Rzeka_A",8.373
"2020-08-17","Rzeka_A",8.33
"2020-08-18","Rzeka_A",8.285
"2020-08-19","Rzeka_A",8.237
"2020-08-20","Rzeka_A",8.188
"2020-08-21","Rzeka_A",8.137
"2020-08-22","Rzeka_A",8.084
"2020-08-23","Rzeka_A",8.03
"2020-08-24","Rzeka_A",7.975
"2020-08-25","Rzeka_A",7.919
"2020-08-26","Rzeka_A",7.862
"2020-08-27","Rzeka_A",7.805
"2020-08-28","Rzeka_A",7.748
"2020-08-29","Rzeka_A",7.691
"2020-08-30","Rzeka_A",7.635
"2020-08-31","Rzeka_A",7.579
"2020-09-01","Rzeka_A",7.524
"2020-09-02","Rzeka_A",7.47
"2020-09-03","Rzeka_A",7.418
"2020-09-04","Rzeka_A",7.368
"2020-09-05","Rzeka_A",7.319
"2020-09-06","Rzeka_A",7.273
"2020-09-07","Rzeka_A",7.23
"2020-09-08","Rzeka_A",7.189
"2020-09-09","Rzeka_A",7.152
"2020-09-10","Rzeka_A",7.118
"2020-09-11","Rzeka_A",7.087
"2020-09-12","Rzeka_A",7.061
"2020-09-13","Rzeka_A",7.038
"2020-09-14","Rzeka_A",7.02
"2020-09-15","Rzeka_A",7.007
"2020-09-16","Rzeka_A",6.998
"2020-09-17","Rzeka_A",6.994
"2020-09-18","Rzeka_A",6.995
"2020-09-19","Rzeka_A",7.002
"2020-09-20","Rzeka_A",7.014
"2020-09-21","Rzeka_A",7.032
"2020-09-22","Rzeka_A",7.055
"2020-09-23","Rzeka_A",7.084
"2020-09-24","Rzeka_A",7.119
"2020-09-25","Rzeka_A",7.16
"2020-09-26","Rzeka_A",7.207
"2020-09-27","Rzeka_A",7.26
"2020-09-28","Rzeka_A",7.32
"2020-09-29","Rzeka_A",7.385
"2020-09-30","Rzeka_A",7.457
"2020-10-01","Rzeka_A",7.535
"2020-10-02","Rzeka_A",7.619
"2020-10-03","Rzeka_A",7.708
"2020-10-04","Rzeka_A",7.804
"2020-10-05","Rzeka_A",7.906
"2020-10-06","Rzeka_A",8.013
"2020-10-07","Rzeka_A",8.126
"2020-10-08","Rzeka_A",8.245
"2020-10-09","Rzeka_A",8.369
"2020-10-10","Rzeka_A",8.498
"2020-10-11","Rzeka_A",8.632
"2020-10-12","Rzeka_A",8.771
"2020-10-13","Rzeka_A",8.914
"2020-10-14","Rzeka_A",9.062
"2020-10-15","Rzeka_A",9.214
"2020-10-16","Rzeka_A",9.369
"2020-10-17","Rzeka_A",9.529
"2020-10-18","Rzeka_A",9.691
"2020-10-19","Rzeka_A",9.857
"2020-10-20","Rzeka_A",10.026
"2020-10-21","Rzeka_A",10.197
"2020-10-22","Rzeka_A",10.37
"2020-10-23","Rzeka_A",10.545
"2020-10-24","Rzeka_A",10.722
"2020-10-25","Rzeka_A",10.9
"2020-10-26","Rzeka_A",11.079
"2020-10-27","Rzeka_A",11.259
"2020-10-28","Rzeka_A",11.439
"2020-10-29","Rzeka_A",11.619
"2020-10-30","Rzeka_A",11.798
"2020-10-31","Rzeka_A",11.977
"2020-11-01","Rzeka_A",12.156
"2020-11-02","Rzeka_A",12.333
"2020-11-03","Rzeka_A",12.508
"2020-11-04","Rzeka_A",12.682
"2020-11-05","Rzeka_A",12.854
"2020-11-06","Rzeka_A",13.023
"2020-11-07","Rzeka_A",13.19
"2020-11-08","Rzeka_A",13.354
"2020-11-09","Rzeka_A",13.515
"2020-11-10","Rzeka_A",13.672
"2020-11-11","Rzeka_A",13.826
"2020-11-12","Rzeka_A",13.976
"2020-11-13","Rzeka_A",14.123
"2020-11-14","Rzeka_A",14.265
"2020-11-15","Rzeka_A",14.403
"2020-11-16","Rzeka_A",14.536
"2020-11-17","Rzeka_A",14.665
"2020-11-18","Rzeka_A",14.789
"2020-11-19","Rzeka_A",14.909
"2020-11-20","Rzeka_A",15.023
"2020-11-21","Rzeka_A",15.133
"2020-11-22","Rzeka_A",15.237
"2020-11-23","Rzeka_A",15.337
"2020-11-24","Rzeka_A",15.432
"2020-11-25","Rzeka_A",15.521
"2020-11-26","Rzeka_A",15.605
"2020-11-27","Rzeka_A",15.685
"2020-11-28","Rzeka_A",15.759
"2020-11-29","Rzeka_A",15.829
"2020-11-30","Rzeka_A",15.894
"2020-12-01","Rzeka_A",15.954
"2020-12-02","Rzeka_A",16.009
"2020-12-03","Rzeka_A",16.06
"2020-12-04","Rzeka_A",16.106
"2020-12-05","Rzeka_A",16.149
"2020-12-06","Rzeka_A",16.187
"2020-12-07","Rzeka_A",16.221
"2020-12-08","Rzeka_A",16.252
"2020-12-09","Rzeka_A",16.279
"2020-12-10","Rzeka_A",16.303
"2020-12-11","Rzeka_A",16.324
"2020-12-12","Rzeka_A",16.343
"2020-12-13","Rzeka_A",16.358
"2020-12-14","Rzeka_A",16.371
"2020-12-15","Rzeka_A",16.383
"2020-12-16","Rzeka_A",16.392
"2020-12-17","Rzeka_A",16.399
"2020-12-18","Rzeka_A",16.406
"2020-12-19","Rzeka_A",16.411
"2020-12-20","Rzeka_A",16.415
"2020-12-21","Rzeka_A",16.419
"2020-12-22","Rzeka_A",16.423
"2020-12-23","Rzeka_A",16.426
"2020-12-24","Rzeka_A",16.43
"2020-12-25","Rzeka_A",16.434
"2020-12-26","Rzeka_A",16.439
"2020-12-27","Rzeka_A",16.444
"2020-12-28","Rzeka_A",16.451
"2020-12-29","Rzeka_A",16.46
"2020-12-30","Rzeka_A",16.469
"2020-12-31","Rzeka_A",16.481
"2021-01-01","Rzeka_A",16.495
"2021-01-02","Rzeka_A",16.511
"2021-01-03","Rzeka_A",16.529
"2021-01-04","Rzeka_A",16.549
"2021-01-05","Rzeka_A",16.573
"2021-01-06","Rzeka_A",16.599
"2021-01-07","Rzeka_A",16.628
"2021-01-08","Rzeka_A",16.66
"2021-01-09","Rzeka_A",16.695
"2021-01-10","Rzeka_A",16.734
"2021-01-11","Rzeka_A",16.775
"2021-01-12","Rzeka_A",16.82
"2021-01-13","Rzeka_A",16.868
"2021-01-14","Rzeka_A",16.92
"2021-01-15","Rzeka_A",16.975
"2021-01-16","Rzeka_A",17.033
"2021-01-17","Rzeka_A",17.095
"2021-01-18","Rzeka_A",17.159
"2021-01-19","Rzeka_A",17.227
"2021-01-20","Rzeka_A",17.298
"2021-01-21","Rzeka_A",17.372
"2021-01-22","Rzeka_A",17.449
"2021-01-23","Rzeka_A",17.528
"2021-01-24","Rzeka_A",17.61
"2021-01-25","Rzeka_A",17.695
"2021-01-26","Rzeka_A",17.782
"2021-01-27","Rzeka_A",17.87
"2021-01-28","Rzeka_A",17.961
"2021-01-29","Rzeka_A",18.053
"2021-01-30","Rzeka_A",18.147
"2021-01-31","Rzeka_A",18.242
"2021-02-01","Rzeka_A",18.338
"2021-02-02","Rzeka_A",18.434
"2021-02-03","Rzeka_A",18.531
"2021-02-04","Rzeka_A",18.628
"2021-02-05","Rzeka_A",18.726
"2021-02-06","Rzeka_A",18.822
"2021-02-07","Rzeka_A",18.918
"2021-02-08","Rzeka_A",19.014
"2021-02-09","Rzeka_A",19.108
"2021-02-10","Rzeka_A",19.2
"2021-02-11","Rzeka_A",19.291
"2021-02-12","Rzeka_A",19.379
"2021-02-13","Rzeka_A",19.466
"2021-02-14","Rzeka_A",19.549
"2021-02-15","Rzeka_A",19.63
"2021-02-16","Rzeka_A",19.707
"2021-02-17","Rzeka_A",19.781
"2021-02-18","Rzeka_A",19.852
"2021-02-19","Rzeka_A",19.918
"2021-02-20","Rzeka_A",19.98
"2021-02-21","Rzeka_A",20.038
"2021-02-22","Rzeka_A",20.091
"2021-02-23","Rzeka_A",20.139
"2021-02-24","Rzeka_A",20.182
"2021-02-25","Rzeka_A",20.219
"2021-02-26","Rzeka_A",20.251
"2021-02-27","Rzeka_A",20.278
"2021-02-28","Rzeka_A",20.298
"2021-03-01","Rzeka_A",20.313
"2021-03-02","Rzeka_A",20.321
"2021-03-03","Rzeka_A",20.324
"2021-03-04","Rzeka_A",20.32
"2021-03-05","Rzeka_A",20.309
"2021-03-06","Rzeka_A",20.292
"2021-03-07","Rzeka_A",20.269
"2021-03-08","Rzeka_A",20.24
"2021-03-09","Rzeka_A",20.203
"2021-03-10","Rzeka_A",20.161
"2021-03-11","Rzeka_A",20.111
"2021-03-12","Rzeka_A",20.056
"2021-03-13","Rzeka_A",19.994
"2021-03-14","Rzeka_A",19.926
"2021-03-15","Rzeka_A",19.851
"2021-03-16","Rzeka_A",19.771
"2021-03-17","Rzeka_A",19.684
"2021-03-18","Rzeka_A",19.592
"2021-03-19","Rzeka_A",19.494
"2021-03-20","Rzeka_A",19.39
"2021-03-21","Rzeka_A",19.282
"2021-03-22","Rzeka_A",19.168
"2021-03-23","Rzeka_A",19.049
"2021-03-24","Rzeka_A",18.926
"2021-03-25","Rzeka_A",18.798
"2021-03-26","Rzeka_A",18.666
"2021-03-27","Rzeka_A",18.53
"2021-03-28","Rzeka_A",18.39
"2021-03-29","Rzeka_A",18.247
"2021-03-30","Rzeka_A",18.101
"2021-03-31","Rzeka_A",17.953
"2021-04-01","Rzeka_A",17.801
"2021-04-02","Rzeka_A",17.648
"2021-04-03","Rzeka_A",17.492
"2021-04-04","Rzeka_A",17.335
"2021-04-05","Rzeka_A",17.176
"2021-04-06","Rzeka_A",17.017
"2021-04-07","Rzeka_A",16.857
"2021-04-08","Rzeka_A",16.696
"2021-04-09","Rzeka_A",16.536
"2021-04-10","Rzeka_A",16.376
"2021-04-11","Rzeka_A",16.216
"2021-04-12","Rzeka_A",16.057
"2021-04-13","Rzeka_A",15.899
"2021-04-14","Rzeka_A",15.742
"2021-04-15","Rzeka_A",15.587
"2021-04-16","Rzeka_A",15.434
"2021-04-17","Rzeka_A",15.283
"2021-04-18","Rzeka_A",15.135
"2021-04-19","Rzeka_A",14.989
"2021-04-20","Rzeka_A",14.846
"2021-04-21","Rzeka_A",14.706
"2021-04-22","Rzeka_A",14.569
"2021-04-23","Rzeka_A",14.436
"2021-04-24","Rzeka_A",14.306
"2021-04-25","Rzeka_A",14.18
"2021-04-26","Rzeka_A",14.058
"2021-04-27","Rzeka_A",13.94
"2021-04-28","Rzeka_A",13.826
"2021-04-29","Rzeka_A",13.716
"2021-04-30","Rzeka_A",13.611
"2021-05-01","Rzeka_A",13.51
"2021-05-02","Rzeka_A",13.413
"2021-05-03","Rzeka_A",13.32
"2021-05-04","Rzeka_A",13.232
"2021-05-05","Rzeka_A",13.148
"2021-05-06","Rzeka_A",13.069
"2021-05-07","Rzeka_A",12.994
"2021-05-08","Rzeka_A",12.923
"2021-05-09","Rzeka_A",12.856
"2021-05-10","Rzeka_A",12.793
"2021-05-11","Rzeka_A",12.734
"2021-05-12","Rzeka_A",12.68
"2021-05-13","Rzeka_A",12.628
"2021-05-14","Rzeka_A",12.581
"2021-05-15","Rzeka_A",12.537
"2021-05-16","Rzeka_A",12.496
"2021-05-17","Rzeka_A",12.458
"2021-05-18","Rzeka_A",12.423
"2021-05-19","Rzeka_A",12.39
"2021-05-20","Rzeka_A",12.36
"2021-05-21","Rzeka_A",12.332
"2021-05-22","Rzeka_A",12.306
"2021-05-23","Rzeka_A",12.282
"2021-05-24","Rzeka_A",12.26
"2021-05-25","Rzeka_A",12.239
"2021-05-26","Rzeka_A",12.218
"2021-05-27","Rzeka_A",12.199
"2021-05-28","Rzeka_A",12.18
"2021-05-29","Rzeka_A",12.161
"2021-05-30","Rzeka_A",12.142
"2021-05-31","Rzeka_A",12.123
"2021-06-01","Rzeka_A",12.104
"2021-06-02","Rzeka_A",12.083
"2021-06-03","Rzeka_A",12.062
"2021-06-04","Rzeka_A",12.039
"2021-06-05","Rzeka_A",12.015
"2021-06-06","Rzeka_A",11.99
"2021-06-07","Rzeka_A",11.962
"2021-06-08","Rzeka_A",11.932
"2021-06-09","Rzeka_A",11.9
"2021-06-10","Rzeka_A",11.866
"2021-06-11","Rzeka_A",11.828
"2021-06-12","Rzeka_A",11.788
"2021-06-13","Rzeka_A",11.745
"2021-06-14","Rzeka_A",11.699
"2021-06-15","Rzeka_A",11.649
"2021-06-16","Rzeka_A",11.596
"2021-06-17","Rzeka_A",11.539
"2021-06-18","Rzeka_A",11.479
"2021-06-19","Rzeka_A",11.415
"2021-06-20","Rzeka_A",11.348
"2021-06-21","Rzeka_A",11.276
"2021-06-22","Rzeka_A",11.201
"2021-06-23","Rzeka_A",11.122
"2021-06-24","Rzeka_A",11.039
"2021-06-25","Rzeka_A",10.953
"2021-06-26","Rzeka_A",10.862
"2021-06-27","Rzeka_A",10.768
"2021-06-28","Rzeka_A",10.671
"2021-06-29","Rzeka_A",10.57
"2021-06-30","Rzeka_A",10.465
"2021-07-01","Rzeka_A",10.358
"2021-07-02","Rzeka_A",10.247
"2021-07-03","Rzeka_A",10.133
"2021-07-04","Rzeka_A",10.016
"2021-07-05","Rzeka_A",9.897
"2021-07-06","Rzeka_A",9.775
"2021-07-07","Rzeka_A",9.651
"2021-07-08","Rzeka_A",9.525
"2021-07-09","Rzeka_A",9.397
"2021-07-10","Rzeka_A",9.268
"2021-07-11","Rzeka_A",9.137
"2021-07-12","Rzeka_A",9.005
"2021-07-13","Rzeka_A",8.873
"2021-07-14","Rzeka_A",8.74
"2021-07-15","Rzeka_A",8.606
"2021-07-16","Rzeka_A",8.473
"2021-07-17","Rzeka_A",8.34
"2021-07-18","Rzeka_A",8.208
"2021-07-19","Rzeka_A",8.077
"2021-07-20","Rzeka_A",7.947
"2021-07-21","Rzeka_A",7.818
"2021-07-22","Rzeka_A",7.691
"2021-07-23","Rzeka_A",7.567
"2021-07-24","Rzeka_A",7.445
"2021-07-25","Rzeka_A",7.325
"2021-07-26","Rzeka_A",7.209
"2021-07-27","Rzeka_A",7.095
"2021-07-28","Rzeka_A",6.986
"2021-07-29","Rzeka_A",6.88
"2021-07-30","Rzeka_A",6.778
"2021-07-31","Rzeka_A",6.681
"2021-08-01","Rzeka_A",6.588
"2021-08-02","Rzeka_A",6.5
"2021-08-03","Rzeka_A",6.417
"2021-08-04","Rzeka_A",6.34
"2021-08-05","Rzeka_A",6.268
"2021-08-06","Rzeka_A",6.201
"2021-08-07","Rzeka_A",6.14
"2021-08-08","Rzeka_A",6.085
"2021-08-09","Rzeka_A",6.037
"2021-08-10","Rzeka_A",5.994
"2021-08-11","Rzeka_A",5.958
"2021-08-12","Rzeka_A",5.928
"2021-08-13","Rzeka_A",5.905
"2021-08-14","Rzeka_A",
"2021-08-15","Rzeka_A",5.878
"2021-08-16","Rzeka_A",5.874
"2021-08-17","Rzeka_A",5.877
"2021-08-18","Rzeka_A",5.887
"2021-08-19","Rzeka_A",5.903
"2021-08-20","Rzeka_A",5.926
"2021-08-21","Rzeka_A",5.955
"2021-08-22","Rzeka_A",5.991
"2021-08-23","Rzeka_A",6.033
"2021-08-24","Rzeka_A",6.081
"2021-08-25","Rzeka_A",6.135
"2021-08-26","Rzeka_A",6.195
"2021-08-27","Rzeka_A",6.261
"2021-08-28","Rzeka_A",6.333
"2021-08-29","Rzeka_A",6.409
"2021-08-30","Rzeka_A",6.491
"2021-08-31","Rzeka_A",6.579
"2021-09-01","Rzeka_A",6.67
"2021-09-02","Rzeka_A",6.767
"2021-09-03","Rzeka_A",6.867
"2021-09-04","Rzeka_A",6.972
"2021-09-05","Rzeka_A",7.08
"2021-09-06","Rzeka_A",7.192
"2021-09-07","Rzeka_A",7.308
"2021-09-08","Rzeka_A",7.426
"2021-09-09","Rzeka_A",7.547
"2021-09-10","Rzeka_A",7.67
"2021-09-11","Rzeka_A",7.795
"2021-09-12","Rzeka_A",7.922
"2021-09-13","Rzeka_A",8.05
"2021-09-14","Rzeka_A",8.18
"2021-09-15","Rzeka_A",8.31
"2021-09-16","Rzeka_A",8.442
"2021-09-17","Rzeka_A",8.573
"2021-09-18","Rzeka_A",8.704
"2021-09-19","Rzeka_A",8.835
"2021-09-20","Rzeka_A",8.966
"2021-09-21","Rzeka_A",9.096
"2021-09-22","Rzeka_A",9.224
"2021-09-23","Rzeka_A",9.352
"2021-09-24","Rzeka_A",9.477
"2021-09-25","Rzeka_A",9.601
"2021-09-26","Rzeka_A",9.723
"2021-09-27","Rzeka_A",9.842
"2021-09-28","Rzeka_A",9.959
"2021-09-29","Rzeka_A",10.074
"2021-09-30","Rzeka_A",10.185
"2021-10-01","Rzeka_A",10.294
"2021-10-02","Rzeka_A",10.399
"2021-10-03","Rzeka_A",10.501
"2021-10-04","Rzeka_A",10.6
"2021-10-05","Rzeka_A",10.695
"2021-10-06","Rzeka_A",10.787
"2021-10-07","Rzeka_A",10.875
"2021-10-08","Rzeka_A",10.959
"2021-10-09","Rzeka_A",11.04
"2021-10-10","Rzeka_A",11.117
"2021-10-11","Rzeka_A",11.19
"2021-10-12","Rzeka_A",11.259
"2021-10-13","Rzeka_A",11.325
"2021-10-14","Rzeka_A",11.387
"2021-10-15","Rzeka_A",11.445
"2021-10-16","Rzeka_A",11.5
"2021-10-17","Rzeka_A",11.551
"2021-10-18","Rzeka_A",11.599
"2021-10-19","Rzeka_A",11.644
"2021-10-20","Rzeka_A",11.685
"2021-10-21","Rzeka_A",11.724
"2021-10-22","Rzeka_A",11.76
"2021-10-23","Rzeka_A",11.793
"2021-10-24","Rzeka_A",11.824
"2021-10-25","Rzeka_A",11.853
"2021-10-26","Rzeka_A",11.88
"2021-10-27","Rzeka_A",11.904
"2021-10-28","Rzeka_A",11.928
"2021-10-29","Rzeka_A",11.95
"2021-10-30","Rzeka_A",11.97
"2021-10-31","Rzeka_A",11.99
"2021-11-01","Rzeka_A",12.009
"2021-11-02","Rzeka_A",12.028
"2021-11-03","Rzeka_A",12.047
"2021-11-04","Rzeka_A",12.066
"2021-11-05","Rzeka_A",12.085
"2021-11-06","Rzeka_A",12.105
"2021-11-07","Rzeka_A",12.126
"2021-11-08","Rzeka_A",12.147
"2021-11-09","Rzeka_A",12.171
"2021-11-10","Rzeka_A",12.195
"2021-11-11","Rzeka_A",12.222
"2021-11-12","Rzeka_A",12.251
"2021-11-13","Rzeka_A",12.282
"2021-11-14","Rzeka_A",12.316
"2021-11-15","Rzeka_A",12.352
"2021-11-16","Rzeka_A",12.392
"2021-11-17","Rzeka_A",12.434
"2021-11-18","Rzeka_A",12.48
"2021-11-19","Rzeka_A",12.529
"2021-11-20","Rzeka_A",12.582
"2021-11-21","Rzeka_A",12.639
"2021-11-22","Rzeka_A",12.7
"2021-11-23","Rzeka_A",12.765
"2021-11-24","Rzeka_A",12.834
"2021-11-25","Rzeka_A",12.907
"2021-11-26","Rzeka_A",12.984
"2021-11-27","Rzeka_A",13.066
"2021-11-28","Rzeka_A",13.152
"2021-11-29","Rzeka_A",13.243
"2021-11-30","Rzeka_A",13.338
"2021-12-01","Rzeka_A",13.437
"2021-12-02","Rzeka_A",13.541
"2021-12-03","Rzeka_A",13.649
"2021-12-04","Rzeka_A",13.762
"2021-12-05","Rzeka_A",13.878
"2021-12-06","Rzeka_A",13.999
"2021-12-07","Rzeka_A",14.124
"2021-12-08","Rzeka_A",14.253
"2021-12-09","Rzeka_A",14.385
"2021-12-10","Rzeka_A",14.521
"2021-12-11","Rzeka_A",14.661
"2021-12-12","Rzeka_A",14.803
"2021-12-13","Rzeka_A",14.949
"2021-12-14","Rzeka_A",15.098
"2021-12-15","Rzeka_A",15.249
"2021-12-16","Rzeka_A",15.402
"2021-12-17","Rzeka_A",15.558
"2021-12-18","Rzeka_A",15.716
"2021-12-19","Rzeka_A",15.875
"2021-12-20","Rzeka_A",16.035
"2021-12-21","Rzeka_A",16.197
"2021-12-22","Rzeka_A",16.359
"2021-12-23","Rzeka_A",16.522
"2021-12-24","Rzeka_A",16.685
"2021-12-25","Rzeka_A",16.848
"2021-12-26","Rzeka_A",17.01
"2021-12-27","Rzeka_A",17.172
"2021-12-28","Rzeka_A",17.333
"2021-12-29","Rzeka_A",17.492
"2021-12-30","Rzeka_A",17.65
"2021-12-31","Rzeka_A",17.805
"2022-01-01","Rzeka_A",17.959
"2022-01-02","Rzeka_A",18.109
"2022-01-03","Rzeka_A",18.257
"2022-01-04","Rzeka_A",18.402
"2022-01-05","Rzeka_A",18.544
"2022-01-06","Rzeka_A",18.681
"2022-01-07","Rzeka_A",18.815
"2022-01-08","Rzeka_A",18.945
"2022-01-09","Rzeka_A",19.07
"2022-01-10","Rzeka_A",19.19
"2022-01-11","Rzeka_A",19.306
"2022-01-12","Rzeka_A",19.416
"2022-01-13","Rzeka_A",19.521
"2022-01-14","Rzeka_A",19.621
"2022-01-15","Rzeka_A",19.714
"2022-01-16","Rzeka_A",19.802
"2022-01-17","Rzeka_A",19.885
"2022-01-18","Rzeka_A",19.96
"2022-01-19","Rzeka_A",20.03
"2022-01-20","Rzeka_A",20.094
"2022-01-21","Rzeka_A",20.151
"2022-01-22","Rzeka_A",20.202
"2022-01-23","Rzeka_A",20.246
"2022-01-24","Rzeka_A",20.283
"2022-01-25","Rzeka_A",20.315
"2022-01-26","Rzeka_A",20.34
"2022-01-27","Rzeka_A",20.358
"2022-01-28","Rzeka_A",20.37
"2022-01-29","Rzeka_A",20.376
"2022-01-30","Rzeka_A",20.375
"2022-01-31","Rzeka_A",20.368
"2022-02-01","Rzeka_A",20.355
"2022-02-02","Rzeka_A",20.337
"2022-02-03","Rzeka_A",20.312
"2022-02-04","Rzeka_A",20.282
"2022-02-05","Rzeka_A",20.247
"2022-02-06","Rzeka_A",20.206
"2022-02-07","Rzeka_A",20.16
"2022-02-08","Rzeka_A",20.109
"2022-02-09","Rzeka_A",20.054
"2022-02-10","Rzeka_A",19.994
"2022-02-11","Rzeka_A",19.93
"2022-02-12","Rzeka_A",19.862
"2022-02-13","Rzeka_A",19.791
"2022-02-14","Rzeka_A",19.716
"2022-02-15","Rzeka_A",19.638
"2022-02-16","Rzeka_A",19.557
"2022-02-17","Rzeka_A",19.474
"2022-02-18","Rzeka_A",19.388
"2022-02-19","Rzeka_A",19.3
"2022-02-20","Rzeka_A",19.211
"2022-02-21","Rzeka_A",19.12
"2022-02-22","Rzeka_A",19.028
"2022-02-23","Rzeka_A",18.935
"2022-02-24","Rzeka_A",18.842
"2022-02-25","Rzeka_A",18.748
"2022-02-26","Rzeka_A",18.655
"2022-02-27","Rzeka_A",18.561
"2022-02-28","Rzeka_A",18.468
"2022-03-01","Rzeka_A",18.376
"2022-03-02","Rzeka_A",18.285
"2022-03-03","Rzeka_A",18.195
"2022-03-04","Rzeka_A",18.106
"2022-03-05","Rzeka_A",18.02
"2022-03-06","Rzeka_A",17.935
"2022-03-07","Rzeka_A",17.852
"2022-03-08","Rzeka_A",17.772
"2022-03-09","Rzeka_A",17.694
"2022-03-10","Rzeka_A",17.618
"2022-03-11","Rzeka_A",17.545
"2022-03-12","Rzeka_A",17.476
"2022-03-13","Rzeka_A",17.409
"2022-03-14","Rzeka_A",17.345
"2022-03-15","Rzeka_A",17.284
"2022-03-16","Rzeka_A",17.227
"2022-03-17","Rzeka_A",17.173
"2022-03-18","Rzeka_A",17.122
"2022-03-19","Rzeka_A",17.074
"2022-03-20","Rzeka_A",17.03
"2022-03-21","Rzeka_A",16.989
"2022-03-22","Rzeka_A",16.951
"2022-03-23","Rzeka_A",16.917
"2022-03-24","Rzeka_A",16.885
"2022-03-25","Rzeka_A",16.857
"2022-03-26","Rzeka_A",16.832
"2022-03-27","Rzeka_A",16.809
"2022-03-28","Rzeka_A",16.789
"2022-03-29","Rzeka_A",16.772
"2022-03-30","Rzeka_A",16.758
"2022-03-31","Rzeka_A",16.745
"2022-04-01","Rzeka_A",16.735
"2022-04-02","Rzeka_A",16.726
"2022-04-03","Rzeka_A",16.719
"2022-04-04","Rzeka_A",16.714
"2022-04-05","Rzeka_A",16.71
"2022-04-06","Rzeka_A",16.707
"2022-04-07","Rzeka_A",16.705
"2022-04-08","Rzeka_A",16.704
"2022-04-09","Rzeka_A",16.702
"2022-04-10","Rzeka_A",16.701
"2022-04-11","Rzeka_A",16.7
"2022-04-12","Rzeka_A",16.698
"2022-04-13","Rzeka_A",16.696
"2022-04-14","Rzeka_A",16.693
"2022-04-15","Rzeka_A",16.688
"2022-04-16","Rzeka_A",16.682
"2022-04-17","Rzeka_A",16.675
"2022-04-18","Rzeka_A",16.665
"2022-04-19","Rzeka_A",16.653
"2022-04-20","Rzeka_A",16.639
"2022-04-21","Rzeka_A",16.622
"2022-04-22","Rzeka_A",16.602
"2022-04-23","Rzeka_A",16.579
"2022-04-24","Rzeka_A",16.552
"2022-04-25","Rzeka_A",16.522
"2022-04-26","Rzeka_A",16.488
"2022-04-27","Rzeka_A",16.45
"2022-04-28","Rzeka_A",16.409
"2022-04-29","Rzeka_A",16.362
"2022-04-30","Rzeka_A",16.312
"2022-05-01","Rzeka_A",16.256
"2022-05-02","Rzeka_A",16.196
"2022-05-03","Rzeka_A",16.132
"2022-05-04","Rzeka_A",16.062
"2022-05-05","Rzeka_A",15.988
"2022-05-06","Rzeka_A",15.908
"2022-05-07","Rzeka_A",15.823
"2022-05-08","Rzeka_A",15.733
"2022-05-09","Rzeka_A",15.639
"2022-05-10","Rzeka_A",15.539
"2022-05-11","Rzeka_A",15.434
"2022-05-12","Rzeka_A",15.323
"2022-05-13","Rzeka_A",15.208
"2022-05-14","Rzeka_A",15.088
"2022-05-15","Rzeka_A",14.964
"2022-05-16","Rzeka_A",14.834
"2022-05-17","Rzeka_A",14.7
"2022-05-18","Rzeka_A",14.562
"2022-05-19","Rzeka_A",14.419
"2022-05-20","Rzeka_A",14.272
"2022-05-21","Rzeka_A",14.121
"2022-05-22","Rzeka_A",13.966
"2022-05-23","Rzeka_A",13.808
"2022-05-24","Rzeka_A",13.647
"2022-05-25","Rzeka_A",13.482
"2022-05-26","Rzeka_A",13.315
"2022-05-27","Rzeka_A",13.145
"2022-05-28","Rzeka_A",12.973
"2022-05-29","Rzeka_A",12.798
"2022-05-30","Rzeka_A",12.622
"2022-05-31","Rzeka_A",12.445
"2022-06-01","Rzeka_A",12.266
"2022-06-02","Rzeka_A",12.087
"2022-06-03","Rzeka_A",11.907
"2022-06-04","Rzeka_A",11.726
"2022-06-05","Rzeka_A",11.546
"2022-06-06","Rzeka_A",11.366
"2022-06-07","Rzeka_A",11.187
"2022-06-08","Rzeka_A",11.009
"2022-06-09","Rzeka_A",10.832
"2022-06-10","Rzeka_A",10.657
"2022-06-11","Rzeka_A",10.484
"2022-06-12","Rzeka_A",10.313
"2022-06-13","Rzeka_A",10.144
"2022-06-14","Rzeka_A",9.978
"2022-06-15","Rzeka_A",9.816
"2022-06-16","Rzeka_A",9.657
"2022-06-17","Rzeka_A",9.501
"2022-06-18","Rzeka_A",9.349
"2022-06-19","Rzeka_A",9.202
"2022-06-20","Rzeka_A",9.059
"2022-06-21","Rzeka_A",8.92
"2022-06-22","Rzeka_A",8.786
"2022-06-23","Rzeka_A",8.657
"2022-06-24","Rzeka_A",8.534
"2022-06-25","Rzeka_A",8.416
"2022-06-26","Rzeka_A",8.303
"2022-06-27","Rzeka_A",8.196
"2022-06-28","Rzeka_A",8.094
"2022-06-29","Rzeka_A",7.999
"2022-06-30","Rzeka_A",7.909
"2022-07-01","Rzeka_A",7.826
"2022-07-02","Rzeka_A",7.748
"2022-07-03","Rzeka_A",7.676
"2022-07-04","Rzeka_A",7.611
"2022-07-05","Rzeka_A",7.552
"2022-07-06","Rzeka_A",7.499
"2022-07-07","Rzeka_A",7.452
"2022-07-08","Rzeka_A",7.411
"2022-07-09","Rzeka_A",7.375
"2022-07-10","Rzeka_A",7.346
"2022-07-11","Rzeka_A",7.323
"2022-07-12","Rzeka_A",7.305
"2022-07-13","Rzeka_A",7.293
"2022-07-14","Rzeka_A",7.286
"2022-07-15","Rzeka_A",7.284
"2022-07-16","Rzeka_A",7.287
"2022-07-17","Rzeka_A",7.295
"2022-07-18","Rzeka_A",7.308
"2022-07-19","Rzeka_A",7.326
"2022-07-20","Rzeka_A",7.347
"2022-07-21","Rzeka_A",7.373
"2022-07-22","Rzeka_A",7.402
"2022-07-23","Rzeka_A",7.435
"2022-07-24","Rzeka_A",7.471
"2022-07-25","Rzeka_A",7.511
"2022-07-26","Rzeka_A",7.553
"2022-07-27","Rzeka_A",7.597
"2022-07-28","Rzeka_A",7.644
"2022-07-29","Rzeka_A",7.693
"2022-07-30","Rzeka_A",7.743
"2022-07-31","Rzeka_A",7.795
"2022-08-01","Rzeka_A",7.848
"2022-08-02","Rzeka_A",7.902
"2022-08-03","Rzeka_A",7.956
"2022-08-04","Rzeka_A",8.011
"2022-08-05","Rzeka_A",8.066
"2022-08-06","Rzeka_A",8.12
"2022-08-07","Rzeka_A",8.174
"2022-08-08","Rzeka_A",8.228
"2022-08-09","Rzeka_A",8.28
"2022-08-10","Rzeka_A",8.332
"2022-08-11","Rzeka_A",8.382
"2022-08-12","Rzeka_A",8.43
"2022-08-13","Rzeka_A",8.477
"2022-08-14","Rzeka_A",8.522
"2022-08-15","Rzeka_A",8.564
"2022-08-16","Rzeka_A",8.604
"2022-08-17","Rzeka_A",8.642
"2022-08-18","Rzeka_A",8.677
"2022-08-19","Rzeka_A",8.71
"2022-08-20","Rzeka_A",8.739
"2022-08-21","Rzeka_A",8.766
"2022-08-22","Rzeka_A",8.79
"2022-08-23","Rzeka_A",8.811
"2022-08-24","Rzeka_A",8.829
"2022-08-25","Rzeka_A",8.843
"2022-08-26","Rzeka_A",8.855
"2022-08-27","Rzeka_A",8.864
"2022-08-28","Rzeka_A",8.869
"2022-08-29","Rzeka_A",8.872
"2022-08-30","Rzeka_A",8.871
"2022-08-31","Rzeka_A",8.868
"2022-09-01","Rzeka_A",8.862
"2022-09-02","Rzeka_A",8.853
"2022-09-03","Rzeka_A",8.842
"2022-09-04","Rzeka_A",8.828
"2022-09-05","Rzeka_A",8.812
"2022-09-06","Rzeka_A",8.793
"2022-09-07","Rzeka_A",8.773
"2022-09-08","Rzeka_A",8.751
"2022-09-09","Rzeka_A",8.728
"2022-09-10","Rzeka_A",8.703
"2022-09-11","Rzeka_A",8.677
"2022-09-12","Rzeka_A",8.649
"2022-09-13","Rzeka_A",8.622
"2022-09-14","Rzeka_A",8.594
"2022-09-15","Rzeka_A",8.565
"2022-09-16","Rzeka_A",8.537
"2022-09-17","Rzeka_A",8.509
"2022-09-18","Rzeka_A",8.481
"2022-09-19","Rzeka_A",8.455
"2022-09-20","Rzeka_A",8.429
"2022-09-21","Rzeka_A",8.405
"2022-09-22","Rzeka_A",8.382
"2022-09-23","Rzeka_A",8.361
"2022-09-24","Rzeka_A",8.343
"2022-09-25","Rzeka_A",8.327
"2022-09-26","Rzeka_A",8.313
"2022-09-27","Rzeka_A",8.303
"2022-09-28","Rzeka_A",8.295
"2022-09-29","Rzeka_A",8.292
"2022-09-30","Rzeka_A",8.291
"2022-10-01","Rzeka_A",8.295
"2022-10-02","Rzeka_A",8.303
"2022-10-03","Rzeka_A",8.315
"2022-10-04","Rzeka_A",8.331
"2022-10-05","Rzeka_A",8.352
"2022-10-06","Rzeka_A",8.378
"2022-10-07","Rzeka_A",8.409
"2022-10-08","Rzeka_A",8.446
"2022-10-09","Rzeka_A",8.487
"2022-10-10","Rzeka_A",8.534
"2022-10-11","Rzeka_A",8.586
"2022-10-12","Rzeka_A",8.644
"2022-10-13","Rzeka_A",8.708
"2022-10-14","Rzeka_A",8.777
"2022-10-15","Rzeka_A",8.852
"2022-10-16","Rzeka_A",8.932
"2022-10-17","Rzeka_A",9.019
"2022-10-18","Rzeka_A",9.111
"2022-10-19","Rzeka_A",9.209
"2022-10-20","Rzeka_A",9.312
"2022-10-21","Rzeka_A",9.421
"2022-10-22","Rzeka_A",9.536
"2022-10-23","Rzeka_A",9.656
"2022-10-24","Rzeka_A",9.781
"2022-10-25","Rzeka_A",9.911
"2022-10-26","Rzeka_A",10.047
"2022-10-27","Rzeka_A",10.187
"2022-10-28","Rzeka_A",10.332
"2022-10-29","Rzeka_A",10.481
"2022-10-30","Rzeka_A",10.634
"2022-10-31","Rzeka_A",10.792
"2022-11-01","Rzeka_A",10.953
"2022-11-02","Rzeka_A",11.118
"2022-11-03","Rzeka_A",11.287
"2022-11-04","Rzeka_A",11.458
"2022-11-05","Rzeka_A",11.632
"2022-11-06","Rzeka_A",11.809
"2022-11-07","Rzeka_A",11.987
"2022-11-08","Rzeka_A",12.168
"2022-11-09","Rzeka_A",12.35
"2022-11-10","Rzeka_A",12.534
"2022-11-11","Rzeka_A",12.718
"2022-11-12","Rzeka_A",12.904
"2022-11-13","Rzeka_A",13.089
"2022-11-14","Rzeka_A",13.275
"2022-11-15","Rzeka_A",13.46
"2022-11-16","Rzeka_A",13.645
"2022-11-17","Rzeka_A",13.829
"2022-11-18","Rzeka_A",14.012
"2022-11-19","Rzeka_A",14.193
"2022-11-20","Rzeka_A",14.373
"2022-11-21","Rzeka_A",14.55
"2022-11-22","Rzeka_A",14.725
"2022-11-23","Rzeka_A",14.897
"2022-11-24","Rzeka_A",15.066
"2022-11-25","Rzeka_A",15.233
"2022-11-26","Rzeka_A",15.395
"2022-11-27","Rzeka_A",15.554
"2022-11-28","Rzeka_A",15.709
"2022-11-29","Rzeka_A",15.86
"2022-11-30","Rzeka_A",16.007
"2022-12-01","Rzeka_A",16.149
"2022-12-02","Rzeka_A",16.287
"2022-12-03","Rzeka_A",16.419
"2022-12-04","Rzeka_A",16.547
"2022-12-05","Rzeka_A",16.669
"2022-12-06","Rzeka_A",16.786
"2022-12-07","Rzeka_A",16.898
"2022-12-08","Rzeka_A",17.005
"2022-12-09","Rzeka_A",17.106
"2022-12-10","Rzeka_A",17.201
"2022-12-11","Rzeka_A",17.291
"2022-12-12","Rzeka_A",17.376
"2022-12-13","Rzeka_A",17.454
"2022-12-14","Rzeka_A",17.528
"2022-12-15","Rzeka_A",17.596
"2022-12-16","Rzeka_A",17.658
"2022-12-17","Rzeka_A",17.715
"2022-12-18","Rzeka_A",17.767
"2022-12-19","Rzeka_A",17.813
"2022-12-20","Rzeka_A",17.855
"2022-12-21","Rzeka_A",17.891
"2022-12-22","Rzeka_A",17.923
"2022-12-23","Rzeka_A",17.95
"2022-12-24","Rzeka_A",17.973
"2022-12-25","Rzeka_A",17.991
"2022-12-26","Rzeka_A",18.006
"2022-12-27","Rzeka_A",18.016
"2022-12-28","Rzeka_A",18.023
"2022-12-29","Rzeka_A",18.027
"2022-12-30","Rzeka_A",18.027
"2022-12-31","Rzeka_A",18.024
"2023-01-01","Rzeka_A",18.019
"2023-01-02","Rzeka_A",18.011
"2023-01-03","Rzeka_A",18.001
"2023-01-04","Rzeka_A",17.989
"2023-01-05","Rzeka_A",17.975
"2023-01-06","Rzeka_A",17.96
"2023-01-07","Rzeka_A",17.944
"2023-01-08","Rzeka_A",17.927
"2023-01-09","Rzeka_A",17.91
"2023-01-10","Rzeka_A",17.892
"2023-01-11","Rzeka_A",17.873
"2023-01-12","Rzeka_A",17.855
"2023-01-13","Rzeka_A",17.838
"2023-01-14","Rzeka_A",17.821
"2023-01-15","Rzeka_A",17.805
"2023-01-16","Rzeka_A",17.79
"2023-01-17","Rzeka_A",17.777
"2023-01-18","Rzeka_A",17.764
"2023-01-19","Rzeka_A",17.754
"2023-01-20","Rzeka_A",17.746
"2023-01-21","Rzeka_A",17.74
"2023-01-22","Rzeka_A",17.736
"2023-01-23","Rzeka_A",17.734
"2023-01-24","Rzeka_A",17.735
"2023-01-25","Rzeka_A",17.739
"2023-01-26","Rzeka_A",17.745
"2023-01-27","Rzeka_A",17.754
"2023-01-28","Rzeka_A",17.767
"2023-01-29","Rzeka_A",17.782
"2023-01-30","Rzeka_A",17.801
"2023-01-31","Rzeka_A",17.822
"2023-02-01","Rzeka_A",17.847
"2023-02-02","Rzeka_A",17.874
"2023-02-03","Rzeka_A",17.905
"2023-02-04","Rzeka_A",17.939
"2023-02-05","Rzeka_A",17.976
"2023-02-06","Rzeka_A",18.016
"2023-02-07","Rzeka_A",18.059
"2023-02-08","Rzeka_A",18.105
"2023-02-09","Rzeka_A",18.153
"2023-02-10","Rzeka_A",18.204
"2023-02-11","Rzeka_A",18.257
"2023-02-12","Rzeka_A",18.312
"2023-02-13","Rzeka_A",18.37
"2023-02-14","Rzeka_A",18.429
"2023-02-15","Rzeka_A",18.49
"2023-02-16","Rzeka_A",18.553
"2023-02-17","Rzeka_A",18.617
"2023-02-18","Rzeka_A",18.682
"2023-02-19","Rzeka_A",18.748
"2023-02-20","Rzeka_A",18.814
"2023-02-21","Rzeka_A",18.881
"2023-02-22","Rzeka_A",18.948
"2023-02-23","Rzeka_A",19.014
"2023-02-24","Rzeka_A",19.081
"2023-02-25","Rzeka_A",19.146
"2023-02-26","Rzeka_A",19.21
"2023-02-27","Rzeka_A",19.274
"2023-02-28","Rzeka_A",19.335
"2023-03-01","Rzeka_A",19.395
"2023-03-02","Rzeka_A",19.453
"2023-03-03","Rzeka_A",19.508
"2023-03-04","Rzeka_A",19.56
"2023-03-05","Rzeka_A",19.61
"2023-03-06","Rzeka_A",19.657
"2023-03-07","Rzeka_A",19.7
"2023-03-08","Rzeka_A",19.739
"2023-03-09","Rzeka_A",19.774
"2023-03-10","Rzeka_A",19.805
"2023-03-11","Rzeka_A",19.832
"2023-03-12","Rzeka_A",19.854
"2023-03-13","Rzeka_A",19.871
"2023-03-14","Rzeka_A",19.883
"2023-03-15","Rzeka_A",19.89
"2023-03-16","Rzeka_A",19.892
"2023-03-17","Rzeka_A",19.888
"2023-03-18","Rzeka_A",19.879
"2023-03-19","Rzeka_A",19.863
"2023-03-20","Rzeka_A",19.842
"2023-03-21","Rzeka_A",19.814
"2023-03-22","Rzeka_A",19.781
"2023-03-23","Rzeka_A",19.741
"2023-03-24","Rzeka_A",19.695
"2023-03-25","Rzeka_A",19.643
"2023-03-26","Rzeka_A",19.585
"2023-03-27","Rzeka_A",19.521
"2023-03-28","Rzeka_A",19.45
"2023-03-29","Rzeka_A",19.373
"2023-03-30","Rzeka_A",19.29
"2023-03-31","Rzeka_A",19.201
"2023-04-01","Rzeka_A",19.105
"2023-04-02","Rzeka_A",19.005
"2023-04-03","Rzeka_A",18.898
"2023-04-04","Rzeka_A",18.786
"2023-04-05","Rzeka_A",18.668
"2023-04-06","Rzeka_A",18.545
"2023-04-07","Rzeka_A",18.417
"2023-04-08","Rzeka_A",18.284
"2023-04-09","Rzeka_A",18.146
"2023-04-10","Rzeka_A",18.004
"2023-04-11","Rzeka_A",17.857
"2023-04-12","Rzeka_A",17.707
"2023-04-13","Rzeka_A",17.553
"2023-04-14","Rzeka_A",17.395
"2023-04-15","Rzeka_A",17.235
"2023-04-16","Rzeka_A",17.071
"2023-04-17","Rzeka_A",16.905
"2023-04-18","Rzeka_A",16.736
"2023-04-19","Rzeka_A",16.566
"2023-04-20","Rzeka_A",16.393
"2023-04-21","Rzeka_A",16.22
"2023-04-22","Rzeka_A",16.045
"2023-04-23","Rzeka_A",15.869
"2023-04-24","Rzeka_A",15.693
"2023-04-25","Rzeka_A",15.517
"2023-04-26","Rzeka_A",15.341
"2023-04-27","Rzeka_A",15.166
"2023-04-28","Rzeka_A",14.991
"2023-04-29","Rzeka_A",14.817
"2023-04-30","Rzeka_A",14.645
"2023-05-01","Rzeka_A",14.474
"2023-05-02","Rzeka_A",14.305
"2023-05-03","Rzeka_A",14.139
"2023-05-04","Rzeka_A",13.975
"2023-05-05","Rzeka_A",13.813
"2023-05-06","Rzeka_A",13.655
"2023-05-07","Rzeka_A",13.5
"2023-05-08","Rzeka_A",13.348
"2023-05-09","Rzeka_A",13.199
"2023-05-10","Rzeka_A",13.055
"2023-05-11","Rzeka_A",12.915
"2023-05-12","Rzeka_A",12.778
"2023-05-13","Rzeka_A",12.646
"2023-05-14","Rzeka_A",12.518
"2023-05-15","Rzeka_A",12.395
"2023-05-16","Rzeka_A",12.277
"2023-05-17","Rzeka_A",12.163
"2023-05-18","Rzeka_A",12.054
"2023-05-19","Rzeka_A",11.95
"2023-05-20","Rzeka_A",11.851
"2023-05-21","Rzeka_A",11.757
"2023-05-22","Rzeka_A",11.667
"2023-05-23","Rzeka_A",11.583
"2023-05-24","Rzeka_A",11.503
"2023-05-25","Rzeka_A",11.428
"2023-05-26","Rzeka_A",11.358
"2023-05-27","Rzeka_A",11.292
"2023-05-28","Rzeka_A",11.231
"2023-05-29","Rzeka_A",11.175
"2023-05-30","Rzeka_A",11.123
"2023-05-31","Rzeka_A",11.075
"2023-06-01","Rzeka_A",11.031
"2023-06-02","Rzeka_A",10.991
"2023-06-03","Rzeka_A",10.954
"2023-06-04","Rzeka_A",10.921
"2023-06-05","Rzeka_A",10.892
"2023-06-06","Rzeka_A",10.865
"2023-06-07","Rzeka_A",10.842
"2023-06-08","Rzeka_A",10.821
"2023-06-09","Rzeka_A",10.802
"2023-06-10","Rzeka_A",10.786
"2023-06-11","Rzeka_A",10.772
"2023-06-12","Rzeka_A",10.759
"2023-06-13","Rzeka_A",10.748
"2023-06-14","Rzeka_A",10.738
"2023-06-15","Rzeka_A",10.728
"2023-06-16","Rzeka_A",10.72
"2023-06-17","Rzeka_A",10.712
"2023-06-18","Rzeka_A",10.704
"2023-06-19","Rzeka_A",10.696
"2023-06-20","Rzeka_A",10.688
"2023-06-21","Rzeka_A",10.679
"2023-06-22","Rzeka_A",10.669
"2023-06-23","Rzeka_A",10.658
"2023-06-24","Rzeka_A",10.646
"2023-06-25","Rzeka_A",10.632
"2023-06-26","Rzeka_A",10.617
"2023-06-27","Rzeka_A",10.6
"2023-06-28","Rzeka_A",10.58
"2023-06-29","Rzeka_A",10.558
"2023-06-30","Rzeka_A",10.534
"2023-07-01","Rzeka_A",10.507
"2023-07-02","Rzeka_A",10.477
"2023-07-03","Rzeka_A",10.445
"2023-07-04","Rzeka_A",10.409
"2023-07-05","Rzeka_A",10.371
"2023-07-06","Rzeka_A",10.329
"2023-07-07","Rzeka_A",10.283
"2023-07-08","Rzeka_A",10.235
"2023-07-09","Rzeka_A",10.183
"2023-07-10","Rzeka_A",10.127
"2023-07-11","Rzeka_A",10.068
"2023-07-12","Rzeka_A",10.006
"2023-07-13","Rzeka_A",9.94
"2023-07-14","Rzeka_A",9.871
"2023-07-15","Rzeka_A",9.799
"2023-07-16","Rzeka_A",9.724
"2023-07-17","Rzeka_A",9.645
"2023-07-18","Rzeka_A",9.563
"2023-07-19","Rzeka_A",9.478
"2023-07-20","Rzeka_A",9.391
"2023-07-21","Rzeka_A",9.301
"2023-07-22","Rzeka_A",9.209
"2023-07-23","Rzeka_A",9.114
"2023-07-24","Rzeka_A",9.017
"2023-07-25","Rzeka_A",8.918
"2023-07-26","Rzeka_A",8.818
"2023-07-27","Rzeka_A",8.716
"2023-07-28","Rzeka_A",8.612
"2023-07-29","Rzeka_A",8.508
"2023-07-30","Rzeka_A",8.403
"2023-07-31","Rzeka_A",8.298
"2023-08-01","Rzeka_A",8.192
"2023-08-02","Rzeka_A",8.087
"2023-08-03","Rzeka_A",7.982
"2023-08-04","Rzeka_A",7.877
"2023-08-05","Rzeka_A",7.774
"2023-08-06","Rzeka_A",7.671
"2023-08-07","Rzeka_A",7.57
"2023-08-08","Rzeka_A",7.471
"2023-08-09","Rzeka_A",7.374
"2023-08-10","Rzeka_A",7.28
"2023-08-11","Rzeka_A",7.188
"2023-08-12","Rzeka_A",7.098
"2023-08-13","Rzeka_A",7.013
"2023-08-14","Rzeka_A",6.93
"2023-08-15","Rzeka_A",6.852
"2023-08-16","Rzeka_A",6.777
"2023-08-17","Rzeka_A",6.707
"2023-08-18","Rzeka_A",6.641
"2023-08-19","Rzeka_A",6.58
"2023-08-20","Rzeka_A",6.523
"2023-08-21","Rzeka_A",6.472
"2023-08-22","Rzeka_A",6.427
"2023-08-23","Rzeka_A",6.386
"2023-08-24","Rzeka_A",6.352
"2023-08-25","Rzeka_A",6.323
"2023-08-26","Rzeka_A",6.301
"2023-08-27","Rzeka_A",6.284
"2023-08-28","Rzeka_A",6.274
"2023-08-29","Rzeka_A",6.27
"2023-08-30","Rzeka_A",6.273
"2023-08-31","Rzeka_A",6.282
"2023-09-01","Rzeka_A",6.297
"2023-09-02","Rzeka_A",6.319
"2023-09-03","Rzeka_A",6.348
"2023-09-04","Rzeka_A",6.383
"2023-09-05","Rzeka_A",6.425
"2023-09-06","Rzeka_A",6.473
"2023-09-07","Rzeka_A",6.527
"2023-09-08","Rzeka_A",6.588
"2023-09-09","Rzeka_A",6.655
"2023-09-10","Rzeka_A",6.729
"2023-09-11","Rzeka_A",6.808
"2023-09-12","Rzeka_A",6.893
"2023-09-13","Rzeka_A",6.984
"2023-09-14","Rzeka_A",7.08
"2023-09-15","Rzeka_A",7.182
"2023-09-16","Rzeka_A",7.289
"2023-09-17","Rzeka_A",7.401
"2023-09-18","Rzeka_A",7.518
"2023-09-19","Rzeka_A",7.639
"2023-09-20","Rzeka_A",7.764
"2023-09-21","Rzeka_A",7.894
"2023-09-22","Rzeka_A",8.027
"2023-09-23","Rzeka_A",8.163
"2023-09-24","Rzeka_A",8.303
"2023-09-25","Rzeka_A",8.446
"2023-09-26","Rzeka_A",8.591
"2023-09-27","Rzeka_A",8.738
"2023-09-28","Rzeka_A",8.888
"2023-09-29","Rzeka_A",9.039
"2023-09-30","Rzeka_A",9.192
"2023-10-01","Rzeka_A",9.345
"2023-10-02","Rzeka_A",9.5
"2023-10-03","Rzeka_A",9.655
"2023-10-04","Rzeka_A",9.81
"2023-10-05","Rzeka_A",9.965
"2023-10-06","Rzeka_A",10.12
"2023-10-07","Rzeka_A",10.274
"2023-10-08","Rzeka_A",10.426
"2023-10-09","Rzeka_A",10.578
"2023-10-10","Rzeka_A",10.728
"2023-10-11","Rzeka_A",10.876
"2023-10-12","Rzeka_A",11.023
"2023-10-13","Rzeka_A",11.167
"2023-10-14","Rzeka_A",11.308
"2023-10-15","Rzeka_A",11.447
"2023-10-16","Rzeka_A",11.583
"2023-10-17","Rzeka_A",11.715
"2023-10-18","Rzeka_A",11.845
"2023-10-19","Rzeka_A",11.971
"2023-10-20","Rzeka_A",12.093
"2023-10-21","Rzeka_A",12.212
"2023-10-22","Rzeka_A",12.327
"2023-10-23","Rzeka_A",12.437
"2023-10-24","Rzeka_A",12.544
"2023-10-25","Rzeka_A",12.647
"2023-10-26","Rzeka_A",12.745
"2023-10-27","Rzeka_A",12.84
"2023-10-28","Rzeka_A",12.93
"2023-10-29","Rzeka_A",13.015
"2023-10-30","Rzeka_A",13.097
"2023-10-31","Rzeka_A",13.174
"2023-11-01","Rzeka_A",13.248
"2023-11-02","Rzeka_A",13.317
"2023-11-03","Rzeka_A",13.382
"2023-11-04","Rzeka_A",13.444
"2023-11-05","Rzeka_A",13.501
"2023-11-06","Rzeka_A",13.555
"2023-11-07","Rzeka_A",13.605
"2023-11-08","Rzeka_A",13.652
"2023-11-09","Rzeka_A",13.696
"2023-11-10","Rzeka_A",13.737
"2023-11-11","Rzeka_A",13.774
"2023-11-12","Rzeka_A",13.809
"2023-11-13","Rzeka_A",13.842
"2023-11-14","Rzeka_A",13.872
"2023-11-15","Rzeka_A",13.901
"2023-11-16","Rzeka_A",13.927
"2023-11-17","Rzeka_A",13.952
"2023-11-18","Rzeka_A",13.976
"2023-11-19","Rzeka_A",13.998
"2023-11-20","Rzeka_A",14.02
"2023-11-21","Rzeka_A",14.041
"2023-11-22","Rzeka_A",14.062
"2023-11-23","Rzeka_A",14.083
"2023-11-24","Rzeka_A",14.104
"2023-11-25","Rzeka_A",14.125
"2023-11-26","Rzeka_A",14.147
"2023-11-27","Rzeka_A",14.17
"2023-11-28","Rzeka_A",14.194
"2023-11-29","Rzeka_A",14.22
"2023-11-30","Rzeka_A",14.247
"2023-12-01","Rzeka_A",14.276
"2023-12-02","Rzeka_A",14.307
"2023-12-03","Rzeka_A",14.34
"2023-12-04","Rzeka_A",14.376
"2023-12-05","Rzeka_A",14.415
"2023-12-06","Rzeka_A",14.456
"2023-12-07","Rzeka_A",14.501
"2023-12-08","Rzeka_A",14.549
"2023-12-09","Rzeka_A",14.6
"2023-12-10","Rzeka_A",14.654
"2023-12-11","Rzeka_A",14.712
"2023-12-12","Rzeka_A",14.774
"2023-12-13","Rzeka_A",14.839
"2023-12-14","Rzeka_A",14.909
"2023-12-15","Rzeka_A",14.982
"2023-12-16","Rzeka_A",15.059
"2023-12-17","Rzeka_A",15.14
"2023-12-18","Rzeka_A",15.225
"2023-12-19","Rzeka_A",15.314
"2023-12-20","Rzeka_A",15.406
"2023-12-21","Rzeka_A",15.503
"2023-12-22","Rzeka_A",15.603
"2023-12-23","Rzeka_A",15.708
"2023-12-24","Rzeka_A",15.815
"2023-12-25","Rzeka_A",15.927
"2023-12-26","Rzeka_A",16.041
"2023-12-27","Rzeka_A",16.159
"2023-12-28","Rzeka_A",16.28
"2023-12-29","Rzeka_A",16.404
"2023-12-30","Rzeka_A",16.531
"2023-12-31","Rzeka_A",16.66
"2024-01-01","Rzeka_A",16.791
"2024-01-02","Rzeka_A",16.925
"2024-01-03","Rzeka_A",17.061
"2024-01-04","Rzeka_A",17.198
"2024-01-05","Rzeka_A",17.336
"2024-01-06","Rzeka_A",17.476
"2024-01-07","Rzeka_A",17.617
"2024-01-08","Rzeka_A",17.758
"2024-01-09","Rzeka_A",17.899
"2024-01-10","Rzeka_A",18.041
"2024-01-11","Rzeka_A",18.182
"2024-01-12","Rzeka_A",18.323
"2024-01-13","Rzeka_A",18.462
"2024-01-14","Rzeka_A",18.601
"2024-01-15","Rzeka_A",18.738
"2024-01-16","Rzeka_A",18.873
"2024-01-17","Rzeka_A",19.006
"2024-01-18","Rzeka_A",19.137
"2024-01-19","Rzeka_A",19.265
"2024-01-20","Rzeka_A",19.391
"2024-01-21","Rzeka_A",19.513
"2024-01-22","Rzeka_A",19.631
"2024-01-23","Rzeka_A",19.746
"2024-01-24","Rzeka_A",19.856
"2024-01-25","Rzeka_A",19.963
"2024-01-26","Rzeka_A",20.064
"2024-01-27","Rzeka_A",20.161
"2024-01-28","Rzeka_A",20.253
"2024-01-29","Rzeka_A",20.34
"2024-01-30","Rzeka_A",20.421
"2024-01-31","Rzeka_A",20.497
"2024-02-01","Rzeka_A",20.567
"2024-02-02","Rzeka_A",20.631
"2024-02-03","Rzeka_A",20.689
"2024-02-04","Rzeka_A",20.741
"2024-02-05","Rzeka_A",20.786
"2024-02-06","Rzeka_A",20.825
"2024-02-07","Rzeka_A",20.858
"2024-02-08","Rzeka_A",20.884
"2024-02-09","Rzeka_A",20.903
"2024-02-10","Rzeka_A",20.916
"2024-02-11","Rzeka_A",
"2024-02-12","Rzeka_A",20.922
"2024-02-13","Rzeka_A",20.915
"2024-02-14","Rzeka_A",20.902
"2024-02-15","Rzeka_A",20.882
"2024-02-16","Rzeka_A",20.855
"2024-02-17","Rzeka_A",20.823
"2024-02-18","Rzeka_A",20.784
"2024-02-19","Rzeka_A",20.739
"2024-02-20","Rzeka_A",20.688
"2024-02-21","Rzeka_A",20.632
"2024-02-22","Rzeka_A",20.57
"2024-02-23","Rzeka_A",20.502
"2024-02-24","Rzeka_A",20.429
"2024-02-25","Rzeka_A",20.352
"2024-02-26","Rzeka_A",20.269
"2024-02-27","Rzeka_A",20.182
"2024-02-28","Rzeka_A",20.09
"2024-02-29","Rzeka_A",19.995
"2024-03-01","Rzeka_A",19.896
"2024-03-02","Rzeka_A",19.793
"2024-03-03","Rzeka_A",19.687
"2024-03-04","Rzeka_A",19.578
"2024-03-05","Rzeka_A",19.466
"2024-03-06","Rzeka_A",19.352
"2024-03-07","Rzeka_A",19.236
"2024-03-08","Rzeka_A",19.118
"2024-03-09","Rzeka_A",18.998
"2024-03-10","Rzeka_A",18.878
"2024-03-11","Rzeka_A",18.756
"2024-03-12","Rzeka_A",18.634
"2024-03-13","Rzeka_A",18.511
"2024-03-14","Rzeka_A",18.388
"2024-03-15","Rzeka_A",18.266
"2024-03-16","Rzeka_A",18.144
"2024-03-17","Rzeka_A",18.023
"2024-03-18","Rzeka_A",17.903
"2024-03-19","Rzeka_A",17.784
"2024-03-20","Rzeka_A",17.666
"2024-03-21","Rzeka_A",17.551
"2024-03-22","Rzeka_A",17.437
"2024-03-23","Rzeka_A",17.326
"2024-03-24","Rzeka_A",17.217
"2024-03-25","Rzeka_A",17.11
"2024-03-26","Rzeka_A",17.007
"2024-03-27","Rzeka_A",16.906
"2024-03-28","Rzeka_A",16.808
"2024-03-29","Rzeka_A",16.713
"2024-03-30","Rzeka_A",16.622
"2024-03-31","Rzeka_A",16.534
"2024-04-01","Rzeka_A",16.45
"2024-04-02","Rzeka_A",16.369
"2024-04-03","Rzeka_A",16.292
"2024-04-04","Rzeka_A",16.218
"2024-04-05","Rzeka_A",16.148
"2024-04-06","Rzeka_A",16.081
"2024-04-07","Rzeka_A",16.019
"2024-04-08","Rzeka_A",15.959
"2024-04-09","Rzeka_A",15.904
"2024-04-10","Rzeka_A",15.852
"2024-04-11","Rzeka_A",15.803
"2024-04-12","Rzeka_A",15.757
"2024-04-13","Rzeka_A",15.715
"2024-04-14","Rzeka_A",15.676
"2024-04-15","Rzeka_A",15.64
"2024-04-16","Rzeka_A",15.606
"2024-04-17","Rzeka_A",15.575
"2024-04-18","Rzeka_A",15.547
"2024-04-19","Rzeka_A",15.521
"2024-04-20","Rzeka_A",15.497
"2024-04-21","Rzeka_A",15.475
"2024-04-22","Rzeka_A",15.454
"2024-04-23","Rzeka_A",15.435
"2024-04-24","Rzeka_A",15.417
"2024-04-25","Rzeka_A",15.4
"2024-04-26","Rzeka_A",15.384
"2024-04-27","Rzeka_A",15.368
"2024-04-28","Rzeka_A",15.353
"2024-04-29","Rzeka_A",15.337
"2024-04-30","Rzeka_A",15.321
"2024-05-01","Rzeka_A",15.305
"2024-05-02","Rzeka_A",15.287
"2024-05-03","Rzeka_A",15.269
"2024-05-04","Rzeka_A",15.25
"2024-05-05","Rzeka_A",15.228
"2024-05-06","Rzeka_A",15.205
"2024-05-07","Rzeka_A",15.18
"2024-05-08","Rzeka_A",15.153
"2024-05-09","Rzeka_A",15.123
"2024-05-10","Rzeka_A",15.091
"2024-05-11","Rzeka_A",15.055
"2024-05-12","Rzeka_A",15.017
"2024-05-13","Rzeka_A",14.975
"2024-05-14","Rzeka_A",14.93
"2024-05-15","Rzeka_A",14.881
"2024-05-16","Rzeka_A",14.828
"2024-05-17","Rzeka_A",14.771
"2024-05-18","Rzeka_A",14.71
"2024-05-19","Rzeka_A",14.645
"2024-05-20","Rzeka_A",14.575
"2024-05-21","Rzeka_A",14.502
"2024-05-22","Rzeka_A",14.423
"2024-05-23","Rzeka_A",14.341
"2024-05-24","Rzeka_A",14.253
"2024-05-25","Rzeka_A",14.161
"2024-05-26","Rzeka_A",14.065
"2024-05-27","Rzeka_A",13.964
"2024-05-28","Rzeka_A",13.858
"2024-05-29","Rzeka_A",13.748
"2024-05-30","Rzeka_A",13.633
"2024-05-31","Rzeka_A",13.514
"2024-06-01","Rzeka_A",13.391
"2024-06-02","Rzeka_A",13.264
"2024-06-03","Rzeka_A",13.132
"2024-06-04","Rzeka_A",12.997
"2024-06-05","Rzeka_A",12.858
"2024-06-06","Rzeka_A",12.716
"2024-06-07","Rzeka_A",12.57
"2024-06-08","Rzeka_A",12.421
"2024-06-09","Rzeka_A",12.269
"2024-06-10","Rzeka_A",12.114
"2024-06-11","Rzeka_A",11.957
"2024-06-12","Rzeka_A",11.797
"2024-06-13","Rzeka_A",11.636
"2024-06-14","Rzeka_A",11.472
"2024-06-15","Rzeka_A",11.308
"2024-06-16","Rzeka_A",11.142
"2024-06-17","Rzeka_A",10.975
"2024-06-18","Rzeka_A",10.808
"2024-06-19","Rzeka_A",10.64
"2024-06-20","Rzeka_A",10.473
"2024-06-21","Rzeka_A",10.305
"2024-06-22","Rzeka_A",10.139
"2024-06-23","Rzeka_A",9.973
"2024-06-24","Rzeka_A",9.808
"2024-06-25","Rzeka_A",9.646
"2024-06-26","Rzeka_A",9.485
"2024-06-27","Rzeka_A",9.326
"2024-06-28","Rzeka_A",9.169
"2024-06-29","Rzeka_A",9.016
"2024-06-30","Rzeka_A",8.865
"2024-07-01","Rzeka_A",8.718
"2024-07-02","Rzeka_A",8.574
"2024-07-03","Rzeka_A",8.435
"2024-07-04","Rzeka_A",8.299
"2024-07-05","Rzeka_A",8.168
"2024-07-06","Rzeka_A",8.041
"2024-07-07","Rzeka_A",7.919
"2024-07-08","Rzeka_A",7.803
"2024-07-09","Rzeka_A",7.691
"2024-07-10","Rzeka_A",7.585
"2024-07-11","Rzeka_A",7.485
"2024-07-12","Rzeka_A",7.39
"2024-07-13","Rzeka_A",7.301
"2024-07-14","Rzeka_A",7.218
"2024-07-15","Rzeka_A",7.142
"2024-07-16","Rzeka_A",7.071
"2024-07-17","Rzeka_A",7.007
"2024-07-18","Rzeka_A",6.949
"2024-07-19","Rzeka_A",6.898
"2024-07-20","Rzeka_A",6.853
"2024-07-21","Rzeka_A",6.814
"2024-07-22","Rzeka_A",6.782
"2024-07-23","Rzeka_A",6.756
"2024-07-24","Rzeka_A",6.737
"2024-07-25","Rzeka_A",6.724
"2024-07-26","Rzeka_A",6.717
"2024-07-27","Rzeka_A",6.716
"2024-07-28","Rzeka_A",6.721
"2024-07-29","Rzeka_A",6.732
"2024-07-30","Rzeka_A",6.748
"2024-07-31","Rzeka_A",6.77
"2024-08-01","Rzeka_A",6.798
"2024-08-02","Rzeka_A",6.831
"2024-08-03","Rzeka_A",6.869
"2024-08-04","Rzeka_A",6.911
"2024-08-05","Rzeka_A",6.958
"2024-08-06","Rzeka_A",7.01
"2024-08-07","Rzeka_A",7.066
"2024-08-08","Rzeka_A",7.125
"2024-08-09","Rzeka_A",7.188
"2024-08-10","Rzeka_A",7.255
"2024-08-11","Rzeka_A",7.324
"2024-08-12","Rzeka_A",7.397
"2024-08-13","Rzeka_A",7.472
"2024-08-14","Rzeka_A",7.549
"2024-08-15","Rzeka_A",7.628
"2024-08-16","Rzeka_A",7.709
"2024-08-17","Rzeka_A",7.791
"2024-08-18","Rzeka_A",7.875
"2024-08-19","Rzeka_A",7.959
"2024-08-20","Rzeka_A",8.044
"2024-08-21","Rzeka_A",8.129
"2024-08-22","Rzeka_A",8.214
"2024-08-23","Rzeka_A",8.299
"2024-08-24","Rzeka_A",8.383
"2024-08-25","Rzeka_A",8.467
"2024-08-26","Rzeka_A",8.55
"2024-08-27","Rzeka_A",8.631
"2024-08-28","Rzeka_A",8.711
"2024-08-29","Rzeka_A",8.789
"2024-08-30","Rzeka_A",8.866
"2024-08-31","Rzeka_A",8.94
"2024-09-01","Rzeka_A",9.012
"2024-09-02","Rzeka_A",9.082
"2024-09-03","Rzeka_A",9.149
"2024-09-04","Rzeka_A",9.213
"2024-09-05","Rzeka_A",9.275
"2024-09-06","Rzeka_A",9.334
"2024-09-07","Rzeka_A",9.389
"2024-09-08","Rzeka_A",9.442
"2024-09-09","Rzeka_A",9.491
"2024-09-10","Rzeka_A",9.537
"2024-09-11","Rzeka_A",9.58
"2024-09-12","Rzeka_A",9.62
"2024-09-13","Rzeka_A",9.657
"2024-09-14","Rzeka_A",9.69
"2024-09-15","Rzeka_A",9.72
"2024-09-16","Rzeka_A",9.747
"2024-09-17","Rzeka_A",9.771
"2024-09-18","Rzeka_A",9.792
"2024-09-19","Rzeka_A",9.81
"2024-09-20","Rzeka_A",9.826
"2024-09-21","Rzeka_A",9.839
"2024-09-22","Rzeka_A",9.849
"2024-09-23","Rzeka_A",9.857
"2024-09-24","Rzeka_A",9.863
"2024-09-25","Rzeka_A",9.867
"2024-09-26","Rzeka_A",9.869
"2024-09-27","Rzeka_A",9.869
"2024-09-28","Rzeka_A",9.868
"2024-09-29","Rzeka_A",9.866
"2024-09-30","Rzeka_A",9.863
"2024-10-01","Rzeka_A",9.86
"2024-10-02","Rzeka_A",9.856
"2024-10-03","Rzeka_A",9.851
"2024-10-04","Rzeka_A",9.847
"2024-10-05","Rzeka_A",9.843
"2024-10-06","Rzeka_A",9.84
"2024-10-07","Rzeka_A",9.837
"2024-10-08","Rzeka_A",9.836
"2024-10-09","Rzeka_A",9.836
"2024-10-10","Rzeka_A",9.837
"2024-10-11","Rzeka_A",9.841
"2024-10-12","Rzeka_A",9.846
"2024-10-13","Rzeka_A",9.854
"2024-10-14","Rzeka_A",9.864
"2024-10-15","Rzeka_A",9.878
"2024-10-16","Rzeka_A",9.894
"2024-10-17","Rzeka_A",9.914
"2024-10-18","Rzeka_A",9.937
"2024-10-19","Rzeka_A",9.964
"2024-10-20","Rzeka_A",9.995
"2024-10-21","Rzeka_A",10.03
"2024-10-22","Rzeka_A",10.07
"2024-10-23","Rzeka_A",10.113
"2024-10-24","Rzeka_A",10.162
"2024-10-25","Rzeka_A",10.215
"2024-10-26","Rzeka_A",10.273
"2024-10-27","Rzeka_A",10.336
"2024-10-28","Rzeka_A",10.404
"2024-10-29","Rzeka_A",10.477
"2024-10-30","Rzeka_A",10.555
"2024-10-31","Rzeka_A",10.639
"2024-11-01","Rzeka_A",10.728
"2024-11-02","Rzeka_A",10.822
"2024-11-03","Rzeka_A",10.921
"2024-11-04","Rzeka_A",11.025
"2024-11-05","Rzeka_A",11.135
"2024-11-06","Rzeka_A",11.25
"2024-11-07","Rzeka_A",11.37
"2024-11-08","Rzeka_A",11.495
"2024-11-09","Rzeka_A",11.625
"2024-11-10","Rzeka_A",11.759
"2024-11-11","Rzeka_A",11.898
"2024-11-12","Rzeka_A",12.042
"2024-11-13","Rzeka_A",12.189
"2024-11-14","Rzeka_A",12.341
"2024-11-15","Rzeka_A",12.497
"2024-11-16","Rzeka_A",12.656
"2024-11-17","Rzeka_A",12.819
"2024-11-18","Rzeka_A",12.985
"2024-11-19","Rzeka_A",13.154
"2024-11-20","Rzeka_A",13.326
"2024-11-21","Rzeka_A",13.5
"2024-11-22","Rzeka_A",13.676
"2024-11-23","Rzeka_A",13.855
"2024-11-24","Rzeka_A",14.034
"2024-11-25","Rzeka_A",14.216
"2024-11-26","Rzeka_A",14.398
"2024-11-27","Rzeka_A",14.581
"2024-11-28","Rzeka_A",14.764
"2024-11-29","Rzeka_A",14.947
"2024-11-30","Rzeka_A",15.13
"2024-12-01","Rzeka_A",15.312
"2024-12-02","Rzeka_A",15.494
"2024-12-03","Rzeka_A",15.674
"2024-12-04","Rzeka_A",15.853
"2024-12-05","Rzeka_A",16.03
"2024-12-06","Rzeka_A",16.205
"2024-12-07","Rzeka_A",16.377
"2024-12-08","Rzeka_A",16.547
"2024-12-09","Rzeka_A",16.714
"2024-12-10","Rzeka_A",16.878
"2024-12-11","Rzeka_A",17.038
"2024-12-12","Rzeka_A",17.194
"2024-12-13","Rzeka_A",17.346
"2024-12-14","Rzeka_A",17.494
"2024-12-15","Rzeka_A",17.638
"2024-12-16","Rzeka_A",17.777
"2024-12-17","Rzeka_A",17.911
"2024-12-18","Rzeka_A",18.04
"2024-12-19","Rzeka_A",18.163
"2024-12-20","Rzeka_A",18.282
"2024-12-21","Rzeka_A",18.394
"2024-12-22","Rzeka_A",18.502
"2024-12-23","Rzeka_A",18.603
"2024-12-24","Rzeka_A",18.699
"2024-12-25","Rzeka_A",18.789
"2024-12-26","Rzeka_A",18.872
"2024-12-27","Rzeka_A",18.95
"2024-12-28","Rzeka_A",19.022
"2024-12-29","Rzeka_A",19.088
"2024-12-30","Rzeka_A",19.148
"2024-12-31","Rzeka_A",19.202
"2010-01-01","Rzeka_B",11.627
"2010-01-02","Rzeka_B",11.726
"2010-01-03","Rzeka_B",11.822
"2010-01-04","Rzeka_B",11.916
"2010-01-05","Rzeka_B",12.008
"2010-01-06","Rzeka_B",12.096
"2010-01-07","Rzeka_B",12.182
"2010-01-08","Rzeka_B",12.264
"2010-01-09","Rzeka_B",12.343
"2010-01-10","Rzeka_B",12.419
"2010-01-11","Rzeka_B",12.491
"2010-01-12","Rzeka_B",12.559
"2010-01-13","Rzeka_B",12.623
"2010-01-14","Rzeka_B",12.683
"2010-01-15","Rzeka_B",12.739
"2010-01-16","Rzeka_B",12.79
"2010-01-17","Rzeka_B",12.837
"2010-01-18","Rzeka_B",12.879
"2010-01-19","Rzeka_B",12.917
"2010-01-20","Rzeka_B",12.95
"2010-01-21","Rzeka_B",12.979
"2010-01-22","Rzeka_B",13.002
"2010-01-23","Rzeka_B",13.021
"2010-01-24","Rzeka_B",13.034
"2010-01-25","Rzeka_B",13.043
"2010-01-26","Rzeka_B",13.047
"2010-01-27","Rzeka_B",13.046
"2010-01-28","Rzeka_B",13.04
"2010-01-29","Rzeka_B",13.029
"2010-01-30","Rzeka_B",13.013
"2010-01-31","Rzeka_B",12.993
"2010-02-01","Rzeka_B",12.968
"2010-02-02","Rzeka_B",12.938
"2010-02-03","Rzeka_B",12.903
"2010-02-04","Rzeka_B",12.865
"2010-02-05","Rzeka_B",12.821
"2010-02-06","Rzeka_B",12.774
"2010-02-07","Rzeka_B",12.722
"2010-02-08","Rzeka_B",12.667
"2010-02-09","Rzeka_B",12.607
"2010-02-10","Rzeka_B",12.544
"2010-02-11","Rzeka_B",12.478
"2010-02-12","Rzeka_B",12.408
"2010-02-13","Rzeka_B",12.335
"2010-02-14","Rzeka_B",12.259
"2010-02-15","Rzeka_B",12.18
"2010-02-16","Rzeka_B",12.098
"2010-02-17","Rzeka_B",12.015
"2010-02-18","Rzeka_B",11.929
"2010-02-19","Rzeka_B",11.841
"2010-02-20","Rzeka_B",11.751
"2010-02-21","Rzeka_B",11.66
"2010-02-22","Rzeka_B",11.568
"2010-02-23","Rzeka_B",11.474
"2010-02-24","Rzeka_B",11.38
"2010-02-25","Rzeka_B",11.285
"2010-02-26","Rzeka_B",11.19
"2010-02-27","Rzeka_B",11.094
"2010-02-28","Rzeka_B",10.999
"2010-03-01","Rzeka_B",10.903
"2010-03-02","Rzeka_B",10.808
"2010-03-03","Rzeka_B",10.714
"2010-03-04","Rzeka_B",10.621
"2010-03-05","Rzeka_B",10.528
"2010-03-06","Rzeka_B",10.437
"2010-03-07","Rzeka_B",10.348
"2010-03-08","Rzeka_B",10.259
"2010-03-09","Rzeka_B",10.173
"2010-03-10","Rzeka_B",10.089
"2010-03-11","Rzeka_B",10.006
"2010-03-12","Rzeka_B",9.926
"2010-03-13","Rzeka_B",9.848
"2010-03-14","Rzeka_B",9.773
"2010-03-15","Rzeka_B",9.7
"2010-03-16","Rzeka_B",9.63
"2010-03-17","Rzeka_B",9.562
"2010-03-18","Rzeka_B",9.498
"2010-03-19","Rzeka_B",9.436
"2010-03-20","Rzeka_B",9.378
"2010-03-21","Rzeka_B",9.322
"2010-03-22","Rzeka_B",9.27
"2010-03-23","Rzeka_B",9.22
"2010-03-24","Rzeka_B",9.174
"2010-03-25","Rzeka_B",9.131
"2010-03-26","Rzeka_B",9.09
"2010-03-27","Rzeka_B",9.053
"2010-03-28","Rzeka_B",9.019
"2010-03-29","Rzeka_B",8.988
"2010-03-30","Rzeka_B",8.96
"2010-03-31","Rzeka_B",8.935
"2010-04-01","Rzeka_B",8.913
"2010-04-02","Rzeka_B",8.893
"2010-04-03","Rzeka_B",8.876
"2010-04-04","Rzeka_B",8.861
"2010-04-05","Rzeka_B",8.849
"2010-04-06","Rzeka_B",8.839
"2010-04-07","Rzeka_B",8.831
"2010-04-08","Rzeka_B",8.826
"2010-04-09","Rzeka_B",8.822
"2010-04-10","Rzeka_B",8.82
"2010-04-11","Rzeka_B",8.819
"2010-04-12","Rzeka_B",8.82
"2010-04-13","Rzeka_B",8.822
"2010-04-14","Rzeka_B",8.825
"2010-04-15","Rzeka_B",8.829
"2010-04-16","Rzeka_B",8.834
"2010-04-17","Rzeka_B",8.839
"2010-04-18","Rzeka_B",8.845
"2010-04-19","Rzeka_B",8.851
"2010-04-20","Rzeka_B",8.857
"2010-04-21","Rzeka_B",8.863
"2010-04-22","Rzeka_B",8.868
"2010-04-23","Rzeka_B",8.873
"2010-04-24","Rzeka_B",8.877
"2010-04-25","Rzeka_B",8.881
"2010-04-26","Rzeka_B",8.883
"2010-04-27","Rzeka_B",8.884
"2010-04-28","Rzeka_B",8.884
"2010-04-29","Rzeka_B",8.883
"2010-04-30","Rzeka_B",8.879
"2010-05-01","Rzeka_B",8.874
"2010-05-02","Rzeka_B",8.867
"2010-05-03","Rzeka_B",8.858
"2010-05-04","Rzeka_B",8.847
"2010-05-05","Rzeka_B",8.834
"2010-05-06","Rzeka_B",8.818
"2010-05-07","Rzeka_B",8.8
"2010-05-08","Rzeka_B",8.779
"2010-05-09","Rzeka_B",8.756
"2010-05-10","Rzeka_B",8.73
"2010-05-11","Rzeka_B",8.701
"2010-05-12","Rzeka_B",8.67
"2010-05-13","Rzeka_B",8.636
"2010-05-14","Rzeka_B",8.599
"2010-05-15","Rzeka_B",8.559
"2010-05-16","Rzeka_B",8.516
"2010-05-17","Rzeka_B",8.471
"2010-05-18","Rzeka_B",8.422
"2010-05-19","Rzeka_B",8.371
"2010-05-20","Rzeka_B",8.318
"2010-05-21","Rzeka_B",8.261
"2010-05-22","Rzeka_B",8.202
"2010-05-23","Rzeka_B",8.141
"2010-05-24","Rzeka_B",8.076
"2010-05-25","Rzeka_B",8.01
"2010-05-26","Rzeka_B",7.941
"2010-05-27","Rzeka_B",7.87
"2010-05-28","Rzeka_B",7.798
"2010-05-29","Rzeka_B",7.723
"2010-05-30","Rzeka_B",7.646
"2010-05-31","Rzeka_B",7.568
"2010-06-01","Rzeka_B",7.488
"2010-06-02","Rzeka_B",7.407
"2010-06-03","Rzeka_B",7.324
"2010-06-04","Rzeka_B",7.241
"2010-06-05","Rzeka_B",7.156
"2010-06-06","Rzeka_B",7.071
"2010-06-07","Rzeka_B",6.985
"2010-06-08","Rzeka_B",6.899
"2010-06-09","Rzeka_B",6.813
"2010-06-10","Rzeka_B",6.726
"2010-06-11","Rzeka_B",6.64
"2010-06-12","Rzeka_B",6.554
"2010-06-13","Rzeka_B",6.468
"2010-06-14","Rzeka_B",6.383
"2010-06-15","Rzeka_B",6.299
"2010-06-16","Rzeka_B",6.216
"2010-06-17","Rzeka_B",6.134
"2010-06-18","Rzeka_B",6.053
"2010-06-19","Rzeka_B",5.974
"2010-06-20","Rzeka_B",5.896
"2010-06-21","Rzeka_B",5.82
"2010-06-22","Rzeka_B",5.746
"2010-06-23","Rzeka_B",5.674
"2010-06-24","Rzeka_B",5.604
"2010-06-25","Rzeka_B",5.536
"2010-06-26","Rzeka_B",5.471
"2010-06-27","Rzeka_B",5.408
"2010-06-28","Rzeka_B",5.348
"2010-06-29","Rzeka_B",5.29
"2010-06-30","Rzeka_B",5.235
"2010-07-01","Rzeka_B",5.183
"2010-07-02","Rzeka_B",5.134
"2010-07-03","Rzeka_B",5.088
"2010-07-04","Rzeka_B",5.045
"2010-07-05","Rzeka_B",5.004
"2010-07-06","Rzeka_B",4.967
"2010-07-07","Rzeka_B",4.932
"2010-07-08","Rzeka_B",4.901
"2010-07-09","Rzeka_B",4.873
"2010-07-10","Rzeka_B",4.847
"2010-07-11","Rzeka_B",4.825
"2010-07-12","Rzeka_B",4.805
"2010-07-13","Rzeka_B",4.789
"2010-07-14","Rzeka_B",4.775
"2010-07-15","Rzeka_B",4.764
"2010-07-16","Rzeka_B",4.755
"2010-07-17","Rzeka_B",4.749
"2010-07-18","Rzeka_B",4.745
"2010-07-19","Rzeka_B",4.744
"2010-07-20","Rzeka_B",4.745
"2010-07-21","Rzeka_B",4.749
"2010-07-22","Rzeka_B",4.754
"2010-07-23","Rzeka_B",4.761
"2010-07-24","Rzeka_B",4.77
"2010-07-25","Rzeka_B",4.78
"2010-07-26","Rzeka_B",4.792
"2010-07-27","Rzeka_B",4.805
"2010-07-28","Rzeka_B",4.82
"2010-07-29","Rzeka_B",4.835
"2010-07-30","Rzeka_B",4.851
"2010-07-31","Rzeka_B",4.868
"2010-08-01","Rzeka_B",4.886
"2010-08-02","Rzeka_B",4.904
"2010-08-03","Rzeka_B",4.922
"2010-08-04","Rzeka_B",4.94
"2010-08-05","Rzeka_B",4.957
"2010-08-06","Rzeka_B",4.975
"2010-08-07","Rzeka_B",4.992
"2010-08-08","Rzeka_B",5.009
"2010-08-09","Rzeka_B",5.025
"2010-08-10","Rzeka_B",5.04
"2010-08-11","Rzeka_B",5.054
"2010-08-12","Rzeka_B",5.067
"2010-08-13","Rzeka_B",5.078
"2010-08-14","Rzeka_B",5.089
"2010-08-15","Rzeka_B",5.097
"2010-08-16","Rzeka_B",5.105
"2010-08-17","Rzeka_B",5.11
"2010-08-18","Rzeka_B",5.114
"2010-08-19","Rzeka_B",5.115
"2010-08-20","Rzeka_B",5.115
"2010-08-21","Rzeka_B",5.113
"2010-08-22","Rzeka_B",5.109
"2010-08-23","Rzeka_B",5.103
"2010-08-24","Rzeka_B",5.094
"2010-08-25","Rzeka_B",5.084
"2010-08-26","Rzeka_B",5.071
"2010-08-27","Rzeka_B",5.056
"2010-08-28","Rzeka_B",5.039
"2010-08-29","Rzeka_B",5.02
"2010-08-30","Rzeka_B",4.998
"2010-08-31","Rzeka_B",4.975
"2010-09-01","Rzeka_B",4.95
"2010-09-02","Rzeka_B",4.922
"2010-09-03","Rzeka_B",4.893
"2010-09-04","Rzeka_B",4.862
"2010-09-05","Rzeka_B",4.83
"2010-09-06","Rzeka_B",4.795
"2010-09-07","Rzeka_B",4.76
"2010-09-08","Rzeka_B",4.723
"2010-09-09","Rzeka_B",4.684
"2010-09-10","Rzeka_B",4.645
"2010-09-11","Rzeka_B",4.605
"2010-09-12","Rzeka_B",4.564
"2010-09-13","Rzeka_B",4.522
"2010-09-14","Rzeka_B",4.48
"2010-09-15","Rzeka_B",4.437
"2010-09-16","Rzeka_B",4.395
"2010-09-17","Rzeka_B",4.352
"2010-09-18","Rzeka_B",4.31
"2010-09-19","Rzeka_B",4.268
"2010-09-20","Rzeka_B",4.227
"2010-09-21","Rzeka_B",4.186
"2010-09-22","Rzeka_B",4.147
"2010-09-23","Rzeka_B",4.109
"2010-09-24","Rzeka_B",4.072
"2010-09-25","Rzeka_B",4.037
"2010-09-26","Rzeka_B",4.004
"2010-09-27","Rzeka_B",3.973
"2010-09-28","Rzeka_B",3.944
"2010-09-29","Rzeka_B",3.917
"2010-09-30","Rzeka_B",3.893
"2010-10-01","Rzeka_B",3.872
"2010-10-02","Rzeka_B",3.854
"2010-10-03","Rzeka_B",3.839
"2010-10-04","Rzeka_B",3.827
"2010-10-05","Rzeka_B",3.818
"2010-10-06","Rzeka_B",3.813
"2010-10-07","Rzeka_B",3.812
"2010-10-08","Rzeka_B",3.815
"2010-10-09","Rzeka_B",3.822
"2010-10-10","Rzeka_B",3.833
"2010-10-11","Rzeka_B",3.848
"2010-10-12","Rzeka_B",3.867
"2010-10-13","Rzeka_B",3.891
"2010-10-14","Rzeka_B",3.919
"2010-10-15","Rzeka_B",3.952
"2010-10-16","Rzeka_B",3.99
"2010-10-17","Rzeka_B",4.032
"2010-10-18","Rzeka_B",4.079
"2010-10-19","Rzeka_B",4.13
"2010-10-20","Rzeka_B",4.186
"2010-10-21","Rzeka_B",4.247
"2010-10-22","Rzeka_B",4.313
"2010-10-23","Rzeka_B",4.383
"2010-10-24","Rzeka_B",4.458
"2010-10-25","Rzeka_B",4.538
"2010-10-26","Rzeka_B",4.622
"2010-10-27","Rzeka_B",4.71
"2010-10-28","Rzeka_B",4.803
"2010-10-29","Rzeka_B",4.9
"2010-10-30","Rzeka_B",5.001
"2010-10-31","Rzeka_B",5.106
"2010-11-01","Rzeka_B",5.215
"2010-11-02","Rzeka_B",5.328
"2010-11-03","Rzeka_B",5.444
"2010-11-04","Rzeka_B",5.564
"2010-11-05","Rzeka_B",5.687
"2010-11-06","Rzeka_B",5.813
"2010-11-07","Rzeka_B",5.942
"2010-11-08","Rzeka_B",6.073
"2010-11-09","Rzeka_B",6.208
"2010-11-10","Rzeka_B",6.344
"2010-11-11","Rzeka_B",6.482
"2010-11-12","Rzeka_B",6.623
"2010-11-13","Rzeka_B",6.765
"2010-11-14","Rzeka_B",6.908
"2010-11-15","Rzeka_B",7.053
"2010-11-16","Rzeka_B",7.199
"2010-11-17","Rzeka_B",7.345
"2010-11-18","Rzeka_B",7.492
"2010-11-19","Rzeka_B",7.639
"2010-11-20","Rzeka_B",7.786
"2010-11-21","Rzeka_B",7.933
"2010-11-22","Rzeka_B",8.08
"2010-11-23","Rzeka_B",8.226
"2010-11-24","Rzeka_B",8.371
"2010-11-25","Rzeka_B",8.515
"2010-11-26","Rzeka_B",8.657
"2010-11-27","Rzeka_B",8.798
"2010-11-28","Rzeka_B",8.938
"2010-11-29","Rzeka_B",9.075
"2010-11-30","Rzeka_B",9.211
"2010-12-01","Rzeka_B",9.344
"2010-12-02","Rzeka_B",9.474
"2010-12-03","Rzeka_B",9.602
"2010-12-04","Rzeka_B",9.728
"2010-12-05","Rzeka_B",9.85
"2010-12-06","Rzeka_B",9.969
"2010-12-07","Rzeka_B",10.085
"2010-12-08","Rzeka_B",10.197
"2010-12-09","Rzeka_B",10.306
"2010-12-10","Rzeka_B",10.412
"2010-12-11","Rzeka_B",10.514
"2010-12-12","Rzeka_B",10.612
"2010-12-13","Rzeka_B",10.706
"2010-12-14","Rzeka_B",10.797
"2010-12-15","Rzeka_B",10.883
"2010-12-16","Rzeka_B",10.966
"2010-12-17","Rzeka_B",11.044
"2010-12-18","Rzeka_B",11.119
"2010-12-19","Rzeka_B",11.19
"2010-12-20","Rzeka_B",11.256
"2010-12-21","Rzeka_B",11.319
"2010-12-22","Rzeka_B",11.378
"2010-12-23","Rzeka_B",11.433
"2010-12-24","Rzeka_B",11.484
"2010-12-25","Rzeka_B",11.531
"2010-12-26","Rzeka_B",11.575
"2010-12-27","Rzeka_B",11.615
"2010-12-28","Rzeka_B",11.651
"2010-12-29","Rzeka_B",11.684
"2010-12-30","Rzeka_B",11.714
"2010-12-31","Rzeka_B",11.74
"2011-01-01","Rzeka_B",11.764
"2011-01-02","Rzeka_B",11.784
"2011-01-03","Rzeka_B",11.802
"2011-01-04","Rzeka_B",11.817
"2011-01-05","Rzeka_B",11.829
"2011-01-06","Rzeka_B",11.839
"2011-01-07","Rzeka_B",11.846
"2011-01-08","Rzeka_B",11.852
"2011-01-09","Rzeka_B",11.855
"2011-01-10","Rzeka_B",11.857
"2011-01-11","Rzeka_B",11.857
"2011-01-12","Rzeka_B",11.856
"2011-01-13","Rzeka_B",11.853
"2011-01-14","Rzeka_B",11.849
"2011-01-15","Rzeka_B",11.844
"2011-01-16","Rzeka_B",11.838
"2011-01-17","Rzeka_B",11.832
"2011-01-18","Rzeka_B",11.825
"2011-01-19","Rzeka_B",11.817
"2011-01-20","Rzeka_B",11.809
"2011-01-21","Rzeka_B",11.801
"2011-01-22","Rzeka_B",11.793
"2011-01-23","Rzeka_B",11.785
"2011-01-24","Rzeka_B",11.778
"2011-01-25","Rzeka_B",11.77
"2011-01-26","Rzeka_B",11.764
"2011-01-27","Rzeka_B",11.757
"2011-01-28","Rzeka_B",11.752
"2011-01-29","Rzeka_B",11.747
"2011-01-30","Rzeka_B",11.743
"2011-01-31","Rzeka_B",11.739
"2011-02-01","Rzeka_B",11.737
"2011-02-02","Rzeka_B",11.735
"2011-02-03","Rzeka_B",11.735
"2011-02-04","Rzeka_B",11.735
"2011-02-05","Rzeka_B",11.737
"2011-02-06","Rzeka_B",11.74
"2011-02-07","Rzeka_B",11.743
"2011-02-08","Rzeka_B",11.748
"2011-02-09","Rzeka_B",11.754
"2011-02-10","Rzeka_B",11.76
"2011-02-11","Rzeka_B",11.768
"2011-02-12","Rzeka_B",11.776
"2011-02-13","Rzeka_B",11.786
"2011-02-14","Rzeka_B",11.796
"2011-02-15","Rzeka_B",11.807
"2011-02-16","Rzeka_B",11.818
"2011-02-17","Rzeka_B",11.83
"2011-02-18","Rzeka_B",11.842
"2011-02-19","Rzeka_B",11.855
"2011-02-20","Rzeka_B",11.868
"2011-02-21","Rzeka_B",11.881
"2011-02-22","Rzeka_B",11.894
"2011-02-23","Rzeka_B",11.907
"2011-02-24","Rzeka_B",11.919
"2011-02-25","Rzeka_B",11.932
"2011-02-26","Rzeka_B",11.943
"2011-02-27","Rzeka_B",11.954
"2011-02-28","Rzeka_B",11.964
"2011-03-01","Rzeka_B",11.973
"2011-03-02","Rzeka_B",11.981
"2011-03-03","Rzeka_B",11.988
"2011-03-04","Rzeka_B",11.993
"2011-03-05","Rzeka_B",11.997
"2011-03-06","Rzeka_B",11.999
"2011-03-07","Rzeka_B",11.999
"2011-03-08","Rzeka_B",11.997
"2011-03-09","Rzeka_B",11.992
"2011-03-10","Rzeka_B",11.986
"2011-03-11","Rzeka_B",11.977
"2011-03-12","Rzeka_B",11.966
"2011-03-13","Rzeka_B",11.952
"2011-03-14","Rzeka_B",11.935
"2011-03-15","Rzeka_B",11.915
"2011-03-16","Rzeka_B",11.892
"2011-03-17","Rzeka_B",11.866
"2011-03-18","Rzeka_B",11.837
"2011-03-19","Rzeka_B",11.805
"2011-03-20","Rzeka_B",11.769
"2011-03-21","Rzeka_B",11.73
"2011-03-22","Rzeka_B",11.687
"2011-03-23","Rzeka_B",11.641
"2011-03-24","Rzeka_B",11.591
"2011-03-25","Rzeka_B",11.538
"2011-03-26","Rzeka_B",11.481
"2011-03-27","Rzeka_B",11.421
"2011-03-28","Rzeka_B",11.357
"2011-03-29","Rzeka_B",11.289
"2011-03-30","Rzeka_B",11.218
"2011-03-31","Rzeka_B",11.144
"2011-04-01","Rzeka_B",11.066
"2011-04-02","Rzeka_B",10.984
"2011-04-03","Rzeka_B",10.899
"2011-04-04","Rzeka_B",10.811
"2011-04-05","Rzeka_B",10.72
"2011-04-06","Rzeka_B",10.626
"2011-04-07","Rzeka_B",10.529
"2011-04-08","Rzeka_B",10.429
"2011-04-09","Rzeka_B",10.326
"2011-04-10","Rzeka_B",10.221
"2011-04-11","Rzeka_B",10.113
"2011-04-12","Rzeka_B",10.003
"2011-04-13","Rzeka_B",9.891
"2011-04-14","Rzeka_B",9.777
"2011-04-15","Rzeka_B",9.661
"2011-04-16","Rzeka_B",9.544
"2011-04-17","Rzeka_B",9.425
"2011-04-18","Rzeka_B",9.305
"2011-04-19","Rzeka_B",9.185
"2011-04-20","Rzeka_B",9.063
"2011-04-21","Rzeka_B",8.941
"2011-04-22","Rzeka_B",8.818
"2011-04-23","Rzeka_B",8.695
"2011-04-24","Rzeka_B",8.572
"2011-04-25","Rzeka_B",8.449
"2011-04-26","Rzeka_B",8.327
"2011-04-27","Rzeka_B",8.206
"2011-04-28","Rzeka_B",8.085
"2011-04-29","Rzeka_B",7.966
"2011-04-30","Rzeka_B",7.847
"2011-05-01","Rzeka_B",7.731
"2011-05-02","Rzeka_B",7.615
"2011-05-03","Rzeka_B",7.502
"2011-05-04","Rzeka_B",7.391
"2011-05-05","Rzeka_B",7.282
"2011-05-06","Rzeka_B",7.176
"2011-05-07","Rzeka_B",7.072
"2011-05-08","Rzeka_B",6.971
"2011-05-09","Rzeka_B",6.872
"2011-05-10","Rzeka_B",6.777
"2011-05-11","Rzeka_B",6.685
"2011-05-12","Rzeka_B",6.597
"2011-05-13","Rzeka_B",6.511
"2011-05-14","Rzeka_B",6.43
"2011-05-15","Rzeka_B",6.352
"2011-05-16","Rzeka_B",6.278
"2011-05-17","Rzeka_B",6.207
"2011-05-18","Rzeka_B",6.141
"2011-05-19","Rzeka_B",6.078
"2011-05-20","Rzeka_B",6.02
"2011-05-21","Rzeka_B",5.965
"2011-05-22","Rzeka_B",5.915
"2011-05-23","Rzeka_B",5.868
"2011-05-24","Rzeka_B",5.826
"2011-05-25","Rzeka_B",5.788
"2011-05-26","Rzeka_B",5.753
"2011-05-27","Rzeka_B",5.723
"2011-05-28","Rzeka_B",5.697
"2011-05-29","Rzeka_B",5.674
"2011-05-30","Rzeka_B",5.655
"2011-05-31","Rzeka_B",5.64
"2011-06-01","Rzeka_B",5.629
"2011-06-02","Rzeka_B",5.621
"2011-06-03","Rzeka_B",5.617
"2011-06-04","Rzeka_B",5.616
"2011-06-05","Rzeka_B",5.618
"2011-06-06","Rzeka_B",5.623
"2011-06-07","Rzeka_B",5.63
"2011-06-08","Rzeka_B",5.641
"2011-06-09","Rzeka_B",5.654
"2011-06-10","Rzeka_B",5.67
"2011-06-11","Rzeka_B",5.687
"2011-06-12","Rzeka_B",5.707
"2011-06-13","Rzeka_B",5.729
"2011-06-14","Rzeka_B",5.752
"2011-06-15","Rzeka_B",5.777
"2011-06-16","Rzeka_B",5.803
"2011-06-17","Rzeka_B",5.83
"2011-06-18","Rzeka_B",5.858
"2011-06-19","Rzeka_B",5.886
"2011-06-20","Rzeka_B",5.915
"2011-06-21","Rzeka_B",5.944
"2011-06-22","Rzeka_B",5.974
"2011-06-23","Rzeka_B",6.003
"2011-06-24","Rzeka_B",6.032
"2011-06-25","Rzeka_B",6.06
"2011-06-26","Rzeka_B",6.087
"2011-06-27","Rzeka_B",6.114
"2011-06-28","Rzeka_B",6.14
"2011-06-29","Rzeka_B",6.164
"2011-06-30","Rzeka_B",6.187
"2011-07-01","Rzeka_B",6.208
"2011-07-02","Rzeka_B",6.228
"2011-07-03","Rzeka_B",6.245
"2011-07-04","Rzeka_B",6.261
"2011-07-05","Rzeka_B",6.274
"2011-07-06","Rzeka_B",6.285
"2011-07-07","Rzeka_B",6.294
"2011-07-08","Rzeka_B",6.3
"2011-07-09","Rzeka_B",6.304
"2011-07-10","Rzeka_B",6.305
"2011-07-11","Rzeka_B",6.303
"2011-07-12","Rzeka_B",6.299
"2011-07-13","Rzeka_B",6.291
"2011-07-14","Rzeka_B",6.281
"2011-07-15","Rzeka_B",6.268
"2011-07-16","Rzeka_B",6.251
"2011-07-17","Rzeka_B",6.232
"2011-07-18","Rzeka_B",6.21
"2011-07-19","Rzeka_B",6.185
"2011-07-20","Rzeka_B",6.157
"2011-07-21","Rzeka_B",6.127
"2011-07-22","Rzeka_B",6.093
"2011-07-23","Rzeka_B",6.057
"2011-07-24","Rzeka_B",6.018
"2011-07-25","Rzeka_B",5.977
"2011-07-26","Rzeka_B",5.933
"2011-07-27","Rzeka_B",5.886
"2011-07-28","Rzeka_B",5.838
"2011-07-29","Rzeka_B",5.787
"2011-07-30","Rzeka_B",5.734
"2011-07-31","Rzeka_B",5.68
"2011-08-01","Rzeka_B",5.624
"2011-08-02","Rzeka_B",5.566
"2011-08-03","Rzeka_B",5.506
"2011-08-04","Rzeka_B",5.446
"2011-08-05","Rzeka_B",5.384
"2011-08-06","Rzeka_B",5.322
"2011-08-07","Rzeka_B",5.258
"2011-08-08","Rzeka_B",5.195
"2011-08-09","Rzeka_B",5.13
"2011-08-10","Rzeka_B",5.066
"2011-08-11","Rzeka_B",5.002
"2011-08-12","Rzeka_B",4.938
"2011-08-13","Rzeka_B",4.874
"2011-08-14","Rzeka_B",4.811
"2011-08-15","Rzeka_B",4.749
"2011-08-16","Rzeka_B",4.687
"2011-08-17","Rzeka_B",4.627
"2011-08-18","Rzeka_B",4.568
"2011-08-19","Rzeka_B",4.511
"2011-08-20","Rzeka_B",4.455
"2011-08-21","Rzeka_B",4.401
"2011-08-22","Rzeka_B",4.35
"2011-08-23","Rzeka_B",
"2011-08-24","Rzeka_B",4.253
"2011-08-25","Rzeka_B",4.208
"2011-08-26","Rzeka_B",4.166
"2011-08-27","Rzeka_B",4.127
"2011-08-28","Rzeka_B",4.091
"2011-08-29","Rzeka_B",4.057
"2011-08-30","Rzeka_B",4.027
"2011-08-31","Rzeka_B",4
"2011-09-01","Rzeka_B",3.976
"2011-09-02","Rzeka_B",3.956
"2011-09-03","Rzeka_B",3.939
"2011-09-04","Rzeka_B",3.926
"2011-09-05","Rzeka_B",3.916
"2011-09-06","Rzeka_B",3.91
"2011-09-07","Rzeka_B",3.908
"2011-09-08","Rzeka_B",3.909
"2011-09-09","Rzeka_B",3.914
"2011-09-10","Rzeka_B",3.922
"2011-09-11","Rzeka_B",3.934
"2011-09-12","Rzeka_B",3.95
"2011-09-13","Rzeka_B",3.969
"2011-09-14","Rzeka_B",3.992
"2011-09-15","Rzeka_B",4.018
"2011-09-16","Rzeka_B",4.048
"2011-09-17","Rzeka_B",4.081
"2011-09-18","Rzeka_B",4.118
"2011-09-19","Rzeka_B",4.157
"2011-09-20","Rzeka_B",4.2
"2011-09-21","Rzeka_B",4.245
"2011-09-22","Rzeka_B",4.294
"2011-09-23","Rzeka_B",4.345
"2011-09-24","Rzeka_B",4.399
"2011-09-25","Rzeka_B",4.455
"2011-09-26","Rzeka_B",4.513
"2011-09-27","Rzeka_B",4.574
"2011-09-28","Rzeka_B",4.637
"2011-09-29","Rzeka_B",4.701
"2011-09-30","Rzeka_B",4.767
"2011-10-01","Rzeka_B",4.835
"2011-10-02","Rzeka_B",4.904
"2011-10-03","Rzeka_B",4.975
"2011-10-04","Rzeka_B",5.046
"2011-10-05","Rzeka_B",5.118
"2011-10-06","Rzeka_B",5.191
"2011-10-07","Rzeka_B",5.265
"2011-10-08","Rzeka_B",5.339
"2011-10-09","Rzeka_B",5.413
"2011-10-10","Rzeka_B",5.487
"2011-10-11","Rzeka_B",5.561
"2011-10-12","Rzeka_B",5.635
"2011-10-13","Rzeka_B",5.708
"2011-10-14","Rzeka_B",5.781
"2011-10-15","Rzeka_B",5.853
"2011-10-16","Rzeka_B",5.925
"2011-10-17","Rzeka_B",5.995
"2011-10-18","Rzeka_B",6.064
"2011-10-19","Rzeka_B",6.132
"2011-10-20","Rzeka_B",6.199
"2011-10-21","Rzeka_B",6.265
"2011-10-22","Rzeka_B",6.329
"2011-10-23","Rzeka_B",6.391
"2011-10-24","Rzeka_B",6.452
"2011-10-25","Rzeka_B",6.511
"2011-10-26","Rzeka_B",6.569
"2011-10-27","Rzeka_B",6.624
"2011-10-28","Rzeka_B",6.678
"2011-10-29","Rzeka_B",6.73
"2011-10-30","Rzeka_B",6.78
"2011-10-31","Rzeka_B",6.828
"2011-11-01","Rzeka_B",6.875
"2011-11-02","Rzeka_B",6.919
"2011-11-03","Rzeka_B",6.962
"2011-11-04","Rzeka_B",7.003
"2011-11-05","Rzeka_B",7.042
"2011-11-06","Rzeka_B",7.079
"2011-11-07","Rzeka_B",7.115
"2011-11-08","Rzeka_B",7.149
"2011-11-09","Rzeka_B",7.182
"2011-11-10","Rzeka_B",7.214
"2011-11-11","Rzeka_B",7.244
"2011-11-12","Rzeka_B",7.273
"2011-11-13","Rzeka_B",7.3
"2011-11-14","Rzeka_B",7.327
"2011-11-15","Rzeka_B",7.353
"2011-11-16","Rzeka_B",7.379
"2011-11-17","Rzeka_B",7.403
"2011-11-18","Rzeka_B",7.428
"2011-11-19","Rzeka_B",7.451
"2011-11-20","Rzeka_B",7.475
"2011-11-21","Rzeka_B",7.499
"2011-11-22","Rzeka_B",7.523
"2011-11-23","Rzeka_B",7.547
"2011-11-24","Rzeka_B",7.571
"2011-11-25","Rzeka_B",7.597
"2011-11-26","Rzeka_B",7.622
"2011-11-27","Rzeka_B",7.649
"2011-11-28","Rzeka_B",7.677
"2011-11-29","Rzeka_B",7.706
"2011-11-30","Rzeka_B",7.736
"2011-12-01","Rzeka_B",7.768
"2011-12-02","Rzeka_B",7.802
"2011-12-03","Rzeka_B",7.837
"2011-12-04","Rzeka_B",7.874
"2011-12-05","Rzeka_B",7.913
"2011-12-06","Rzeka_B",7.954
"2011-12-07","Rzeka_B",7.998
"2011-12-08","Rzeka_B",8.043
"2011-12-09","Rzeka_B",8.092
"2011-12-10","Rzeka_B",8.142
"2011-12-11","Rzeka_B",8.196
"2011-12-12","Rzeka_B",8.252
"2011-12-13","Rzeka_B",8.31
"2011-12-14","Rzeka_B",8.372
"2011-12-15","Rzeka_B",8.436
"2011-12-16","Rzeka_B",8.504
"2011-12-17","Rzeka_B",8.574
"2011-12-18","Rzeka_B",8.647
"2011-12-19","Rzeka_B",8.723
"2011-12-20","Rzeka_B",8.801
"2011-12-21","Rzeka_B",8.883
"2011-12-22","Rzeka_B",8.968
"2011-12-23","Rzeka_B",9.055
"2011-12-24","Rzeka_B",9.145
"2011-12-25","Rzeka_B",9.238
"2011-12-26","Rzeka_B",9.333
"2011-12-27","Rzeka_B",9.431
"2011-12-28","Rzeka_B",9.532
"2011-12-29","Rzeka_B",9.634
"2011-12-30","Rzeka_B",9.739
"2011-12-31","Rzeka_B",9.846
"2012-01-01","Rzeka_B",9.955
"2012-01-02","Rzeka_B",10.065
"2012-01-03","Rzeka_B",10.177
"2012-01-04","Rzeka_B",10.291
"2012-01-05","Rzeka_B",10.406
"2012-01-06","Rzeka_B",10.522
"2012-01-07","Rzeka_B",10.639
"2012-01-08","Rzeka_B",10.757
"2012-01-09","Rzeka_B",10.875
"2012-01-10","Rzeka_B",10.994
"2012-01-11","Rzeka_B",11.113
"2012-01-12","Rzeka_B",11.232
"2012-01-13","Rzeka_B",11.35
"2012-01-14","Rzeka_B",11.468
"2012-01-15","Rzeka_B",11.585
"2012-01-16","Rzeka_B",11.701
"2012-01-17","Rzeka_B",11.816
"2012-01-18","Rzeka_B",11.93
"2012-01-19","Rzeka_B",12.042
"2012-01-20","Rzeka_B",12.152
"2012-01-21","Rzeka_B",12.26
"2012-01-22","Rzeka_B",12.366
"2012-01-23","Rzeka_B",12.469
"2012-01-24","Rzeka_B",12.57
"2012-01-25","Rzeka_B",12.667
"2012-01-26","Rzeka_B",12.762
"2012-01-27","Rzeka_B",12.853
"2012-01-28","Rzeka_B",12.941
"2012-01-29","Rzeka_B",13.024
"2012-01-30","Rzeka_B",13.105
"2012-01-31","Rzeka_B",13.181
"2012-02-01","Rzeka_B",13.252
"2012-02-02","Rzeka_B",13.32
"2012-02-03","Rzeka_B",13.383
"2012-02-04","Rzeka_B",13.441
"2012-02-05","Rzeka_B",13.495
"2012-02-06","Rzeka_B",13.544
"2012-02-07","Rzeka_B",13.588
"2012-02-08","Rzeka_B",13.626
"2012-02-09","Rzeka_B",13.66
"2012-02-10","Rzeka_B",13.689
"2012-02-11","Rzeka_B",13.712
"2012-02-12","Rzeka_B",13.73
"2012-02-13","Rzeka_B",13.743
"2012-02-14","Rzeka_B",13.75
"2012-02-15","Rzeka_B",13.752
"2012-02-16","Rzeka_B",13.749
"2012-02-17","Rzeka_B",13.74
"2012-02-18","Rzeka_B",13.726
"2012-02-19","Rzeka_B",13.707
"2012-02-20","Rzeka_B",13.683
"2012-02-21","Rzeka_B",13.653
"2012-02-22","Rzeka_B",13.619
"2012-02-23","Rzeka_B",13.58
"2012-02-24","Rzeka_B",13.535
"2012-02-25","Rzeka_B",13.486
"2012-02-26","Rzeka_B",13.433
"2012-02-27","Rzeka_B",13.375
"2012-02-28","Rzeka_B",13.313
"2012-02-29","Rzeka_B",13.246
"2012-03-01","Rzeka_B",13.176
"2012-03-02","Rzeka_B",13.101
"2012-03-03","Rzeka_B",13.023
"2012-03-04","Rzeka_B",12.942
"2012-03-05","Rzeka_B",12.857
"2012-03-06","Rzeka_B",12.769
"2012-03-07","Rzeka_B",12.678
"2012-03-08","Rzeka_B",12.585
"2012-03-09","Rzeka_B",12.489
"2012-03-10","Rzeka_B",12.391
"2012-03-11","Rzeka_B",12.29
"2012-03-12","Rzeka_B",12.188
"2012-03-13","Rzeka_B",12.084
"2012-03-14","Rzeka_B",11.979
"2012-03-15","Rzeka_B",11.872
"2012-03-16","Rzeka_B",11.764
"2012-03-17","Rzeka_B",11.656
"2012-03-18","Rzeka_B",11.547
"2012-03-19","Rzeka_B",11.438
"2012-03-20","Rzeka_B",11.328
"2012-03-21","Rzeka_B",11.219
"2012-03-22","Rzeka_B",11.11
"2012-03-23","Rzeka_B",11.001
"2012-03-24","Rzeka_B",10.893
"2012-03-25","Rzeka_B",10.785
"2012-03-26","Rzeka_B",10.679
"2012-03-27","Rzeka_B",10.573
"2012-03-28","Rzeka_B",10.469
"2012-03-29","Rzeka_B",10.367
"2012-03-30","Rzeka_B",10.266
"2012-03-31","Rzeka_B",10.167
"2012-04-01","Rzeka_B",10.069
"2012-04-02","Rzeka_B",9.974
"2012-04-03","Rzeka_B",9.88
"2012-04-04","Rzeka_B",9.789
"2012-04-05","Rzeka_B",9.7
"2012-04-06","Rzeka_B",9.613
"2012-04-07","Rzeka_B",9.529
"2012-04-08","Rzeka_B",9.447
"2012-04-09","Rzeka_B",9.367
"2012-04-10","Rzeka_B",9.29
"2012-04-11","Rzeka_B",9.216
"2012-04-12","Rzeka_B",9.144
"2012-04-13","Rzeka_B",9.074
"2012-04-14","Rzeka_B",9.007
"2012-04-15","Rzeka_B",8.943
"2012-04-16","Rzeka_B",8.881
"2012-04-17","Rzeka_B",8.821
"2012-04-18","Rzeka_B",8.764
"2012-04-19","Rzeka_B",8.709
"2012-04-20","Rzeka_B",8.656
"2012-04-21","Rzeka_B",8.606
"2012-04-22","Rzeka_B",8.557
"2012-04-23","Rzeka_B",8.511
"2012-04-24","Rzeka_B",8.466
"2012-04-25","Rzeka_B",8.423
"2012-04-26","Rzeka_B",8.382
"2012-04-27","Rzeka_B",8.342
"2012-04-28","Rzeka_B",8.304
"2012-04-29","Rzeka_B",8.267
"2012-04-30","Rzeka_B",8.231
"2012-05-01","Rzeka_B",8.197
"2012-05-02","Rzeka_B",8.163
"2012-05-03","Rzeka_B",8.13
"2012-05-04","Rzeka_B",8.097
"2012-05-05","Rzeka_B",8.065
"2012-05-06","Rzeka_B",8.033
"2012-05-07","Rzeka_B",8.001
"2012-05-08","Rzeka_B",7.97
"2012-05-09","Rzeka_B",7.938
"2012-05-10","Rzeka_B",7.906
"2012-05-11","Rzeka_B",7.874
"2012-05-12","Rzeka_B",7.841
"2012-05-13","Rzeka_B",7.807
"2012-05-14","Rzeka_B",7.773
"2012-05-15","Rzeka_B",7.737
"2012-05-16","Rzeka_B",7.701
"2012-05-17","Rzeka_B",7.664
"2012-05-18","Rzeka_B",7.625
"2012-05-19","Rzeka_B",7.585
"2012-05-20","Rzeka_B",7.543
"2012-05-21","Rzeka_B",7.5
"2012-05-22","Rzeka_B",7.456
"2012-05-23","Rzeka_B",7.409
"2012-05-24","Rzeka_B",7.361
"2012-05-25","Rzeka_B",7.312
"2012-05-26","Rzeka_B",7.26
"2012-05-27","Rzeka_B",7.207
"2012-05-28","Rzeka_B",7.152
"2012-05-29","Rzeka_B",7.094
"2012-05-30","Rzeka_B",7.035
"2012-05-31","Rzeka_B",6.975
"2012-06-01","Rzeka_B",6.912
"2012-06-02","Rzeka_B",6.847
"2012-06-03","Rzeka_B",6.781
"2012-06-04","Rzeka_B",6.713
"2012-06-05","Rzeka_B",6.643
"2012-06-06","Rzeka_B",6.572
"2012-06-07","Rzeka_B",6.499
"2012-06-08","Rzeka_B",6.425
"2012-06-09","Rzeka_B",6.349
"2012-06-10","Rzeka_B",6.272
"2012-06-11","Rzeka_B",6.194
"2012-06-12","Rzeka_B",6.115
"2012-06-13","Rzeka_B",6.035
"2012-06-14","Rzeka_B",5.954
"2012-06-15","Rzeka_B",5.872
"2012-06-16","Rzeka_B",5.79
"2012-06-17","Rzeka_B",5.708
"2012-06-18","Rzeka_B",5.625
"2012-06-19","Rzeka_B",5.542
"2012-06-20","Rzeka_B",5.46
"2012-06-21","Rzeka_B",5.377
"2012-06-22","Rzeka_B",5.296
"2012-06-23","Rzeka_B",5.214
"2012-06-24","Rzeka_B",5.134
"2012-06-25","Rzeka_B",5.054
"2012-06-26","Rzeka_B",4.976
"2012-06-27","Rzeka_B",4.899
"2012-06-28","Rzeka_B",4.823
"2012-06-29","Rzeka_B",4.749
"2012-06-30","Rzeka_B",4.677
"2012-07-01","Rzeka_B",4.606
"2012-07-02","Rzeka_B",4.538
"2012-07-03","Rzeka_B",4.472
"2012-07-04","Rzeka_B",4.409
"2012-07-05","Rzeka_B",4.348
"2012-07-06","Rzeka_B",4.29
"2012-07-07","Rzeka_B",4.235
"2012-07-08","Rzeka_B",4.183
"2012-07-09","Rzeka_B",4.133
"2012-07-10","Rzeka_B",4.088
"2012-07-11","Rzeka_B",4.045
"2012-07-12","Rzeka_B",4.006
"2012-07-13","Rzeka_B",3.97
"2012-07-14","Rzeka_B",3.939
"2012-07-15","Rzeka_B",3.91
"2012-07-16","Rzeka_B",3.886
"2012-07-17","Rzeka_B",3.865
"2012-07-18","Rzeka_B",3.849
"2012-07-19","Rzeka_B",3.836
"2012-07-20","Rzeka_B",3.827
"2012-07-21","Rzeka_B",3.822
"2012-07-22","Rzeka_B",3.82
"2012-07-23","Rzeka_B",3.823
"2012-07-24","Rzeka_B",3.83
"2012-07-25","Rzeka_B",3.84
"2012-07-26","Rzeka_B",3.854
"2012-07-27","Rzeka_B",3.872
"2012-07-28","Rzeka_B",3.894
"2012-07-29","Rzeka_B",3.919
"2012-07-30","Rzeka_B",3.948
"2012-07-31","Rzeka_B",3.98
"2012-08-01","Rzeka_B",4.016
"2012-08-02","Rzeka_B",4.054
"2012-08-03","Rzeka_B",4.096
"2012-08-04","Rzeka_B",4.141
"2012-08-05","Rzeka_B",4.189
"2012-08-06","Rzeka_B",4.239
"2012-08-07","Rzeka_B",4.291
"2012-08-08","Rzeka_B",4.346
"2012-08-09","Rzeka_B",4.404
"2012-08-10","Rzeka_B",4.463
"2012-08-11","Rzeka_B",4.524
"2012-08-12","Rzeka_B",4.587
"2012-08-13","Rzeka_B",4.651
"2012-08-14","Rzeka_B",4.716
"2012-08-15","Rzeka_B",4.782
"2012-08-16","Rzeka_B",4.85
"2012-08-17","Rzeka_B",4.918
"2012-08-18","Rzeka_B",4.986
"2012-08-19","Rzeka_B",5.055
"2012-08-20","Rzeka_B",5.123
"2012-08-21","Rzeka_B",5.192
"2012-08-22","Rzeka_B",5.26
"2012-08-23","Rzeka_B",5.328
"2012-08-24","Rzeka_B",5.395
"2012-08-25","Rzeka_B",5.461
"2012-08-26","Rzeka_B",5.526
"2012-08-27","Rzeka_B",5.59
"2012-08-28","Rzeka_B",5.652
"2012-08-29","Rzeka_B",5.713
"2012-08-30","Rzeka_B",5.772
"2012-08-31","Rzeka_B",5.829
"2012-09-01","Rzeka_B",5.884
"2012-09-02","Rzeka_B",5.937
"2012-09-03","Rzeka_B",5.987
"2012-09-04","Rzeka_B",6.035
"2012-09-05","Rzeka_B",6.081
"2012-09-06","Rzeka_B",6.124
"2012-09-07","Rzeka_B",6.164
"2012-09-08","Rzeka_B",6.201
"2012-09-09","Rzeka_B",6.235
"2012-09-10","Rzeka_B",6.267
"2012-09-11","Rzeka_B",6.295
"2012-09-12","Rzeka_B",6.321
"2012-09-13","Rzeka_B",6.343
"2012-09-14","Rzeka_B",6.362
"2012-09-15","Rzeka_B",6.379
"2012-09-16","Rzeka_B",6.392
"2012-09-17","Rzeka_B",6.402
"2012-09-18","Rzeka_B",6.409
"2012-09-19","Rzeka_B",6.413
"2012-09-20","Rzeka_B",6.415
"2012-09-21","Rzeka_B",6.413
"2012-09-22","Rzeka_B",6.409
"2012-09-23","Rzeka_B",6.402
"2012-09-24","Rzeka_B",6.392
"2012-09-25","Rzeka_B",6.38
"2012-09-26","Rzeka_B",6.366
"2012-09-27","Rzeka_B",6.35
"2012-09-28","Rzeka_B",6.331
"2012-09-29","Rzeka_B",6.31
"2012-09-30","Rzeka_B",6.288
"2012-10-01","Rzeka_B",6.264
"2012-10-02","Rzeka_B",6.239
"2012-10-03","Rzeka_B",6.212
"2012-10-04","Rzeka_B",6.185
"2012-10-05","Rzeka_B",6.156
"2012-10-06","Rzeka_B",6.127
"2012-10-07","Rzeka_B",6.097
"2012-10-08","Rzeka_B",6.067
"2012-10-09","Rzeka_B",6.036
"2012-10-10","Rzeka_B",6.006
"2012-10-11","Rzeka_B",5.976
"2012-10-12","Rzeka_B",5.946
"2012-10-13","Rzeka_B",5.918
"2012-10-14","Rzeka_B",5.889
"2012-10-15","Rzeka_B",5.863
"2012-10-16","Rzeka_B",5.837
"2012-10-17","Rzeka_B",5.813
"2012-10-18","Rzeka_B",5.79
"2012-10-19","Rzeka_B",5.769
"2012-10-20","Rzeka_B",5.75
"2012-10-21","Rzeka_B",5.734
"2012-10-22","Rzeka_B",5.72
"2012-10-23","Rzeka_B",5.708
"2012-10-24","Rzeka_B",5.699
"2012-10-25","Rzeka_B",5.693
"2012-10-26","Rzeka_B",5.69
"2012-10-27","Rzeka_B",5.69
"2012-10-28","Rzeka_B",5.693
"2012-10-29","Rzeka_B",5.699
"2012-10-30","Rzeka_B",5.709
"2012-10-31","Rzeka_B",5.723
"2012-11-01","Rzeka_B",5.74
"2012-11-02","Rzeka_B",5.761
"2012-11-03","Rzeka_B",5.785
"2012-11-04","Rzeka_B",5.814
"2012-11-05","Rzeka_B",5.846
"2012-11-06","Rzeka_B",5.883
"2012-11-07","Rzeka_B",5.923
"2012-11-08","Rzeka_B",5.967
"2012-11-09","Rzeka_B",6.015
"2012-11-10","Rzeka_B",6.067
"2012-11-11","Rzeka_B",6.123
"2012-11-12","Rzeka_B",6.182
"2012-11-13","Rzeka_B",6.246
"2012-11-14","Rzeka_B",6.313
"2012-11-15","Rzeka_B",6.384
"2012-11-16","Rzeka_B",6.458
"2012-11-17","Rzeka_B",6.536
"2012-11-18","Rzeka_B",6.618
"2012-11-19","Rzeka_B",6.702
"2012-11-20","Rzeka_B",6.79
"2012-11-21","Rzeka_B",6.881
"2012-11-22","Rzeka_B",6.974
"2012-11-23","Rzeka_B",7.071
"2012-11-24","Rzeka_B",7.17
"2012-11-25","Rzeka_B",7.271
"2012-11-26","Rzeka_B",7.374
"2012-11-27","Rzeka_B",7.48
"2012-11-28","Rzeka_B",7.588
"2012-11-29","Rzeka_B",7.697
"2012-11-30","Rzeka_B",7.807
"2012-12-01","Rzeka_B",7.919
"2012-12-02","Rzeka_B",8.033
"2012-12-03","Rzeka_B",8.147
"2012-12-04","Rzeka_B",8.261
"2012-12-05","Rzeka_B",8.377
"2012-12-06","Rzeka_B",8.492
"2012-12-07","Rzeka_B",8.608
"2012-12-08","Rzeka_B",8.724
"2012-12-09","Rzeka_B",8.839
"2012-12-10","Rzeka_B",8.954
"2012-12-11","Rzeka_B",9.068
"2012-12-12","Rzeka_B",9.182
"2012-12-13","Rzeka_B",9.294
"2012-12-14","Rzeka_B",9.405
"2012-12-15","Rzeka_B",9.515
"2012-12-16","Rzeka_B",9.623
"2012-12-17","Rzeka_B",9.73
"2012-12-18","Rzeka_B",9.834
"2012-12-19","Rzeka_B",9.936
"2012-12-20","Rzeka_B",10.037
"2012-12-21","Rzeka_B",10.135
"2012-12-22","Rzeka_B",10.23
"2012-12-23","Rzeka_B",10.323
"2012-12-24","Rzeka_B",10.413
"2012-12-25","Rzeka_B",10.5
"2012-12-26","Rzeka_B",10.585
"2012-12-27","Rzeka_B",10.666
"2012-12-28","Rzeka_B",10.745
"2012-12-29","Rzeka_B",10.82
"2012-12-30","Rzeka_B",10.892
"2012-12-31","Rzeka_B",10.961
"2013-01-01","Rzeka_B",11.027
"2013-01-02","Rzeka_B",11.09
"2013-01-03","Rzeka_B",11.149
"2013-01-04","Rzeka_B",11.205
"2013-01-05","Rzeka_B",11.258
"2013-01-06","Rzeka_B",11.307
"2013-01-07","Rzeka_B",11.354
"2013-01-08","Rzeka_B",11.397
"2013-01-09","Rzeka_B",11.437
"2013-01-10","Rzeka_B",11.474
"2013-01-11","Rzeka_B",11.508
"2013-01-12","Rzeka_B",11.54
"2013-01-13","Rzeka_B",11.568
"2013-01-14","Rzeka_B",11.594
"2013-01-15","Rzeka_B",11.617
"2013-01-16","Rzeka_B",11.637
"2013-01-17","Rzeka_B",11.655
"2013-01-18","Rzeka_B",11.671
"2013-01-19","Rzeka_B",11.684
"2013-01-20","Rzeka_B",11.696
"2013-01-21","Rzeka_B",11.706
"2013-01-22","Rzeka_B",11.713
"2013-01-23","Rzeka_B",11.72
"2013-01-24","Rzeka_B",11.724
"2013-01-25","Rzeka_B",11.728
"2013-01-26","Rzeka_B",11.73
"2013-01-27","Rzeka_B",11.731
"2013-01-28","Rzeka_B",11.731
"2013-01-29","Rzeka_B",11.73
"2013-01-30","Rzeka_B",11.729
"2013-01-31","Rzeka_B",11.727
"2013-02-01","Rzeka_B",11.725
"2013-02-02","Rzeka_B",11.723
"2013-02-03","Rzeka_B",11.72
"2013-02-04","Rzeka_B",11.718
"2013-02-05","Rzeka_B",11.716
"2013-02-06","Rzeka_B",11.714
"2013-02-07","Rzeka_B",11.712
"2013-02-08","Rzeka_B",11.711
"2013-02-09","Rzeka_B",11.711
"2013-02-10","Rzeka_B",11.711
"2013-02-11","Rzeka_B",11.712
"2013-02-12","Rzeka_B",11.714
"2013-02-13","Rzeka_B",11.717
"2013-02-14","Rzeka_B",11.721
"2013-02-15","Rzeka_B",11.726
"2013-02-16","Rzeka_B",11.732
"2013-02-17","Rzeka_B",11.739
"2013-02-18","Rzeka_B",11.747
"2013-02-19","Rzeka_B",11.757
"2013-02-20","Rzeka_B",11.767
"2013-02-21","Rzeka_B",11.779
"2013-02-22","Rzeka_B",11.793
"2013-02-23","Rzeka_B",11.807
"2013-02-24","Rzeka_B",11.822
"2013-02-25","Rzeka_B",11.839
"2013-02-26","Rzeka_B",11.856
"2013-02-27","Rzeka_B",11.875
"2013-02-28","Rzeka_B",11.894
"2013-03-01","Rzeka_B",11.914
"2013-03-02","Rzeka_B",11.935
"2013-03-03","Rzeka_B",11.957
"2013-03-04","Rzeka_B",11.979
"2013-03-05","Rzeka_B",12.002
"2013-03-06","Rzeka_B",12.025
"2013-03-07","Rzeka_B",12.048
"2013-03-08","Rzeka_B",12.071
"2013-03-09","Rzeka_B",12.095
"2013-03-10","Rzeka_B",12.118
"2013-03-11","Rzeka_B",12.14
"2013-03-12","Rzeka_B",12.162
"2013-03-13","Rzeka_B",12.184
"2013-03-14","Rzeka_B",12.204
"2013-03-15","Rzeka_B",12.224
"2013-03-16","Rzeka_B",12.242
"2013-03-17","Rzeka_B",12.26
"2013-03-18","Rzeka_B",12.275
"2013-03-19","Rzeka_B",12.289
"2013-03-20","Rzeka_B",12.301
"2013-03-21","Rzeka_B",12.311
"2013-03-22","Rzeka_B",12.319
"2013-03-23","Rzeka_B",12.325
"2013-03-24","Rzeka_B",12.328
"2013-03-25","Rzeka_B",12.329
"2013-03-26","Rzeka_B",12.326
"2013-03-27","Rzeka_B",12.321
"2013-03-28","Rzeka_B",12.313
"2013-03-29","Rzeka_B",12.301
"2013-03-30","Rzeka_B",12.286
"2013-03-31","Rzeka_B",12.268
"2013-04-01","Rzeka_B",12.245
"2013-04-02","Rzeka_B",12.22
"2013-04-03","Rzeka_B",12.19
"2013-04-04","Rzeka_B",12.156
"2013-04-05","Rzeka_B",12.119
"2013-04-06","Rzeka_B",12.077
"2013-04-07","Rzeka_B",12.031
"2013-04-08","Rzeka_B",11.981
"2013-04-09","Rzeka_B",11.926
"2013-04-10","Rzeka_B",11.867
"2013-04-11","Rzeka_B",11.804
"2013-04-12","Rzeka_B",11.737
"2013-04-13","Rzeka_B",11.665
"2013-04-14","Rzeka_B",
"2013-04-15","Rzeka_B",
"2013-04-16","Rzeka_B",
"2013-04-17","Rzeka_B",
"2013-04-18","Rzeka_B",
"2013-04-19","Rzeka_B",
"2013-04-20","Rzeka_B",
"2013-04-21","Rzeka_B",
"2013-04-22","Rzeka_B",
"2013-04-23","Rzeka_B",
"2013-04-24","Rzeka_B",
"2013-04-25","Rzeka_B",
"2013-04-26","Rzeka_B",
"2013-04-27","Rzeka_B",
"2013-04-28","Rzeka_B",
"2013-04-29","Rzeka_B",9.969
"2013-04-30","Rzeka_B",9.835
"2013-05-01","Rzeka_B",9.697
"2013-05-02","Rzeka_B",9.558
"2013-05-03","Rzeka_B",9.416
"2013-05-04","Rzeka_B",9.272
"2013-05-05","Rzeka_B",9.127
"2013-05-06","Rzeka_B",8.98
"2013-05-07","Rzeka_B",8.832
"2013-05-08","Rzeka_B",8.684
"2013-05-09","Rzeka_B",8.534
"2013-05-10","Rzeka_B",8.384
"2013-05-11","Rzeka_B",8.233
"2013-05-12","Rzeka_B",8.083
"2013-05-13","Rzeka_B",7.932
"2013-05-14","Rzeka_B",7.782
"2013-05-15","Rzeka_B",7.633
"2013-05-16","Rzeka_B",7.485
"2013-05-17","Rzeka_B",7.337
"2013-05-18","Rzeka_B",7.191
"2013-05-19","Rzeka_B",7.047
"2013-05-20","Rzeka_B",6.904
"2013-05-21","Rzeka_B",6.764
"2013-05-22","Rzeka_B",6.625
"2013-05-23","Rzeka_B",6.489
"2013-05-24","Rzeka_B",6.356
"2013-05-25","Rzeka_B",6.225
"2013-05-26","Rzeka_B",6.098
"2013-05-27","Rzeka_B",5.974
"2013-05-28","Rzeka_B",5.853
"2013-05-29","Rzeka_B",5.735
"2013-05-30","Rzeka_B",5.621
"2013-05-31","Rzeka_B",5.511
"2013-06-01","Rzeka_B",5.405
"2013-06-02","Rzeka_B",5.303
"2013-06-03","Rzeka_B",5.205
"2013-06-04","Rzeka_B",5.111
"2013-06-05","Rzeka_B",5.022
"2013-06-06","Rzeka_B",4.937
"2013-06-07","Rzeka_B",4.856
"2013-06-08","Rzeka_B",4.78
"2013-06-09","Rzeka_B",4.709
"2013-06-10","Rzeka_B",4.642
"2013-06-11","Rzeka_B",4.579
"2013-06-12","Rzeka_B",4.522
"2013-06-13","Rzeka_B",4.468
"2013-06-14","Rzeka_B",4.42
"2013-06-15","Rzeka_B",4.376
"2013-06-16","Rzeka_B",4.336
"2013-06-17","Rzeka_B",4.301
"2013-06-18","Rzeka_B",4.27
"2013-06-19","Rzeka_B",4.243
"2013-06-20","Rzeka_B",4.221
"2013-06-21","Rzeka_B",4.202
"2013-06-22","Rzeka_B",4.188
"2013-06-23","Rzeka_B",4.177
"2013-06-24","Rzeka_B",4.17
"2013-06-25","Rzeka_B",4.167
"2013-06-26","Rzeka_B",4.167
"2013-06-27","Rzeka_B",4.17
"2013-06-28","Rzeka_B",4.177
"2013-06-29","Rzeka_B",4.187
"2013-06-30","Rzeka_B",4.199
"2013-07-01","Rzeka_B",4.214
"2013-07-02","Rzeka_B",4.231
"2013-07-03","Rzeka_B",4.251
"2013-07-04","Rzeka_B",4.273
"2013-07-05","Rzeka_B",4.297
"2013-07-06","Rzeka_B",4.322
"2013-07-07","Rzeka_B",4.349
"2013-07-08","Rzeka_B",4.377
"2013-07-09","Rzeka_B",4.407
"2013-07-10","Rzeka_B",4.437
"2013-07-11","Rzeka_B",4.469
"2013-07-12","Rzeka_B",4.5
"2013-07-13","Rzeka_B",4.533
"2013-07-14","Rzeka_B",4.565
"2013-07-15","Rzeka_B",4.598
"2013-07-16","Rzeka_B",4.63
"2013-07-17","Rzeka_B",4.662
"2013-07-18","Rzeka_B",4.694
"2013-07-19","Rzeka_B",4.725
"2013-07-20","Rzeka_B",4.755
"2013-07-21","Rzeka_B",4.785
"2013-07-22","Rzeka_B",4.814
"2013-07-23","Rzeka_B",4.841
"2013-07-24","Rzeka_B",4.867
"2013-07-25","Rzeka_B",4.892
"2013-07-26","Rzeka_B",4.915
"2013-07-27","Rzeka_B",4.937
"2013-07-28","Rzeka_B",4.958
"2013-07-29","Rzeka_B",4.976
"2013-07-30","Rzeka_B",4.993
"2013-07-31","Rzeka_B",5.008
"2013-08-01","Rzeka_B",5.021
"2013-08-02","Rzeka_B",5.033
"2013-08-03","Rzeka_B",5.042
"2013-08-04","Rzeka_B",5.05
"2013-08-05","Rzeka_B",5.056
"2013-08-06","Rzeka_B",5.06
"2013-08-07","Rzeka_B",5.062
"2013-08-08","Rzeka_B",5.062
"2013-08-09","Rzeka_B",5.061
"2013-08-10","Rzeka_B",5.058
"2013-08-11","Rzeka_B",5.053
"2013-08-12","Rzeka_B",5.047
"2013-08-13","Rzeka_B",5.039
"2013-08-14","Rzeka_B",5.03
"2013-08-15","Rzeka_B",5.02
"2013-08-16","Rzeka_B",5.008
"2013-08-17","Rzeka_B",4.996
"2013-08-18","Rzeka_B",4.982
"2013-08-19","Rzeka_B",4.968
"2013-08-20","Rzeka_B",4.952
"2013-08-21","Rzeka_B",4.937
"2013-08-22","Rzeka_B",4.921
"2013-08-23","Rzeka_B",4.904
"2013-08-24","Rzeka_B",4.888
"2013-08-25","Rzeka_B",4.871
"2013-08-26","Rzeka_B",4.855
"2013-08-27","Rzeka_B",4.839
"2013-08-28","Rzeka_B",4.823
"2013-08-29","Rzeka_B",4.808
"2013-08-30","Rzeka_B",4.794
"2013-08-31","Rzeka_B",4.781
"2013-09-01","Rzeka_B",4.768
"2013-09-02","Rzeka_B",4.757
"2013-09-03","Rzeka_B",4.748
"2013-09-04","Rzeka_B",4.74
"2013-09-05","Rzeka_B",4.733
"2013-09-06","Rzeka_B",4.729
"2013-09-07","Rzeka_B",4.726
"2013-09-08","Rzeka_B",4.726
"2013-09-09","Rzeka_B",4.727
"2013-09-10","Rzeka_B",4.731
"2013-09-11","Rzeka_B",4.738
"2013-09-12","Rzeka_B",4.747
"2013-09-13","Rzeka_B",4.758
"2013-09-14","Rzeka_B",4.772
"2013-09-15","Rzeka_B",4.789
"2013-09-16","Rzeka_B",4.809
"2013-09-17","Rzeka_B",4.832
"2013-09-18","Rzeka_B",4.857
"2013-09-19","Rzeka_B",4.886
"2013-09-20","Rzeka_B",4.918
"2013-09-21","Rzeka_B",4.952
"2013-09-22","Rzeka_B",4.99
"2013-09-23","Rzeka_B",5.031
"2013-09-24","Rzeka_B",5.074
"2013-09-25","Rzeka_B",5.121
"2013-09-26","Rzeka_B",5.171
"2013-09-27","Rzeka_B",5.224
"2013-09-28","Rzeka_B",5.279
"2013-09-29","Rzeka_B",5.338
"2013-09-30","Rzeka_B",5.399
"2013-10-01","Rzeka_B",5.463
"2013-10-02","Rzeka_B",5.529
"2013-10-03","Rzeka_B",5.598
"2013-10-04","Rzeka_B",5.67
"2013-10-05","Rzeka_B",5.743
"2013-10-06","Rzeka_B",5.819
"2013-10-07","Rzeka_B",5.897
"2013-10-08","Rzeka_B",5.977
"2013-10-09","Rzeka_B",6.058
"2013-10-10","Rzeka_B",6.141
"2013-10-11","Rzeka_B",6.226
"2013-10-12","Rzeka_B",6.312
"2013-10-13","Rzeka_B",6.399
"2013-10-14","Rzeka_B",6.487
"2013-10-15","Rzeka_B",6.576
"2013-10-16","Rzeka_B",6.665
"2013-10-17","Rzeka_B",6.755
"2013-10-18","Rzeka_B",6.845
"2013-10-19","Rzeka_B",6.935
"2013-10-20","Rzeka_B",7.025
"2013-10-21","Rzeka_B",7.115
"2013-10-22","Rzeka_B",7.205
"2013-10-23","Rzeka_B",7.293
"2013-10-24","Rzeka_B",7.381
"2013-10-25","Rzeka_B",7.468
"2013-10-26","Rzeka_B",7.554
"2013-10-27","Rzeka_B",7.639
"2013-10-28","Rzeka_B",7.722
"2013-10-29","Rzeka_B",7.804
"2013-10-30","Rzeka_B",7.883
"2013-10-31","Rzeka_B",7.961
"2013-11-01","Rzeka_B",8.037
"2013-11-02","Rzeka_B",8.111
"2013-11-03","Rzeka_B",8.182
"2013-11-04","Rzeka_B",8.251
"2013-11-05","Rzeka_B",8.317
"2013-11-06","Rzeka_B",8.381
"2013-11-07","Rzeka_B",8.442
"2013-11-08","Rzeka_B",8.501
"2013-11-09","Rzeka_B",8.556
"2013-11-10","Rzeka_B",8.609
"2013-11-11","Rzeka_B",8.658
"2013-11-12","Rzeka_B",8.705
"2013-11-13","Rzeka_B",8.749
"2013-11-14","Rzeka_B",8.789
"2013-11-15","Rzeka_B",8.827
"2013-11-16","Rzeka_B",8.861
"2013-11-17","Rzeka_B",8.893
"2013-11-18","Rzeka_B",8.921
"2013-11-19","Rzeka_B",8.947
"2013-11-20","Rzeka_B",8.97
"2013-11-21","Rzeka_B",8.989
"2013-11-22","Rzeka_B",9.007
"2013-11-23","Rzeka_B",9.021
"2013-11-24","Rzeka_B",9.033
"2013-11-25","Rzeka_B",9.042
"2013-11-26","Rzeka_B",9.049
"2013-11-27","Rzeka_B",9.053
"2013-11-28","Rzeka_B",9.056
"2013-11-29","Rzeka_B",9.056
"2013-11-30","Rzeka_B",9.054
"2013-12-01","Rzeka_B",9.051
"2013-12-02","Rzeka_B",9.046
"2013-12-03","Rzeka_B",9.04
"2013-12-04","Rzeka_B",9.032
"2013-12-05","Rzeka_B",9.023
"2013-12-06","Rzeka_B",9.014
"2013-12-07","Rzeka_B",9.003
"2013-12-08","Rzeka_B",8.992
"2013-12-09","Rzeka_B",8.981
"2013-12-10","Rzeka_B",8.97
"2013-12-11","Rzeka_B",8.958
"2013-12-12","Rzeka_B",8.947
"2013-12-13","Rzeka_B",8.935
"2013-12-14","Rzeka_B",8.925
"2013-12-15","Rzeka_B",8.915
"2013-12-16","Rzeka_B",8.906
"2013-12-17","Rzeka_B",8.899
"2013-12-18","Rzeka_B",8.892
"2013-12-19","Rzeka_B",8.887
"2013-12-20","Rzeka_B",8.883
"2013-12-21","Rzeka_B",8.882
"2013-12-22","Rzeka_B",8.882
"2013-12-23","Rzeka_B",8.884
"2013-12-24","Rzeka_B",8.889
"2013-12-25","Rzeka_B",8.896
"2013-12-26","Rzeka_B",8.905
"2013-12-27","Rzeka_B",8.917
"2013-12-28","Rzeka_B",8.932
"2013-12-29","Rzeka_B",8.949
"2013-12-30","Rzeka_B",8.97
"2013-12-31","Rzeka_B",8.993
"2014-01-01","Rzeka_B",9.019
"2014-01-02","Rzeka_B",9.049
"2014-01-03","Rzeka_B",9.082
"2014-01-04","Rzeka_B",9.118
"2014-01-05","Rzeka_B",9.157
"2014-01-06","Rzeka_B",9.199
"2014-01-07","Rzeka_B",9.245
"2014-01-08","Rzeka_B",9.294
"2014-01-09","Rzeka_B",9.346
"2014-01-10","Rzeka_B",9.402
"2014-01-11","Rzeka_B",9.461
"2014-01-12","Rzeka_B",9.522
"2014-01-13","Rzeka_B",9.587
"2014-01-14","Rzeka_B",9.655
"2014-01-15","Rzeka_B",9.726
"2014-01-16","Rzeka_B",9.799
"2014-01-17","Rzeka_B",9.875
"2014-01-18","Rzeka_B",9.954
"2014-01-19","Rzeka_B",10.035
"2014-01-20","Rzeka_B",10.118
"2014-01-21","Rzeka_B",10.204
"2014-01-22","Rzeka_B",10.291
"2014-01-23","Rzeka_B",10.381
"2014-01-24","Rzeka_B",10.472
"2014-01-25","Rzeka_B",10.564
"2014-01-26","Rzeka_B",10.658
"2014-01-27","Rzeka_B",10.753
"2014-01-28","Rzeka_B",10.849
"2014-01-29","Rzeka_B",10.945
"2014-01-30","Rzeka_B",11.042
"2014-01-31","Rzeka_B",11.14
"2014-02-01","Rzeka_B",11.237
"2014-02-02","Rzeka_B",11.334
"2014-02-03","Rzeka_B",11.431
"2014-02-04","Rzeka_B",11.527
"2014-02-05","Rzeka_B",11.623
"2014-02-06","Rzeka_B",11.717
"2014-02-07","Rzeka_B",11.811
"2014-02-08","Rzeka_B",11.902
"2014-02-09","Rzeka_B",11.992
"2014-02-10","Rzeka_B",12.081
"2014-02-11","Rzeka_B",12.167
"2014-02-12","Rzeka_B",12.25
"2014-02-13","Rzeka_B",12.332
"2014-02-14","Rzeka_B",12.41
"2014-02-15","Rzeka_B",12.486
"2014-02-16","Rzeka_B",12.559
"2014-02-17","Rzeka_B",12.628
"2014-02-18","Rzeka_B",12.694
"2014-02-19","Rzeka_B",
"2014-02-20","Rzeka_B",12.816
"2014-02-21","Rzeka_B",12.871
"2014-02-22","Rzeka_B",12.922
"2014-02-23","Rzeka_B",12.968
"2014-02-24","Rzeka_B",13.011
"2014-02-25","Rzeka_B",13.05
"2014-02-26","Rzeka_B",13.084
"2014-02-27","Rzeka_B",13.113
"2014-02-28","Rzeka_B",13.138
"2014-03-01","Rzeka_B",13.159
"2014-03-02","Rzeka_B",13.174
"2014-03-03","Rzeka_B",13.185
"2014-03-04","Rzeka_B",13.192
"2014-03-05","Rzeka_B",13.193
"2014-03-06","Rzeka_B",13.19
"2014-03-07","Rzeka_B",13.183
"2014-03-08","Rzeka_B",13.17
"2014-03-09","Rzeka_B",13.153
"2014-03-10","Rzeka_B",13.132
"2014-03-11","Rzeka_B",13.106
"2014-03-12","Rzeka_B",13.075
"2014-03-13","Rzeka_B",13.04
"2014-03-14","Rzeka_B",13.001
"2014-03-15","Rzeka_B",12.958
"2014-03-16","Rzeka_B",12.91
"2014-03-17","Rzeka_B",12.859
"2014-03-18","Rzeka_B",12.804
"2014-03-19","Rzeka_B",12.745
"2014-03-20","Rzeka_B",12.682
"2014-03-21","Rzeka_B",12.617
"2014-03-22","Rzeka_B",12.547
"2014-03-23","Rzeka_B",12.475
"2014-03-24","Rzeka_B",12.4
"2014-03-25","Rzeka_B",12.322
"2014-03-26","Rzeka_B",12.242
"2014-03-27","Rzeka_B",12.159
"2014-03-28","Rzeka_B",12.074
"2014-03-29","Rzeka_B",11.987
"2014-03-30","Rzeka_B",11.898
"2014-03-31","Rzeka_B",11.808
"2014-04-01","Rzeka_B",11.716
"2014-04-02","Rzeka_B",11.623
"2014-04-03","Rzeka_B",11.528
"2014-04-04","Rzeka_B",11.433
"2014-04-05","Rzeka_B",11.337
"2014-04-06","Rzeka_B",11.241
"2014-04-07","Rzeka_B",11.144
"2014-04-08","Rzeka_B",11.047
"2014-04-09","Rzeka_B",10.951
"2014-04-10","Rzeka_B",10.854
"2014-04-11","Rzeka_B",10.757
"2014-04-12","Rzeka_B",10.662
"2014-04-13","Rzeka_B",10.566
"2014-04-14","Rzeka_B",10.472
"2014-04-15","Rzeka_B",10.378
"2014-04-16","Rzeka_B",10.286
"2014-04-17","Rzeka_B",10.195
"2014-04-18","Rzeka_B",10.105
"2014-04-19","Rzeka_B",10.016
"2014-04-20","Rzeka_B",9.929
"2014-04-21","Rzeka_B",9.843
"2014-04-22","Rzeka_B",9.759
"2014-04-23","Rzeka_B",9.677
"2014-04-24","Rzeka_B",9.596
"2014-04-25","Rzeka_B",9.518
"2014-04-26","Rzeka_B",9.441
"2014-04-27","Rzeka_B",9.366
"2014-04-28","Rzeka_B",9.293
"2014-04-29","Rzeka_B",9.221
"2014-04-30","Rzeka_B",9.152
"2014-05-01","Rzeka_B",9.084
"2014-05-02","Rzeka_B",9.019
"2014-05-03","Rzeka_B",8.955
"2014-05-04","Rzeka_B",8.893
"2014-05-05","Rzeka_B",8.832
"2014-05-06","Rzeka_B",8.774
"2014-05-07","Rzeka_B",8.717
"2014-05-08","Rzeka_B",8.661
"2014-05-09","Rzeka_B",8.607
"2014-05-10","Rzeka_B",8.554
"2014-05-11","Rzeka_B",8.503
"2014-05-12","Rzeka_B",8.452
"2014-05-13","Rzeka_B",8.403
"2014-05-14","Rzeka_B",8.355
"2014-05-15","Rzeka_B",8.307
"2014-05-16","Rzeka_B",8.26
"2014-05-17","Rzeka_B",8.214
"2014-05-18","Rzeka_B",8.169
"2014-05-19","Rzeka_B",8.123
"2014-05-20","Rzeka_B",8.078
"2014-05-21","Rzeka_B",8.033
"2014-05-22","Rzeka_B",7.988
"2014-05-23","Rzeka_B",7.942
"2014-05-24","Rzeka_B",7.897
"2014-05-25","Rzeka_B",7.851
"2014-05-26","Rzeka_B",7.804
"2014-05-27","Rzeka_B",7.757
"2014-05-28","Rzeka_B",7.708
"2014-05-29","Rzeka_B",7.659
"2014-05-30","Rzeka_B",7.609
"2014-05-31","Rzeka_B",7.557
"2014-06-01","Rzeka_B",7.505
"2014-06-02","Rzeka_B",7.451
"2014-06-03","Rzeka_B",7.395
"2014-06-04","Rzeka_B",7.338
"2014-06-05","Rzeka_B",7.279
"2014-06-06","Rzeka_B",7.219
"2014-06-07","Rzeka_B",7.156
"2014-06-08","Rzeka_B",7.092
"2014-06-09","Rzeka_B",7.026
"2014-06-10","Rzeka_B",6.958
"2014-06-11","Rzeka_B",6.889
"2014-06-12","Rzeka_B",6.817
"2014-06-13","Rzeka_B",6.743
"2014-06-14","Rzeka_B",6.667
"2014-06-15","Rzeka_B",6.589
"2014-06-16","Rzeka_B",6.51
"2014-06-17","Rzeka_B",6.428
"2014-06-18","Rzeka_B",6.344
"2014-06-19","Rzeka_B",6.259
"2014-06-20","Rzeka_B",6.172
"2014-06-21","Rzeka_B",6.083
"2014-06-22","Rzeka_B",5.992
"2014-06-23","Rzeka_B",5.9
"2014-06-24","Rzeka_B",5.807
"2014-06-25","Rzeka_B",5.712
"2014-06-26","Rzeka_B",5.616
"2014-06-27","Rzeka_B",5.518
"2014-06-28","Rzeka_B",5.42
"2014-06-29","Rzeka_B",5.321
"2014-06-30","Rzeka_B",5.221
"2014-07-01","Rzeka_B",5.121
"2014-07-02","Rzeka_B",5.02
"2014-07-03","Rzeka_B",4.919
"2014-07-04","Rzeka_B",4.819
"2014-07-05","Rzeka_B",4.718
"2014-07-06","Rzeka_B",4.617
"2014-07-07","Rzeka_B",4.517
"2014-07-08","Rzeka_B",4.418
"2014-07-09","Rzeka_B",4.32
"2014-07-10","Rzeka_B",4.223
"2014-07-11","Rzeka_B",4.127
"2014-07-12","Rzeka_B",4.032
"2014-07-13","Rzeka_B",3.939
"2014-07-14","Rzeka_B",3.849
"2014-07-15","Rzeka_B",3.76
"2014-07-16","Rzeka_B",3.673
"2014-07-17","Rzeka_B",3.589
"2014-07-18","Rzeka_B",3.508
"2014-07-19","Rzeka_B",3.429
"2014-07-20","Rzeka_B",3.353
"2014-07-21","Rzeka_B",3.281
"2014-07-22","Rzeka_B",3.212
"2014-07-23","Rzeka_B",3.146
"2014-07-24","Rzeka_B",3.085
"2014-07-25","Rzeka_B",3.027
"2014-07-26","Rzeka_B",2.973
"2014-07-27","Rzeka_B",2.923
"2014-07-28","Rzeka_B",2.877
"2014-07-29","Rzeka_B",2.836
"2014-07-30","Rzeka_B",2.799
"2014-07-31","Rzeka_B",2.767
"2014-08-01","Rzeka_B",2.74
"2014-08-02","Rzeka_B",2.717
"2014-08-03","Rzeka_B",2.699
"2014-08-04","Rzeka_B",2.686
"2014-08-05","Rzeka_B",2.678
"2014-08-06","Rzeka_B",2.675
"2014-08-07","Rzeka_B",2.677
"2014-08-08","Rzeka_B",2.683
"2014-08-09","Rzeka_B",2.695
"2014-08-10","Rzeka_B",2.712
"2014-08-11","Rzeka_B",2.734
"2014-08-12","Rzeka_B",2.76
"2014-08-13","Rzeka_B",2.792
"2014-08-14","Rzeka_B",2.828
"2014-08-15","Rzeka_B",2.869
"2014-08-16","Rzeka_B",2.915
"2014-08-17","Rzeka_B",2.965
"2014-08-18","Rzeka_B",3.02
"2014-08-19","Rzeka_B",3.079
"2014-08-20","Rzeka_B",3.142
"2014-08-21","Rzeka_B",3.21
"2014-08-22","Rzeka_B",3.281
"2014-08-23","Rzeka_B",3.356
"2014-08-24","Rzeka_B",3.435
"2014-08-25","Rzeka_B",3.517
"2014-08-26","Rzeka_B",3.602
"2014-08-27","Rzeka_B",3.69
"2014-08-28","Rzeka_B",3.782
"2014-08-29","Rzeka_B",3.875
"2014-08-30","Rzeka_B",3.972
"2014-08-31","Rzeka_B",4.071
"2014-09-01","Rzeka_B",4.171
"2014-09-02","Rzeka_B",4.274
"2014-09-03","Rzeka_B",4.378
"2014-09-04","Rzeka_B",4.484
"2014-09-05","Rzeka_B",4.59
"2014-09-06","Rzeka_B",4.698
"2014-09-07","Rzeka_B",4.806
"2014-09-08","Rzeka_B",4.915
"2014-09-09","Rzeka_B",5.024
"2014-09-10","Rzeka_B",5.133
"2014-09-11","Rzeka_B",5.242
"2014-09-12","Rzeka_B",5.351
"2014-09-13","Rzeka_B",5.459
"2014-09-14","Rzeka_B",5.566
"2014-09-15","Rzeka_B",5.673
"2014-09-16","Rzeka_B",5.778
"2014-09-17","Rzeka_B",5.881
"2014-09-18","Rzeka_B",5.983
"2014-09-19","Rzeka_B",6.083
"2014-09-20","Rzeka_B",6.182
"2014-09-21","Rzeka_B",6.278
"2014-09-22","Rzeka_B",6.372
"2014-09-23","Rzeka_B",6.464
"2014-09-24","Rzeka_B",6.553
"2014-09-25","Rzeka_B",6.639
"2014-09-26","Rzeka_B",6.723
"2014-09-27","Rzeka_B",6.804
"2014-09-28","Rzeka_B",6.882
"2014-09-29","Rzeka_B",6.957
"2014-09-30","Rzeka_B",7.029
"2014-10-01","Rzeka_B",7.098
"2014-10-02","Rzeka_B",7.163
"2014-10-03","Rzeka_B",7.226
"2014-10-04","Rzeka_B",7.285
"2014-10-05","Rzeka_B",7.34
"2014-10-06","Rzeka_B",7.393
"2014-10-07","Rzeka_B",7.442
"2014-10-08","Rzeka_B",7.488
"2014-10-09","Rzeka_B",7.531
"2014-10-10","Rzeka_B",7.571
"2014-10-11","Rzeka_B",7.608
"2014-10-12","Rzeka_B",7.641
"2014-10-13","Rzeka_B",7.672
"2014-10-14","Rzeka_B",7.7
"2014-10-15","Rzeka_B",7.725
"2014-10-16","Rzeka_B",7.747
"2014-10-17","Rzeka_B",7.767
"2014-10-18","Rzeka_B",7.785
"2014-10-19","Rzeka_B",7.8
"2014-10-20","Rzeka_B",7.813
"2014-10-21","Rzeka_B",7.824
"2014-10-22","Rzeka_B",7.833
"2014-10-23","Rzeka_B",7.84
"2014-10-24","Rzeka_B",7.846
"2014-10-25","Rzeka_B",7.85
"2014-10-26","Rzeka_B",7.854
"2014-10-27","Rzeka_B",7.856
"2014-10-28","Rzeka_B",7.857
"2014-10-29","Rzeka_B",7.858
"2014-10-30","Rzeka_B",7.858
"2014-10-31","Rzeka_B",7.857
"2014-11-01","Rzeka_B",7.857
"2014-11-02","Rzeka_B",7.856
"2014-11-03","Rzeka_B",7.856
"2014-11-04","Rzeka_B",7.856
"2014-11-05","Rzeka_B",7.857
"2014-11-06","Rzeka_B",7.858
"2014-11-07","Rzeka_B",7.86
"2014-11-08","Rzeka_B",7.863
"2014-11-09","Rzeka_B",7.868
"2014-11-10","Rzeka_B",7.873
"2014-11-11","Rzeka_B",7.88
"2014-11-12","Rzeka_B",7.889
"2014-11-13","Rzeka_B",7.899
"2014-11-14","Rzeka_B",7.912
"2014-11-15","Rzeka_B",7.926
"2014-11-16","Rzeka_B",7.942
"2014-11-17","Rzeka_B",7.96
"2014-11-18","Rzeka_B",7.981
"2014-11-19","Rzeka_B",8.004
"2014-11-20","Rzeka_B",8.029
"2014-11-21","Rzeka_B",8.057
"2014-11-22","Rzeka_B",8.087
"2014-11-23","Rzeka_B",8.12
"2014-11-24","Rzeka_B",8.156
"2014-11-25","Rzeka_B",8.194
"2014-11-26","Rzeka_B",8.234
"2014-11-27","Rzeka_B",8.277
"2014-11-28","Rzeka_B",8.323
"2014-11-29","Rzeka_B",8.371
"2014-11-30","Rzeka_B",8.422
"2014-12-01","Rzeka_B",8.475
"2014-12-02","Rzeka_B",8.531
"2014-12-03","Rzeka_B",8.589
"2014-12-04","Rzeka_B",8.649
"2014-12-05","Rzeka_B",8.712
"2014-12-06","Rzeka_B",8.776
"2014-12-07","Rzeka_B",8.843
"2014-12-08","Rzeka_B",8.911
"2014-12-09","Rzeka_B",8.982
"2014-12-10","Rzeka_B",9.053
"2014-12-11","Rzeka_B",9.127
"2014-12-12","Rzeka_B",9.202
"2014-12-13","Rzeka_B",9.278
"2014-12-14","Rzeka_B",9.355
"2014-12-15","Rzeka_B",9.433
"2014-12-16","Rzeka_B",9.512
"2014-12-17","Rzeka_B",9.592
"2014-12-18","Rzeka_B",9.672
"2014-12-19","Rzeka_B",9.752
"2014-12-20","Rzeka_B",9.832
"2014-12-21","Rzeka_B",9.913
"2014-12-22","Rzeka_B",9.993
"2014-12-23","Rzeka_B",10.073
"2014-12-24","Rzeka_B",10.152
"2014-12-25","Rzeka_B",10.23
"2014-12-26","Rzeka_B",10.308
"2014-12-27","Rzeka_B",10.384
"2014-12-28","Rzeka_B",10.46
"2014-12-29","Rzeka_B",10.534
"2014-12-30","Rzeka_B",10.606
"2014-12-31","Rzeka_B",10.677
"2015-01-01","Rzeka_B",10.745
"2015-01-02","Rzeka_B",10.812
"2015-01-03","Rzeka_B",10.877
"2015-01-04","Rzeka_B",10.939
"2015-01-05","Rzeka_B",11
"2015-01-06","Rzeka_B",11.057
"2015-01-07","Rzeka_B",11.112
"2015-01-08","Rzeka_B",11.165
"2015-01-09","Rzeka_B",11.214
"2015-01-10","Rzeka_B",11.261
"2015-01-11","Rzeka_B",11.305
"2015-01-12","Rzeka_B",11.346
"2015-01-13","Rzeka_B",11.384
"2015-01-14","Rzeka_B",11.418
"2015-01-15","Rzeka_B",11.45
"2015-01-16","Rzeka_B",11.478
"2015-01-17","Rzeka_B",11.504
"2015-01-18","Rzeka_B",11.526
"2015-01-19","Rzeka_B",11.545
"2015-01-20","Rzeka_B",11.561
"2015-01-21","Rzeka_B",11.574
"2015-01-22","Rzeka_B",11.584
"2015-01-23","Rzeka_B",11.591
"2015-01-24","Rzeka_B",11.595
"2015-01-25","Rzeka_B",11.596
"2015-01-26","Rzeka_B",11.594
"2015-01-27","Rzeka_B",11.589
"2015-01-28","Rzeka_B",11.582
"2015-01-29","Rzeka_B",11.573
"2015-01-30","Rzeka_B",11.56
"2015-01-31","Rzeka_B",11.546
"2015-02-01","Rzeka_B",11.53
"2015-02-02","Rzeka_B",11.511
"2015-02-03","Rzeka_B",11.491
"2015-02-04","Rzeka_B",11.468
"2015-02-05","Rzeka_B",11.444
"2015-02-06","Rzeka_B",11.419
"2015-02-07","Rzeka_B",11.392
"2015-02-08","Rzeka_B",11.365
"2015-02-09","Rzeka_B",11.336
"2015-02-10","Rzeka_B",11.306
"2015-02-11","Rzeka_B",11.276
"2015-02-12","Rzeka_B",11.245
"2015-02-13","Rzeka_B",11.214
"2015-02-14","Rzeka_B",11.183
"2015-02-15","Rzeka_B",11.151
"2015-02-16","Rzeka_B",11.12
"2015-02-17","Rzeka_B",11.089
"2015-02-18","Rzeka_B",11.059
"2015-02-19","Rzeka_B",11.029
"2015-02-20","Rzeka_B",11
"2015-02-21","Rzeka_B",10.972
"2015-02-22","Rzeka_B",10.945
"2015-02-23","Rzeka_B",10.919
"2015-02-24","Rzeka_B",10.895
"2015-02-25","Rzeka_B",10.871
"2015-02-26","Rzeka_B",10.85
"2015-02-27","Rzeka_B",10.83
"2015-02-28","Rzeka_B",10.812
"2015-03-01","Rzeka_B",10.796
"2015-03-02","Rzeka_B",10.781
"2015-03-03","Rzeka_B",10.769
"2015-03-04","Rzeka_B",10.759
"2015-03-05","Rzeka_B",10.75
"2015-03-06","Rzeka_B",10.744
"2015-03-07","Rzeka_B",10.741
"2015-03-08","Rzeka_B",10.739
"2015-03-09","Rzeka_B",10.74
"2015-03-10","Rzeka_B",10.742
"2015-03-11","Rzeka_B",10.747
"2015-03-12","Rzeka_B",10.755
"2015-03-13","Rzeka_B",10.764
"2015-03-14","Rzeka_B",10.775
"2015-03-15","Rzeka_B",10.789
"2015-03-16","Rzeka_B",10.805
"2015-03-17","Rzeka_B",10.822
"2015-03-18","Rzeka_B",10.841
"2015-03-19","Rzeka_B",10.862
"2015-03-20","Rzeka_B",10.885
"2015-03-21","Rzeka_B",10.909
"2015-03-22","Rzeka_B",10.935
"2015-03-23","Rzeka_B",10.962
"2015-03-24","Rzeka_B",10.99
"2015-03-25","Rzeka_B",11.019
"2015-03-26","Rzeka_B",11.049
"2015-03-27","Rzeka_B",11.08
"2015-03-28","Rzeka_B",11.111
"2015-03-29","Rzeka_B",11.143
"2015-03-30","Rzeka_B",11.174
"2015-03-31","Rzeka_B",11.206
"2015-04-01","Rzeka_B",11.238
"2015-04-02","Rzeka_B",11.269
"2015-04-03","Rzeka_B",11.299
"2015-04-04","Rzeka_B",11.329
"2015-04-05","Rzeka_B",11.358
"2015-04-06","Rzeka_B",11.386
"2015-04-07","Rzeka_B",11.412
"2015-04-08","Rzeka_B",11.437
"2015-04-09","Rzeka_B",11.46
"2015-04-10","Rzeka_B",11.482
"2015-04-11","Rzeka_B",11.501
"2015-04-12","Rzeka_B",11.517
"2015-04-13","Rzeka_B",11.532
"2015-04-14","Rzeka_B",11.543
"2015-04-15","Rzeka_B",11.552
"2015-04-16","Rzeka_B",11.558
"2015-04-17","Rzeka_B",11.561
"2015-04-18","Rzeka_B",11.56
"2015-04-19","Rzeka_B",11.556
"2015-04-20","Rzeka_B",11.549
"2015-04-21","Rzeka_B",11.537
"2015-04-22","Rzeka_B",11.522
"2015-04-23","Rzeka_B",11.503
"2015-04-24","Rzeka_B",11.48
"2015-04-25","Rzeka_B",11.452
"2015-04-26","Rzeka_B",11.421
"2015-04-27","Rzeka_B",11.385
"2015-04-28","Rzeka_B",11.344
"2015-04-29","Rzeka_B",11.3
"2015-04-30","Rzeka_B",11.251
"2015-05-01","Rzeka_B",11.197
"2015-05-02","Rzeka_B",11.139
"2015-05-03","Rzeka_B",11.076
"2015-05-04","Rzeka_B",11.009
"2015-05-05","Rzeka_B",10.938
"2015-05-06","Rzeka_B",10.862
"2015-05-07","Rzeka_B",10.781
"2015-05-08","Rzeka_B",10.697
"2015-05-09","Rzeka_B",10.608
"2015-05-10","Rzeka_B",10.515
"2015-05-11","Rzeka_B",10.418
"2015-05-12","Rzeka_B",10.316
"2015-05-13","Rzeka_B",10.212
"2015-05-14","Rzeka_B",10.103
"2015-05-15","Rzeka_B",9.991
"2015-05-16","Rzeka_B",9.875
"2015-05-17","Rzeka_B",9.756
"2015-05-18","Rzeka_B",9.634
"2015-05-19","Rzeka_B",9.509
"2015-05-20","Rzeka_B",9.381
"2015-05-21","Rzeka_B",9.25
"2015-05-22","Rzeka_B",9.118
"2015-05-23","Rzeka_B",8.983
"2015-05-24","Rzeka_B",8.846
"2015-05-25","Rzeka_B",8.707
"2015-05-26","Rzeka_B",8.567
"2015-05-27","Rzeka_B",8.425
"2015-05-28","Rzeka_B",8.282
"2015-05-29","Rzeka_B",8.139
"2015-05-30","Rzeka_B",7.995
"2015-05-31","Rzeka_B",7.85
"2015-06-01","Rzeka_B",7.705
"2015-06-02","Rzeka_B",7.561
"2015-06-03","Rzeka_B",7.416
"2015-06-04","Rzeka_B",7.272
"2015-06-05","Rzeka_B",7.129
"2015-06-06","Rzeka_B",6.987
"2015-06-07","Rzeka_B",6.846
"2015-06-08","Rzeka_B",6.706
"2015-06-09","Rzeka_B",6.568
"2015-06-10","Rzeka_B",6.432
"2015-06-11","Rzeka_B",6.298
"2015-06-12","Rzeka_B",6.166
"2015-06-13","Rzeka_B",6.036
"2015-06-14","Rzeka_B",5.909
"2015-06-15","Rzeka_B",5.785
"2015-06-16","Rzeka_B",5.664
"2015-06-17","Rzeka_B",5.545
"2015-06-18","Rzeka_B",5.43
"2015-06-19","Rzeka_B",5.319
"2015-06-20","Rzeka_B",5.211
"2015-06-21","Rzeka_B",5.106
"2015-06-22","Rzeka_B",5.005
"2015-06-23","Rzeka_B",4.908
"2015-06-24","Rzeka_B",4.815
"2015-06-25","Rzeka_B",4.726
"2015-06-26","Rzeka_B",4.641
"2015-06-27","Rzeka_B",4.56
"2015-06-28","Rzeka_B",4.483
"2015-06-29","Rzeka_B",4.41
"2015-06-30","Rzeka_B",4.342
"2015-07-01","Rzeka_B",4.277
"2015-07-02","Rzeka_B",4.217
"2015-07-03","Rzeka_B",4.161
"2015-07-04","Rzeka_B",4.109
"2015-07-05","Rzeka_B",4.061
"2015-07-06","Rzeka_B",4.017
"2015-07-07","Rzeka_B",3.977
"2015-07-08","Rzeka_B",3.942
"2015-07-09","Rzeka_B",3.91
"2015-07-10","Rzeka_B",3.881
"2015-07-11","Rzeka_B",3.857
"2015-07-12","Rzeka_B",3.835
"2015-07-13","Rzeka_B",3.818
"2015-07-14","Rzeka_B",3.804
"2015-07-15","Rzeka_B",3.792
"2015-07-16","Rzeka_B",3.784
"2015-07-17","Rzeka_B",3.779
"2015-07-18","Rzeka_B",3.777
"2015-07-19","Rzeka_B",3.777
"2015-07-20","Rzeka_B",3.78
"2015-07-21","Rzeka_B",3.785
"2015-07-22","Rzeka_B",3.793
"2015-07-23","Rzeka_B",3.802
"2015-07-24","Rzeka_B",3.813
"2015-07-25","Rzeka_B",3.826
"2015-07-26","Rzeka_B",3.841
"2015-07-27","Rzeka_B",3.857
"2015-07-28","Rzeka_B",3.874
"2015-07-29","Rzeka_B",3.892
"2015-07-30","Rzeka_B",3.911
"2015-07-31","Rzeka_B",3.931
"2015-08-01","Rzeka_B",3.952
"2015-08-02","Rzeka_B",3.972
"2015-08-03","Rzeka_B",3.994
"2015-08-04","Rzeka_B",4.015
"2015-08-05","Rzeka_B",4.036
"2015-08-06","Rzeka_B",4.058
"2015-08-07","Rzeka_B",4.079
"2015-08-08","Rzeka_B",4.1
"2015-08-09","Rzeka_B",4.12
"2015-08-10","Rzeka_B",4.14
"2015-08-11","Rzeka_B",4.159
"2015-08-12","Rzeka_B",4.178
"2015-08-13","Rzeka_B",4.196
"2015-08-14","Rzeka_B",4.213
"2015-08-15","Rzeka_B",4.229
"2015-08-16","Rzeka_B",4.244
"2015-08-17","Rzeka_B",4.258
"2015-08-18","Rzeka_B",4.272
"2015-08-19","Rzeka_B",4.284
"2015-08-20","Rzeka_B",4.295
"2015-08-21","Rzeka_B",4.305
"2015-08-22","Rzeka_B",4.314
"2015-08-23","Rzeka_B",4.322
"2015-08-24","Rzeka_B",4.33
"2015-08-25","Rzeka_B",4.336
"2015-08-26","Rzeka_B",4.341
"2015-08-27","Rzeka_B",4.346
"2015-08-28","Rzeka_B",4.35
"2015-08-29","Rzeka_B",4.353
"2015-08-30","Rzeka_B",4.355
"2015-08-31","Rzeka_B",4.357
"2015-09-01","Rzeka_B",4.359
"2015-09-02","Rzeka_B",4.36
"2015-09-03","Rzeka_B",4.361
"2015-09-04","Rzeka_B",4.362
"2015-09-05","Rzeka_B",4.363
"2015-09-06","Rzeka_B",4.364
"2015-09-07","Rzeka_B",4.365
"2015-09-08","Rzeka_B",4.367
"2015-09-09","Rzeka_B",4.369
"2015-09-10","Rzeka_B",4.372
"2015-09-11","Rzeka_B",4.376
"2015-09-12","Rzeka_B",4.381
"2015-09-13","Rzeka_B",4.387
"2015-09-14","Rzeka_B",4.394
"2015-09-15","Rzeka_B",4.402
"2015-09-16","Rzeka_B",4.413
"2015-09-17","Rzeka_B",4.424
"2015-09-18","Rzeka_B",4.438
"2015-09-19","Rzeka_B",4.454
"2015-09-20","Rzeka_B",4.471
"2015-09-21","Rzeka_B",4.491
"2015-09-22","Rzeka_B",4.514
"2015-09-23","Rzeka_B",4.539
"2015-09-24","Rzeka_B",4.566
"2015-09-25","Rzeka_B",4.596
"2015-09-26","Rzeka_B",4.629
"2015-09-27","Rzeka_B",4.665
"2015-09-28","Rzeka_B",4.704
"2015-09-29","Rzeka_B",4.746
"2015-09-30","Rzeka_B",4.791
"2015-10-01","Rzeka_B",4.839
"2015-10-02","Rzeka_B",4.891
"2015-10-03","Rzeka_B",4.946
"2015-10-04","Rzeka_B",5.004
"2015-10-05","Rzeka_B",5.066
"2015-10-06","Rzeka_B",5.131
"2015-10-07","Rzeka_B",5.2
"2015-10-08","Rzeka_B",5.272
"2015-10-09","Rzeka_B",5.347
"2015-10-10","Rzeka_B",5.426
"2015-10-11","Rzeka_B",5.508
"2015-10-12","Rzeka_B",5.593
"2015-10-13","Rzeka_B",5.682
"2015-10-14","Rzeka_B",5.774
"2015-10-15","Rzeka_B",5.869
"2015-10-16","Rzeka_B",5.967
"2015-10-17","Rzeka_B",6.068
"2015-10-18","Rzeka_B",6.172
"2015-10-19","Rzeka_B",6.278
"2015-10-20","Rzeka_B",6.387
"2015-10-21","Rzeka_B",6.499
"2015-10-22","Rzeka_B",6.613
"2015-10-23","Rzeka_B",6.728
"2015-10-24","Rzeka_B",6.846
"2015-10-25","Rzeka_B",6.966
"2015-10-26","Rzeka_B",7.088
"2015-10-27","Rzeka_B",7.211
"2015-10-28","Rzeka_B",7.335
"2015-10-29","Rzeka_B",7.46
"2015-10-30","Rzeka_B",7.586
"2015-10-31","Rzeka_B",7.713
"2015-11-01","Rzeka_B",7.841
"2015-11-02","Rzeka_B",7.969
"2015-11-03","Rzeka_B",8.096
"2015-11-04","Rzeka_B",8.224
"2015-11-05","Rzeka_B",8.352
"2015-11-06","Rzeka_B",8.478
"2015-11-07","Rzeka_B",8.604
"2015-11-08","Rzeka_B",8.73
"2015-11-09","Rzeka_B",8.854
"2015-11-10","Rzeka_B",8.976
"2015-11-11","Rzeka_B",9.097
"2015-11-12","Rzeka_B",9.216
"2015-11-13","Rzeka_B",9.333
"2015-11-14","Rzeka_B",9.448
"2015-11-15","Rzeka_B",9.561
"2015-11-16","Rzeka_B",9.671
"2015-11-17","Rzeka_B",9.778
"2015-11-18","Rzeka_B",9.883
"2015-11-19","Rzeka_B",9.984
"2015-11-20","Rzeka_B",10.082
"2015-11-21","Rzeka_B",10.177
"2015-11-22","Rzeka_B",10.269
"2015-11-23","Rzeka_B",10.356
"2015-11-24","Rzeka_B",10.44
"2015-11-25","Rzeka_B",10.521
"2015-11-26","Rzeka_B",10.597
"2015-11-27","Rzeka_B",10.669
"2015-11-28","Rzeka_B",10.737
"2015-11-29","Rzeka_B",10.801
"2015-11-30","Rzeka_B",10.861
"2015-12-01","Rzeka_B",10.916
"2015-12-02","Rzeka_B",10.968
"2015-12-03","Rzeka_B",11.014
"2015-12-04","Rzeka_B",11.057
"2015-12-05","Rzeka_B",11.095
"2015-12-06","Rzeka_B",11.13
"2015-12-07","Rzeka_B",11.159
"2015-12-08","Rzeka_B",11.185
"2015-12-09","Rzeka_B",11.207
"2015-12-10","Rzeka_B",11.224
"2015-12-11","Rzeka_B",11.238
"2015-12-12","Rzeka_B",11.247
"2015-12-13","Rzeka_B",11.253
"2015-12-14","Rzeka_B",11.255
"2015-12-15","Rzeka_B",11.253
"2015-12-16","Rzeka_B",11.248
"2015-12-17","Rzeka_B",11.24
"2015-12-18","Rzeka_B",11.229
"2015-12-19","Rzeka_B",11.214
"2015-12-20","Rzeka_B",11.197
"2015-12-21","Rzeka_B",11.177
"2015-12-22","Rzeka_B",11.154
"2015-12-23","Rzeka_B",11.129
"2015-12-24","Rzeka_B",11.102
"2015-12-25","Rzeka_B",11.073
"2015-12-26","Rzeka_B",11.042
"2015-12-27","Rzeka_B",11.009
"2015-12-28","Rzeka_B",10.976
"2015-12-29","Rzeka_B",10.941
"2015-12-30","Rzeka_B",10.905
"2015-12-31","Rzeka_B",10.868
"2016-01-01","Rzeka_B",10.831
"2016-01-02","Rzeka_B",10.793
"2016-01-03","Rzeka_B",10.755
"2016-01-04","Rzeka_B",10.717
"2016-01-05","Rzeka_B",10.68
"2016-01-06","Rzeka_B",10.643
"2016-01-07","Rzeka_B",10.606
"2016-01-08","Rzeka_B",10.57
"2016-01-09","Rzeka_B",10.536
"2016-01-10","Rzeka_B",10.502
"2016-01-11","Rzeka_B",10.47
"2016-01-12","Rzeka_B",10.439
"2016-01-13","Rzeka_B",10.41
"2016-01-14","Rzeka_B",10.383
"2016-01-15","Rzeka_B",10.358
"2016-01-16","Rzeka_B",10.334
"2016-01-17","Rzeka_B",10.313
"2016-01-18","Rzeka_B",10.295
"2016-01-19","Rzeka_B",10.278
"2016-01-20","Rzeka_B",10.264
"2016-01-21","Rzeka_B",10.253
"2016-01-22","Rzeka_B",10.245
"2016-01-23","Rzeka_B",10.239
"2016-01-24","Rzeka_B",10.235
"2016-01-25","Rzeka_B",10.235
"2016-01-26","Rzeka_B",10.237
"2016-01-27","Rzeka_B",10.243
"2016-01-28","Rzeka_B",10.251
"2016-01-29","Rzeka_B",10.262
"2016-01-30","Rzeka_B",10.276
"2016-01-31","Rzeka_B",10.292
"2016-02-01","Rzeka_B",10.311
"2016-02-02","Rzeka_B",10.333
"2016-02-03","Rzeka_B",10.358
"2016-02-04","Rzeka_B",10.385
"2016-02-05","Rzeka_B",10.415
"2016-02-06","Rzeka_B",10.446
"2016-02-07","Rzeka_B",10.481
"2016-02-08","Rzeka_B",10.517
"2016-02-09","Rzeka_B",10.555
"2016-02-10","Rzeka_B",10.596
"2016-02-11","Rzeka_B",10.638
"2016-02-12","Rzeka_B",10.682
"2016-02-13","Rzeka_B",10.727
"2016-02-14","Rzeka_B",10.773
"2016-02-15","Rzeka_B",10.821
"2016-02-16","Rzeka_B",10.87
"2016-02-17","Rzeka_B",10.919
"2016-02-18","Rzeka_B",10.969
"2016-02-19","Rzeka_B",11.02
"2016-02-20","Rzeka_B",11.071
"2016-02-21","Rzeka_B",11.121
"2016-02-22","Rzeka_B",11.172
"2016-02-23","Rzeka_B",11.223
"2016-02-24","Rzeka_B",11.273
"2016-02-25","Rzeka_B",11.322
"2016-02-26","Rzeka_B",11.371
"2016-02-27","Rzeka_B",11.418
"2016-02-28","Rzeka_B",11.465
"2016-02-29","Rzeka_B",11.51
"2016-03-01","Rzeka_B",11.553
"2016-03-02","Rzeka_B",11.595
"2016-03-03","Rzeka_B",11.635
"2016-03-04","Rzeka_B",11.672
"2016-03-05","Rzeka_B",11.708
"2016-03-06","Rzeka_B",11.741
"2016-03-07","Rzeka_B",11.772
"2016-03-08","Rzeka_B",11.8
"2016-03-09","Rzeka_B",11.825
"2016-03-10","Rzeka_B",11.847
"2016-03-11","Rzeka_B",11.867
"2016-03-12","Rzeka_B",11.883
"2016-03-13","Rzeka_B",11.896
"2016-03-14","Rzeka_B",11.906
"2016-03-15","Rzeka_B",11.912
"2016-03-16","Rzeka_B",11.915
"2016-03-17","Rzeka_B",11.915
"2016-03-18","Rzeka_B",11.911
"2016-03-19","Rzeka_B",11.904
"2016-03-20","Rzeka_B",11.893
"2016-03-21","Rzeka_B",11.879
"2016-03-22","Rzeka_B",11.861
"2016-03-23","Rzeka_B",11.839
"2016-03-24","Rzeka_B",11.814
"2016-03-25","Rzeka_B",11.785
"2016-03-26","Rzeka_B",11.753
"2016-03-27","Rzeka_B",11.718
"2016-03-28","Rzeka_B",11.679
"2016-03-29","Rzeka_B",11.638
"2016-03-30","Rzeka_B",11.592
"2016-03-31","Rzeka_B",11.544
"2016-04-01","Rzeka_B",11.493
"2016-04-02","Rzeka_B",11.439
"2016-04-03","Rzeka_B",11.382
"2016-04-04","Rzeka_B",11.323
"2016-04-05","Rzeka_B",11.261
"2016-04-06","Rzeka_B",11.196
"2016-04-07","Rzeka_B",11.13
"2016-04-08","Rzeka_B",11.061
"2016-04-09","Rzeka_B",10.99
"2016-04-10","Rzeka_B",10.918
"2016-04-11","Rzeka_B",10.844
"2016-04-12","Rzeka_B",10.768
"2016-04-13","Rzeka_B",10.692
"2016-04-14","Rzeka_B",10.614
"2016-04-15","Rzeka_B",10.535
"2016-04-16","Rzeka_B",10.455
"2016-04-17","Rzeka_B",10.375
"2016-04-18","Rzeka_B",10.294
"2016-04-19","Rzeka_B",10.213
"2016-04-20","Rzeka_B",10.132
"2016-04-21","Rzeka_B",10.051
"2016-04-22","Rzeka_B",9.97
"2016-04-23","Rzeka_B",9.889
"2016-04-24","Rzeka_B",9.809
"2016-04-25","Rzeka_B",9.73
"2016-04-26","Rzeka_B",9.651
"2016-04-27","Rzeka_B",9.574
"2016-04-28","Rzeka_B",9.497
"2016-04-29","Rzeka_B",9.422
"2016-04-30","Rzeka_B",9.348
"2016-05-01","Rzeka_B",9.275
"2016-05-02","Rzeka_B",9.204
"2016-05-03","Rzeka_B",9.135
"2016-05-04","Rzeka_B",9.067
"2016-05-05","Rzeka_B",9.002
"2016-05-06","Rzeka_B",8.938
"2016-05-07","Rzeka_B",8.876
"2016-05-08","Rzeka_B",8.816
"2016-05-09","Rzeka_B",8.758
"2016-05-10","Rzeka_B",8.702
"2016-05-11","Rzeka_B",8.648
"2016-05-12","Rzeka_B",8.596
"2016-05-13","Rzeka_B",8.547
"2016-05-14","Rzeka_B",8.499
"2016-05-15","Rzeka_B",8.454
"2016-05-16","Rzeka_B",8.41
"2016-05-17","Rzeka_B",8.369
"2016-05-18","Rzeka_B",8.329
"2016-05-19","Rzeka_B",8.292
"2016-05-20","Rzeka_B",8.256
"2016-05-21","Rzeka_B",8.222
"2016-05-22","Rzeka_B",8.19
"2016-05-23","Rzeka_B",8.159
"2016-05-24","Rzeka_B",8.13
"2016-05-25","Rzeka_B",8.102
"2016-05-26","Rzeka_B",8.076
"2016-05-27","Rzeka_B",8.051
"2016-05-28","Rzeka_B",8.026
"2016-05-29","Rzeka_B",8.003
"2016-05-30","Rzeka_B",7.98
"2016-05-31","Rzeka_B",7.958
"2016-06-01","Rzeka_B",7.937
"2016-06-02","Rzeka_B",7.916
"2016-06-03","Rzeka_B",7.895
"2016-06-04","Rzeka_B",7.874
"2016-06-05","Rzeka_B",7.853
"2016-06-06","Rzeka_B",7.832
"2016-06-07","Rzeka_B",7.81
"2016-06-08","Rzeka_B",7.788
"2016-06-09","Rzeka_B",7.765
"2016-06-10","Rzeka_B",7.741
"2016-06-11","Rzeka_B",7.717
"2016-06-12","Rzeka_B",7.691
"2016-06-13","Rzeka_B",7.663
"2016-06-14","Rzeka_B",7.635
"2016-06-15","Rzeka_B",7.604
"2016-06-16","Rzeka_B",7.572
"2016-06-17","Rzeka_B",7.538
"2016-06-18","Rzeka_B",7.503
"2016-06-19","Rzeka_B",7.465
"2016-06-20","Rzeka_B",7.425
"2016-06-21","Rzeka_B",7.382
"2016-06-22","Rzeka_B",7.338
"2016-06-23","Rzeka_B",7.291
"2016-06-24","Rzeka_B",7.241
"2016-06-25","Rzeka_B",7.189
"2016-06-26","Rzeka_B",7.134
"2016-06-27","Rzeka_B",7.077
"2016-06-28","Rzeka_B",7.017
"2016-06-29","Rzeka_B",6.954
"2016-06-30","Rzeka_B",6.889
"2016-07-01","Rzeka_B",6.82
"2016-07-02","Rzeka_B",6.75
"2016-07-03","Rzeka_B",6.676
"2016-07-04","Rzeka_B",6.6
"2016-07-05","Rzeka_B",6.521
"2016-07-06","Rzeka_B",6.44
"2016-07-07","Rzeka_B",6.356
"2016-07-08","Rzeka_B",6.27
"2016-07-09","Rzeka_B",6.181
"2016-07-10","Rzeka_B",6.09
"2016-07-11","Rzeka_B",5.997
"2016-07-12","Rzeka_B",5.903
"2016-07-13","Rzeka_B",5.806
"2016-07-14","Rzeka_B",5.707
"2016-07-15","Rzeka_B",5.607
"2016-07-16","Rzeka_B",5.506
"2016-07-17","Rzeka_B",5.403
"2016-07-18","Rzeka_B",5.3
"2016-07-19","Rzeka_B",5.195
"2016-07-20","Rzeka_B",5.089
"2016-07-21","Rzeka_B",4.983
"2016-07-22","Rzeka_B",4.877
"2016-07-23","Rzeka_B",4.771
"2016-07-24","Rzeka_B",4.664
"2016-07-25","Rzeka_B",4.558
"2016-07-26","Rzeka_B",4.453
"2016-07-27","Rzeka_B",4.348
"2016-07-28","Rzeka_B",4.244
"2016-07-29","Rzeka_B",4.141
"2016-07-30","Rzeka_B",4.04
"2016-07-31","Rzeka_B",3.94
"2016-08-01","Rzeka_B",3.842
"2016-08-02","Rzeka_B",3.746
"2016-08-03","Rzeka_B",3.652
"2016-08-04","Rzeka_B",3.56
"2016-08-05","Rzeka_B",3.472
"2016-08-06","Rzeka_B",3.386
"2016-08-07","Rzeka_B",3.303
"2016-08-08","Rzeka_B",3.224
"2016-08-09","Rzeka_B",3.148
"2016-08-10","Rzeka_B",3.075
"2016-08-11","Rzeka_B",3.007
"2016-08-12","Rzeka_B",2.942
"2016-08-13","Rzeka_B",2.882
"2016-08-14","Rzeka_B",2.825
"2016-08-15","Rzeka_B",2.774
"2016-08-16","Rzeka_B",2.726
"2016-08-17","Rzeka_B",2.684
"2016-08-18","Rzeka_B",
"2016-08-19","Rzeka_B",2.614
"2016-08-20","Rzeka_B",2.586
"2016-08-21","Rzeka_B",2.563
"2016-08-22","Rzeka_B",2.546
"2016-08-23","Rzeka_B",2.533
"2016-08-24","Rzeka_B",2.526
"2016-08-25","Rzeka_B",2.525
"2016-08-26","Rzeka_B",2.528
"2016-08-27","Rzeka_B",2.537
"2016-08-28","Rzeka_B",2.551
"2016-08-29","Rzeka_B",2.571
"2016-08-30","Rzeka_B",2.595
"2016-08-31","Rzeka_B",2.625
"2016-09-01","Rzeka_B",2.66
"2016-09-02","Rzeka_B",2.701
"2016-09-03","Rzeka_B",2.746
"2016-09-04","Rzeka_B",2.796
"2016-09-05","Rzeka_B",2.851
"2016-09-06","Rzeka_B",2.911
"2016-09-07","Rzeka_B",2.975
"2016-09-08","Rzeka_B",3.044
"2016-09-09","Rzeka_B",3.118
"2016-09-10","Rzeka_B",3.195
"2016-09-11","Rzeka_B",3.277
"2016-09-12","Rzeka_B",3.362
"2016-09-13","Rzeka_B",3.451
"2016-09-14","Rzeka_B",3.544
"2016-09-15","Rzeka_B",3.639
"2016-09-16","Rzeka_B",3.738
"2016-09-17","Rzeka_B",3.84
"2016-09-18","Rzeka_B",3.945
"2016-09-19","Rzeka_B",4.052
"2016-09-20","Rzeka_B",4.162
"2016-09-21","Rzeka_B",4.274
"2016-09-22","Rzeka_B",4.387
"2016-09-23","Rzeka_B",4.502
"2016-09-24","Rzeka_B",4.619
"2016-09-25","Rzeka_B",4.737
"2016-09-26","Rzeka_B",4.856
"2016-09-27","Rzeka_B",4.975
"2016-09-28","Rzeka_B",5.096
"2016-09-29","Rzeka_B",5.216
"2016-09-30","Rzeka_B",5.337
"2016-10-01","Rzeka_B",5.458
"2016-10-02","Rzeka_B",5.578
"2016-10-03","Rzeka_B",5.698
"2016-10-04","Rzeka_B",5.818
"2016-10-05","Rzeka_B",5.936
"2016-10-06","Rzeka_B",6.054
"2016-10-07","Rzeka_B",6.17
"2016-10-08","Rzeka_B",6.285
"2016-10-09","Rzeka_B",6.398
"2016-10-10","Rzeka_B",6.51
"2016-10-11","Rzeka_B",6.62
"2016-10-12","Rzeka_B",6.728
"2016-10-13","Rzeka_B",6.834
"2016-10-14","Rzeka_B",6.938
"2016-10-15","Rzeka_B",7.039
"2016-10-16","Rzeka_B",7.138
"2016-10-17","Rzeka_B",7.235
"2016-10-18","Rzeka_B",7.329
"2016-10-19","Rzeka_B",7.42
"2016-10-20","Rzeka_B",7.509
"2016-10-21","Rzeka_B",7.596
"2016-10-22","Rzeka_B",7.679
"2016-10-23","Rzeka_B",7.76
"2016-10-24","Rzeka_B",7.838
"2016-10-25","Rzeka_B",7.913
"2016-10-26","Rzeka_B",7.986
"2016-10-27","Rzeka_B",8.056
"2016-10-28","Rzeka_B",8.123
"2016-10-29","Rzeka_B",8.188
"2016-10-30","Rzeka_B",8.25
"2016-10-31","Rzeka_B",8.31
"2016-11-01","Rzeka_B",8.367
"2016-11-02","Rzeka_B",8.422
"2016-11-03","Rzeka_B",8.474
"2016-11-04","Rzeka_B",8.525
"2016-11-05","Rzeka_B",8.573
"2016-11-06","Rzeka_B",8.62
"2016-11-07","Rzeka_B",8.664
"2016-11-08","Rzeka_B",8.707
"2016-11-09","Rzeka_B",8.748
"2016-11-10","Rzeka_B",8.788
"2016-11-11","Rzeka_B",8.826
"2016-11-12","Rzeka_B",8.864
"2016-11-13","Rzeka_B",8.9
"2016-11-14","Rzeka_B",8.935
"2016-11-15","Rzeka_B",8.97
"2016-11-16","Rzeka_B",9.003
"2016-11-17","Rzeka_B",9.037
"2016-11-18","Rzeka_B",9.07
"2016-11-19","Rzeka_B",9.103
"2016-11-20","Rzeka_B",9.135
"2016-11-21","Rzeka_B",9.168
"2016-11-22","Rzeka_B",9.201
"2016-11-23","Rzeka_B",9.235
"2016-11-24","Rzeka_B",9.268
"2016-11-25","Rzeka_B",9.303
"2016-11-26","Rzeka_B",9.338
"2016-11-27","Rzeka_B",9.374
"2016-11-28","Rzeka_B",9.411
"2016-11-29","Rzeka_B",9.449
"2016-11-30","Rzeka_B",9.488
"2016-12-01","Rzeka_B",9.529
"2016-12-02","Rzeka_B",9.57
"2016-12-03","Rzeka_B",9.613
"2016-12-04","Rzeka_B",9.658
"2016-12-05","Rzeka_B",9.704
"2016-12-06","Rzeka_B",9.752
"2016-12-07","Rzeka_B",9.801
"2016-12-08","Rzeka_B",9.851
"2016-12-09","Rzeka_B",9.904
"2016-12-10","Rzeka_B",9.958
"2016-12-11","Rzeka_B",10.014
"2016-12-12","Rzeka_B",10.071
"2016-12-13","Rzeka_B",10.13
"2016-12-14","Rzeka_B",10.19
"2016-12-15","Rzeka_B",10.253
"2016-12-16","Rzeka_B",10.316
"2016-12-17","Rzeka_B",10.381
"2016-12-18","Rzeka_B",10.448
"2016-12-19","Rzeka_B",10.515
"2016-12-20","Rzeka_B",10.584
"2016-12-21","Rzeka_B",10.654
"2016-12-22","Rzeka_B",10.725
"2016-12-23","Rzeka_B",10.797
"2016-12-24","Rzeka_B",10.87
"2016-12-25","Rzeka_B",10.943
"2016-12-26","Rzeka_B",11.017
"2016-12-27","Rzeka_B",11.092
"2016-12-28","Rzeka_B",11.166
"2016-12-29","Rzeka_B",11.241
"2016-12-30","Rzeka_B",11.316
"2016-12-31","Rzeka_B",11.39
"2017-01-01","Rzeka_B",11.465
"2017-01-02","Rzeka_B",11.538
"2017-01-03","Rzeka_B",11.611
"2017-01-04","Rzeka_B",11.683
"2017-01-05","Rzeka_B",11.755
"2017-01-06","Rzeka_B",11.824
"2017-01-07","Rzeka_B",11.893
"2017-01-08","Rzeka_B",11.96
"2017-01-09","Rzeka_B",12.025
"2017-01-10","Rzeka_B",12.089
"2017-01-11","Rzeka_B",12.15
"2017-01-12","Rzeka_B",12.21
"2017-01-13","Rzeka_B",12.267
"2017-01-14","Rzeka_B",12.321
"2017-01-15","Rzeka_B",12.373
"2017-01-16","Rzeka_B",12.422
"2017-01-17","Rzeka_B",12.468
"2017-01-18","Rzeka_B",12.511
"2017-01-19","Rzeka_B",12.551
"2017-01-20","Rzeka_B",12.588
"2017-01-21","Rzeka_B",12.621
"2017-01-22","Rzeka_B",12.65
"2017-01-23","Rzeka_B",12.676
"2017-01-24","Rzeka_B",12.699
"2017-01-25","Rzeka_B",12.717
"2017-01-26","Rzeka_B",12.732
"2017-01-27","Rzeka_B",12.743
"2017-01-28","Rzeka_B",12.75
"2017-01-29","Rzeka_B",12.753
"2017-01-30","Rzeka_B",12.752
"2017-01-31","Rzeka_B",12.747
"2017-02-01","Rzeka_B",12.738
"2017-02-02","Rzeka_B",12.725
"2017-02-03","Rzeka_B",12.708
"2017-02-04","Rzeka_B",12.687
"2017-02-05","Rzeka_B",12.662
"2017-02-06","Rzeka_B",12.634
"2017-02-07","Rzeka_B",12.601
"2017-02-08","Rzeka_B",12.565
"2017-02-09","Rzeka_B",12.526
"2017-02-10","Rzeka_B",12.482
"2017-02-11","Rzeka_B",12.436
"2017-02-12","Rzeka_B",12.386
"2017-02-13","Rzeka_B",12.333
"2017-02-14","Rzeka_B",12.276
"2017-02-15","Rzeka_B",12.217
"2017-02-16","Rzeka_B",12.155
"2017-02-17","Rzeka_B",12.091
"2017-02-18","Rzeka_B",12.024
"2017-02-19","Rzeka_B",11.954
"2017-02-20","Rzeka_B",11.883
"2017-02-21","Rzeka_B",11.81
"2017-02-22","Rzeka_B",11.734
"2017-02-23","Rzeka_B",11.658
"2017-02-24","Rzeka_B",11.58
"2017-02-25","Rzeka_B",11.501
"2017-02-26","Rzeka_B",11.42
"2017-02-27","Rzeka_B",11.34
"2017-02-28","Rzeka_B",11.258
"2017-03-01","Rzeka_B",11.176
"2017-03-02","Rzeka_B",11.094
"2017-03-03","Rzeka_B",11.012
"2017-03-04","Rzeka_B",10.931
"2017-03-05","Rzeka_B",10.849
"2017-03-06","Rzeka_B",10.769
"2017-03-07","Rzeka_B",10.689
"2017-03-08","Rzeka_B",10.61
"2017-03-09","Rzeka_B",10.533
"2017-03-10","Rzeka_B",10.457
"2017-03-11","Rzeka_B",10.382
"2017-03-12","Rzeka_B",10.309
"2017-03-13","Rzeka_B",10.238
"2017-03-14","Rzeka_B",10.17
"2017-03-15","Rzeka_B",10.103
"2017-03-16","Rzeka_B",10.039
"2017-03-17","Rzeka_B",9.977
"2017-03-18","Rzeka_B",9.917
"2017-03-19","Rzeka_B",9.861
"2017-03-20","Rzeka_B",9.807
"2017-03-21","Rzeka_B",9.756
"2017-03-22","Rzeka_B",9.708
"2017-03-23","Rzeka_B",9.663
"2017-03-24","Rzeka_B",9.621
"2017-03-25","Rzeka_B",9.582
"2017-03-26","Rzeka_B",9.547
"2017-03-27","Rzeka_B",9.514
"2017-03-28","Rzeka_B",9.485
"2017-03-29","Rzeka_B",9.459
"2017-03-30","Rzeka_B",9.436
"2017-03-31","Rzeka_B",9.417
"2017-04-01","Rzeka_B",9.4
"2017-04-02","Rzeka_B",9.387
"2017-04-03","Rzeka_B",9.376
"2017-04-04","Rzeka_B",9.369
"2017-04-05","Rzeka_B",9.364
"2017-04-06","Rzeka_B",9.362
"2017-04-07","Rzeka_B",9.363
"2017-04-08","Rzeka_B",9.367
"2017-04-09","Rzeka_B",9.373
"2017-04-10","Rzeka_B",9.381
"2017-04-11","Rzeka_B",9.391
"2017-04-12","Rzeka_B",9.404
"2017-04-13","Rzeka_B",9.418
"2017-04-14","Rzeka_B",9.434
"2017-04-15","Rzeka_B",9.452
"2017-04-16","Rzeka_B",9.471
"2017-04-17","Rzeka_B",9.491
"2017-04-18","Rzeka_B",9.512
"2017-04-19","Rzeka_B",9.535
"2017-04-20","Rzeka_B",9.557
"2017-04-21","Rzeka_B",9.581
"2017-04-22","Rzeka_B",9.604
"2017-04-23","Rzeka_B",9.628
"2017-04-24","Rzeka_B",9.651
"2017-04-25","Rzeka_B",9.674
"2017-04-26","Rzeka_B",9.697
"2017-04-27","Rzeka_B",9.719
"2017-04-28","Rzeka_B",9.74
"2017-04-29","Rzeka_B",9.76
"2017-04-30","Rzeka_B",9.778
"2017-05-01","Rzeka_B",9.795
"2017-05-02","Rzeka_B",9.811
"2017-05-03","Rzeka_B",9.824
"2017-05-04","Rzeka_B",9.836
"2017-05-05","Rzeka_B",9.845
"2017-05-06","Rzeka_B",9.852
"2017-05-07","Rzeka_B",9.856
"2017-05-08","Rzeka_B",9.858
"2017-05-09","Rzeka_B",9.857
"2017-05-10","Rzeka_B",9.853
"2017-05-11","Rzeka_B",9.846
"2017-05-12","Rzeka_B",9.835
"2017-05-13","Rzeka_B",9.822
"2017-05-14","Rzeka_B",9.805
"2017-05-15","Rzeka_B",9.785
"2017-05-16","Rzeka_B",9.761
"2017-05-17","Rzeka_B",9.733
"2017-05-18","Rzeka_B",9.703
"2017-05-19","Rzeka_B",9.668
"2017-05-20","Rzeka_B",9.63
"2017-05-21","Rzeka_B",9.588
"2017-05-22","Rzeka_B",9.542
"2017-05-23","Rzeka_B",9.493
"2017-05-24","Rzeka_B",9.44
"2017-05-25","Rzeka_B",9.383
"2017-05-26","Rzeka_B",9.323
"2017-05-27","Rzeka_B",9.259
"2017-05-28","Rzeka_B",9.192
"2017-05-29","Rzeka_B",9.121
"2017-05-30","Rzeka_B",9.047
"2017-05-31","Rzeka_B",8.97
"2017-06-01","Rzeka_B",8.89
"2017-06-02","Rzeka_B",8.807
"2017-06-03","Rzeka_B",8.72
"2017-06-04","Rzeka_B",8.632
"2017-06-05","Rzeka_B",8.54
"2017-06-06","Rzeka_B",8.446
"2017-06-07","Rzeka_B",8.35
"2017-06-08","Rzeka_B",8.252
"2017-06-09","Rzeka_B",8.152
"2017-06-10","Rzeka_B",8.05
"2017-06-11","Rzeka_B",7.946
"2017-06-12","Rzeka_B",7.841
"2017-06-13","Rzeka_B",7.735
"2017-06-14","Rzeka_B",7.628
"2017-06-15","Rzeka_B",7.52
"2017-06-16","Rzeka_B",7.411
"2017-06-17","Rzeka_B",7.302
"2017-06-18","Rzeka_B",7.193
"2017-06-19","Rzeka_B",7.084
"2017-06-20","Rzeka_B",6.975
"2017-06-21","Rzeka_B",6.866
"2017-06-22","Rzeka_B",6.758
"2017-06-23","Rzeka_B",6.65
"2017-06-24","Rzeka_B",6.544
"2017-06-25","Rzeka_B",6.438
"2017-06-26","Rzeka_B",6.334
"2017-06-27","Rzeka_B",6.232
"2017-06-28","Rzeka_B",6.131
"2017-06-29","Rzeka_B",6.032
"2017-06-30","Rzeka_B",5.935
"2017-07-01","Rzeka_B",5.84
"2017-07-02","Rzeka_B",5.747
"2017-07-03","Rzeka_B",5.657
"2017-07-04","Rzeka_B",5.569
"2017-07-05","Rzeka_B",5.484
"2017-07-06","Rzeka_B",5.402
"2017-07-07","Rzeka_B",5.323
"2017-07-08","Rzeka_B",5.247
"2017-07-09","Rzeka_B",5.174
"2017-07-10","Rzeka_B",5.104
"2017-07-11","Rzeka_B",5.037
"2017-07-12","Rzeka_B",4.974
"2017-07-13","Rzeka_B",4.914
"2017-07-14","Rzeka_B",4.857
"2017-07-15","Rzeka_B",4.804
"2017-07-16","Rzeka_B",4.754
"2017-07-17","Rzeka_B",4.707
"2017-07-18","Rzeka_B",4.664
"2017-07-19","Rzeka_B",4.624
"2017-07-20","Rzeka_B",4.587
"2017-07-21","Rzeka_B",4.554
"2017-07-22","Rzeka_B",4.524
"2017-07-23","Rzeka_B",4.498
"2017-07-24","Rzeka_B",4.474
"2017-07-25","Rzeka_B",4.454
"2017-07-26","Rzeka_B",4.436
"2017-07-27","Rzeka_B",4.422
"2017-07-28","Rzeka_B",4.41
"2017-07-29","Rzeka_B",4.401
"2017-07-30","Rzeka_B",4.394
"2017-07-31","Rzeka_B",4.39
"2017-08-01","Rzeka_B",4.388
"2017-08-02","Rzeka_B",4.389
"2017-08-03","Rzeka_B",4.392
"2017-08-04","Rzeka_B",4.396
"2017-08-05","Rzeka_B",4.402
"2017-08-06","Rzeka_B",4.41
"2017-08-07","Rzeka_B",4.42
"2017-08-08","Rzeka_B",4.431
"2017-08-09","Rzeka_B",4.443
"2017-08-10","Rzeka_B",4.456
"2017-08-11","Rzeka_B",4.47
"2017-08-12","Rzeka_B",4.485
"2017-08-13","Rzeka_B",4.5
"2017-08-14","Rzeka_B",4.516
"2017-08-15","Rzeka_B",4.533
"2017-08-16","Rzeka_B",4.549
"2017-08-17","Rzeka_B",4.566
"2017-08-18","Rzeka_B",4.582
"2017-08-19","Rzeka_B",4.599
"2017-08-20","Rzeka_B",4.615
"2017-08-21","Rzeka_B",4.63
"2017-08-22","Rzeka_B",4.645
"2017-08-23","Rzeka_B",4.66
"2017-08-24","Rzeka_B",4.673
"2017-08-25","Rzeka_B",4.686
"2017-08-26","Rzeka_B",4.698
"2017-08-27","Rzeka_B",4.709
"2017-08-28","Rzeka_B",4.719
"2017-08-29","Rzeka_B",4.728
"2017-08-30","Rzeka_B",4.735
"2017-08-31","Rzeka_B",4.742
"2017-09-01","Rzeka_B",4.747
"2017-09-02","Rzeka_B",4.751
"2017-09-03","Rzeka_B",4.754
"2017-09-04","Rzeka_B",4.755
"2017-09-05","Rzeka_B",4.756
"2017-09-06","Rzeka_B",4.755
"2017-09-07","Rzeka_B",4.753
"2017-09-08","Rzeka_B",4.75
"2017-09-09","Rzeka_B",4.745
"2017-09-10","Rzeka_B",4.74
"2017-09-11","Rzeka_B",4.734
"2017-09-12","Rzeka_B",4.727
"2017-09-13","Rzeka_B",4.719
"2017-09-14","Rzeka_B",4.71
"2017-09-15","Rzeka_B",4.701
"2017-09-16","Rzeka_B",4.691
"2017-09-17","Rzeka_B",4.681
"2017-09-18","Rzeka_B",4.671
"2017-09-19","Rzeka_B",4.66
"2017-09-20","Rzeka_B",4.65
"2017-09-21","Rzeka_B",4.639
"2017-09-22","Rzeka_B",4.629
"2017-09-23","Rzeka_B",4.62
"2017-09-24","Rzeka_B",4.611
"2017-09-25","Rzeka_B",4.603
"2017-09-26","Rzeka_B",4.595
"2017-09-27","Rzeka_B",4.589
"2017-09-28","Rzeka_B",4.584
"2017-09-29","Rzeka_B",4.581
"2017-09-30","Rzeka_B",4.579
"2017-10-01","Rzeka_B",4.579
"2017-10-02","Rzeka_B",4.58
"2017-10-03","Rzeka_B",4.584
"2017-10-04","Rzeka_B",4.59
"2017-10-05","Rzeka_B",4.599
"2017-10-06","Rzeka_B",4.61
"2017-10-07","Rzeka_B",4.624
"2017-10-08","Rzeka_B",4.64
"2017-10-09","Rzeka_B",4.66
"2017-10-10","Rzeka_B",4.682
"2017-10-11","Rzeka_B",4.708
"2017-10-12","Rzeka_B",4.738
"2017-10-13","Rzeka_B",4.77
"2017-10-14","Rzeka_B",4.807
"2017-10-15","Rzeka_B",4.847
"2017-10-16","Rzeka_B",4.891
"2017-10-17","Rzeka_B",4.938
"2017-10-18","Rzeka_B",4.99
"2017-10-19","Rzeka_B",5.046
"2017-10-20","Rzeka_B",5.106
"2017-10-21","Rzeka_B",5.169
"2017-10-22","Rzeka_B",5.237
"2017-10-23","Rzeka_B",5.309
"2017-10-24","Rzeka_B",5.385
"2017-10-25","Rzeka_B",5.466
"2017-10-26","Rzeka_B",5.55
"2017-10-27","Rzeka_B",5.639
"2017-10-28","Rzeka_B",5.731
"2017-10-29","Rzeka_B",5.828
"2017-10-30","Rzeka_B",5.928
"2017-10-31","Rzeka_B",6.033
"2017-11-01","Rzeka_B",6.141
"2017-11-02","Rzeka_B",6.253
"2017-11-03","Rzeka_B",6.368
"2017-11-04","Rzeka_B",6.487
"2017-11-05","Rzeka_B",6.609
"2017-11-06","Rzeka_B",6.734
"2017-11-07","Rzeka_B",6.863
"2017-11-08","Rzeka_B",6.994
"2017-11-09","Rzeka_B",7.128
"2017-11-10","Rzeka_B",7.265
"2017-11-11","Rzeka_B",7.404
"2017-11-12","Rzeka_B",7.545
"2017-11-13","Rzeka_B",7.688
"2017-11-14","Rzeka_B",7.833
"2017-11-15","Rzeka_B",7.979
"2017-11-16","Rzeka_B",8.127
"2017-11-17","Rzeka_B",8.276
"2017-11-18","Rzeka_B",8.425
"2017-11-19","Rzeka_B",8.576
"2017-11-20","Rzeka_B",8.727
"2017-11-21","Rzeka_B",8.878
"2017-11-22","Rzeka_B",9.029
"2017-11-23","Rzeka_B",9.18
"2017-11-24","Rzeka_B",9.33
"2017-11-25","Rzeka_B",9.48
"2017-11-26","Rzeka_B",9.628
"2017-11-27","Rzeka_B",9.775
"2017-11-28","Rzeka_B",9.921
"2017-11-29","Rzeka_B",10.066
"2017-11-30","Rzeka_B",10.208
"2017-12-01","Rzeka_B",10.348
"2017-12-02","Rzeka_B",10.486
"2017-12-03","Rzeka_B",10.622
"2017-12-04","Rzeka_B",10.754
"2017-12-05","Rzeka_B",10.884
"2017-12-06","Rzeka_B",11.011
"2017-12-07","Rzeka_B",11.134
"2017-12-08","Rzeka_B",11.254
"2017-12-09","Rzeka_B",11.37
"2017-12-10","Rzeka_B",11.482
"2017-12-11","Rzeka_B",11.591
"2017-12-12","Rzeka_B",11.695
"2017-12-13","Rzeka_B",11.796
"2017-12-14","Rzeka_B",11.891
"2017-12-15","Rzeka_B",11.983
"2017-12-16","Rzeka_B",12.07
"2017-12-17","Rzeka_B",12.153
"2017-12-18","Rzeka_B",12.23
"2017-12-19","Rzeka_B",12.303
"2017-12-20","Rzeka_B",12.372
"2017-12-21","Rzeka_B",12.436
"2017-12-22","Rzeka_B",12.494
"2017-12-23","Rzeka_B",12.549
"2017-12-24","Rzeka_B",12.598
"2017-12-25","Rzeka_B",12.642
"2017-12-26","Rzeka_B",12.682
"2017-12-27","Rzeka_B",12.717
"2017-12-28","Rzeka_B",12.748
"2017-12-29","Rzeka_B",12.774
"2017-12-30","Rzeka_B",12.795
"2017-12-31","Rzeka_B",12.812
"2018-01-01","Rzeka_B",12.825
"2018-01-02","Rzeka_B",12.833
"2018-01-03","Rzeka_B",12.837
"2018-01-04","Rzeka_B",12.838
"2018-01-05","Rzeka_B",12.834
"2018-01-06","Rzeka_B",12.827
"2018-01-07","Rzeka_B",12.816
"2018-01-08","Rzeka_B",12.802
"2018-01-09","Rzeka_B",12.785
"2018-01-10","Rzeka_B",12.764
"2018-01-11","Rzeka_B",12.741
"2018-01-12","Rzeka_B",12.715
"2018-01-13","Rzeka_B",12.686
"2018-01-14","Rzeka_B",12.655
"2018-01-15","Rzeka_B",12.622
"2018-01-16","Rzeka_B",12.587
"2018-01-17","Rzeka_B",12.55
"2018-01-18","Rzeka_B",12.511
"2018-01-19","Rzeka_B",12.471
"2018-01-20","Rzeka_B",12.43
"2018-01-21","Rzeka_B",12.388
"2018-01-22","Rzeka_B",12.345
"2018-01-23","Rzeka_B",12.301
"2018-01-24","Rzeka_B",12.257
"2018-01-25","Rzeka_B",12.213
"2018-01-26","Rzeka_B",12.168
"2018-01-27","Rzeka_B",12.124
"2018-01-28","Rzeka_B",12.079
"2018-01-29","Rzeka_B",12.036
"2018-01-30","Rzeka_B",11.992
"2018-01-31","Rzeka_B",11.95
"2018-02-01","Rzeka_B",11.908
"2018-02-02","Rzeka_B",11.867
"2018-02-03","Rzeka_B",11.828
"2018-02-04","Rzeka_B",11.789
"2018-02-05","Rzeka_B",11.752
"2018-02-06","Rzeka_B",11.716
"2018-02-07","Rzeka_B",11.682
"2018-02-08","Rzeka_B",11.649
"2018-02-09","Rzeka_B",11.618
"2018-02-10","Rzeka_B",11.589
"2018-02-11","Rzeka_B",11.561
"2018-02-12","Rzeka_B",11.536
"2018-02-13","Rzeka_B",11.512
"2018-02-14","Rzeka_B",11.49
"2018-02-15","Rzeka_B",11.469
"2018-02-16","Rzeka_B",11.451
"2018-02-17","Rzeka_B",11.434
"2018-02-18","Rzeka_B",11.419
"2018-02-19","Rzeka_B",11.406
"2018-02-20","Rzeka_B",11.395
"2018-02-21","Rzeka_B",11.385
"2018-02-22","Rzeka_B",11.377
"2018-02-23","Rzeka_B",11.37
"2018-02-24","Rzeka_B",11.365
"2018-02-25","Rzeka_B",11.361
"2018-02-26","Rzeka_B",11.359
"2018-02-27","Rzeka_B",11.357
"2018-02-28","Rzeka_B",11.357
"2018-03-01","Rzeka_B",11.358
"2018-03-02","Rzeka_B",11.359
"2018-03-03","Rzeka_B",11.361
"2018-03-04","Rzeka_B",11.364
"2018-03-05","Rzeka_B",11.367
"2018-03-06","Rzeka_B",11.37
"2018-03-07","Rzeka_B",11.374
"2018-03-08","Rzeka_B",11.377
"2018-03-09","Rzeka_B",11.381
"2018-03-10","Rzeka_B",11.384
"2018-03-11","Rzeka_B",11.386
"2018-03-12","Rzeka_B",11.388
"2018-03-13","Rzeka_B",11.389
"2018-03-14","Rzeka_B",11.39
"2018-03-15","Rzeka_B",11.389
"2018-03-16","Rzeka_B",11.387
"2018-03-17","Rzeka_B",11.383
"2018-03-18","Rzeka_B",11.379
"2018-03-19","Rzeka_B",11.372
"2018-03-20","Rzeka_B",11.364
"2018-03-21","Rzeka_B",11.354
"2018-03-22","Rzeka_B",11.342
"2018-03-23","Rzeka_B",11.327
"2018-03-24","Rzeka_B",11.311
"2018-03-25","Rzeka_B",11.292
"2018-03-26","Rzeka_B",11.271
"2018-03-27","Rzeka_B",11.247
"2018-03-28","Rzeka_B",11.221
"2018-03-29","Rzeka_B",11.192
"2018-03-30","Rzeka_B",11.16
"2018-03-31","Rzeka_B",11.126
"2018-04-01","Rzeka_B",11.088
"2018-04-02","Rzeka_B",11.048
"2018-04-03","Rzeka_B",11.005
"2018-04-04","Rzeka_B",10.959
"2018-04-05","Rzeka_B",10.91
"2018-04-06","Rzeka_B",10.859
"2018-04-07","Rzeka_B",10.804
"2018-04-08","Rzeka_B",10.747
"2018-04-09","Rzeka_B",10.687
"2018-04-10","Rzeka_B",10.624
"2018-04-11","Rzeka_B",10.558
"2018-04-12","Rzeka_B",10.49
"2018-04-13","Rzeka_B",10.419
"2018-04-14","Rzeka_B",10.346
"2018-04-15","Rzeka_B",10.27
"2018-04-16","Rzeka_B",10.192
"2018-04-17","Rzeka_B",10.112
"2018-04-18","Rzeka_B",10.03
"2018-04-19","Rzeka_B",9.946
"2018-04-20","Rzeka_B",9.86
"2018-04-21","Rzeka_B",9.772
"2018-04-22","Rzeka_B",9.683
"2018-04-23","Rzeka_B",9.593
"2018-04-24","Rzeka_B",9.501
"2018-04-25","Rzeka_B",9.409
"2018-04-26","Rzeka_B",9.315
"2018-04-27","Rzeka_B",9.221
"2018-04-28","Rzeka_B",9.127
"2018-04-29","Rzeka_B",9.032
"2018-04-30","Rzeka_B",8.937
"2018-05-01","Rzeka_B",8.841
"2018-05-02","Rzeka_B",8.746
"2018-05-03","Rzeka_B",8.652
"2018-05-04","Rzeka_B",8.558
"2018-05-05","Rzeka_B",8.465
"2018-05-06","Rzeka_B",8.372
"2018-05-07","Rzeka_B",8.281
"2018-05-08","Rzeka_B",8.191
"2018-05-09","Rzeka_B",8.102
"2018-05-10","Rzeka_B",8.015
"2018-05-11","Rzeka_B",7.93
"2018-05-12","Rzeka_B",7.847
"2018-05-13","Rzeka_B",7.766
"2018-05-14","Rzeka_B",7.686
"2018-05-15","Rzeka_B",7.61
"2018-05-16","Rzeka_B",7.535
"2018-05-17","Rzeka_B",7.464
"2018-05-18","Rzeka_B",7.395
"2018-05-19","Rzeka_B",7.328
"2018-05-20","Rzeka_B",7.265
"2018-05-21","Rzeka_B",7.205
"2018-05-22","Rzeka_B",7.147
"2018-05-23","Rzeka_B",7.093
"2018-05-24","Rzeka_B",7.042
"2018-05-25","Rzeka_B",6.994
"2018-05-26","Rzeka_B",6.949
"2018-05-27","Rzeka_B",6.908
"2018-05-28","Rzeka_B",6.87
"2018-05-29","Rzeka_B",6.835
"2018-05-30","Rzeka_B",6.803
"2018-05-31","Rzeka_B",6.775
"2018-06-01","Rzeka_B",6.75
"2018-06-02","Rzeka_B",6.728
"2018-06-03","Rzeka_B",6.709
"2018-06-04","Rzeka_B",6.693
"2018-06-05","Rzeka_B",6.68
"2018-06-06","Rzeka_B",6.67
"2018-06-07","Rzeka_B",6.663
"2018-06-08","Rzeka_B",6.659
"2018-06-09","Rzeka_B",6.657
"2018-06-10","Rzeka_B",6.657
"2018-06-11","Rzeka_B",6.66
"2018-06-12","Rzeka_B",6.666
"2018-06-13","Rzeka_B",6.673
"2018-06-14","Rzeka_B",6.682
"2018-06-15","Rzeka_B",6.693
"2018-06-16","Rzeka_B",6.706
"2018-06-17","Rzeka_B",6.72
"2018-06-18","Rzeka_B",6.735
"2018-06-19","Rzeka_B",6.751
"2018-06-20","Rzeka_B",6.768
"2018-06-21","Rzeka_B",6.786
"2018-06-22","Rzeka_B",6.805
"2018-06-23","Rzeka_B",6.823
"2018-06-24","Rzeka_B",6.842
"2018-06-25","Rzeka_B",6.861
"2018-06-26","Rzeka_B",6.88
"2018-06-27","Rzeka_B",6.898
"2018-06-28","Rzeka_B",6.916
"2018-06-29","Rzeka_B",6.933
"2018-06-30","Rzeka_B",6.949
"2018-07-01","Rzeka_B",6.963
"2018-07-02","Rzeka_B",6.977
"2018-07-03","Rzeka_B",6.989
"2018-07-04","Rzeka_B",6.999
"2018-07-05","Rzeka_B",7.008
"2018-07-06","Rzeka_B",7.014
"2018-07-07","Rzeka_B",7.019
"2018-07-08","Rzeka_B",7.021
"2018-07-09","Rzeka_B",7.021
"2018-07-10","Rzeka_B",7.018
"2018-07-11","Rzeka_B",7.013
"2018-07-12","Rzeka_B",7.005
"2018-07-13","Rzeka_B",6.994
"2018-07-14","Rzeka_B",6.981
"2018-07-15","Rzeka_B",6.964
"2018-07-16","Rzeka_B",6.945
"2018-07-17","Rzeka_B",6.922
"2018-07-18","Rzeka_B",6.897
"2018-07-19","Rzeka_B",6.868
"2018-07-20","Rzeka_B",6.836
"2018-07-21","Rzeka_B",6.801
"2018-07-22","Rzeka_B",6.763
"2018-07-23","Rzeka_B",6.722
"2018-07-24","Rzeka_B",6.677
"2018-07-25","Rzeka_B",6.63
"2018-07-26","Rzeka_B",6.58
"2018-07-27","Rzeka_B",6.526
"2018-07-28","Rzeka_B",6.47
"2018-07-29","Rzeka_B",6.411
"2018-07-30","Rzeka_B",6.35
"2018-07-31","Rzeka_B",6.286
"2018-08-01","Rzeka_B",6.219
"2018-08-02","Rzeka_B",6.151
"2018-08-03","Rzeka_B",6.08
"2018-08-04","Rzeka_B",6.007
"2018-08-05","Rzeka_B",5.932
"2018-08-06","Rzeka_B",5.856
"2018-08-07","Rzeka_B",5.778
"2018-08-08","Rzeka_B",5.698
"2018-08-09","Rzeka_B",5.618
"2018-08-10","Rzeka_B",5.537
"2018-08-11","Rzeka_B",5.454
"2018-08-12","Rzeka_B",5.372
"2018-08-13","Rzeka_B",5.288
"2018-08-14","Rzeka_B",5.205
"2018-08-15","Rzeka_B",5.122
"2018-08-16","Rzeka_B",5.039
"2018-08-17","Rzeka_B",4.956
"2018-08-18","Rzeka_B",4.874
"2018-08-19","Rzeka_B",4.794
"2018-08-20","Rzeka_B",4.714
"2018-08-21","Rzeka_B",4.635
"2018-08-22","Rzeka_B",4.558
"2018-08-23","Rzeka_B",4.483
"2018-08-24","Rzeka_B",4.41
"2018-08-25","Rzeka_B",4.339
"2018-08-26","Rzeka_B",4.27
"2018-08-27","Rzeka_B",4.204
"2018-08-28","Rzeka_B",4.141
"2018-08-29","Rzeka_B",4.08
"2018-08-30","Rzeka_B",4.023
"2018-08-31","Rzeka_B",3.969
"2018-09-01","Rzeka_B",3.918
"2018-09-02","Rzeka_B",3.871
"2018-09-03","Rzeka_B",3.828
"2018-09-04","Rzeka_B",3.788
"2018-09-05","Rzeka_B",3.753
"2018-09-06","Rzeka_B",3.721
"2018-09-07","Rzeka_B",3.694
"2018-09-08","Rzeka_B",3.671
"2018-09-09","Rzeka_B",3.652
"2018-09-10","Rzeka_B",3.638
"2018-09-11","Rzeka_B",3.628
"2018-09-12","Rzeka_B",3.623
"2018-09-13","Rzeka_B",3.622
"2018-09-14","Rzeka_B",3.626
"2018-09-15","Rzeka_B",3.635
"2018-09-16","Rzeka_B",3.648
"2018-09-17","Rzeka_B",3.666
"2018-09-18","Rzeka_B",3.688
"2018-09-19","Rzeka_B",3.715
"2018-09-20","Rzeka_B",3.746
"2018-09-21","Rzeka_B",3.782
"2018-09-22","Rzeka_B",3.823
"2018-09-23","Rzeka_B",3.867
"2018-09-24","Rzeka_B",3.916
"2018-09-25","Rzeka_B",3.969
"2018-09-26","Rzeka_B",4.026
"2018-09-27","Rzeka_B",4.086
"2018-09-28","Rzeka_B",4.151
"2018-09-29","Rzeka_B",4.219
"2018-09-30","Rzeka_B",4.291
"2018-10-01","Rzeka_B",4.366
"2018-10-02","Rzeka_B",4.444
"2018-10-03","Rzeka_B",4.526
"2018-10-04","Rzeka_B",4.61
"2018-10-05","Rzeka_B",4.696
"2018-10-06","Rzeka_B",4.786
"2018-10-07","Rzeka_B",4.878
"2018-10-08","Rzeka_B",4.971
"2018-10-09","Rzeka_B",5.067
"2018-10-10","Rzeka_B",5.165
"2018-10-11","Rzeka_B",5.264
"2018-10-12","Rzeka_B",5.364
"2018-10-13","Rzeka_B",5.466
"2018-10-14","Rzeka_B",5.569
"2018-10-15","Rzeka_B",5.672
"2018-10-16","Rzeka_B",5.777
"2018-10-17","Rzeka_B",5.881
"2018-10-18","Rzeka_B",5.986
"2018-10-19","Rzeka_B",6.091
"2018-10-20","Rzeka_B",6.196
"2018-10-21","Rzeka_B",6.301
"2018-10-22","Rzeka_B",6.405
"2018-10-23","Rzeka_B",6.508
"2018-10-24","Rzeka_B",6.611
"2018-10-25","Rzeka_B",6.713
"2018-10-26","Rzeka_B",6.814
"2018-10-27","Rzeka_B",6.913
"2018-10-28","Rzeka_B",7.012
"2018-10-29","Rzeka_B",7.109
"2018-10-30","Rzeka_B",7.204
"2018-10-31","Rzeka_B",7.298
"2018-11-01","Rzeka_B",7.39
"2018-11-02","Rzeka_B",7.48
"2018-11-03","Rzeka_B",7.568
"2018-11-04","Rzeka_B",7.655
"2018-11-05","Rzeka_B",7.739
"2018-11-06","Rzeka_B",7.822
"2018-11-07","Rzeka_B",7.902
"2018-11-08","Rzeka_B",7.98
"2018-11-09","Rzeka_B",8.056
"2018-11-10","Rzeka_B",8.13
"2018-11-11","Rzeka_B",8.202
"2018-11-12","Rzeka_B",8.272
"2018-11-13","Rzeka_B",8.339
"2018-11-14","Rzeka_B",8.405
"2018-11-15","Rzeka_B",8.469
"2018-11-16","Rzeka_B",8.53
"2018-11-17","Rzeka_B",8.59
"2018-11-18","Rzeka_B",8.648
"2018-11-19","Rzeka_B",8.704
"2018-11-20","Rzeka_B",8.759
"2018-11-21","Rzeka_B",8.812
"2018-11-22","Rzeka_B",8.864
"2018-11-23","Rzeka_B",8.914
"2018-11-24","Rzeka_B",8.963
"2018-11-25","Rzeka_B",9.011
"2018-11-26","Rzeka_B",9.058
"2018-11-27","Rzeka_B",9.104
"2018-11-28","Rzeka_B",9.149
"2018-11-29","Rzeka_B",9.193
"2018-11-30","Rzeka_B",9.237
"2018-12-01","Rzeka_B",9.281
"2018-12-02","Rzeka_B",9.324
"2018-12-03","Rzeka_B",9.367
"2018-12-04","Rzeka_B",9.41
"2018-12-05","Rzeka_B",9.454
"2018-12-06","Rzeka_B",9.497
"2018-12-07","Rzeka_B",9.541
"2018-12-08","Rzeka_B",9.586
"2018-12-09","Rzeka_B",9.631
"2018-12-10","Rzeka_B",9.677
"2018-12-11","Rzeka_B",9.724
"2018-12-12","Rzeka_B",9.772
"2018-12-13","Rzeka_B",9.82
"2018-12-14","Rzeka_B",9.871
"2018-12-15","Rzeka_B",9.922
"2018-12-16","Rzeka_B",9.975
"2018-12-17","Rzeka_B",10.029
"2018-12-18","Rzeka_B",10.085
"2018-12-19","Rzeka_B",10.142
"2018-12-20","Rzeka_B",10.201
"2018-12-21","Rzeka_B",10.262
"2018-12-22","Rzeka_B",10.324
"2018-12-23","Rzeka_B",10.388
"2018-12-24","Rzeka_B",10.454
"2018-12-25","Rzeka_B",10.522
"2018-12-26","Rzeka_B",10.591
"2018-12-27","Rzeka_B",10.662
"2018-12-28","Rzeka_B",10.735
"2018-12-29","Rzeka_B",10.81
"2018-12-30","Rzeka_B",10.886
"2018-12-31","Rzeka_B",10.964
"2019-01-01","Rzeka_B",11.044
"2019-01-02","Rzeka_B",11.125
"2019-01-03","Rzeka_B",11.208
"2019-01-04","Rzeka_B",11.292
"2019-01-05","Rzeka_B",11.377
"2019-01-06","Rzeka_B",11.463
"2019-01-07","Rzeka_B",11.55
"2019-01-08","Rzeka_B",11.638
"2019-01-09","Rzeka_B",11.727
"2019-01-10","Rzeka_B",11.817
"2019-01-11","Rzeka_B",11.907
"2019-01-12","Rzeka_B",11.997
"2019-01-13","Rzeka_B",12.088
"2019-01-14","Rzeka_B",12.178
"2019-01-15","Rzeka_B",12.268
"2019-01-16","Rzeka_B",12.358
"2019-01-17","Rzeka_B",12.448
"2019-01-18","Rzeka_B",12.536
"2019-01-19","Rzeka_B",12.624
"2019-01-20","Rzeka_B",12.711
"2019-01-21","Rzeka_B",12.796
"2019-01-22","Rzeka_B",12.88
"2019-01-23","Rzeka_B",12.962
"2019-01-24","Rzeka_B",13.043
"2019-01-25","Rzeka_B",13.121
"2019-01-26","Rzeka_B",13.197
"2019-01-27","Rzeka_B",13.271
"2019-01-28","Rzeka_B",13.342
"2019-01-29","Rzeka_B",13.41
"2019-01-30","Rzeka_B",13.475
"2019-01-31","Rzeka_B",13.537
"2019-02-01","Rzeka_B",13.595
"2019-02-02","Rzeka_B",13.651
"2019-02-03","Rzeka_B",13.702
"2019-02-04","Rzeka_B",13.75
"2019-02-05","Rzeka_B",13.793
"2019-02-06","Rzeka_B",13.833
"2019-02-07","Rzeka_B",13.868
"2019-02-08","Rzeka_B",13.899
"2019-02-09","Rzeka_B",13.925
"2019-02-10","Rzeka_B",13.947
"2019-02-11","Rzeka_B",13.964
"2019-02-12","Rzeka_B",13.977
"2019-02-13","Rzeka_B",13.985
"2019-02-14","Rzeka_B",13.987
"2019-02-15","Rzeka_B",
"2019-02-16","Rzeka_B",13.978
"2019-02-17","Rzeka_B",13.966
"2019-02-18","Rzeka_B",13.949
"2019-02-19","Rzeka_B",13.927
"2019-02-20","Rzeka_B",13.9
"2019-02-21","Rzeka_B",13.867
"2019-02-22","Rzeka_B",13.83
"2019-02-23","Rzeka_B",13.788
"2019-02-24","Rzeka_B",13.742
"2019-02-25","Rzeka_B",13.69
"2019-02-26","Rzeka_B",13.634
"2019-02-27","Rzeka_B",13.573
"2019-02-28","Rzeka_B",13.508
"2019-03-01","Rzeka_B",13.438
"2019-03-02","Rzeka_B",13.364
"2019-03-03","Rzeka_B",13.286
"2019-03-04","Rzeka_B",13.204
"2019-03-05","Rzeka_B",13.118
"2019-03-06","Rzeka_B",13.028
"2019-03-07","Rzeka_B",12.935
"2019-03-08","Rzeka_B",12.839
"2019-03-09","Rzeka_B",12.74
"2019-03-10","Rzeka_B",12.637
"2019-03-11","Rzeka_B",12.532
"2019-03-12","Rzeka_B",12.424
"2019-03-13","Rzeka_B",12.314
"2019-03-14","Rzeka_B",12.202
"2019-03-15","Rzeka_B",12.088
"2019-03-16","Rzeka_B",11.973
"2019-03-17","Rzeka_B",11.856
"2019-03-18","Rzeka_B",11.737
"2019-03-19","Rzeka_B",11.618
"2019-03-20","Rzeka_B",11.498
"2019-03-21","Rzeka_B",11.377
"2019-03-22","Rzeka_B",11.257
"2019-03-23","Rzeka_B",11.136
"2019-03-24","Rzeka_B",11.015
"2019-03-25","Rzeka_B",10.894
"2019-03-26","Rzeka_B",10.775
"2019-03-27","Rzeka_B",10.656
"2019-03-28","Rzeka_B",10.538
"2019-03-29","Rzeka_B",10.421
"2019-03-30","Rzeka_B",10.305
"2019-03-31","Rzeka_B",10.192
"2019-04-01","Rzeka_B",10.08
"2019-04-02","Rzeka_B",9.97
"2019-04-03","Rzeka_B",9.862
"2019-04-04","Rzeka_B",9.756
"2019-04-05","Rzeka_B",9.653
"2019-04-06","Rzeka_B",9.553
"2019-04-07","Rzeka_B",9.455
"2019-04-08","Rzeka_B",9.36
"2019-04-09","Rzeka_B",9.268
"2019-04-10","Rzeka_B",9.179
"2019-04-11","Rzeka_B",9.093
"2019-04-12","Rzeka_B",9.01
"2019-04-13","Rzeka_B",8.931
"2019-04-14","Rzeka_B",8.855
"2019-04-15","Rzeka_B",8.782
"2019-04-16","Rzeka_B",8.713
"2019-04-17","Rzeka_B",8.648
"2019-04-18","Rzeka_B",8.585
"2019-04-19","Rzeka_B",8.526
"2019-04-20","Rzeka_B",8.471
"2019-04-21","Rzeka_B",8.419
"2019-04-22","Rzeka_B",8.37
"2019-04-23","Rzeka_B",8.325
"2019-04-24","Rzeka_B",8.283
"2019-04-25","Rzeka_B",8.244
"2019-04-26","Rzeka_B",8.209
"2019-04-27","Rzeka_B",8.176
"2019-04-28","Rzeka_B",8.146
"2019-04-29","Rzeka_B",8.119
"2019-04-30","Rzeka_B",8.095
"2019-05-01","Rzeka_B",8.074
"2019-05-02","Rzeka_B",8.055
"2019-05-03","Rzeka_B",8.038
"2019-05-04","Rzeka_B",8.023
"2019-05-05","Rzeka_B",8.011
"2019-05-06","Rzeka_B",8
"2019-05-07","Rzeka_B",7.991
"2019-05-08","Rzeka_B",7.984
"2019-05-09","Rzeka_B",7.978
"2019-05-10","Rzeka_B",7.973
"2019-05-11","Rzeka_B",7.969
"2019-05-12","Rzeka_B",7.966
"2019-05-13","Rzeka_B",7.964
"2019-05-14","Rzeka_B",7.962
"2019-05-15","Rzeka_B",7.961
"2019-05-16","Rzeka_B",7.96
"2019-05-17","Rzeka_B",7.959
"2019-05-18","Rzeka_B",7.957
"2019-05-19","Rzeka_B",7.956
"2019-05-20","Rzeka_B",7.953
"2019-05-21","Rzeka_B",7.95
"2019-05-22","Rzeka_B",7.947
"2019-05-23","Rzeka_B",7.942
"2019-05-24","Rzeka_B",7.936
"2019-05-25","Rzeka_B",7.929
"2019-05-26","Rzeka_B",7.92
"2019-05-27","Rzeka_B",7.91
"2019-05-28","Rzeka_B",7.899
"2019-05-29","Rzeka_B",7.885
"2019-05-30","Rzeka_B",7.87
"2019-05-31","Rzeka_B",7.853
"2019-06-01","Rzeka_B",7.833
"2019-06-02","Rzeka_B",7.812
"2019-06-03","Rzeka_B",7.788
"2019-06-04","Rzeka_B",7.762
"2019-06-05","Rzeka_B",7.734
"2019-06-06","Rzeka_B",7.704
"2019-06-07","Rzeka_B",7.671
"2019-06-08","Rzeka_B",7.636
"2019-06-09","Rzeka_B",7.599
"2019-06-10","Rzeka_B",7.559
"2019-06-11","Rzeka_B",7.517
"2019-06-12","Rzeka_B",7.472
"2019-06-13","Rzeka_B",7.425
"2019-06-14","Rzeka_B",7.376
"2019-06-15","Rzeka_B",7.325
"2019-06-16","Rzeka_B",7.272
"2019-06-17","Rzeka_B",7.217
"2019-06-18","Rzeka_B",7.16
"2019-06-19","Rzeka_B",7.101
"2019-06-20","Rzeka_B",7.04
"2019-06-21","Rzeka_B",6.977
"2019-06-22","Rzeka_B",6.913
"2019-06-23","Rzeka_B",6.848
"2019-06-24","Rzeka_B",6.781
"2019-06-25","Rzeka_B",6.713
"2019-06-26","Rzeka_B",6.645
"2019-06-27","Rzeka_B",6.575
"2019-06-28","Rzeka_B",6.505
"2019-06-29","Rzeka_B",6.434
"2019-06-30","Rzeka_B",6.363
"2019-07-01","Rzeka_B",6.291
"2019-07-02","Rzeka_B",6.22
"2019-07-03","Rzeka_B",6.149
"2019-07-04","Rzeka_B",6.078
"2019-07-05","Rzeka_B",6.007
"2019-07-06","Rzeka_B",5.937
"2019-07-07","Rzeka_B",5.868
"2019-07-08","Rzeka_B",5.8
"2019-07-09","Rzeka_B",5.733
"2019-07-10","Rzeka_B",5.667
"2019-07-11","Rzeka_B",5.603
"2019-07-12","Rzeka_B",5.54
"2019-07-13","Rzeka_B",5.479
"2019-07-14","Rzeka_B",5.42
"2019-07-15","Rzeka_B",5.363
"2019-07-16","Rzeka_B",5.308
"2019-07-17","Rzeka_B",5.256
"2019-07-18","Rzeka_B",5.206
"2019-07-19","Rzeka_B",5.158
"2019-07-20","Rzeka_B",5.113
"2019-07-21","Rzeka_B",5.071
"2019-07-22","Rzeka_B",5.032
"2019-07-23","Rzeka_B",4.996
"2019-07-24","Rzeka_B",4.962
"2019-07-25","Rzeka_B",4.932
"2019-07-26","Rzeka_B",4.905
"2019-07-27","Rzeka_B",4.881
"2019-07-28","Rzeka_B",4.86
"2019-07-29","Rzeka_B",4.843
"2019-07-30","Rzeka_B",4.828
"2019-07-31","Rzeka_B",4.817
"2019-08-01","Rzeka_B",4.809
"2019-08-02","Rzeka_B",4.805
"2019-08-03","Rzeka_B",4.803
"2019-08-04","Rzeka_B",4.805
"2019-08-05","Rzeka_B",4.81
"2019-08-06","Rzeka_B",4.818
"2019-08-07","Rzeka_B",4.828
"2019-08-08","Rzeka_B",4.842
"2019-08-09","Rzeka_B",4.859
"2019-08-10","Rzeka_B",4.878
"2019-08-11","Rzeka_B",4.9
"2019-08-12","Rzeka_B",4.925
"2019-08-13","Rzeka_B",4.952
"2019-08-14","Rzeka_B",4.981
"2019-08-15","Rzeka_B",5.012
"2019-08-16","Rzeka_B",5.046
"2019-08-17","Rzeka_B",5.081
"2019-08-18","Rzeka_B",5.118
"2019-08-19","Rzeka_B",5.156
"2019-08-20","Rzeka_B",5.196
"2019-08-21","Rzeka_B",5.238
"2019-08-22","Rzeka_B",5.28
"2019-08-23","Rzeka_B",5.324
"2019-08-24","Rzeka_B",5.368
"2019-08-25","Rzeka_B",5.412
"2019-08-26","Rzeka_B",5.458
"2019-08-27","Rzeka_B",5.503
"2019-08-28","Rzeka_B",5.548
"2019-08-29","Rzeka_B",5.594
"2019-08-30","Rzeka_B",5.639
"2019-08-31","Rzeka_B",5.684
"2019-09-01","Rzeka_B",5.728
"2019-09-02","Rzeka_B",5.772
"2019-09-03","Rzeka_B",5.814
"2019-09-04","Rzeka_B",5.856
"2019-09-05","Rzeka_B",5.897
"2019-09-06","Rzeka_B",5.936
"2019-09-07","Rzeka_B",5.974
"2019-09-08","Rzeka_B",6.01
"2019-09-09","Rzeka_B",6.044
"2019-09-10","Rzeka_B",6.077
"2019-09-11","Rzeka_B",6.108
"2019-09-12","Rzeka_B",6.137
"2019-09-13","Rzeka_B",6.164
"2019-09-14","Rzeka_B",6.189
"2019-09-15","Rzeka_B",6.212
"2019-09-16","Rzeka_B",6.232
"2019-09-17","Rzeka_B",6.25
"2019-09-18","Rzeka_B",6.266
"2019-09-19","Rzeka_B",6.28
"2019-09-20","Rzeka_B",6.291
"2019-09-21","Rzeka_B",6.3
"2019-09-22","Rzeka_B",6.307
"2019-09-23","Rzeka_B",6.311
"2019-09-24","Rzeka_B",6.313
"2019-09-25","Rzeka_B",6.313
"2019-09-26","Rzeka_B",6.311
"2019-09-27","Rzeka_B",6.306
"2019-09-28","Rzeka_B",6.3
"2019-09-29","Rzeka_B",6.291
"2019-09-30","Rzeka_B",6.281
"2019-10-01","Rzeka_B",6.269
"2019-10-02","Rzeka_B",6.255
"2019-10-03","Rzeka_B",6.24
"2019-10-04","Rzeka_B",6.224
"2019-10-05","Rzeka_B",6.206
"2019-10-06","Rzeka_B",6.187
"2019-10-07","Rzeka_B",6.167
"2019-10-08","Rzeka_B",6.146
"2019-10-09","Rzeka_B",6.125
"2019-10-10","Rzeka_B",6.103
"2019-10-11","Rzeka_B",6.081
"2019-10-12","Rzeka_B",6.059
"2019-10-13","Rzeka_B",6.037
"2019-10-14","Rzeka_B",6.015
"2019-10-15","Rzeka_B",5.994
"2019-10-16","Rzeka_B",5.973
"2019-10-17","Rzeka_B",5.953
"2019-10-18","Rzeka_B",5.935
"2019-10-19","Rzeka_B",5.917
"2019-10-20","Rzeka_B",5.901
"2019-10-21","Rzeka_B",5.886
"2019-10-22","Rzeka_B",5.873
"2019-10-23","Rzeka_B",5.862
"2019-10-24","Rzeka_B",5.854
"2019-10-25","Rzeka_B",5.847
"2019-10-26","Rzeka_B",5.844
"2019-10-27","Rzeka_B",5.842
"2019-10-28","Rzeka_B",5.844
"2019-10-29","Rzeka_B",5.849
"2019-10-30","Rzeka_B",5.857
"2019-10-31","Rzeka_B",5.868
"2019-11-01","Rzeka_B",5.882
"2019-11-02","Rzeka_B",5.9
"2019-11-03","Rzeka_B",5.922
"2019-11-04","Rzeka_B",5.948
"2019-11-05","Rzeka_B",5.977
"2019-11-06","Rzeka_B",6.01
"2019-11-07","Rzeka_B",6.048
"2019-11-08","Rzeka_B",6.089
"2019-11-09","Rzeka_B",6.135
"2019-11-10","Rzeka_B",6.185
"2019-11-11","Rzeka_B",6.239
"2019-11-12","Rzeka_B",6.297
"2019-11-13","Rzeka_B",6.36
"2019-11-14","Rzeka_B",6.427
"2019-11-15","Rzeka_B",6.498
"2019-11-16","Rzeka_B",6.573
"2019-11-17","Rzeka_B",6.652
"2019-11-18","Rzeka_B",6.736
"2019-11-19","Rzeka_B",6.824
"2019-11-20","Rzeka_B",6.915
"2019-11-21","Rzeka_B",7.011
"2019-11-22","Rzeka_B",7.11
"2019-11-23","Rzeka_B",7.213
"2019-11-24","Rzeka_B",7.319
"2019-11-25","Rzeka_B",7.429
"2019-11-26","Rzeka_B",7.543
"2019-11-27","Rzeka_B",7.659
"2019-11-28","Rzeka_B",7.778
"2019-11-29","Rzeka_B",7.901
"2019-11-30","Rzeka_B",8.026
"2019-12-01","Rzeka_B",8.153
"2019-12-02","Rzeka_B",8.283
"2019-12-03","Rzeka_B",8.414
"2019-12-04","Rzeka_B",8.548
"2019-12-05","Rzeka_B",8.683
"2019-12-06","Rzeka_B",8.82
"2019-12-07","Rzeka_B",8.957
"2019-12-08","Rzeka_B",9.096
"2019-12-09","Rzeka_B",9.236
"2019-12-10","Rzeka_B",9.376
"2019-12-11","Rzeka_B",9.517
"2019-12-12","Rzeka_B",9.657
"2019-12-13","Rzeka_B",9.798
"2019-12-14","Rzeka_B",9.938
"2019-12-15","Rzeka_B",10.078
"2019-12-16","Rzeka_B",10.216
"2019-12-17","Rzeka_B",10.354
"2019-12-18","Rzeka_B",10.491
"2019-12-19","Rzeka_B",10.626
"2019-12-20","Rzeka_B",10.759
"2019-12-21","Rzeka_B",10.89
"2019-12-22","Rzeka_B",11.019
"2019-12-23","Rzeka_B",11.146
"2019-12-24","Rzeka_B",11.271
"2019-12-25","Rzeka_B",11.393
"2019-12-26","Rzeka_B",11.512
"2019-12-27","Rzeka_B",11.627
"2019-12-28","Rzeka_B",11.74
"2019-12-29","Rzeka_B",11.85
"2019-12-30","Rzeka_B",11.955
"2019-12-31","Rzeka_B",12.058
"2020-01-01","Rzeka_B",12.156
"2020-01-02","Rzeka_B",12.251
"2020-01-03","Rzeka_B",12.342
"2020-01-04","Rzeka_B",12.429
"2020-01-05","Rzeka_B",12.511
"2020-01-06","Rzeka_B",12.59
"2020-01-07","Rzeka_B",12.664
"2020-01-08","Rzeka_B",12.734
"2020-01-09","Rzeka_B",12.8
"2020-01-10","Rzeka_B",12.861
"2020-01-11","Rzeka_B",12.918
"2020-01-12","Rzeka_B",12.971
"2020-01-13","Rzeka_B",13.019
"2020-01-14","Rzeka_B",13.064
"2020-01-15","Rzeka_B",13.103
"2020-01-16","Rzeka_B",13.139
"2020-01-17","Rzeka_B",13.171
"2020-01-18","Rzeka_B",13.198
"2020-01-19","Rzeka_B",13.221
"2020-01-20","Rzeka_B",13.241
"2020-01-21","Rzeka_B",13.256
"2020-01-22","Rzeka_B",13.268
"2020-01-23","Rzeka_B",13.276
"2020-01-24","Rzeka_B",13.281
"2020-01-25","Rzeka_B",13.282
"2020-01-26","Rzeka_B",13.28
"2020-01-27","Rzeka_B",13.275
"2020-01-28","Rzeka_B",13.267
"2020-01-29","Rzeka_B",13.256
"2020-01-30","Rzeka_B",13.242
"2020-01-31","Rzeka_B",13.226
"2020-02-01","Rzeka_B",13.207
"2020-02-02","Rzeka_B",13.187
"2020-02-03","Rzeka_B",13.164
"2020-02-04","Rzeka_B",13.139
"2020-02-05","Rzeka_B",13.113
"2020-02-06","Rzeka_B",13.085
"2020-02-07","Rzeka_B",13.056
"2020-02-08","Rzeka_B",13.025
"2020-02-09","Rzeka_B",12.993
"2020-02-10","Rzeka_B",12.961
"2020-02-11","Rzeka_B",12.928
"2020-02-12","Rzeka_B",12.894
"2020-02-13","Rzeka_B",12.859
"2020-02-14","Rzeka_B",12.825
"2020-02-15","Rzeka_B",12.79
"2020-02-16","Rzeka_B",12.755
"2020-02-17","Rzeka_B",12.721
"2020-02-18","Rzeka_B",12.686
"2020-02-19","Rzeka_B",12.652
"2020-02-20","Rzeka_B",12.618
"2020-02-21","Rzeka_B",12.585
"2020-02-22","Rzeka_B",12.553
"2020-02-23","Rzeka_B",12.521
"2020-02-24","Rzeka_B",12.49
"2020-02-25","Rzeka_B",12.46
"2020-02-26","Rzeka_B",12.431
"2020-02-27","Rzeka_B",12.403
"2020-02-28","Rzeka_B",12.376
"2020-02-29","Rzeka_B",12.349
"2020-03-01","Rzeka_B",12.324
"2020-03-02","Rzeka_B",12.3
"2020-03-03","Rzeka_B",12.277
"2020-03-04","Rzeka_B",12.255
"2020-03-05","Rzeka_B",12.234
"2020-03-06","Rzeka_B",12.214
"2020-03-07","Rzeka_B",12.195
"2020-03-08","Rzeka_B",12.177
"2020-03-09","Rzeka_B",12.16
"2020-03-10","Rzeka_B",12.144
"2020-03-11","Rzeka_B",12.128
"2020-03-12","Rzeka_B",12.113
"2020-03-13","Rzeka_B",12.099
"2020-03-14","Rzeka_B",12.085
"2020-03-15","Rzeka_B",12.071
"2020-03-16","Rzeka_B",12.058
"2020-03-17","Rzeka_B",12.045
"2020-03-18","Rzeka_B",12.031
"2020-03-19","Rzeka_B",12.018
"2020-03-20","Rzeka_B",12.005
"2020-03-21","Rzeka_B",11.991
"2020-03-22","Rzeka_B",11.977
"2020-03-23","Rzeka_B",11.962
"2020-03-24","Rzeka_B",11.946
"2020-03-25","Rzeka_B",11.929
"2020-03-26","Rzeka_B",11.912
"2020-03-27","Rzeka_B",11.893
"2020-03-28","Rzeka_B",11.872
"2020-03-29","Rzeka_B",11.851
"2020-03-30","Rzeka_B",11.828
"2020-03-31","Rzeka_B",11.803
"2020-04-01","Rzeka_B",11.776
"2020-04-02","Rzeka_B",11.747
"2020-04-03","Rzeka_B",11.716
"2020-04-04","Rzeka_B",11.682
"2020-04-05","Rzeka_B",11.647
"2020-04-06","Rzeka_B",11.609
"2020-04-07","Rzeka_B",11.568
"2020-04-08","Rzeka_B",11.525
"2020-04-09","Rzeka_B",11.478
"2020-04-10","Rzeka_B",11.429
"2020-04-11","Rzeka_B",11.377
"2020-04-12","Rzeka_B",11.322
"2020-04-13","Rzeka_B",11.264
"2020-04-14","Rzeka_B",11.203
"2020-04-15","Rzeka_B",11.139
"2020-04-16","Rzeka_B",11.071
"2020-04-17","Rzeka_B",11
"2020-04-18","Rzeka_B",10.926
"2020-04-19","Rzeka_B",10.849
"2020-04-20","Rzeka_B",10.769
"2020-04-21","Rzeka_B",10.685
"2020-04-22","Rzeka_B",10.598
"2020-04-23","Rzeka_B",10.508
"2020-04-24","Rzeka_B",10.415
"2020-04-25","Rzeka_B",10.319
"2020-04-26","Rzeka_B",10.22
"2020-04-27","Rzeka_B",10.118
"2020-04-28","Rzeka_B",10.013
"2020-04-29","Rzeka_B",9.906
"2020-04-30","Rzeka_B",9.796
"2020-05-01","Rzeka_B",9.684
"2020-05-02","Rzeka_B",9.569
"2020-05-03","Rzeka_B",9.452
"2020-05-04","Rzeka_B",9.334
"2020-05-05","Rzeka_B",9.213
"2020-05-06","Rzeka_B",9.09
"2020-05-07","Rzeka_B",8.966
"2020-05-08","Rzeka_B",8.841
"2020-05-09","Rzeka_B",8.715
"2020-05-10","Rzeka_B",8.587
"2020-05-11","Rzeka_B",8.459
"2020-05-12","Rzeka_B",8.33
"2020-05-13","Rzeka_B",8.201
"2020-05-14","Rzeka_B",8.071
"2020-05-15","Rzeka_B",7.942
"2020-05-16","Rzeka_B",7.813
"2020-05-17","Rzeka_B",7.684
"2020-05-18","Rzeka_B",7.556
"2020-05-19","Rzeka_B",7.428
"2020-05-20","Rzeka_B",7.302
"2020-05-21","Rzeka_B",7.177
"2020-05-22","Rzeka_B",7.054
"2020-05-23","Rzeka_B",6.932
"2020-05-24","Rzeka_B",6.812
"2020-05-25","Rzeka_B",6.694
"2020-05-26","Rzeka_B",6.579
"2020-05-27","Rzeka_B",6.466
"2020-05-28","Rzeka_B",6.356
"2020-05-29","Rzeka_B",6.248
"2020-05-30","Rzeka_B",6.144
"2020-05-31","Rzeka_B",6.043
"2020-06-01","Rzeka_B",5.945
"2020-06-02","Rzeka_B",5.851
"2020-06-03","Rzeka_B",5.76
"2020-06-04","Rzeka_B",5.673
"2020-06-05","Rzeka_B",5.59
"2020-06-06","Rzeka_B",5.511
"2020-06-07","Rzeka_B",5.436
"2020-06-08","Rzeka_B",5.366
"2020-06-09","Rzeka_B",5.299
"2020-06-10","Rzeka_B",5.237
"2020-06-11","Rzeka_B",5.179
"2020-06-12","Rzeka_B",5.126
"2020-06-13","Rzeka_B",5.077
"2020-06-14","Rzeka_B",5.033
"2020-06-15","Rzeka_B",4.993
"2020-06-16","Rzeka_B",4.958
"2020-06-17","Rzeka_B",4.928
"2020-06-18","Rzeka_B",4.901
"2020-06-19","Rzeka_B",4.879
"2020-06-20","Rzeka_B",4.862
"2020-06-21","Rzeka_B",4.849
"2020-06-22","Rzeka_B",4.84
"2020-06-23","Rzeka_B",4.835
"2020-06-24","Rzeka_B",4.835
"2020-06-25","Rzeka_B",4.838
"2020-06-26","Rzeka_B",4.845
"2020-06-27","Rzeka_B",4.856
"2020-06-28","Rzeka_B",4.871
"2020-06-29","Rzeka_B",4.889
"2020-06-30","Rzeka_B",4.91
"2020-07-01","Rzeka_B",4.935
"2020-07-02","Rzeka_B",4.962
"2020-07-03","Rzeka_B",4.993
"2020-07-04","Rzeka_B",5.026
"2020-07-05","Rzeka_B",5.061
"2020-07-06","Rzeka_B",5.099
"2020-07-07","Rzeka_B",5.138
"2020-07-08","Rzeka_B",5.18
"2020-07-09","Rzeka_B",5.223
"2020-07-10","Rzeka_B",5.268
"2020-07-11","Rzeka_B",5.314
"2020-07-12","Rzeka_B",5.361
"2020-07-13","Rzeka_B",5.409
"2020-07-14","Rzeka_B",5.457
"2020-07-15","Rzeka_B",5.506
"2020-07-16","Rzeka_B",5.556
"2020-07-17","Rzeka_B",5.605
"2020-07-18","Rzeka_B",5.654
"2020-07-19","Rzeka_B",5.703
"2020-07-20","Rzeka_B",5.751
"2020-07-21","Rzeka_B",5.798
"2020-07-22","Rzeka_B",5.845
"2020-07-23","Rzeka_B",5.89
"2020-07-24","Rzeka_B",5.934
"2020-07-25","Rzeka_B",5.977
"2020-07-26","Rzeka_B",6.018
"2020-07-27","Rzeka_B",6.057
"2020-07-28","Rzeka_B",6.094
"2020-07-29","Rzeka_B",6.13
"2020-07-30","Rzeka_B",6.163
"2020-07-31","Rzeka_B",6.194
"2020-08-01","Rzeka_B",6.223
"2020-08-02","Rzeka_B",6.249
"2020-08-03","Rzeka_B",6.273
"2020-08-04","Rzeka_B",6.294
"2020-08-05","Rzeka_B",6.312
"2020-08-06","Rzeka_B",6.328
"2020-08-07","Rzeka_B",6.341
"2020-08-08","Rzeka_B",6.351
"2020-08-09","Rzeka_B",6.359
"2020-08-10","Rzeka_B",6.363
"2020-08-11","Rzeka_B",6.365
"2020-08-12","Rzeka_B",6.364
"2020-08-13","Rzeka_B",6.361
"2020-08-14","Rzeka_B",6.354
"2020-08-15","Rzeka_B",6.346
"2020-08-16","Rzeka_B",6.334
"2020-08-17","Rzeka_B",6.32
"2020-08-18","Rzeka_B",6.304
"2020-08-19","Rzeka_B",6.285
"2020-08-20","Rzeka_B",6.264
"2020-08-21","Rzeka_B",6.241
"2020-08-22","Rzeka_B",6.216
"2020-08-23","Rzeka_B",6.19
"2020-08-24","Rzeka_B",6.161
"2020-08-25","Rzeka_B",6.131
"2020-08-26","Rzeka_B",6.1
"2020-08-27","Rzeka_B",6.067
"2020-08-28","Rzeka_B",6.033
"2020-08-29","Rzeka_B",5.998
"2020-08-30","Rzeka_B",5.962
"2020-08-31","Rzeka_B",5.926
"2020-09-01","Rzeka_B",5.89
"2020-09-02","Rzeka_B",5.853
"2020-09-03","Rzeka_B",5.816
"2020-09-04","Rzeka_B",5.779
"2020-09-05","Rzeka_B",5.742
"2020-09-06","Rzeka_B",5.706
"2020-09-07","Rzeka_B",5.671
"2020-09-08","Rzeka_B",5.636
"2020-09-09","Rzeka_B",5.603
"2020-09-10","Rzeka_B",5.571
"2020-09-11","Rzeka_B",5.54
"2020-09-12","Rzeka_B",5.51
"2020-09-13","Rzeka_B",5.483
"2020-09-14","Rzeka_B",5.457
"2020-09-15","Rzeka_B",5.433
"2020-09-16","Rzeka_B",5.412
"2020-09-17","Rzeka_B",5.392
"2020-09-18","Rzeka_B",5.375
"2020-09-19","Rzeka_B",5.361
"2020-09-20","Rzeka_B",5.35
"2020-09-21","Rzeka_B",5.341
"2020-09-22","Rzeka_B",5.335
"2020-09-23","Rzeka_B",5.332
"2020-09-24","Rzeka_B",5.333
"2020-09-25","Rzeka_B",5.336
"2020-09-26","Rzeka_B",5.343
"2020-09-27","Rzeka_B",5.353
"2020-09-28","Rzeka_B",5.366
"2020-09-29","Rzeka_B",5.383
"2020-09-30","Rzeka_B",5.403
"2020-10-01","Rzeka_B",5.426
"2020-10-02","Rzeka_B",5.453
"2020-10-03","Rzeka_B",5.483
"2020-10-04","Rzeka_B",5.517
"2020-10-05","Rzeka_B",5.554
"2020-10-06","Rzeka_B",5.594
"2020-10-07","Rzeka_B",5.638
"2020-10-08","Rzeka_B",5.684
"2020-10-09","Rzeka_B",5.734
"2020-10-10","Rzeka_B",5.787
"2020-10-11","Rzeka_B",5.843
"2020-10-12","Rzeka_B",5.902
"2020-10-13","Rzeka_B",5.963
"2020-10-14","Rzeka_B",6.027
"2020-10-15","Rzeka_B",6.094
"2020-10-16","Rzeka_B",6.163
"2020-10-17","Rzeka_B",6.235
"2020-10-18","Rzeka_B",6.308
"2020-10-19","Rzeka_B",6.384
"2020-10-20","Rzeka_B",6.461
"2020-10-21","Rzeka_B",6.54
"2020-10-22","Rzeka_B",6.62
"2020-10-23","Rzeka_B",6.702
"2020-10-24","Rzeka_B",6.785
"2020-10-25","Rzeka_B",6.87
"2020-10-26","Rzeka_B",6.955
"2020-10-27","Rzeka_B",7.04
"2020-10-28","Rzeka_B",7.126
"2020-10-29","Rzeka_B",7.213
"2020-10-30","Rzeka_B",7.299
"2020-10-31","Rzeka_B",7.386
"2020-11-01","Rzeka_B",7.473
"2020-11-02","Rzeka_B",7.559
"2020-11-03","Rzeka_B",7.644
"2020-11-04","Rzeka_B",7.729
"2020-11-05","Rzeka_B",7.814
"2020-11-06","Rzeka_B",7.897
"2020-11-07","Rzeka_B",7.979
"2020-11-08","Rzeka_B",8.06
"2020-11-09","Rzeka_B",8.14
"2020-11-10","Rzeka_B",8.218
"2020-11-11","Rzeka_B",8.294
"2020-11-12","Rzeka_B",8.369
"2020-11-13","Rzeka_B",8.442
"2020-11-14","Rzeka_B",8.513
"2020-11-15","Rzeka_B",8.582
"2020-11-16","Rzeka_B",8.649
"2020-11-17","Rzeka_B",8.714
"2020-11-18","Rzeka_B",8.776
"2020-11-19","Rzeka_B",8.837
"2020-11-20","Rzeka_B",8.895
"2020-11-21","Rzeka_B",8.951
"2020-11-22","Rzeka_B",9.004
"2020-11-23","Rzeka_B",9.055
"2020-11-24","Rzeka_B",9.104
"2020-11-25","Rzeka_B",9.151
"2020-11-26","Rzeka_B",9.195
"2020-11-27","Rzeka_B",9.237
"2020-11-28","Rzeka_B",9.276
"2020-11-29","Rzeka_B",9.314
"2020-11-30","Rzeka_B",9.349
"2020-12-01","Rzeka_B",9.383
"2020-12-02","Rzeka_B",9.414
"2020-12-03","Rzeka_B",9.443
"2020-12-04","Rzeka_B",9.471
"2020-12-05","Rzeka_B",9.497
"2020-12-06","Rzeka_B",9.522
"2020-12-07","Rzeka_B",9.544
"2020-12-08","Rzeka_B",9.566
"2020-12-09","Rzeka_B",9.586
"2020-12-10","Rzeka_B",9.606
"2020-12-11","Rzeka_B",9.624
"2020-12-12","Rzeka_B",9.642
"2020-12-13","Rzeka_B",9.658
"2020-12-14","Rzeka_B",9.675
"2020-12-15","Rzeka_B",9.691
"2020-12-16","Rzeka_B",9.707
"2020-12-17","Rzeka_B",9.722
"2020-12-18","Rzeka_B",9.738
"2020-12-19","Rzeka_B",9.754
"2020-12-20","Rzeka_B",9.771
"2020-12-21","Rzeka_B",9.788
"2020-12-22","Rzeka_B",9.806
"2020-12-23","Rzeka_B",9.824
"2020-12-24","Rzeka_B",9.844
"2020-12-25","Rzeka_B",9.865
"2020-12-26","Rzeka_B",9.887
"2020-12-27","Rzeka_B",9.91
"2020-12-28","Rzeka_B",9.936
"2020-12-29","Rzeka_B",9.962
"2020-12-30","Rzeka_B",9.991
"2020-12-31","Rzeka_B",10.021
"2021-01-01","Rzeka_B",10.054
"2021-01-02","Rzeka_B",10.089
"2021-01-03","Rzeka_B",10.125
"2021-01-04","Rzeka_B",10.165
"2021-01-05","Rzeka_B",10.206
"2021-01-06","Rzeka_B",10.25
"2021-01-07","Rzeka_B",10.296
"2021-01-08","Rzeka_B",10.345
"2021-01-09","Rzeka_B",10.396
"2021-01-10","Rzeka_B",10.45
"2021-01-11","Rzeka_B",10.507
"2021-01-12","Rzeka_B",10.566
"2021-01-13","Rzeka_B",10.627
"2021-01-14","Rzeka_B",10.691
"2021-01-15","Rzeka_B",10.758
"2021-01-16","Rzeka_B",10.827
"2021-01-17","Rzeka_B",10.898
"2021-01-18","Rzeka_B",10.972
"2021-01-19","Rzeka_B",11.048
"2021-01-20","Rzeka_B",11.126
"2021-01-21","Rzeka_B",11.206
"2021-01-22","Rzeka_B",11.288
"2021-01-23","Rzeka_B",11.372
"2021-01-24","Rzeka_B",11.458
"2021-01-25","Rzeka_B",11.545
"2021-01-26","Rzeka_B",11.633
"2021-01-27","Rzeka_B",11.723
"2021-01-28","Rzeka_B",11.814
"2021-01-29","Rzeka_B",11.906
"2021-01-30","Rzeka_B",11.999
"2021-01-31","Rzeka_B",12.092
"2021-02-01","Rzeka_B",12.185
"2021-02-02","Rzeka_B",12.279
"2021-02-03","Rzeka_B",12.373
"2021-02-04","Rzeka_B",12.466
"2021-02-05","Rzeka_B",12.559
"2021-02-06","Rzeka_B",12.652
"2021-02-07","Rzeka_B",12.743
"2021-02-08","Rzeka_B",12.834
"2021-02-09","Rzeka_B",12.923
"2021-02-10","Rzeka_B",13.011
"2021-02-11","Rzeka_B",13.097
"2021-02-12","Rzeka_B",13.181
"2021-02-13","Rzeka_B",13.263
"2021-02-14","Rzeka_B",13.342
"2021-02-15","Rzeka_B",13.419
"2021-02-16","Rzeka_B",13.494
"2021-02-17","Rzeka_B",13.565
"2021-02-18","Rzeka_B",13.633
"2021-02-19","Rzeka_B",13.698
"2021-02-20","Rzeka_B",13.759
"2021-02-21","Rzeka_B",13.817
"2021-02-22","Rzeka_B",13.87
"2021-02-23","Rzeka_B",13.92
"2021-02-24","Rzeka_B",13.965
"2021-02-25","Rzeka_B",14.006
"2021-02-26","Rzeka_B",14.043
"2021-02-27","Rzeka_B",14.075
"2021-02-28","Rzeka_B",14.102
"2021-03-01","Rzeka_B",14.125
"2021-03-02","Rzeka_B",14.142
"2021-03-03","Rzeka_B",14.155
"2021-03-04","Rzeka_B",14.163
"2021-03-05","Rzeka_B",14.165
"2021-03-06","Rzeka_B",14.162
"2021-03-07","Rzeka_B",14.154
"2021-03-08","Rzeka_B",14.141
"2021-03-09","Rzeka_B",14.122
"2021-03-10","Rzeka_B",14.099
"2021-03-11","Rzeka_B",14.07
"2021-03-12","Rzeka_B",14.035
"2021-03-13","Rzeka_B",13.996
"2021-03-14","Rzeka_B",13.951
"2021-03-15","Rzeka_B",13.902
"2021-03-16","Rzeka_B",13.847
"2021-03-17","Rzeka_B",13.788
"2021-03-18","Rzeka_B",13.723
"2021-03-19","Rzeka_B",13.654
"2021-03-20","Rzeka_B",13.581
"2021-03-21","Rzeka_B",13.503
"2021-03-22","Rzeka_B",13.42
"2021-03-23","Rzeka_B",13.334
"2021-03-24","Rzeka_B",13.243
"2021-03-25","Rzeka_B",13.149
"2021-03-26","Rzeka_B",13.051
"2021-03-27","Rzeka_B",12.949
"2021-03-28","Rzeka_B",12.844
"2021-03-29","Rzeka_B",12.736
"2021-03-30","Rzeka_B",12.625
"2021-03-31","Rzeka_B",12.511
"2021-04-01","Rzeka_B",12.395
"2021-04-02","Rzeka_B",12.277
"2021-04-03","Rzeka_B",12.156
"2021-04-04","Rzeka_B",12.034
"2021-04-05","Rzeka_B",11.91
"2021-04-06","Rzeka_B",11.784
"2021-04-07","Rzeka_B",11.657
"2021-04-08","Rzeka_B",11.53
"2021-04-09","Rzeka_B",11.401
"2021-04-10","Rzeka_B",11.272
"2021-04-11","Rzeka_B",11.143
"2021-04-12","Rzeka_B",11.013
"2021-04-13","Rzeka_B",10.884
"2021-04-14","Rzeka_B",10.755
"2021-04-15","Rzeka_B",10.627
"2021-04-16","Rzeka_B",10.499
"2021-04-17","Rzeka_B",10.372
"2021-04-18","Rzeka_B",10.246
"2021-04-19","Rzeka_B",10.122
"2021-04-20","Rzeka_B",9.999
"2021-04-21","Rzeka_B",9.877
"2021-04-22","Rzeka_B",9.758
"2021-04-23","Rzeka_B",9.64
"2021-04-24","Rzeka_B",9.525
"2021-04-25","Rzeka_B",9.411
"2021-04-26","Rzeka_B",9.3
"2021-04-27","Rzeka_B",9.191
"2021-04-28","Rzeka_B",9.085
"2021-04-29","Rzeka_B",8.982
"2021-04-30","Rzeka_B",8.881
"2021-05-01","Rzeka_B",8.783
"2021-05-02","Rzeka_B",8.688
"2021-05-03","Rzeka_B",8.595
"2021-05-04","Rzeka_B",8.506
"2021-05-05","Rzeka_B",8.419
"2021-05-06","Rzeka_B",8.336
"2021-05-07","Rzeka_B",8.255
"2021-05-08","Rzeka_B",8.177
"2021-05-09","Rzeka_B",8.103
"2021-05-10","Rzeka_B",8.031
"2021-05-11","Rzeka_B",7.962
"2021-05-12","Rzeka_B",7.896
"2021-05-13","Rzeka_B",7.832
"2021-05-14","Rzeka_B",7.772
"2021-05-15","Rzeka_B",7.714
"2021-05-16","Rzeka_B",7.658
"2021-05-17","Rzeka_B",7.605
"2021-05-18","Rzeka_B",7.555
"2021-05-19","Rzeka_B",7.506
"2021-05-20","Rzeka_B",7.46
"2021-05-21","Rzeka_B",7.416
"2021-05-22","Rzeka_B",7.374
"2021-05-23","Rzeka_B",7.333
"2021-05-24","Rzeka_B",7.294
"2021-05-25","Rzeka_B",7.257
"2021-05-26","Rzeka_B",7.221
"2021-05-27","Rzeka_B",7.186
"2021-05-28","Rzeka_B",7.153
"2021-05-29","Rzeka_B",7.12
"2021-05-30","Rzeka_B",7.088
"2021-05-31","Rzeka_B",7.057
"2021-06-01","Rzeka_B",7.027
"2021-06-02","Rzeka_B",6.996
"2021-06-03","Rzeka_B",6.967
"2021-06-04","Rzeka_B",6.937
"2021-06-05","Rzeka_B",6.907
"2021-06-06","Rzeka_B",6.877
"2021-06-07","Rzeka_B",6.846
"2021-06-08","Rzeka_B",6.816
"2021-06-09","Rzeka_B",6.784
"2021-06-10","Rzeka_B",6.752
"2021-06-11","Rzeka_B",6.72
"2021-06-12","Rzeka_B",6.686
"2021-06-13","Rzeka_B",6.651
"2021-06-14","Rzeka_B",6.616
"2021-06-15","Rzeka_B",6.579
"2021-06-16","Rzeka_B",6.541
"2021-06-17","Rzeka_B",6.502
"2021-06-18","Rzeka_B",6.462
"2021-06-19","Rzeka_B",6.42
"2021-06-20","Rzeka_B",6.377
"2021-06-21","Rzeka_B",6.332
"2021-06-22","Rzeka_B",6.286
"2021-06-23","Rzeka_B",6.239
"2021-06-24","Rzeka_B",6.19
"2021-06-25","Rzeka_B",6.14
"2021-06-26","Rzeka_B",6.088
"2021-06-27","Rzeka_B",6.035
"2021-06-28","Rzeka_B",5.98
"2021-06-29","Rzeka_B",5.925
"2021-06-30","Rzeka_B",5.868
"2021-07-01","Rzeka_B",5.81
"2021-07-02","Rzeka_B",5.75
"2021-07-03","Rzeka_B",5.69
"2021-07-04","Rzeka_B",5.629
"2021-07-05","Rzeka_B",5.567
"2021-07-06","Rzeka_B",5.505
"2021-07-07","Rzeka_B",5.442
"2021-07-08","Rzeka_B",5.378
"2021-07-09","Rzeka_B",5.314
"2021-07-10","Rzeka_B",5.25
"2021-07-11","Rzeka_B",5.186
"2021-07-12","Rzeka_B",5.122
"2021-07-13","Rzeka_B",5.058
"2021-07-14","Rzeka_B",4.995
"2021-07-15","Rzeka_B",4.932
"2021-07-16","Rzeka_B",4.87
"2021-07-17","Rzeka_B",4.809
"2021-07-18","Rzeka_B",4.748
"2021-07-19","Rzeka_B",4.69
"2021-07-20","Rzeka_B",4.632
"2021-07-21","Rzeka_B",4.576
"2021-07-22","Rzeka_B",4.522
"2021-07-23","Rzeka_B",4.469
"2021-07-24","Rzeka_B",4.419
"2021-07-25","Rzeka_B",4.371
"2021-07-26","Rzeka_B",4.325
"2021-07-27","Rzeka_B",4.282
"2021-07-28","Rzeka_B",4.241
"2021-07-29","Rzeka_B",4.203
"2021-07-30","Rzeka_B",4.168
"2021-07-31","Rzeka_B",4.136
"2021-08-01","Rzeka_B",4.108
"2021-08-02","Rzeka_B",4.083
"2021-08-03","Rzeka_B",4.061
"2021-08-04","Rzeka_B",4.042
"2021-08-05","Rzeka_B",4.028
"2021-08-06","Rzeka_B",4.017
"2021-08-07","Rzeka_B",4.009
"2021-08-08","Rzeka_B",4.006
"2021-08-09","Rzeka_B",4.006
"2021-08-10","Rzeka_B",4.011
"2021-08-11","Rzeka_B",4.019
"2021-08-12","Rzeka_B",4.032
"2021-08-13","Rzeka_B",4.048
"2021-08-14","Rzeka_B",
"2021-08-15","Rzeka_B",4.093
"2021-08-16","Rzeka_B",4.122
"2021-08-17","Rzeka_B",4.154
"2021-08-18","Rzeka_B",4.191
"2021-08-19","Rzeka_B",4.231
"2021-08-20","Rzeka_B",4.276
"2021-08-21","Rzeka_B",4.324
"2021-08-22","Rzeka_B",4.375
"2021-08-23","Rzeka_B",4.431
"2021-08-24","Rzeka_B",4.489
"2021-08-25","Rzeka_B",4.551
"2021-08-26","Rzeka_B",4.617
"2021-08-27","Rzeka_B",4.685
"2021-08-28","Rzeka_B",4.757
"2021-08-29","Rzeka_B",4.831
"2021-08-30","Rzeka_B",4.908
"2021-08-31","Rzeka_B",4.988
"2021-09-01","Rzeka_B",5.07
"2021-09-02","Rzeka_B",5.154
"2021-09-03","Rzeka_B",5.24
"2021-09-04","Rzeka_B",5.328
"2021-09-05","Rzeka_B",5.418
"2021-09-06","Rzeka_B",5.509
"2021-09-07","Rzeka_B",5.601
"2021-09-08","Rzeka_B",5.694
"2021-09-09","Rzeka_B",5.788
"2021-09-10","Rzeka_B",5.883
"2021-09-11","Rzeka_B",5.978
"2021-09-12","Rzeka_B",6.074
"2021-09-13","Rzeka_B",6.169
"2021-09-14","Rzeka_B",6.264
"2021-09-15","Rzeka_B",6.359
"2021-09-16","Rzeka_B",6.453
"2021-09-17","Rzeka_B",6.546
"2021-09-18","Rzeka_B",6.638
"2021-09-19","Rzeka_B",6.729
"2021-09-20","Rzeka_B",6.819
"2021-09-21","Rzeka_B",6.907
"2021-09-22","Rzeka_B",6.993
"2021-09-23","Rzeka_B",7.078
"2021-09-24","Rzeka_B",7.16
"2021-09-25","Rzeka_B",7.24
"2021-09-26","Rzeka_B",7.318
"2021-09-27","Rzeka_B",7.393
"2021-09-28","Rzeka_B",7.466
"2021-09-29","Rzeka_B",7.536
"2021-09-30","Rzeka_B",7.603
"2021-10-01","Rzeka_B",7.667
"2021-10-02","Rzeka_B",7.728
"2021-10-03","Rzeka_B",7.785
"2021-10-04","Rzeka_B",7.84
"2021-10-05","Rzeka_B",7.891
"2021-10-06","Rzeka_B",7.939
"2021-10-07","Rzeka_B",7.984
"2021-10-08","Rzeka_B",8.025
"2021-10-09","Rzeka_B",8.063
"2021-10-10","Rzeka_B",8.098
"2021-10-11","Rzeka_B",8.129
"2021-10-12","Rzeka_B",8.157
"2021-10-13","Rzeka_B",8.182
"2021-10-14","Rzeka_B",8.203
"2021-10-15","Rzeka_B",8.221
"2021-10-16","Rzeka_B",8.236
"2021-10-17","Rzeka_B",8.248
"2021-10-18","Rzeka_B",8.257
"2021-10-19","Rzeka_B",8.264
"2021-10-20","Rzeka_B",8.267
"2021-10-21","Rzeka_B",8.268
"2021-10-22","Rzeka_B",8.266
"2021-10-23","Rzeka_B",8.263
"2021-10-24","Rzeka_B",8.256
"2021-10-25","Rzeka_B",8.248
"2021-10-26","Rzeka_B",8.238
"2021-10-27","Rzeka_B",8.227
"2021-10-28","Rzeka_B",8.213
"2021-10-29","Rzeka_B",8.199
"2021-10-30","Rzeka_B",8.183
"2021-10-31","Rzeka_B",8.166
"2021-11-01","Rzeka_B",8.148
"2021-11-02","Rzeka_B",8.13
"2021-11-03","Rzeka_B",8.111
"2021-11-04","Rzeka_B",8.093
"2021-11-05","Rzeka_B",8.074
"2021-11-06","Rzeka_B",8.055
"2021-11-07","Rzeka_B",8.037
"2021-11-08","Rzeka_B",8.019
"2021-11-09","Rzeka_B",8.002
"2021-11-10","Rzeka_B",7.986
"2021-11-11","Rzeka_B",7.971
"2021-11-12","Rzeka_B",7.958
"2021-11-13","Rzeka_B",7.946
"2021-11-14","Rzeka_B",7.935
"2021-11-15","Rzeka_B",7.927
"2021-11-16","Rzeka_B",7.92
"2021-11-17","Rzeka_B",7.916
"2021-11-18","Rzeka_B",7.914
"2021-11-19","Rzeka_B",7.915
"2021-11-20","Rzeka_B",7.918
"2021-11-21","Rzeka_B",7.924
"2021-11-22","Rzeka_B",7.933
"2021-11-23","Rzeka_B",7.944
"2021-11-24","Rzeka_B",7.959
"2021-11-25","Rzeka_B",7.977
"2021-11-26","Rzeka_B",7.998
"2021-11-27","Rzeka_B",8.023
"2021-11-28","Rzeka_B",8.051
"2021-11-29","Rzeka_B",8.082
"2021-11-30","Rzeka_B",8.116
"2021-12-01","Rzeka_B",8.154
"2021-12-02","Rzeka_B",8.196
"2021-12-03","Rzeka_B",8.241
"2021-12-04","Rzeka_B",8.289
"2021-12-05","Rzeka_B",8.341
"2021-12-06","Rzeka_B",8.396
"2021-12-07","Rzeka_B",8.455
"2021-12-08","Rzeka_B",8.517
"2021-12-09","Rzeka_B",8.582
"2021-12-10","Rzeka_B",8.65
"2021-12-11","Rzeka_B",8.721
"2021-12-12","Rzeka_B",8.795
"2021-12-13","Rzeka_B",8.872
"2021-12-14","Rzeka_B",8.952
"2021-12-15","Rzeka_B",9.035
"2021-12-16","Rzeka_B",9.119
"2021-12-17","Rzeka_B",9.206
"2021-12-18","Rzeka_B",9.296
"2021-12-19","Rzeka_B",9.387
"2021-12-20","Rzeka_B",9.48
"2021-12-21","Rzeka_B",9.575
"2021-12-22","Rzeka_B",9.671
"2021-12-23","Rzeka_B",9.769
"2021-12-24","Rzeka_B",9.867
"2021-12-25","Rzeka_B",9.967
"2021-12-26","Rzeka_B",10.067
"2021-12-27","Rzeka_B",10.168
"2021-12-28","Rzeka_B",10.27
"2021-12-29","Rzeka_B",10.371
"2021-12-30","Rzeka_B",10.472
"2021-12-31","Rzeka_B",10.574
"2022-01-01","Rzeka_B",10.674
"2022-01-02","Rzeka_B",10.774
"2022-01-03","Rzeka_B",10.874
"2022-01-04","Rzeka_B",10.972
"2022-01-05","Rzeka_B",11.069
"2022-01-06","Rzeka_B",11.165
"2022-01-07","Rzeka_B",11.259
"2022-01-08","Rzeka_B",11.351
"2022-01-09","Rzeka_B",11.442
"2022-01-10","Rzeka_B",11.53
"2022-01-11","Rzeka_B",11.617
"2022-01-12","Rzeka_B",11.7
"2022-01-13","Rzeka_B",11.782
"2022-01-14","Rzeka_B",11.861
"2022-01-15","Rzeka_B",11.937
"2022-01-16","Rzeka_B",12.01
"2022-01-17","Rzeka_B",12.08
"2022-01-18","Rzeka_B",12.147
"2022-01-19","Rzeka_B",12.211
"2022-01-20","Rzeka_B",12.271
"2022-01-21","Rzeka_B",12.329
"2022-01-22","Rzeka_B",12.383
"2022-01-23","Rzeka_B",12.433
"2022-01-24","Rzeka_B",12.48
"2022-01-25","Rzeka_B",12.524
"2022-01-26","Rzeka_B",12.564
"2022-01-27","Rzeka_B",12.6
"2022-01-28","Rzeka_B",12.634
"2022-01-29","Rzeka_B",12.663
"2022-01-30","Rzeka_B",12.689
"2022-01-31","Rzeka_B",12.712
"2022-02-01","Rzeka_B",12.731
"2022-02-02","Rzeka_B",12.747
"2022-02-03","Rzeka_B",12.76
"2022-02-04","Rzeka_B",12.77
"2022-02-05","Rzeka_B",12.776
"2022-02-06","Rzeka_B",12.78
"2022-02-07","Rzeka_B",12.78
"2022-02-08","Rzeka_B",12.778
"2022-02-09","Rzeka_B",12.773
"2022-02-10","Rzeka_B",12.765
"2022-02-11","Rzeka_B",12.755
"2022-02-12","Rzeka_B",12.743
"2022-02-13","Rzeka_B",12.728
"2022-02-14","Rzeka_B",12.712
"2022-02-15","Rzeka_B",12.693
"2022-02-16","Rzeka_B",12.673
"2022-02-17","Rzeka_B",12.651
"2022-02-18","Rzeka_B",12.627
"2022-02-19","Rzeka_B",12.603
"2022-02-20","Rzeka_B",12.577
"2022-02-21","Rzeka_B",12.55
"2022-02-22","Rzeka_B",12.522
"2022-02-23","Rzeka_B",12.493
"2022-02-24","Rzeka_B",12.464
"2022-02-25","Rzeka_B",12.435
"2022-02-26","Rzeka_B",12.405
"2022-02-27","Rzeka_B",12.375
"2022-02-28","Rzeka_B",12.345
"2022-03-01","Rzeka_B",12.315
"2022-03-02","Rzeka_B",12.286
"2022-03-03","Rzeka_B",12.257
"2022-03-04","Rzeka_B",12.228
"2022-03-05","Rzeka_B",12.2
"2022-03-06","Rzeka_B",12.173
"2022-03-07","Rzeka_B",12.147
"2022-03-08","Rzeka_B",12.121
"2022-03-09","Rzeka_B",12.097
"2022-03-10","Rzeka_B",12.073
"2022-03-11","Rzeka_B",12.051
"2022-03-12","Rzeka_B",12.03
"2022-03-13","Rzeka_B",12.01
"2022-03-14","Rzeka_B",11.991
"2022-03-15","Rzeka_B",11.974
"2022-03-16","Rzeka_B",11.958
"2022-03-17","Rzeka_B",11.943
"2022-03-18","Rzeka_B",11.93
"2022-03-19","Rzeka_B",11.918
"2022-03-20","Rzeka_B",11.907
"2022-03-21","Rzeka_B",11.898
"2022-03-22","Rzeka_B",11.889
"2022-03-23","Rzeka_B",11.882
"2022-03-24","Rzeka_B",11.877
"2022-03-25","Rzeka_B",11.872
"2022-03-26","Rzeka_B",11.868
"2022-03-27","Rzeka_B",11.865
"2022-03-28","Rzeka_B",11.862
"2022-03-29","Rzeka_B",11.861
"2022-03-30","Rzeka_B",11.86
"2022-03-31","Rzeka_B",11.86
"2022-04-01","Rzeka_B",11.859
"2022-04-02","Rzeka_B",11.859
"2022-04-03","Rzeka_B",11.86
"2022-04-04","Rzeka_B",11.86
"2022-04-05","Rzeka_B",11.86
"2022-04-06","Rzeka_B",11.859
"2022-04-07","Rzeka_B",11.858
"2022-04-08","Rzeka_B",11.857
"2022-04-09","Rzeka_B",11.854
"2022-04-10","Rzeka_B",11.851
"2022-04-11","Rzeka_B",11.846
"2022-04-12","Rzeka_B",11.84
"2022-04-13","Rzeka_B",11.833
"2022-04-14","Rzeka_B",11.824
"2022-04-15","Rzeka_B",11.813
"2022-04-16","Rzeka_B",11.801
"2022-04-17","Rzeka_B",11.786
"2022-04-18","Rzeka_B",11.769
"2022-04-19","Rzeka_B",11.749
"2022-04-20","Rzeka_B",11.727
"2022-04-21","Rzeka_B",11.703
"2022-04-22","Rzeka_B",11.675
"2022-04-23","Rzeka_B",11.644
"2022-04-24","Rzeka_B",11.611
"2022-04-25","Rzeka_B",11.574
"2022-04-26","Rzeka_B",11.534
"2022-04-27","Rzeka_B",11.49
"2022-04-28","Rzeka_B",11.443
"2022-04-29","Rzeka_B",11.392
"2022-04-30","Rzeka_B",11.338
"2022-05-01","Rzeka_B",11.28
"2022-05-02","Rzeka_B",11.218
"2022-05-03","Rzeka_B",11.152
"2022-05-04","Rzeka_B",11.082
"2022-05-05","Rzeka_B",11.009
"2022-05-06","Rzeka_B",10.931
"2022-05-07","Rzeka_B",10.85
"2022-05-08","Rzeka_B",10.765
"2022-05-09","Rzeka_B",10.676
"2022-05-10","Rzeka_B",10.583
"2022-05-11","Rzeka_B",10.486
"2022-05-12","Rzeka_B",10.385
"2022-05-13","Rzeka_B",10.281
"2022-05-14","Rzeka_B",10.173
"2022-05-15","Rzeka_B",10.062
"2022-05-16","Rzeka_B",9.947
"2022-05-17","Rzeka_B",9.829
"2022-05-18","Rzeka_B",9.708
"2022-05-19","Rzeka_B",9.584
"2022-05-20","Rzeka_B",9.457
"2022-05-21","Rzeka_B",9.327
"2022-05-22","Rzeka_B",9.194
"2022-05-23","Rzeka_B",9.059
"2022-05-24","Rzeka_B",8.922
"2022-05-25","Rzeka_B",8.783
"2022-05-26","Rzeka_B",8.642
"2022-05-27","Rzeka_B",8.499
"2022-05-28","Rzeka_B",8.355
"2022-05-29","Rzeka_B",8.21
"2022-05-30","Rzeka_B",8.063
"2022-05-31","Rzeka_B",7.916
"2022-06-01","Rzeka_B",7.768
"2022-06-02","Rzeka_B",7.62
"2022-06-03","Rzeka_B",7.472
"2022-06-04","Rzeka_B",7.324
"2022-06-05","Rzeka_B",7.176
"2022-06-06","Rzeka_B",7.029
"2022-06-07","Rzeka_B",6.882
"2022-06-08","Rzeka_B",6.737
"2022-06-09","Rzeka_B",6.593
"2022-06-10","Rzeka_B",6.451
"2022-06-11","Rzeka_B",6.31
"2022-06-12","Rzeka_B",6.171
"2022-06-13","Rzeka_B",6.034
"2022-06-14","Rzeka_B",5.9
"2022-06-15","Rzeka_B",5.769
"2022-06-16","Rzeka_B",5.64
"2022-06-17","Rzeka_B",5.514
"2022-06-18","Rzeka_B",5.392
"2022-06-19","Rzeka_B",5.273
"2022-06-20","Rzeka_B",5.157
"2022-06-21","Rzeka_B",5.046
"2022-06-22","Rzeka_B",4.938
"2022-06-23","Rzeka_B",4.834
"2022-06-24","Rzeka_B",4.735
"2022-06-25","Rzeka_B",4.639
"2022-06-26","Rzeka_B",4.549
"2022-06-27","Rzeka_B",4.462
"2022-06-28","Rzeka_B",4.381
"2022-06-29","Rzeka_B",4.304
"2022-06-30","Rzeka_B",4.232
"2022-07-01","Rzeka_B",4.164
"2022-07-02","Rzeka_B",4.102
"2022-07-03","Rzeka_B",4.044
"2022-07-04","Rzeka_B",3.992
"2022-07-05","Rzeka_B",3.944
"2022-07-06","Rzeka_B",3.902
"2022-07-07","Rzeka_B",3.864
"2022-07-08","Rzeka_B",3.831
"2022-07-09","Rzeka_B",3.804
"2022-07-10","Rzeka_B",3.781
"2022-07-11","Rzeka_B",3.763
"2022-07-12","Rzeka_B",3.749
"2022-07-13","Rzeka_B",3.74
"2022-07-14","Rzeka_B",3.736
"2022-07-15","Rzeka_B",3.736
"2022-07-16","Rzeka_B",3.74
"2022-07-17","Rzeka_B",3.749
"2022-07-18","Rzeka_B",3.762
"2022-07-19","Rzeka_B",3.779
"2022-07-20","Rzeka_B",3.799
"2022-07-21","Rzeka_B",3.823
"2022-07-22","Rzeka_B",3.851
"2022-07-23","Rzeka_B",3.881
"2022-07-24","Rzeka_B",3.915
"2022-07-25","Rzeka_B",3.952
"2022-07-26","Rzeka_B",3.992
"2022-07-27","Rzeka_B",4.034
"2022-07-28","Rzeka_B",4.079
"2022-07-29","Rzeka_B",4.126
"2022-07-30","Rzeka_B",4.175
"2022-07-31","Rzeka_B",4.225
"2022-08-01","Rzeka_B",4.278
"2022-08-02","Rzeka_B",4.331
"2022-08-03","Rzeka_B",4.386
"2022-08-04","Rzeka_B",4.442
"2022-08-05","Rzeka_B",4.499
"2022-08-06","Rzeka_B",4.556
"2022-08-07","Rzeka_B",4.614
"2022-08-08","Rzeka_B",4.673
"2022-08-09","Rzeka_B",4.731
"2022-08-10","Rzeka_B",4.789
"2022-08-11","Rzeka_B",4.847
"2022-08-12","Rzeka_B",4.905
"2022-08-13","Rzeka_B",4.962
"2022-08-14","Rzeka_B",5.018
"2022-08-15","Rzeka_B",5.073
"2022-08-16","Rzeka_B",5.128
"2022-08-17","Rzeka_B",5.181
"2022-08-18","Rzeka_B",5.233
"2022-08-19","Rzeka_B",5.284
"2022-08-20","Rzeka_B",5.333
"2022-08-21","Rzeka_B",5.381
"2022-08-22","Rzeka_B",5.427
"2022-08-23","Rzeka_B",5.472
"2022-08-24","Rzeka_B",5.515
"2022-08-25","Rzeka_B",5.556
"2022-08-26","Rzeka_B",5.595
"2022-08-27","Rzeka_B",5.633
"2022-08-28","Rzeka_B",5.668
"2022-08-29","Rzeka_B",5.702
"2022-08-30","Rzeka_B",5.734
"2022-08-31","Rzeka_B",5.764
"2022-09-01","Rzeka_B",5.793
"2022-09-02","Rzeka_B",5.819
"2022-09-03","Rzeka_B",5.844
"2022-09-04","Rzeka_B",5.867
"2022-09-05","Rzeka_B",5.888
"2022-09-06","Rzeka_B",5.908
"2022-09-07","Rzeka_B",5.927
"2022-09-08","Rzeka_B",5.944
"2022-09-09","Rzeka_B",5.959
"2022-09-10","Rzeka_B",5.974
"2022-09-11","Rzeka_B",5.987
"2022-09-12","Rzeka_B",6
"2022-09-13","Rzeka_B",6.011
"2022-09-14","Rzeka_B",6.022
"2022-09-15","Rzeka_B",6.033
"2022-09-16","Rzeka_B",6.043
"2022-09-17","Rzeka_B",6.052
"2022-09-18","Rzeka_B",6.061
"2022-09-19","Rzeka_B",6.071
"2022-09-20","Rzeka_B",6.08
"2022-09-21","Rzeka_B",6.09
"2022-09-22","Rzeka_B",6.1
"2022-09-23","Rzeka_B",6.111
"2022-09-24","Rzeka_B",6.122
"2022-09-25","Rzeka_B",6.134
"2022-09-26","Rzeka_B",6.148
"2022-09-27","Rzeka_B",6.162
"2022-09-28","Rzeka_B",6.177
"2022-09-29","Rzeka_B",6.194
"2022-09-30","Rzeka_B",6.213
"2022-10-01","Rzeka_B",6.233
"2022-10-02","Rzeka_B",6.255
"2022-10-03","Rzeka_B",6.279
"2022-10-04","Rzeka_B",6.305
"2022-10-05","Rzeka_B",6.333
"2022-10-06","Rzeka_B",6.363
"2022-10-07","Rzeka_B",6.396
"2022-10-08","Rzeka_B",6.431
"2022-10-09","Rzeka_B",6.468
"2022-10-10","Rzeka_B",6.508
"2022-10-11","Rzeka_B",6.55
"2022-10-12","Rzeka_B",6.595
"2022-10-13","Rzeka_B",6.643
"2022-10-14","Rzeka_B",6.693
"2022-10-15","Rzeka_B",6.746
"2022-10-16","Rzeka_B",6.802
"2022-10-17","Rzeka_B",6.861
"2022-10-18","Rzeka_B",6.922
"2022-10-19","Rzeka_B",6.986
"2022-10-20","Rzeka_B",7.052
"2022-10-21","Rzeka_B",7.121
"2022-10-22","Rzeka_B",7.193
"2022-10-23","Rzeka_B",7.267
"2022-10-24","Rzeka_B",7.343
"2022-10-25","Rzeka_B",7.422
"2022-10-26","Rzeka_B",7.503
"2022-10-27","Rzeka_B",7.586
"2022-10-28","Rzeka_B",7.671
"2022-10-29","Rzeka_B",7.758
"2022-10-30","Rzeka_B",7.847
"2022-10-31","Rzeka_B",7.937
"2022-11-01","Rzeka_B",8.029
"2022-11-02","Rzeka_B",8.122
"2022-11-03","Rzeka_B",8.217
"2022-11-04","Rzeka_B",8.312
"2022-11-05","Rzeka_B",8.409
"2022-11-06","Rzeka_B",8.506
"2022-11-07","Rzeka_B",8.604
"2022-11-08","Rzeka_B",8.702
"2022-11-09","Rzeka_B",8.801
"2022-11-10","Rzeka_B",8.899
"2022-11-11","Rzeka_B",8.997
"2022-11-12","Rzeka_B",9.095
"2022-11-13","Rzeka_B",9.193
"2022-11-14","Rzeka_B",9.29
"2022-11-15","Rzeka_B",9.386
"2022-11-16","Rzeka_B",9.481
"2022-11-17","Rzeka_B",9.574
"2022-11-18","Rzeka_B",9.667
"2022-11-19","Rzeka_B",9.757
"2022-11-20","Rzeka_B",9.846
"2022-11-21","Rzeka_B",9.934
"2022-11-22","Rzeka_B",10.019
"2022-11-23","Rzeka_B",10.102
"2022-11-24","Rzeka_B",10.182
"2022-11-25","Rzeka_B",10.26
"2022-11-26","Rzeka_B",10.336
"2022-11-27","Rzeka_B",10.408
"2022-11-28","Rzeka_B",10.478
"2022-11-29","Rzeka_B",10.545
"2022-11-30","Rzeka_B",10.609
"2022-12-01","Rzeka_B",10.67
"2022-12-02","Rzeka_B",10.727
"2022-12-03","Rzeka_B",10.781
"2022-12-04","Rzeka_B",10.832
"2022-12-05","Rzeka_B",10.88
"2022-12-06","Rzeka_B",10.924
"2022-12-07","Rzeka_B",10.964
"2022-12-08","Rzeka_B",11.001
"2022-12-09","Rzeka_B",11.034
"2022-12-10","Rzeka_B",11.064
"2022-12-11","Rzeka_B",11.091
"2022-12-12","Rzeka_B",11.114
"2022-12-13","Rzeka_B",11.134
"2022-12-14","Rzeka_B",11.15
"2022-12-15","Rzeka_B",11.163
"2022-12-16","Rzeka_B",11.172
"2022-12-17","Rzeka_B",11.179
"2022-12-18","Rzeka_B",11.182
"2022-12-19","Rzeka_B",11.183
"2022-12-20","Rzeka_B",11.18
"2022-12-21","Rzeka_B",11.175
"2022-12-22","Rzeka_B",11.167
"2022-12-23","Rzeka_B",11.157
"2022-12-24","Rzeka_B",11.144
"2022-12-25","Rzeka_B",11.129
"2022-12-26","Rzeka_B",11.112
"2022-12-27","Rzeka_B",11.094
"2022-12-28","Rzeka_B",11.073
"2022-12-29","Rzeka_B",11.051
"2022-12-30","Rzeka_B",11.027
"2022-12-31","Rzeka_B",11.003
"2023-01-01","Rzeka_B",10.977
"2023-01-02","Rzeka_B",10.95
"2023-01-03","Rzeka_B",10.923
"2023-01-04","Rzeka_B",10.895
"2023-01-05","Rzeka_B",10.868
"2023-01-06","Rzeka_B",10.84
"2023-01-07","Rzeka_B",10.812
"2023-01-08","Rzeka_B",10.784
"2023-01-09","Rzeka_B",10.757
"2023-01-10","Rzeka_B",10.731
"2023-01-11","Rzeka_B",10.705
"2023-01-12","Rzeka_B",10.681
"2023-01-13","Rzeka_B",10.658
"2023-01-14","Rzeka_B",10.636
"2023-01-15","Rzeka_B",10.616
"2023-01-16","Rzeka_B",10.597
"2023-01-17","Rzeka_B",10.581
"2023-01-18","Rzeka_B",10.566
"2023-01-19","Rzeka_B",10.554
"2023-01-20","Rzeka_B",10.543
"2023-01-21","Rzeka_B",10.536
"2023-01-22","Rzeka_B",10.53
"2023-01-23","Rzeka_B",10.528
"2023-01-24","Rzeka_B",10.528
"2023-01-25","Rzeka_B",10.531
"2023-01-26","Rzeka_B",10.536
"2023-01-27","Rzeka_B",10.545
"2023-01-28","Rzeka_B",10.556
"2023-01-29","Rzeka_B",10.571
"2023-01-30","Rzeka_B",10.589
"2023-01-31","Rzeka_B",10.609
"2023-02-01","Rzeka_B",10.633
"2023-02-02","Rzeka_B",10.66
"2023-02-03","Rzeka_B",10.689
"2023-02-04","Rzeka_B",10.722
"2023-02-05","Rzeka_B",10.758
"2023-02-06","Rzeka_B",10.796
"2023-02-07","Rzeka_B",10.838
"2023-02-08","Rzeka_B",10.882
"2023-02-09","Rzeka_B",10.928
"2023-02-10","Rzeka_B",10.978
"2023-02-11","Rzeka_B",11.029
"2023-02-12","Rzeka_B",11.084
"2023-02-13","Rzeka_B",11.14
"2023-02-14","Rzeka_B",11.198
"2023-02-15","Rzeka_B",11.259
"2023-02-16","Rzeka_B",11.321
"2023-02-17","Rzeka_B",11.384
"2023-02-18","Rzeka_B",11.449
"2023-02-19","Rzeka_B",11.516
"2023-02-20","Rzeka_B",11.583
"2023-02-21","Rzeka_B",11.652
"2023-02-22","Rzeka_B",11.721
"2023-02-23","Rzeka_B",11.79
"2023-02-24","Rzeka_B",11.86
"2023-02-25","Rzeka_B",11.93
"2023-02-26","Rzeka_B",12
"2023-02-27","Rzeka_B",12.069
"2023-02-28","Rzeka_B",12.138
"2023-03-01","Rzeka_B",12.206
"2023-03-02","Rzeka_B",12.273
"2023-03-03","Rzeka_B",12.34
"2023-03-04","Rzeka_B",12.404
"2023-03-05","Rzeka_B",12.467
"2023-03-06","Rzeka_B",12.529
"2023-03-07","Rzeka_B",12.588
"2023-03-08","Rzeka_B",12.645
"2023-03-09","Rzeka_B",12.7
"2023-03-10","Rzeka_B",12.752
"2023-03-11","Rzeka_B",12.801
"2023-03-12","Rzeka_B",12.848
"2023-03-13","Rzeka_B",12.891
"2023-03-14","Rzeka_B",12.932
"2023-03-15","Rzeka_B",12.968
"2023-03-16","Rzeka_B",13.002
"2023-03-17","Rzeka_B",13.031
"2023-03-18","Rzeka_B",13.057
"2023-03-19","Rzeka_B",13.079
"2023-03-20","Rzeka_B",13.097
"2023-03-21","Rzeka_B",13.11
"2023-03-22","Rzeka_B",13.12
"2023-03-23","Rzeka_B",13.125
"2023-03-24","Rzeka_B",13.126
"2023-03-25","Rzeka_B",13.122
"2023-03-26","Rzeka_B",13.115
"2023-03-27","Rzeka_B",13.102
"2023-03-28","Rzeka_B",13.085
"2023-03-29","Rzeka_B",13.064
"2023-03-30","Rzeka_B",13.038
"2023-03-31","Rzeka_B",13.008
"2023-04-01","Rzeka_B",12.973
"2023-04-02","Rzeka_B",12.934
"2023-04-03","Rzeka_B",12.891
"2023-04-04","Rzeka_B",12.843
"2023-04-05","Rzeka_B",12.791
"2023-04-06","Rzeka_B",12.735
"2023-04-07","Rzeka_B",12.675
"2023-04-08","Rzeka_B",12.611
"2023-04-09","Rzeka_B",12.544
"2023-04-10","Rzeka_B",12.472
"2023-04-11","Rzeka_B",12.397
"2023-04-12","Rzeka_B",12.319
"2023-04-13","Rzeka_B",12.237
"2023-04-14","Rzeka_B",12.152
"2023-04-15","Rzeka_B",12.065
"2023-04-16","Rzeka_B",11.974
"2023-04-17","Rzeka_B",11.881
"2023-04-18","Rzeka_B",11.786
"2023-04-19","Rzeka_B",11.688
"2023-04-20","Rzeka_B",11.588
"2023-04-21","Rzeka_B",11.486
"2023-04-22","Rzeka_B",11.383
"2023-04-23","Rzeka_B",11.278
"2023-04-24","Rzeka_B",11.172
"2023-04-25","Rzeka_B",11.065
"2023-04-26","Rzeka_B",10.956
"2023-04-27","Rzeka_B",10.847
"2023-04-28","Rzeka_B",10.738
"2023-04-29","Rzeka_B",10.628
"2023-04-30","Rzeka_B",10.518
"2023-05-01","Rzeka_B",10.408
"2023-05-02","Rzeka_B",10.298
"2023-05-03","Rzeka_B",10.189
"2023-05-04","Rzeka_B",10.08
"2023-05-05","Rzeka_B",9.972
"2023-05-06","Rzeka_B",9.865
"2023-05-07","Rzeka_B",9.759
"2023-05-08","Rzeka_B",9.654
"2023-05-09","Rzeka_B",9.55
"2023-05-10","Rzeka_B",9.448
"2023-05-11","Rzeka_B",9.348
"2023-05-12","Rzeka_B",9.249
"2023-05-13","Rzeka_B",9.152
"2023-05-14","Rzeka_B",9.056
"2023-05-15","Rzeka_B",8.963
"2023-05-16","Rzeka_B",8.872
"2023-05-17","Rzeka_B",8.783
"2023-05-18","Rzeka_B",8.696
"2023-05-19","Rzeka_B",8.612
"2023-05-20","Rzeka_B",8.53
"2023-05-21","Rzeka_B",8.45
"2023-05-22","Rzeka_B",8.372
"2023-05-23","Rzeka_B",8.297
"2023-05-24","Rzeka_B",8.224
"2023-05-25","Rzeka_B",8.154
"2023-05-26","Rzeka_B",8.085
"2023-05-27","Rzeka_B",8.02
"2023-05-28","Rzeka_B",7.956
"2023-05-29","Rzeka_B",7.895
"2023-05-30","Rzeka_B",7.835
"2023-05-31","Rzeka_B",7.778
"2023-06-01","Rzeka_B",7.723
"2023-06-02","Rzeka_B",7.67
"2023-06-03","Rzeka_B",7.618
"2023-06-04","Rzeka_B",7.569
"2023-06-05","Rzeka_B",7.521
"2023-06-06","Rzeka_B",7.474
"2023-06-07","Rzeka_B",7.429
"2023-06-08","Rzeka_B",7.386
"2023-06-09","Rzeka_B",7.343
"2023-06-10","Rzeka_B",7.302
"2023-06-11","Rzeka_B",7.262
"2023-06-12","Rzeka_B",7.222
"2023-06-13","Rzeka_B",7.183
"2023-06-14","Rzeka_B",7.145
"2023-06-15","Rzeka_B",7.107
"2023-06-16","Rzeka_B",7.07
"2023-06-17","Rzeka_B",7.032
"2023-06-18","Rzeka_B",6.995
"2023-06-19","Rzeka_B",6.958
"2023-06-20","Rzeka_B",6.92
"2023-06-21","Rzeka_B",6.882
"2023-06-22","Rzeka_B",6.843
"2023-06-23","Rzeka_B",6.804
"2023-06-24","Rzeka_B",6.764
"2023-06-25","Rzeka_B",6.724
"2023-06-26","Rzeka_B",6.682
"2023-06-27","Rzeka_B",6.64
"2023-06-28","Rzeka_B",6.596
"2023-06-29","Rzeka_B",6.551
"2023-06-30","Rzeka_B",6.505
"2023-07-01","Rzeka_B",6.457
"2023-07-02","Rzeka_B",6.408
"2023-07-03","Rzeka_B",6.358
"2023-07-04","Rzeka_B",6.305
"2023-07-05","Rzeka_B",6.252
"2023-07-06","Rzeka_B",6.197
"2023-07-07","Rzeka_B",6.14
"2023-07-08","Rzeka_B",6.082
"2023-07-09","Rzeka_B",6.022
"2023-07-10","Rzeka_B",5.96
"2023-07-11","Rzeka_B",5.897
"2023-07-12","Rzeka_B",5.832
"2023-07-13","Rzeka_B",5.766
"2023-07-14","Rzeka_B",5.698
"2023-07-15","Rzeka_B",5.629
"2023-07-16","Rzeka_B",5.559
"2023-07-17","Rzeka_B",5.487
"2023-07-18","Rzeka_B",5.414
"2023-07-19","Rzeka_B",5.34
"2023-07-20","Rzeka_B",5.266
"2023-07-21","Rzeka_B",5.19
"2023-07-22","Rzeka_B",5.114
"2023-07-23","Rzeka_B",5.037
"2023-07-24","Rzeka_B",4.959
"2023-07-25","Rzeka_B",4.881
"2023-07-26","Rzeka_B",4.804
"2023-07-27","Rzeka_B",4.726
"2023-07-28","Rzeka_B",4.648
"2023-07-29","Rzeka_B",4.571
"2023-07-30","Rzeka_B",4.494
"2023-07-31","Rzeka_B",4.418
"2023-08-01","Rzeka_B",4.343
"2023-08-02","Rzeka_B",4.269
"2023-08-03","Rzeka_B",4.196
"2023-08-04","Rzeka_B",4.124
"2023-08-05","Rzeka_B",4.055
"2023-08-06","Rzeka_B",3.987
"2023-08-07","Rzeka_B",3.921
"2023-08-08","Rzeka_B",3.857
"2023-08-09","Rzeka_B",3.796
"2023-08-10","Rzeka_B",3.737
"2023-08-11","Rzeka_B",3.681
"2023-08-12","Rzeka_B",3.628
"2023-08-13","Rzeka_B",3.578
"2023-08-14","Rzeka_B",3.531
"2023-08-15","Rzeka_B",3.488
"2023-08-16","Rzeka_B",3.448
"2023-08-17","Rzeka_B",3.412
"2023-08-18","Rzeka_B",3.38
"2023-08-19","Rzeka_B",3.352
"2023-08-20","Rzeka_B",3.329
"2023-08-21","Rzeka_B",3.309
"2023-08-22","Rzeka_B",3.294
"2023-08-23","Rzeka_B",3.284
"2023-08-24","Rzeka_B",3.278
"2023-08-25","Rzeka_B",3.277
"2023-08-26","Rzeka_B",3.28
"2023-08-27","Rzeka_B",3.289
"2023-08-28","Rzeka_B",3.302
"2023-08-29","Rzeka_B",3.32
"2023-08-30","Rzeka_B",3.343
"2023-08-31","Rzeka_B",3.371
"2023-09-01","Rzeka_B",3.404
"2023-09-02","Rzeka_B",3.443
"2023-09-03","Rzeka_B",3.486
"2023-09-04","Rzeka_B",3.533
"2023-09-05","Rzeka_B",3.586
"2023-09-06","Rzeka_B",3.644
"2023-09-07","Rzeka_B",3.706
"2023-09-08","Rzeka_B",3.773
"2023-09-09","Rzeka_B",3.845
"2023-09-10","Rzeka_B",3.921
"2023-09-11","Rzeka_B",4.002
"2023-09-12","Rzeka_B",4.087
"2023-09-13","Rzeka_B",4.175
"2023-09-14","Rzeka_B",4.268
"2023-09-15","Rzeka_B",4.365
"2023-09-16","Rzeka_B",4.466
"2023-09-17","Rzeka_B",4.569
"2023-09-18","Rzeka_B",4.677
"2023-09-19","Rzeka_B",4.787
"2023-09-20","Rzeka_B",4.9
"2023-09-21","Rzeka_B",5.016
"2023-09-22","Rzeka_B",5.135
"2023-09-23","Rzeka_B",5.256
"2023-09-24","Rzeka_B",5.379
"2023-09-25","Rzeka_B",5.504
"2023-09-26","Rzeka_B",5.631
"2023-09-27","Rzeka_B",5.759
"2023-09-28","Rzeka_B",5.888
"2023-09-29","Rzeka_B",6.018
"2023-09-30","Rzeka_B",6.149
"2023-10-01","Rzeka_B",6.281
"2023-10-02","Rzeka_B",6.413
"2023-10-03","Rzeka_B",6.545
"2023-10-04","Rzeka_B",6.677
"2023-10-05","Rzeka_B",6.808
"2023-10-06","Rzeka_B",6.939
"2023-10-07","Rzeka_B",7.069
"2023-10-08","Rzeka_B",7.197
"2023-10-09","Rzeka_B",7.325
"2023-10-10","Rzeka_B",7.451
"2023-10-11","Rzeka_B",7.576
"2023-10-12","Rzeka_B",7.698
"2023-10-13","Rzeka_B",7.819
"2023-10-14","Rzeka_B",7.937
"2023-10-15","Rzeka_B",8.053
"2023-10-16","Rzeka_B",8.167
"2023-10-17","Rzeka_B",8.278
"2023-10-18","Rzeka_B",8.385
"2023-10-19","Rzeka_B",8.49
"2023-10-20","Rzeka_B",8.592
"2023-10-21","Rzeka_B",8.691
"2023-10-22","Rzeka_B",8.786
"2023-10-23","Rzeka_B",8.878
"2023-10-24","Rzeka_B",8.967
"2023-10-25","Rzeka_B",9.052
"2023-10-26","Rzeka_B",9.134
"2023-10-27","Rzeka_B",9.211
"2023-10-28","Rzeka_B",9.286
"2023-10-29","Rzeka_B",9.356
"2023-10-30","Rzeka_B",9.423
"2023-10-31","Rzeka_B",9.486
"2023-11-01","Rzeka_B",9.546
"2023-11-02","Rzeka_B",9.602
"2023-11-03","Rzeka_B",9.654
"2023-11-04","Rzeka_B",9.703
"2023-11-05","Rzeka_B",9.749
"2023-11-06","Rzeka_B",9.79
"2023-11-07","Rzeka_B",9.829
"2023-11-08","Rzeka_B",9.865
"2023-11-09","Rzeka_B",9.897
"2023-11-10","Rzeka_B",9.926
"2023-11-11","Rzeka_B",9.953
"2023-11-12","Rzeka_B",9.976
"2023-11-13","Rzeka_B",9.997
"2023-11-14","Rzeka_B",10.015
"2023-11-15","Rzeka_B",10.032
"2023-11-16","Rzeka_B",10.045
"2023-11-17","Rzeka_B",10.057
"2023-11-18","Rzeka_B",10.067
"2023-11-19","Rzeka_B",10.075
"2023-11-20","Rzeka_B",10.082
"2023-11-21","Rzeka_B",10.087
"2023-11-22","Rzeka_B",10.091
"2023-11-23","Rzeka_B",10.094
"2023-11-24","Rzeka_B",10.096
"2023-11-25","Rzeka_B",10.098
"2023-11-26","Rzeka_B",10.099
"2023-11-27","Rzeka_B",10.099
"2023-11-28","Rzeka_B",10.1
"2023-11-29","Rzeka_B",10.1
"2023-11-30","Rzeka_B",10.101
"2023-12-01","Rzeka_B",10.102
"2023-12-02","Rzeka_B",10.103
"2023-12-03","Rzeka_B",10.105
"2023-12-04","Rzeka_B",10.108
"2023-12-05","Rzeka_B",10.112
"2023-12-06","Rzeka_B",10.117
"2023-12-07","Rzeka_B",10.123
"2023-12-08","Rzeka_B",10.131
"2023-12-09","Rzeka_B",10.14
"2023-12-10","Rzeka_B",10.151
"2023-12-11","Rzeka_B",10.163
"2023-12-12","Rzeka_B",10.177
"2023-12-13","Rzeka_B",10.193
"2023-12-14","Rzeka_B",10.21
"2023-12-15","Rzeka_B",10.23
"2023-12-16","Rzeka_B",10.252
"2023-12-17","Rzeka_B",10.276
"2023-12-18","Rzeka_B",10.302
"2023-12-19","Rzeka_B",10.33
"2023-12-20","Rzeka_B",10.36
"2023-12-21","Rzeka_B",10.392
"2023-12-22","Rzeka_B",10.427
"2023-12-23","Rzeka_B",10.463
"2023-12-24","Rzeka_B",10.502
"2023-12-25","Rzeka_B",10.543
"2023-12-26","Rzeka_B",10.586
"2023-12-27","Rzeka_B",10.63
"2023-12-28","Rzeka_B",10.677
"2023-12-29","Rzeka_B",10.725
"2023-12-30","Rzeka_B",10.775
"2023-12-31","Rzeka_B",10.827
"2024-01-01","Rzeka_B",10.88
"2024-01-02","Rzeka_B",10.935
"2024-01-03","Rzeka_B",10.991
"2024-01-04","Rzeka_B",11.048
"2024-01-05","Rzeka_B",11.106
"2024-01-06","Rzeka_B",11.165
"2024-01-07","Rzeka_B",11.225
"2024-01-08","Rzeka_B",11.286
"2024-01-09","Rzeka_B",11.347
"2024-01-10","Rzeka_B",11.408
"2024-01-11","Rzeka_B",11.469
"2024-01-12","Rzeka_B",11.53
"2024-01-13","Rzeka_B",11.592
"2024-01-14","Rzeka_B",11.652
"2024-01-15","Rzeka_B",11.713
"2024-01-16","Rzeka_B",11.772
"2024-01-17","Rzeka_B",11.831
"2024-01-18","Rzeka_B",11.889
"2024-01-19","Rzeka_B",11.946
"2024-01-20","Rzeka_B",12.001
"2024-01-21","Rzeka_B",12.055
"2024-01-22","Rzeka_B",12.107
"2024-01-23","Rzeka_B",12.158
"2024-01-24","Rzeka_B",12.206
"2024-01-25","Rzeka_B",12.253
"2024-01-26","Rzeka_B",12.297
"2024-01-27","Rzeka_B",12.339
"2024-01-28","Rzeka_B",12.378
"2024-01-29","Rzeka_B",12.415
"2024-01-30","Rzeka_B",12.449
"2024-01-31","Rzeka_B",12.481
"2024-02-01","Rzeka_B",12.509
"2024-02-02","Rzeka_B",12.535
"2024-02-03","Rzeka_B",12.557
"2024-02-04","Rzeka_B",12.577
"2024-02-05","Rzeka_B",12.593
"2024-02-06","Rzeka_B",12.606
"2024-02-07","Rzeka_B",12.616
"2024-02-08","Rzeka_B",12.622
"2024-02-09","Rzeka_B",12.626
"2024-02-10","Rzeka_B",12.626
"2024-02-11","Rzeka_B",
"2024-02-12","Rzeka_B",12.616
"2024-02-13","Rzeka_B",12.606
"2024-02-14","Rzeka_B",12.593
"2024-02-15","Rzeka_B",12.577
"2024-02-16","Rzeka_B",12.557
"2024-02-17","Rzeka_B",12.535
"2024-02-18","Rzeka_B",12.51
"2024-02-19","Rzeka_B",12.481
"2024-02-20","Rzeka_B",12.45
"2024-02-21","Rzeka_B",12.417
"2024-02-22","Rzeka_B",12.38
"2024-02-23","Rzeka_B",12.341
"2024-02-24","Rzeka_B",12.3
"2024-02-25","Rzeka_B",12.257
"2024-02-26","Rzeka_B",12.211
"2024-02-27","Rzeka_B",12.163
"2024-02-28","Rzeka_B",12.114
"2024-02-29","Rzeka_B",12.063
"2024-03-01","Rzeka_B",12.011
"2024-03-02","Rzeka_B",11.957
"2024-03-03","Rzeka_B",11.902
"2024-03-04","Rzeka_B",11.846
"2024-03-05","Rzeka_B",11.789
"2024-03-06","Rzeka_B",11.732
"2024-03-07","Rzeka_B",11.674
"2024-03-08","Rzeka_B",11.615
"2024-03-09","Rzeka_B",11.557
"2024-03-10","Rzeka_B",11.499
"2024-03-11","Rzeka_B",11.44
"2024-03-12","Rzeka_B",11.383
"2024-03-13","Rzeka_B",11.325
"2024-03-14","Rzeka_B",11.269
"2024-03-15","Rzeka_B",11.213
"2024-03-16","Rzeka_B",11.159
"2024-03-17","Rzeka_B",11.105
"2024-03-18","Rzeka_B",11.053
"2024-03-19","Rzeka_B",11.002
"2024-03-20","Rzeka_B",10.953
"2024-03-21","Rzeka_B",10.905
"2024-03-22","Rzeka_B",10.86
"2024-03-23","Rzeka_B",10.816
"2024-03-24","Rzeka_B",10.774
"2024-03-25","Rzeka_B",10.734
"2024-03-26","Rzeka_B",10.697
"2024-03-27","Rzeka_B",10.662
"2024-03-28","Rzeka_B",10.629
"2024-03-29","Rzeka_B",10.598
"2024-03-30","Rzeka_B",10.57
"2024-03-31","Rzeka_B",10.544
"2024-04-01","Rzeka_B",10.521
"2024-04-02","Rzeka_B",10.501
"2024-04-03","Rzeka_B",10.482
"2024-04-04","Rzeka_B",10.467
"2024-04-05","Rzeka_B",10.453
"2024-04-06","Rzeka_B",10.442
"2024-04-07","Rzeka_B",10.434
"2024-04-08","Rzeka_B",10.427
"2024-04-09","Rzeka_B",10.423
"2024-04-10","Rzeka_B",10.422
"2024-04-11","Rzeka_B",10.422
"2024-04-12","Rzeka_B",10.424
"2024-04-13","Rzeka_B",10.428
"2024-04-14","Rzeka_B",10.434
"2024-04-15","Rzeka_B",10.442
"2024-04-16","Rzeka_B",10.451
"2024-04-17","Rzeka_B",10.461
"2024-04-18","Rzeka_B",10.473
"2024-04-19","Rzeka_B",10.486
"2024-04-20","Rzeka_B",10.5
"2024-04-21","Rzeka_B",10.514
"2024-04-22","Rzeka_B",10.529
"2024-04-23","Rzeka_B",10.545
"2024-04-24","Rzeka_B",10.561
"2024-04-25","Rzeka_B",10.577
"2024-04-26","Rzeka_B",10.592
"2024-04-27","Rzeka_B",10.608
"2024-04-28","Rzeka_B",10.623
"2024-04-29","Rzeka_B",10.637
"2024-04-30","Rzeka_B",10.65
"2024-05-01","Rzeka_B",10.662
"2024-05-02","Rzeka_B",10.673
"2024-05-03","Rzeka_B",10.683
"2024-05-04","Rzeka_B",10.691
"2024-05-05","Rzeka_B",10.697
"2024-05-06","Rzeka_B",10.701
"2024-05-07","Rzeka_B",10.703
"2024-05-08","Rzeka_B",10.702
"2024-05-09","Rzeka_B",10.7
"2024-05-10","Rzeka_B",10.694
"2024-05-11","Rzeka_B",10.685
"2024-05-12","Rzeka_B",10.674
"2024-05-13","Rzeka_B",10.659
"2024-05-14","Rzeka_B",10.642
"2024-05-15","Rzeka_B",10.621
"2024-05-16","Rzeka_B",10.596
"2024-05-17","Rzeka_B",10.568
"2024-05-18","Rzeka_B",10.536
"2024-05-19","Rzeka_B",10.5
"2024-05-20","Rzeka_B",10.461
"2024-05-21","Rzeka_B",10.418
"2024-05-22","Rzeka_B",10.37
"2024-05-23","Rzeka_B",10.319
"2024-05-24","Rzeka_B",10.264
"2024-05-25","Rzeka_B",10.205
"2024-05-26","Rzeka_B",10.142
"2024-05-27","Rzeka_B",10.074
"2024-05-28","Rzeka_B",10.003
"2024-05-29","Rzeka_B",9.928
"2024-05-30","Rzeka_B",9.849
"2024-05-31","Rzeka_B",9.766
"2024-06-01","Rzeka_B",9.679
"2024-06-02","Rzeka_B",9.589
"2024-06-03","Rzeka_B",9.494
"2024-06-04","Rzeka_B",9.397
"2024-06-05","Rzeka_B",9.296
"2024-06-06","Rzeka_B",9.191
"2024-06-07","Rzeka_B",9.084
"2024-06-08","Rzeka_B",8.974
"2024-06-09","Rzeka_B",8.86
"2024-06-10","Rzeka_B",8.744
"2024-06-11","Rzeka_B",8.626
"2024-06-12","Rzeka_B",8.505
"2024-06-13","Rzeka_B",8.382
"2024-06-14","Rzeka_B",8.257
"2024-06-15","Rzeka_B",8.13
"2024-06-16","Rzeka_B",8.001
"2024-06-17","Rzeka_B",7.872
"2024-06-18","Rzeka_B",7.741
"2024-06-19","Rzeka_B",7.609
"2024-06-20","Rzeka_B",7.476
"2024-06-21","Rzeka_B",7.343
"2024-06-22","Rzeka_B",7.21
"2024-06-23","Rzeka_B",7.077
"2024-06-24","Rzeka_B",6.943
"2024-06-25","Rzeka_B",6.811
"2024-06-26","Rzeka_B",6.679
"2024-06-27","Rzeka_B",6.547
"2024-06-28","Rzeka_B",6.417
"2024-06-29","Rzeka_B",6.289
"2024-06-30","Rzeka_B",6.161
"2024-07-01","Rzeka_B",6.036
"2024-07-02","Rzeka_B",5.912
"2024-07-03","Rzeka_B",5.791
"2024-07-04","Rzeka_B",5.672
"2024-07-05","Rzeka_B",5.556
"2024-07-06","Rzeka_B",5.442
"2024-07-07","Rzeka_B",5.331
"2024-07-08","Rzeka_B",5.223
"2024-07-09","Rzeka_B",5.119
"2024-07-10","Rzeka_B",5.018
"2024-07-11","Rzeka_B",4.921
"2024-07-12","Rzeka_B",4.827
"2024-07-13","Rzeka_B",4.737
"2024-07-14","Rzeka_B",4.651
"2024-07-15","Rzeka_B",4.569
"2024-07-16","Rzeka_B",4.491
"2024-07-17","Rzeka_B",4.417
"2024-07-18","Rzeka_B",4.348
"2024-07-19","Rzeka_B",4.282
"2024-07-20","Rzeka_B",4.222
"2024-07-21","Rzeka_B",4.165
"2024-07-22","Rzeka_B",4.114
"2024-07-23","Rzeka_B",4.066
"2024-07-24","Rzeka_B",4.023
"2024-07-25","Rzeka_B",3.985
"2024-07-26","Rzeka_B",3.95
"2024-07-27","Rzeka_B",3.921
"2024-07-28","Rzeka_B",3.895
"2024-07-29","Rzeka_B",3.874
"2024-07-30","Rzeka_B",3.857
"2024-07-31","Rzeka_B",3.845
"2024-08-01","Rzeka_B",3.836
"2024-08-02","Rzeka_B",3.831
"2024-08-03","Rzeka_B",3.831
"2024-08-04","Rzeka_B",3.834
"2024-08-05","Rzeka_B",3.841
"2024-08-06","Rzeka_B",3.851
"2024-08-07","Rzeka_B",3.865
"2024-08-08","Rzeka_B",3.882
"2024-08-09","Rzeka_B",3.902
"2024-08-10","Rzeka_B",3.925
"2024-08-11","Rzeka_B",3.951
"2024-08-12","Rzeka_B",3.979
"2024-08-13","Rzeka_B",4.01
"2024-08-14","Rzeka_B",4.044
"2024-08-15","Rzeka_B",4.079
"2024-08-16","Rzeka_B",4.117
"2024-08-17","Rzeka_B",4.157
"2024-08-18","Rzeka_B",4.198
"2024-08-19","Rzeka_B",4.24
"2024-08-20","Rzeka_B",4.284
"2024-08-21","Rzeka_B",4.33
"2024-08-22","Rzeka_B",4.376
"2024-08-23","Rzeka_B",4.423
"2024-08-24","Rzeka_B",4.471
"2024-08-25","Rzeka_B",4.519
"2024-08-26","Rzeka_B",4.567
"2024-08-27","Rzeka_B",4.616
"2024-08-28","Rzeka_B",4.665
"2024-08-29","Rzeka_B",4.714
"2024-08-30","Rzeka_B",4.763
"2024-08-31","Rzeka_B",4.811
"2024-09-01","Rzeka_B",4.859
"2024-09-02","Rzeka_B",4.907
"2024-09-03","Rzeka_B",4.953
"2024-09-04","Rzeka_B",5
"2024-09-05","Rzeka_B",5.045
"2024-09-06","Rzeka_B",5.089
"2024-09-07","Rzeka_B",5.133
"2024-09-08","Rzeka_B",5.175
"2024-09-09","Rzeka_B",5.217
"2024-09-10","Rzeka_B",5.257
"2024-09-11","Rzeka_B",5.296
"2024-09-12","Rzeka_B",5.334
"2024-09-13","Rzeka_B",5.371
"2024-09-14","Rzeka_B",5.407
"2024-09-15","Rzeka_B",5.442
"2024-09-16","Rzeka_B",5.475
"2024-09-17","Rzeka_B",5.508
"2024-09-18","Rzeka_B",5.539
"2024-09-19","Rzeka_B",5.57
"2024-09-20","Rzeka_B",5.599
"2024-09-21","Rzeka_B",5.628
"2024-09-22","Rzeka_B",5.656
"2024-09-23","Rzeka_B",5.683
"2024-09-24","Rzeka_B",5.709
"2024-09-25","Rzeka_B",5.735
"2024-09-26","Rzeka_B",5.76
"2024-09-27","Rzeka_B",5.785
"2024-09-28","Rzeka_B",5.81
"2024-09-29","Rzeka_B",5.835
"2024-09-30","Rzeka_B",5.86
"2024-10-01","Rzeka_B",5.884
"2024-10-02","Rzeka_B",5.91
"2024-10-03","Rzeka_B",5.935
"2024-10-04","Rzeka_B",5.961
"2024-10-05","Rzeka_B",5.988
"2024-10-06","Rzeka_B",6.015
"2024-10-07","Rzeka_B",6.043
"2024-10-08","Rzeka_B",6.073
"2024-10-09","Rzeka_B",6.104
"2024-10-10","Rzeka_B",6.135
"2024-10-11","Rzeka_B",6.169
"2024-10-12","Rzeka_B",6.204
"2024-10-13","Rzeka_B",6.241
"2024-10-14","Rzeka_B",6.28
"2024-10-15","Rzeka_B",6.32
"2024-10-16","Rzeka_B",6.363
"2024-10-17","Rzeka_B",6.408
"2024-10-18","Rzeka_B",6.456
"2024-10-19","Rzeka_B",6.505
"2024-10-20","Rzeka_B",6.558
"2024-10-21","Rzeka_B",6.613
"2024-10-22","Rzeka_B",6.67
"2024-10-23","Rzeka_B",6.731
"2024-10-24","Rzeka_B",6.794
"2024-10-25","Rzeka_B",6.86
"2024-10-26","Rzeka_B",6.929
"2024-10-27","Rzeka_B",7.001
"2024-10-28","Rzeka_B",7.076
"2024-10-29","Rzeka_B",7.154
"2024-10-30","Rzeka_B",7.235
"2024-10-31","Rzeka_B",7.319
"2024-11-01","Rzeka_B",7.406
"2024-11-02","Rzeka_B",7.496
"2024-11-03","Rzeka_B",7.589
"2024-11-04","Rzeka_B",7.685
"2024-11-05","Rzeka_B",7.783
"2024-11-06","Rzeka_B",7.885
"2024-11-07","Rzeka_B",7.989
"2024-11-08","Rzeka_B",8.096
"2024-11-09","Rzeka_B",8.205
"2024-11-10","Rzeka_B",8.316
"2024-11-11","Rzeka_B",8.43
"2024-11-12","Rzeka_B",8.546
"2024-11-13","Rzeka_B",8.664
"2024-11-14","Rzeka_B",8.784
"2024-11-15","Rzeka_B",8.906
"2024-11-16","Rzeka_B",9.029
"2024-11-17","Rzeka_B",9.154
"2024-11-18","Rzeka_B",9.28
"2024-11-19","Rzeka_B",9.407
"2024-11-20","Rzeka_B",9.535
"2024-11-21","Rzeka_B",9.663
"2024-11-22","Rzeka_B",9.792
"2024-11-23","Rzeka_B",9.921
"2024-11-24","Rzeka_B",10.051
"2024-11-25","Rzeka_B",10.18
"2024-11-26","Rzeka_B",10.309
"2024-11-27","Rzeka_B",10.437
"2024-11-28","Rzeka_B",10.565
"2024-11-29","Rzeka_B",10.692
"2024-11-30","Rzeka_B",10.817
"2024-12-01","Rzeka_B",10.941
"2024-12-02","Rzeka_B",11.063
"2024-12-03","Rzeka_B",11.184
"2024-12-04","Rzeka_B",11.303
"2024-12-05","Rzeka_B",11.419
"2024-12-06","Rzeka_B",11.533
"2024-12-07","Rzeka_B",11.645
"2024-12-08","Rzeka_B",11.753
"2024-12-09","Rzeka_B",11.859
"2024-12-10","Rzeka_B",11.961
"2024-12-11","Rzeka_B",12.061
"2024-12-12","Rzeka_B",12.156
"2024-12-13","Rzeka_B",12.248
"2024-12-14","Rzeka_B",12.337
"2024-12-15","Rzeka_B",12.421
"2024-12-16","Rzeka_B",12.501
"2024-12-17","Rzeka_B",12.577
"2024-12-18","Rzeka_B",12.649
"2024-12-19","Rzeka_B",12.717
"2024-12-20","Rzeka_B",12.78
"2024-12-21","Rzeka_B",12.839
"2024-12-22","Rzeka_B",12.893
"2024-12-23","Rzeka_B",12.942
"2024-12-24","Rzeka_B",12.987
"2024-12-25","Rzeka_B",13.027
"2024-12-26","Rzeka_B",13.062
"2024-12-27","Rzeka_B",13.093
"2024-12-28","Rzeka_B",13.119
"2024-12-29","Rzeka_B",13.14
"2024-12-30","Rzeka_B",13.157
"2024-12-31","Rzeka_B",13.169
